,open_rel,high_rel,low_rel,close_rel,open,high,low,close,daisy_chained_open_rel,daisy_chained_high_rel,daisy_chained_low_rel,daisy_chained_close_rel,daisy_chained_open,daisy_chained_high,daisy_chained_low,daisy_chained_close
2023-01-10,1.0030838381539395,1.0114507901247147,0.997951992646169,1.0014976755459746,3931.3363326848275,3964.128509196288,3911.2233471784975,3925.119764883561,1.0030838381539395,1.0114507901247147,0.997951992646169,1.0014976755459746,3904.092575640567,3936.657505736501,3884.118971058228,3897.9190880157325
2023-01-11,1.0033068920908044,1.0122103597940824,0.9987788337421406,1.0018369078160594,3982.737071912578,4018.0803663421875,3964.762446211139,3976.9018076357074,1.0033068920908044,1.0122103597940824,0.9987788337421406,1.0018369078160594,3907.769219304045,3942.4472398680546,3890.132933559763,3902.0437933680796
2023-01-12,1.0034767435955536,1.012148031509679,0.9986325138259088,1.0018054824133256,3997.018460787501,4031.557674668408,3977.7230700959453,3990.361543384286,1.0034767435955536,1.012148031509679,0.9986325138259088,1.0018054824133256,3911.4458629675223,3945.2456231062347,3892.563569369119,3904.931464224467
2023-01-13,1.0039541321385617,1.0128835193950327,0.999847728865016,1.0023857988475355,4014.9029302940007,4050.612353577482,3998.481054026797,4008.631024313191,1.0039541321385617,1.0128835193950327,0.999847728865016,1.0023857988475355,3915.1225066310003,3949.9444610401774,3899.108755242463,3909.0064732694805
2023-01-17,1.0044906040481387,1.0135348667457031,1.0008538369618145,1.0030400775333375,4008.891866038,4044.9872471360986,3994.377637699493,4003.1028582332237,1.0044906040481387,1.0135348667457031,1.0008538369618145,1.0030400775333375,3918.799150294478,3954.0833518902123,3904.6111034274677,3913.1402401456176
2023-01-18,1.0047087045097471,1.013695703391189,1.0015316109723384,1.0034870205964028,3947.3598408001653,3982.6685012255075,3934.8774850847817,3942.5600157403833,1.0047087045097471,1.013695703391189,1.0015316109723384,1.0034870205964028,3922.475793957956,3957.561869568283,3910.072126666443,3917.706226862089
2023-01-19,1.0048562548365334,1.0137747220209485,1.0021456885490452,1.0039079409047689,3917.783809169418,3952.555574951375,3907.2157177994445,3914.086475396558,1.0048562548365334,1.0137747220209485,1.0021456885490452,1.0039079409047689,3925.7650790504536,3960.6076815249044,3915.175458470738,3922.0602131063156
2023-01-20,1.0048634004880737,1.0135185296351694,1.0022076798433495,1.0039676941920304,3991.9303934129266,4026.3138460139703,3981.3802510224887,3988.372101624202,1.0048634004880737,1.0135185296351694,1.0022076798433495,1.0039676941920304,3929.0543641429517,3962.8962504442143,3918.67039475564,3925.5521182359457
2023-01-23,1.0047849247928413,1.013183053693514,1.0021233701674161,1.0038471250967276,4039.0444885315114,4072.8033710677246,4028.345544632681,4035.2747119350765,1.0047849247928413,1.013183053693514,1.0021233701674161,1.0038471250967276,3932.3436492354494,3965.2107116615994,3921.927343048788,3928.6734601350026
2023-01-24,1.0045634306737168,1.0128328301980256,1.0017457386032143,1.0034404497703457,4035.2810728447866,4068.4988372639586,4023.9625446821815,4030.77011470499,1.0045634306737168,1.0128328301980256,1.0017457386032143,1.0034404497703457,3935.6329343279476,3968.030411800484,3924.593908445802,3931.2333708031592
2023-01-25,1.004192868567302,1.0121244177618047,1.00056866185122,1.0027046631345302,4033.05948259737,4064.914329103315,4018.5038711001066,4027.082522174163,1.004192868567302,1.0121244177618047,1.00056866185122,1.0027046631345302,3938.9222194204453,3970.033529144469,3924.7063563043134,3933.084769633961
2023-01-26,1.0039411898670407,1.0119974033505588,1.0001372236623776,1.0023545715418962,4076.432925571828,4109.144616486709,4060.9871870754278,4069.9905729258617,1.0039411898670407,1.0119974033505588,1.0001372236623776,1.0023545715418962,3942.911099380597,3974.551332776489,3927.97127947738,3936.679763254702
2023-01-27,1.0043989752952045,1.0131418753440988,1.0013689975007578,1.002874126194545,4088.4662928776474,4124.054792100675,4076.1325864666846,4082.2593031224674,1.0043989752952045,1.0131418753440988,1.0013689975007578,1.002874126194545,3946.899979340749,3981.2561992007077,3934.993337071635,3940.9079114156284
2023-01-30,1.0049792274946008,1.0141251309647188,1.002757814688309,1.0037217836623276,4037.775390850982,4074.521527436118,4028.850265120247,4032.72327074499,1.0049792274946008,1.0141251309647188,1.002757814688309,1.0037217836623276,3950.8888593009,3986.8442772237295,3942.155788140647,3945.9454528182505
2023-01-31,1.0051036756559362,1.0142934032032151,1.0030845762570324,1.003956078498756,4097.405644178989,4134.868487498226,4089.1745835694182,4092.727349608029,1.0051036756559362,1.0142934032032151,1.0030845762570324,1.003956078498756,3954.877739261052,3991.037440779295,3946.932995390855,3950.3621787666493
2023-02-01,1.0050634154953415,1.0141167769611703,1.0028277064623579,1.0039157927532458,4140.067271742566,4177.359968826222,4130.857916736809,4135.339972667098,1.0050634154953415,1.0141167769611703,1.0028277064623579,1.0039157927532458,3958.8666192212036,3994.527105859401,3950.0603352350254,3954.3462225028507
2023-02-02,1.0052312012955156,1.01433741626208,1.003325664038212,1.0042251843973533,4201.625165926945,4239.686958995591,4193.660477520357,4197.420256736682,1.0052312012955156,1.01433741626208,1.003325664038212,1.0042251843973533,3963.1064620819607,3999.0075556140637,3955.593914711341,3959.140258023698
2023-02-03,1.0055202734643083,1.0144704268344356,1.0037468145519912,1.0045128754051893,4159.314500779641,4196.336631192105,4151.978623458021,4155.147418856057,1.0055202734643083,1.0144704268344356,1.0037468145519912,1.0045128754051893,3967.346304942718,4002.65972311907,3960.349006282087,3963.371549711098
2023-02-06,1.0052080569728283,1.0135827653876137,1.0024003606083471,1.003835545421107,4132.490738859855,4166.919835129711,4120.948074489764,4126.848234069805,1.0052080569728283,1.0135827653876137,1.0024003606083471,1.003835545421107,3971.586147803475,4004.6746966877918,3960.4929140086792,3966.1633422174027
2023-02-07,1.0050600850736797,1.0138820082673665,1.002245837076457,1.0035126471569131,4185.070194246802,4221.804682425314,4173.351665586368,4178.626662761386,1.0050600850736797,1.0138820082673665,1.002245837076457,1.0035126471569131,3975.825990664232,4010.723836118449,3964.693362378917,3969.7046214249303
2023-02-08,1.0053548695479808,1.01432856772978,1.0027478680411483,1.0036465067663807,4139.910603116848,4176.8630359117515,4129.175335891923,4132.875804353008,1.0053548695479808,1.01432856772978,1.0027478680411483,1.0036465067663807,3980.065833524989,4015.59150770788,3969.7450622833308,3973.3026531353926
2023-02-09,1.0059111553585833,1.015207566092584,1.0038846087706568,1.004225310459141,4105.626380596058,4143.569681006881,4097.355030697436,4098.745604638984,1.0059111553585833,1.015207566092584,1.0038846087706568,1.004225310459141,3984.9838462614916,4021.8121947750324,3976.955547366939,3978.3052597324604
2023-02-10,1.00617885380861,1.0154913902723413,1.004094056740868,1.0043664096169747,4115.734354349967,4153.826912253401,4107.206575336251,4108.32062388185,1.00617885380861,1.0154913902723413,1.004094056740868,1.0043664096169747,3989.901858997994,4026.82979323949,3981.634804224649,3982.7147923823886
2023-02-13,1.006012417039995,1.014991633645682,1.0033677999301838,1.0038271893254802,4162.165112895402,4199.314735965943,4151.22356497315,4153.124192124416,1.006012417039995,1.014991633645682,1.0033677999301838,1.0038271893254802,3994.819871734497,4030.475846075796,3984.318242923107,3986.142452897169
2023-02-14,1.0061349681257001,1.0155017665452477,1.0038959574214172,1.00398750390149,4161.505025713752,4200.247321660796,4152.244186369447,4152.62283451207,1.0061349681257001,1.0155017665452477,1.0038959574214172,1.00398750390149,3999.7378844709997,4036.9741794828506,3990.8370349613765,3991.200964191686
2023-02-15,1.0061783057645393,1.0152441700510497,1.0035066740705412,1.0038917149518387,4173.225140989003,4210.826719703734,4162.144281374977,4163.741276934246,1.0061783057645393,1.0152441700510497,1.0035066740705412,1.0038917149518387,4004.655897207502,4040.738633905617,3994.022627182458,3995.5551152386206
2023-02-16,1.0059472419527917,1.0150551805902224,1.002930431645034,1.0035729587178046,4114.7366579561185,4151.991861238052,4102.396666905163,4105.024866068895,1.0059472419527917,1.0150551805902224,1.002930431645034,1.0035729587178046,4010.407328994049,4046.7179249579813,3998.3802189590037,4000.941780017329
2023-02-17,1.0060500212947074,1.0155437131804017,1.0031290235603445,1.0036167741933641,4103.768581363029,4142.494204997045,4091.853568714766,4093.84314744441,1.0060500212947074,1.0155437131804017,1.0031290235603445,1.0036167741933641,4016.1587607805955,4054.05764555952,4004.498117280996,4006.445221238468
2023-02-21,1.0063535955527614,1.0157491810456916,1.003426589351402,1.0037322287818609,4022.7374816468755,4060.294831361185,4011.0372426779336,4012.2589873988836,1.0063535955527614,1.0157491810456916,1.003426589351402,1.0037322287818609,4021.910192567142,4059.459818490023,4010.2123597904947,4011.4338532556594
2023-02-22,1.0067596962093135,1.016390779115265,1.0041595719901664,1.004197180671708,4018.028285556181,4056.466418987979,4007.651059791354,4007.8011579198205,1.0067596962093135,1.016390779115265,1.0041595719901664,1.004197180671708,4027.6616243536887,4066.1919143199307,4017.259518890545,4017.4099768836077
2023-02-23,1.0071809313136706,1.0170427181342627,1.0049091892121822,1.0046544968189997,4041.132194328467,4080.7008388244653,4032.017238059823,4030.995330676809,1.0071809313136706,1.0170427181342627,1.0049091892121822,1.0046544968189997,4033.4130561402353,4072.906118888323,4024.315510736575,4023.295555342243
2023-02-24,1.0070992727471033,1.0164692767236616,1.004344219653457,1.004496901575834,3998.22439677691,4035.4236873640057,3987.2867257930106,3987.892879132124,1.0070992727471033,1.0164692767236616,1.004344219653457,1.004496901575834,4038.591323879805,4076.1661864464572,4027.5432238345356,4028.1554970271704
2023-02-27,1.0068832801473062,1.0159107418225632,1.003742134891327,1.0041908055470274,4009.6508735338084,4045.600392515484,3997.1420792496374,3998.9287934815943,1.0068832801473062,1.0159107418225632,1.003742134891327,1.0041908055470274,4043.7695916193743,4080.025010426779,4031.1543581365713,4032.9562757867566
2023-02-28,1.0065038860999023,1.0153967321708222,1.0026712125470303,1.0036860721588197,3995.971403399527,4031.2773362279895,3980.7551144935924,3984.784259381338,1.0065038860999023,1.0153967321708222,1.0026712125470303,1.0036860721588197,4048.9478593589433,4084.7218593997995,4033.5298410166056,4037.612402156659
2023-03-01,1.0063402738661145,1.015629999616631,1.002396514571445,1.0034454202065373,3976.442894751826,4013.150224185159,3960.859563712462,3965.004198949909,1.0063402738661145,1.015629999616631,1.002396514571445,1.0034454202065373,4054.126127098513,4091.5505657866934,4038.238362283056,4042.4639665349378
2023-03-02,1.006419213290945,1.0161247314779422,1.0026930004408108,1.0035871496733084,4006.907134835904,4045.5481996697054,3992.071777305022,3995.6316983518263,1.006419213290945,1.0161247314779422,1.0026930004408108,1.0035871496733084,4059.3043948380823,4098.450758610124,4044.275039278393,4047.8815124668868
2023-03-03,1.0065578895195062,1.01616452338068,1.0025116114885897,1.0036358815585795,4072.1708601556948,4111.035842369814,4055.801075902698,4060.3494678686516,1.0065578895195062,1.01616452338068,1.0025116114885897,1.0036358815585795,4065.5414622921503,4104.343173234286,4049.198327660812,4053.7393149522036
2023-03-06,1.0069292526134093,1.0167629914784446,1.0030573887547931,1.0039578433637808,4076.4725248651785,4116.2836299611645,4060.7975937826795,4064.4430122307976,1.0069292526134093,1.0167629914784446,1.0030573887547931,1.0039578433637808,4071.7785297462183,4111.5437929698855,4056.1216481046376,4059.762868909745
2023-03-07,1.0074794467033774,1.0176663365513787,1.0041018814366345,1.0045995698973158,4016.1858419549426,4056.7945540383193,4002.7216171025566,4004.7055874515627,1.0074794467033774,1.0176663365513787,1.0041018814366345,1.0045995698973158,4078.0155972002867,4119.24948621216,4064.3440886812696,4066.3586025374543
2023-03-08,1.0075969389207355,1.017452364557741,1.0039998004177744,1.0047305120768448,4022.3370561409656,4061.6800138381477,4007.9772432657596,4010.8942515158856,1.0075969389207355,1.017452364557741,1.0039998004177744,1.0047305120768448,4084.2526646543547,4124.201226290873,4069.6718119856414,4072.6337215800168
2023-03-09,1.0076824337957992,1.0175469255196838,1.0043536168667746,1.0050253705977399,3948.4222339907565,3987.0744692022877,3935.3788640414205,3938.0110101205364,1.0076824337957992,1.0175469255196838,1.0043536168667746,1.0050253705977399,4090.4897321084227,4130.5327067160315,4076.9770509188215,4079.7039037911777
2023-03-10,1.0080233593651482,1.0178178213049431,1.0050224294218568,1.0054218169105096,3892.572924290863,3930.3951205729554,3880.984563231148,3882.526833963455,1.0080233593651482,1.0178178213049431,1.0050224294218568,1.0054218169105096,4097.325052378222,4137.136723315849,4085.127135214056,4086.7505304932033
2023-03-13,1.008262348737306,1.0179308741098358,1.0055339902218277,1.0057876662265777,3887.617633767355,3924.897147157741,3877.0977381377143,3878.075851929789,1.008262348737306,1.0179308741098358,1.0055339902218277,1.0057876662265777,4104.160372648021,4143.516378300294,4093.0545122381523,4094.0871075815076
2023-03-14,1.0082168610794193,1.0174258896078059,1.0048286687351673,1.0055071607406276,3951.494261459957,3987.5871148809774,3938.214953087054,3940.8741600191343,1.0082168610794193,1.0174258896078059,1.0048286687351673,1.0055071607406276,4110.995692917819,4148.54542857253,4097.180367394414,4099.946912787377
2023-03-15,1.0082956107966872,1.017507433866545,1.0045940036461543,1.005345189352554,3924.2159365279504,3960.0677070882225,3909.809540610577,3912.7331027968853,1.0082956107966872,1.017507433866545,1.0045940036461543,1.005345189352554,4117.831013187618,4155.45165768798,4102.7138267594655,4105.781633229467
2023-03-16,1.0083551368142363,1.0175915920629697,1.00417006807117,1.0050749308890428,3993.368681222684,4029.947630215138,3976.7946371808935,3980.3781473012587,1.0083551368142363,1.0175915920629697,1.00417006807117,1.0050749308890428,4124.666333457417,4162.44795881344,4107.547352735737,4111.248684801211
2023-03-17,1.00831980905028,1.0178730495694175,1.0037882304961687,1.0048009806160412,3949.2256969186888,3986.6423008655634,3931.477135090514,3935.4437127200113,1.00831980905028,1.0178730495694175,1.0037882304961687,1.0048009806160412,4132.293669353373,4171.444735279792,4113.722365682398,4117.872815640262
2023-03-20,1.0085381413766876,1.0188347666967448,1.0043902205283257,1.0051753661160037,3985.3090633198776,4025.996899035856,3968.9182637331164,3972.020821483017,1.0085381413766876,1.0188347666967448,1.0043902205283257,1.0051753661160037,4139.921005249329,4182.187344713198,4122.894316873612,4126.117239812521
2023-03-21,1.0090751613303355,1.019870186269755,1.0058307602811123,1.0060730340957587,4039.19669103436,4082.407772513614,4026.2097754064557,4027.1795659908894,1.0090751613303355,1.019870186269755,1.0058307602811123,1.0060730340957587,4147.548341145285,4191.918562012762,4134.2130508662385,4135.208856130848
2023-03-22,1.0092227748929763,1.0198185610004689,1.0060340886950707,1.0064541368881108,3973.2797880704006,4014.995080102016,3960.7260261698325,3962.3797433043856,1.0092227748929763,1.0198185610004689,1.0060340886950707,1.0064541368881108,4155.175677041241,4198.800686115827,4142.047206637212,4143.776630584359
2023-03-23,1.009246003530136,1.0199198334240362,1.0063286610189826,1.0066854962857739,3985.2298790595187,4027.3778446381602,3973.710110338877,3975.1191528935606,1.009246003530136,1.0199198334240362,1.0063286610189826,1.0066854962857739,4162.803012937197,4206.828999749619,4150.769948498279,4152.241774909803
2023-03-24,1.0087880705516457,1.018926537103591,1.0052755668555968,1.0062242542142437,4005.887340279879,4046.1470895729885,3991.939223227906,3995.7064512422194,1.0087880705516457,1.018926537103591,1.0052755668555968,1.0062242542142437,4169.460324891421,4211.364006425302,4154.9426623325235,4158.863718120228
2023-03-27,1.0084222722129241,1.018209664693375,1.0046345101825913,1.0058534164531572,4011.0298403950724,4049.95948760784,3995.9639032865625,4000.8121395449266,1.0084222722129241,1.018209664693375,1.0046345101825913,1.0058534164531572,4176.1176368456445,4216.649568242446,4160.43160902286,4165.479391201453
2023-03-28,1.0084383551985439,1.0181491202448243,1.0047388078828188,1.005946774211193,4004.7809868493214,4043.3450567546633,3990.0890855808016,3994.886246021684,1.0084383551985439,1.0181491202448243,1.0047388078828188,1.005946774211193,4182.774948799869,4223.053012957063,4167.43006058301,4172.440432581725
2023-03-29,1.0081553115145314,1.0172604697404999,1.0036672792666952,1.005405050692776,4060.6580452713447,4097.331892625482,4042.5811041031875,4049.5805172308706,1.0081553115145314,1.0172604697404999,1.0036672792666952,1.005405050692776,4189.432260754093,4227.269132886262,4170.7820519304705,4178.0034349764055
2023-03-30,1.0079961890264013,1.0172763829692466,1.0035338426267857,1.005140789168583,4083.2212023938173,4120.813690423313,4065.1449957278624,4071.6544629877712,1.0079961890264013,1.0172763829692466,1.0035338426267857,1.005140789168583,4196.089572708316,4234.721192014234,4177.513703671227,4184.20310557705
2023-03-31,1.0082051835249852,1.0179302382871558,1.0041474465536275,1.0053645128236908,4143.0276427110575,4182.990907495792,4126.353143597287,4131.354446191521,1.0082051835249852,1.0179302382871558,1.0041474465536275,1.0053645128236908,4203.960340250735,4244.511356249274,4187.040604489096,4192.115462677103
2023-04-03,1.0083313179757694,1.017961252304558,1.0043208971341147,1.0053563548251585,4158.872604304241,4198.591364742673,4142.331583438628,4146.602339039915,1.0083313179757694,1.017961252304558,1.0043208971341147,1.0053563548251585,4211.831107793152,4252.055641385366,4195.0794558756725,4199.404594682922
2023-04-04,1.00857049705549,1.0187528162179598,1.0052621530914259,1.0058419628393243,4135.744180225743,4177.497798183366,4122.177984966701,4124.555552818933,1.00857049705549,1.0187528162179598,1.0052621530914259,1.0058419628393243,4219.701875335571,4262.303112820286,4205.860279462824,4208.286113142956
2023-04-05,1.009050646897471,1.0194409176518955,1.0063631806211286,1.0064458528277913,4127.400585056477,4169.900740744961,4116.407826749052,4116.745987489741,1.009050646897471,1.0194409176518955,1.0063631806211286,1.0064458528277913,4227.572642877988,4271.104277814806,4216.313090204933,4216.659458110536
2023-04-06,1.0093786934311533,1.0194515853435304,1.0071286177486287,1.006973907646681,4143.5197241087535,4184.869146866899,4134.283118430476,4133.648030367779,1.0093786934311533,1.0194515853435304,1.0071286177486287,1.006973907646681,4235.4434104204065,4277.71016714095,4226.001891311161,4225.352713865585
2023-04-10,1.0097718307375665,1.0197954771048283,1.0080666907788483,1.0075613735851232,4149.263527402041,4190.451792926221,4142.256919746273,4140.180515812365,1.0097718307375665,1.0197954771048283,1.0080666907788483,1.0075613735851232,4243.529749966379,4285.653762805546,4236.36396070348,4234.240383396738
2023-04-11,1.0099476264126233,1.0197339612605163,1.0081109107302253,1.0077024907517838,4149.8142000718835,4190.025662781785,4142.2672455358515,4140.589072349634,1.0099476264126233,1.0197339612605163,1.0081109107302253,1.0077024907517838,4251.616089512352,4292.814006719654,4243.88399554736,4242.164653963492
2023-04-12,1.0096299927162886,1.018864438421822,1.0071078339925617,1.0070806639718421,4131.355448695417,4169.142338800174,4121.034901305862,4120.923722939579,1.0096299927162886,1.018864438421822,1.0071078339925617,1.0070806639718421,4259.702429058324,4298.66322765449,4249.061257817932,4248.946625522842
2023-04-13,1.0094015215745689,1.018549388283769,1.006420018604904,1.0065624779900288,4185.200776782909,4223.129844689929,4172.838809540025,4173.429477491818,1.0094015215745689,1.018549388283769,1.006420018604904,1.0065624779900288,4267.788768604297,4306.466303721653,4255.182858453055,4255.785182256639
2023-04-14,1.009546036580347,1.0189881765800908,1.0066104637425397,1.0065512764997706,4177.138062796307,4216.206238944847,4164.991719199682,4164.7468236965115,1.009546036580347,1.0189881765800908,1.0066104637425397,1.0065512764997706,4275.87510815027,4315.866757792451,4263.441655518569,4263.190971301202
2023-04-17,1.0097698071902277,1.0194487241414694,1.0070530800681914,1.006687297168452,4191.877595984935,4232.057877502964,4180.599592348684,4179.081110481337,1.0097698071902277,1.0194487241414694,1.0070530800681914,1.006687297168452,4284.045417930644,4325.109152972274,4272.519442113134,4270.967573019378
2023-04-18,1.0099790335536107,1.0200604562068134,1.007743358435146,1.0070256109883708,4196.33158714089,4238.218587680003,4187.042647661435,4184.060500327252,1.0099790335536107,1.0200604562068134,1.007743358435146,1.0070256109883708,4292.215727711019,4335.05982588752,4282.714540471752,4279.664252518018
2023-04-19,1.0098487676936765,1.0198315600419312,1.007518999967191,1.0069355308368093,4195.436902358733,4236.910612825404,4185.757835743695,4183.333801572141,1.0098487676936765,1.0198315600419312,1.007518999967191,1.0069355308368093,4300.386037491394,4342.897215603394,4290.464848376653,4287.980176827931
2023-04-20,1.0097082787039577,1.019879652962994,1.0078785570525526,1.007031625936516,4169.883152308817,4211.888792010043,4162.326786130061,4158.829138476364,1.0097082787039577,1.019879652962994,1.0078785570525526,1.007031625936516,4308.556347271769,4351.958922103085,4300.748687375169,4297.134722319454
2023-04-21,1.0095539621407572,1.0195555070282656,1.0075721055900315,1.0069352787132344,4173.011493588063,4214.353079411477,4164.819449898508,4162.187113266729,1.0095539621407572,1.0195555070282656,1.0075721055900315,1.0069352787132344,4316.726657052143,4359.492013879688,4308.252485958971,4305.529493768273
2023-04-24,1.0093046020884884,1.0193466039543284,1.0072637405820568,1.0067775213906278,4175.53351102416,4217.077674423214,4167.090385337592,4165.0788770938825,1.0093046020884884,1.0193466039543284,1.0072637405820568,1.0067775213906278,4324.29397897521,4367.318223703168,4315.550052606576,4313.4668809678
2023-04-25,1.0090850893594665,1.018695556853257,1.0065709802898106,1.0063788239745102,4108.621122388685,4147.751390150427,4098.384600477401,4097.602211059335,1.0090850893594665,1.018695556853257,1.0065709802898106,1.0063788239745102,4331.861300898277,4373.1176950902845,4321.06858192946,4320.243681715642
2023-04-26,1.0088263704007556,1.0182220808973805,1.0059835976194837,1.0059634864024463,4091.7896700817605,4129.898577898966,4080.2594121086495,4080.1778412134577,1.0088263704007556,1.0182220808973805,1.0059835976194837,1.0059634864024463,4339.428622821343,4379.8439175212625,4327.200542809589,4327.11403516723
2023-04-27,1.008789862234185,1.0183287754754708,1.0058229924233297,1.005780696810613,4171.699156790138,4211.1459016624885,4159.4301117178165,4159.2552045557695,1.008789862234185,1.0183287754754708,1.0058229924233297,1.005780696810613,4346.99594474441,4388.100260647529,4334.211348547329,4334.029091702923
2023-04-28,1.0087651159365212,1.01832623218475,1.0056382310840712,1.0055495715276983,4206.025975595006,4245.890858569671,4192.988491740413,4192.618827493307,1.0087651159365212,1.01832623218475,1.0056382310840712,1.0055495715276983,4354.5632666674765,4395.83599204738,4341.065359471373,4340.682640400976
2023-05-01,1.0088634687686333,1.0187322756130401,1.0059781980110252,1.005639471590992,4204.811785576723,4245.943689559322,4192.786352144211,4191.374584459948,1.0088634687686333,1.0187322756130401,1.0059781980110252,1.005639471590992,4362.709168497953,4405.385641018838,4350.232160877507,4348.767379067045
2023-05-02,1.008687947115612,1.0183403085924205,1.005334943602647,1.0053068305515092,4155.370693178533,4195.134368471164,4141.557726966593,4141.441913003386,1.008687947115612,1.0183403085924205,1.005334943602647,1.0053068305515092,4370.855070328429,4412.680764015156,4356.3258073909865,4356.203987682066
2023-05-03,1.0085407129680972,1.0183799945247116,1.0049201399970562,1.0049869037437342,4125.687921574244,4165.9379626019645,4110.877062692957,4111.150176489681,1.0085407129680972,1.0183799945247116,1.0049201399970562,1.0049869037437342,4379.000972158906,4421.722324849724,4363.2807415761445,4363.570624282761
2023-05-04,1.0089173035592922,1.0194485828475406,1.0060249946176667,1.0055980692982212,4097.435131561068,4140.204973632089,4085.68882864116,4083.9549909953216,1.0089173035592922,1.0194485828475406,1.0060249946176667,1.0055980692982212,4387.146873989382,4432.940784794117,4374.57004129249,4372.713611559325
2023-05-05,1.0093532936963279,1.019932267289783,1.0068704785723166,1.0062042644165161,4174.937561051436,4218.694840577365,4164.668016994745,4161.912388692815,1.0093532936963279,1.019932267289783,1.0068704785723166,1.0062042644165161,4395.292775819858,4441.359585628964,4384.481200282913,4381.58012859233
2023-05-08,1.00947643498334,1.0197808178597008,1.0068357126722407,1.0063251216530473,4177.334625133259,4219.975398001585,4166.406999323252,4164.294112414908,1.00947643498334,1.0197808178597008,1.0068357126722407,1.0063251216530473,4403.240078556565,4448.186815393203,4391.721499307349,4389.494349904401
2023-05-09,1.009164724378695,1.0191607671142906,1.0058907622459843,1.0058292486076164,4156.921057718989,4198.096457074173,4143.435051120791,4143.181665987036,1.009164724378695,1.0191607671142906,1.0058907622459843,1.0058292486076164,4411.187381293273,4454.881355639507,4396.876476346078,4396.607592407915
2023-05-10,1.0088342538039297,1.0186615050163825,1.0050399923588433,1.0052799613819512,4174.192961909292,4214.854589615986,4158.493673983645,4159.486579412417,1.0088342538039297,1.0186615050163825,1.0050399923588433,1.0052799613819512,4419.134684029979,4462.182336821184,4402.514161591298,4403.56533072945
2023-05-11,1.0086610086416643,1.0184892323935228,1.004500467270855,1.0049582697091515,4166.395335515432,4206.991993109334,4149.20972011834,4151.1007280260155,1.0086610086416643,1.0184892323935228,1.004500467270855,1.0049582697091515,4427.081986766687,4470.218731382561,4408.8210868210135,4410.8304129580565
2023-05-12,1.009040697789722,1.0194619527855664,1.0054096476593224,1.005386015362868,4161.364560940637,4204.342650243899,4146.389819718858,4146.292358237696,1.009040697789722,1.0194619527855664,1.0054096476593224,1.005386015362868,4435.029289503394,4480.833756301605,4419.069761096609,4418.965890234726
2023-05-15,1.0094540284122866,1.0199738783518557,1.0060938633080074,1.0057967426752756,4175.384508641173,4218.897553549214,4161.485924923645,4160.256950792889,1.0094540284122866,1.0199738783518557,1.0060938633080074,1.0057967426752756,4443.98552791242,4490.297751719962,4429.192853184776,4427.884819579738
2023-05-16,1.0096015155032187,1.0200959739682005,1.0063056984735375,1.0059595784870348,4149.3612685666785,4192.492443411907,4135.815790156391,4134.393271623864,1.0096015155032187,1.0200959739682005,1.0063056984735375,1.0059595784870348,4452.941766321447,4499.228555412043,4438.405257530346,4436.87866300727
2023-05-17,1.0098855498822825,1.0205372172465377,1.0069894973103417,1.0063825698104807,4199.881728283941,4244.179562968384,4187.83771172933,4185.313639850733,1.0098855498822825,1.0205372172465377,1.0069894973103417,1.0063825698104807,4461.898004730474,4508.959430022838,4449.10260311903,4446.421063016826
2023-05-18,1.0100942071229764,1.020608076151901,1.0074033346702085,1.0066966437495517,4240.425986212611,4284.563734089488,4229.129569112269,4226.162845292805,1.0100942071229764,1.020608076151901,1.0074033346702085,1.0066966437495517,4470.854243139501,4517.3904727587815,4458.943969386451,4455.816031339756
2023-05-19,1.0100971581295122,1.0205611312440108,1.007491945086914,1.0068016172008614,4234.307084935752,4278.171850952268,4223.386083965441,4220.492243273667,1.0100971581295122,1.0205611312440108,1.007491945086914,1.0068016172008614,4479.810481548528,4526.218508795905,4468.2562853992085,4465.194661005205
2023-05-22,1.0099645314643495,1.0202567664593338,1.0071688400951468,1.0066856223475613,4234.407593553376,4277.559126760397,4222.686294048116,4220.660340823056,1.0099645314643495,1.0202567664593338,1.0071688400951468,1.0066856223475613,4488.880457396319,4534.62524455724,4476.4547494024655,4474.307043580897
2023-05-23,1.0096038763084474,1.0195094805309135,1.006393607888443,1.0062757774676658,4185.393637546773,4226.458112299344,4172.085212990171,4171.596737554406,1.0096038763084474,1.0195094805309135,1.006393607888443,1.0062757774676658,4497.95043324411,4542.081520544309,4483.648162255031,4483.123208454217
2023-05-24,1.0097870073426072,1.0199347929187628,1.0071192773732949,1.006600638693979,4155.5158840965905,4197.276457211009,4144.537535017677,4142.40321237901,1.0097870073426072,1.0199347929187628,1.0071192773732949,1.006600638693979,4507.0204090919015,4552.313402927486,4495.11342937221,4492.798569807149
2023-05-25,1.0101192906785301,1.020222202431967,1.0077403649680006,1.0069664159747398,4193.288009007968,4235.228024511775,4183.412422284361,4180.199543307617,1.0101192906785301,1.020222202431967,1.0077403649680006,1.0069664159747398,4516.090384939693,4561.258973492181,4505.454568331744,4501.994359582982
2023-05-26,1.0101231691442627,1.019980413196069,1.0076159087295276,1.0068683218952605,4248.022481677739,4289.476628675408,4237.478323366591,4234.334384314423,1.0101231691442627,1.019980413196069,1.0076159087295276,1.0068683218952605,4525.160360787484,4569.3189460099475,4513.928309301582,4510.579261965565
2023-05-30,1.009953949998057,1.0196801812588137,1.00728702520941,1.0065785958899982,4247.381535795829,4288.285395887567,4236.165730258678,4233.186416587306,1.009953949998057,1.0196801812588137,1.00728702520941,1.0065785958899982,4533.802958654057,4577.465163318594,4521.83081725365,4518.650594091641
2023-05-31,1.009639836430947,1.0191621447300978,1.0064965983150436,1.0061277809291749,4220.122877509165,4259.924507407205,4206.984676535169,4205.443082561193,1.009639836430947,1.0191621447300978,1.0064965983150436,1.0061277809291749,4542.44555652063,4585.2871377068495,4528.303891842319,4526.6445546854875
2023-06-01,1.0093391710221926,1.0187544764216248,1.0058349852379063,1.0057659655903057,4260.440827668096,4300.183020065207,4245.649589388908,4245.358256075992,1.0093391710221926,1.0187544764216248,1.0058349852379063,1.0057659655903057,4551.088154387203,4593.541559648288,4535.287857647023,4534.976649571846
2023-06-02,1.0094056319051008,1.0192077826691452,1.0062105516886979,1.0059518166826917,4322.648395901447,4364.624832268867,4308.965880235129,4307.857881207458,1.0094056319051008,1.0192077826691452,1.0062105516886979,1.0059518166826917,4559.730752253776,4604.009451385547,4545.2977977920955,4544.129028839079
2023-06-05,1.0095494934737175,1.0194711192292063,1.0065428644338366,1.0061373436161958,4314.602529713039,4357.005474650589,4301.7528285886865,4300.019717773462,1.0095494934737175,1.0194711192292063,1.0065428644338366,1.0061373436161958,4568.373350120349,4613.270297703655,4554.767871569487,4552.932824840025
2023-06-06,1.0093431759596339,1.0189969721271672,1.0060976525069258,1.0058630151578318,4323.874764334678,4365.2301790469655,4309.971428691794,4308.966277483878,1.0093431759596339,1.0189969721271672,1.0060976525069258,1.0058630151578318,4576.930541943655,4620.706291933616,4562.213510344199,4561.14953242774
2023-06-07,1.009030748681973,1.0187077081311458,1.0055893125260356,1.0055254216909841,4306.058900615294,4347.3555186038275,4291.3725029911075,4291.099847574709,1.009030748681973,1.0187077081311458,1.0055893125260356,1.0055254216909841,4585.487733766961,4629.464172455578,4569.848306227012,4569.557957651598
2023-06-08,1.009093246784676,1.0188822767803507,1.0058775758337486,1.0056703747377491,4332.975765166124,4375.009174735452,4319.167899199809,4318.278192197663,1.009093246784676,1.0188822767803507,1.0058775758337486,1.0056703747377491,4594.044925590268,4638.610919586734,4579.405112211724,4578.461798849271
2023-06-09,1.009351438777934,1.0190164000423965,1.006566736387022,1.0060367643186205,4339.0605261049095,4380.608841486256,4327.089480384713,4324.811204658745,1.009351438777934,1.0190164000423965,1.006566736387022,1.0060367643186205,4602.602117413574,4646.673953516957,4589.903986090458,4587.487334693846
2023-06-12,1.009365687923778,1.0186558885827073,1.0062888365383509,1.0059570932689388,4379.567064303118,4419.876594648166,4366.216821521347,4364.777410697397,1.009365687923778,1.0186558885827073,1.0062888365383509,1.0059570932689388,4611.15930923688,4653.600414344402,4597.103103365414,4595.58757625435
2023-06-13,1.0091570939189383,1.01839435352024,1.0059084009669492,1.0056788568951633,4409.017434902781,4449.375114473464,4394.823862908611,4393.820982563538,1.0091570939189383,1.01839435352024,1.0059084009669492,1.0056788568951633,4620.245461297371,4662.536604078723,4605.371901019171,4604.320974496207
2023-06-14,1.0089338291958925,1.018011005429286,1.0054599492749632,1.0053235967692429,4411.653972203668,4451.344742230041,4396.464119600211,4395.867905997224,1.0089338291958925,1.018011005429286,1.0054599492749632,1.0053235967692429,4629.331613357861,4670.9807856636,4613.3922705847235,4612.76663890599
2023-06-15,1.0090199142722631,1.0182252600107815,1.0057738275673642,1.00542187093699,4465.760697382753,4506.502084766117,4451.394037000743,4449.836333267768,1.0090199142722631,1.0182252600107815,1.0057738275673642,1.00542187093699,4638.41776541835,4680.734312997252,4623.495655331999,4621.87772701969
2023-06-16,1.009402111775876,1.0188924852667165,1.00650396830694,1.005810231286535,4451.049458065785,4492.898114107261,4438.2698336066,4435.210737778792,1.009402111775876,1.0188924852667165,1.00650396830694,1.005810231286535,4647.503917478841,4691.19963345017,4634.16024307182,4630.966128969601
2023-06-20,1.0098523510587556,1.0195553304108544,1.0074113677719154,1.0062182392660988,4431.949111615071,4474.532674127421,4421.236343854283,4416.000048849521,1.0098523510587556,1.0195553304108544,1.0074113677719154,1.0062182392660988,4656.590069539331,4701.3320531060945,4645.334306732526,4639.832601115814
2023-06-21,1.0102820176103573,1.0201708774122797,1.0083654312215704,1.0067587381842946,4410.57810146136,4453.7497978100155,4402.210879429697,4395.196555703793,1.0102820176103573,1.0201708774122797,1.0083654312215704,1.0067587381842946,4666.529226396341,4712.206227943452,4657.676444457945,4650.255071132871
2023-06-22,1.0105987449261133,1.0204446520613413,1.008952832837892,1.0072024576673662,4428.332534404287,4471.476216421071,4421.120328684031,4413.450377228055,1.0105987449261133,1.0204446520613413,1.008952832837892,1.0072024576673662,4676.46838325335,4722.0295653283465,4668.8520509742675,4660.752323773048
2023-06-23,1.010994053330192,1.020868233598561,1.009744207031988,1.0077223544877238,4396.135771917274,4439.071966203631,4390.701027763404,4381.909345689604,1.010994053330192,1.020868233598561,1.009744207031988,1.0077223544877238,4686.40754011036,4732.1787617210775,4680.613946076262,4671.241759388101
2023-06-26,1.0110348615348577,1.020699811235265,1.0096208307152068,1.0077428305237746,4376.587929309322,4418.425756871439,4370.466844416601,4362.337319627925,1.0110348615348577,1.020699811235265,1.0096208307152068,1.0077428305237746,4696.346696967369,4741.241246432218,4689.778398264794,4681.054920636587
2023-06-27,1.0106721406743806,1.0199807487691503,1.0084650492611338,1.0070767920740842,4425.137007450115,4465.893910218336,4415.4734563354405,4409.395097185091,1.0106721406743806,1.0199807487691503,1.0084650492611338,1.0070767920740842,4706.285853824379,4749.632225839717,4696.008333866888,4689.543789235707
2023-06-28,1.01024647906022,1.0195196890172793,1.0073672425505114,1.0064020373522315,4421.707404339514,4462.294946072168,4409.10538922963,4404.880821205488,1.01024647906022,1.0195196890172793,1.0073672425505114,1.0064020373522315,4715.936596079443,4759.224913441663,4702.496017857846,4697.990338687819
2023-06-29,1.0102827764406095,1.0199942776628463,1.007516764339829,1.0063509463106521,4441.647609654553,4484.343642088043,4429.487003414198,4424.361554398003,1.0102827764406095,1.0199942776628463,1.007516764339829,1.0063509463106521,4725.587338334506,4771.012785825266,4712.649345065751,4707.196243175911
2023-06-30,1.0103561089530222,1.0201762995668027,1.0075057377709769,1.006394581697944,4496.468620162351,4540.1722000661075,4483.7833852612,4478.838318496896,1.0103561089530222,1.0201762995668027,1.0075057377709769,1.006394581697944,4735.23808058957,4781.262388396456,4721.879240032826,4716.671582550598
2023-07-03,1.010217769982351,1.02006656716924,1.007051337036689,1.0061510663422033,4501.116193755663,4544.998396013594,4487.007866787301,4482.996629683657,1.010217769982351,1.02006656716924,1.007051337036689,1.0061510663422033,4744.888822844633,4791.147608899594,4730.016413411149,4725.787934678416
2023-07-05,1.010253034510453,1.020451239890778,1.007403410454187,1.006268267786898,4492.413398921773,4537.762982571108,4479.741633675887,4474.693858560133,1.010253034510453,1.020451239890778,1.007403410454187,1.006268267786898,4754.539565099697,4802.535234815516,4741.128419714974,4735.786113837839
2023-07-06,1.0101976188234356,1.0203726274810643,1.0074577665126705,1.0063496676839507,4456.577713225281,4501.465679669189,4444.490608169632,4439.602130457841,1.0101976188234356,1.0203726274810643,1.0074577665126705,1.0063496676839507,4764.118864193881,4812.104475905778,4751.197647755038,4745.971824178613
2023-07-07,1.0100801687633136,1.020269253310304,1.0074243078862215,1.0063955181569366,4443.292158381379,4488.113431849361,4431.609159176094,4427.083564596456,1.0100801687633136,1.020269253310304,1.0074243078862215,1.0063955181569366,4773.698163288064,4821.852374895947,4761.146408899652,4756.284288255199
2023-07-10,1.0101627126318415,1.0202840538493603,1.0077439457609785,1.0066615985726346,4454.342786231484,4498.973143970369,4443.677161151407,4438.90451875399,1.0101627126318415,1.0202840538493603,1.0077439457609785,1.0066615985726346,4783.277462382249,4831.203586292232,4771.824225279473,4766.699143104355
2023-07-11,1.010142877652198,1.0197750601320965,1.0074747989618085,1.00657047390912,4484.286871046296,4527.046633442011,4472.442576039198,4468.4280420058,1.010142877652198,1.0197750601320965,1.0074747989618085,1.00657047390912,4792.856761476432,4838.558881392237,4780.197444389422,4775.906664798495
2023-07-12,1.01007384517788,1.0194265939798492,1.0071016765443193,1.0063255358560634,4517.211847450707,4559.038836532923,4503.919833774443,4500.448808434053,1.01007384517788,1.0194265939798492,1.0071016765443193,1.0063255358560634,4802.436060570616,4846.904074792018,4788.304767208204,4784.614575597808
2023-07-13,1.0098196792006815,1.0189568446513486,1.0061770172782705,1.005773205138672,4554.327145982242,4595.536127651369,4537.898595005691,4536.077386103617,1.0098196792006815,1.0189568446513486,1.0061770172782705,1.005773205138672,4812.934768516697,4856.48371313423,4795.573357784237,4793.64873547131
2023-07-14,1.0097133164936865,1.0190272266897016,1.0059562964412772,1.0055160931187113,4549.182570396985,4591.145647672315,4532.255617112459,4530.2723162589045,1.0097133164936865,1.0190272266897016,1.0059562964412772,1.0055160931187113,4823.433476462777,4867.926329535404,4805.486069018987,4803.383203376006
2023-07-17,1.009970855049783,1.0195408124596559,1.0063957298398374,1.0056828188370552,4567.886083510608,4611.168991184407,4551.716542962318,4548.492196208045,1.009970855049783,1.0195408124596559,1.0063957298398374,1.0056828188370552,4833.932184408859,4879.736006267388,4816.820885870649,4813.408744397718
2023-07-18,1.0103882960028798,1.0203006382242696,1.0072396412769362,1.0061390724635668,4602.298480527197,4647.449001098783,4587.956421223618,4582.943352290097,1.0103882960028798,1.0203006382242696,1.0072396412769362,1.0061390724635668,4844.43089235494,4891.956835660955,4829.334280206855,4824.057467738082
2023-07-19,1.010930606689674,1.0211176527066215,1.0084312117147929,1.0068381751192281,4615.626089575178,4662.137289315676,4604.214551950465,4596.941192905362,1.010930606689674,1.0211176527066215,1.0084312117147929,1.0068381751192281,4854.92960030102,4903.8522374435015,4842.926415744043,4835.275959351694
2023-07-20,1.0113679458582687,1.0216802144846946,1.0094975870203875,1.0075202774424077,4586.422156634287,4633.186954260207,4577.940322451144,4568.9734805652515,1.0113679458582687,1.0216802144846946,1.0094975870203875,1.0075202774424077,4865.979381883005,4915.594644777306,4856.980552545845,4847.467152721922
2023-07-21,1.0114868292644223,1.021459831279031,1.0095376009609653,1.0077128998536635,4588.44816306537,4633.68909102432,4579.605800743266,4571.328336122168,1.0114868292644223,1.021459831279031,1.0095376009609653,1.0077128998536635,4877.029163464989,4925.115426444719,4867.630678969522,4858.83262025294
2023-07-24,1.011422413007471,1.0210722620319497,1.0093427035146003,1.0076526783369057,4606.6649791803475,4650.616567541199,4597.19265113574,4589.495194860405,1.011422413007471,1.0210722620319497,1.0093427035146003,1.0076526783369057,4888.078945046973,4934.715467268365,4878.027967282215,4869.860285429958
2023-07-25,1.011424689498227,1.0210652679824672,1.0094185064389618,1.0076942427091178,4619.641812295572,4663.6747688992,4610.4786514197,4602.603145804187,1.011424689498227,1.0210652679824672,1.0094185064389618,1.0076942427091178,4899.128726628957,4945.825663616814,4889.411197327395,4881.059226034946
2023-07-26,1.0113799606705927,1.0207010828806253,1.0090533223932066,1.007534504415565,4618.719435392429,4661.286670245096,4608.094260039176,4601.158198039781,1.0113799606705927,1.0207010828806253,1.0090533223932066,1.007534504415565,4910.178508210942,4955.431900336453,4898.882843168867,4891.509088811746
2023-07-27,1.0111388212793877,1.020180573708153,1.0082844939326747,1.0071008518666644,4587.951399061307,4628.977536949111,4575.000145615058,4569.629476268322,1.0111388212793877,1.020180573708153,1.0082844939326747,1.0071008518666644,4921.286098618706,4965.292964538989,4907.393880066053,4901.633008143613
2023-07-28,1.0111565905544564,1.020376795651968,1.0082542371793117,1.0069759066264536,4633.352063936346,4675.601164340317,4620.052813230157,4614.195208620934,1.0111565905544564,1.020376795651968,1.0082542371793117,1.0069759066264536,4932.39368902647,4977.369592718656,4918.236090090149,4912.000429253532
2023-07-31,1.011272312167893,1.0206707400093857,1.0085566531449845,1.007048860383746,4640.6881896459745,4683.817199073471,4628.226139016208,4621.3069383465945,1.011272312167893,1.0206707400093857,1.0085566531449845,1.007048860383746,4943.501279434236,4989.444532799385,4930.226058019862,4922.855367302219
2023-08-01,1.0113719929529463,1.0209477467570718,1.0089044068757156,1.007220862688337,4628.776541307538,4672.6021810154925,4617.483066080294,4609.777938891592,1.0113719929529463,1.0209477467570718,1.0089044068757156,1.007220862688337,4954.608869842,5001.519517026147,4942.520415790935,4934.272903479266
2023-08-02,1.011310780645948,1.0208837052837798,1.0088145649693616,1.0072446163308617,4564.439964259615,4607.646306590759,4553.173569387068,4546.0877789015485,1.011310780645948,1.0208837052837798,1.0088145649693616,1.0072446163308617,4965.716460249764,5012.721229067169,4953.45959568273,4945.750867618973
2023-08-03,1.011047719491906,1.020473052141058,1.0082952552576028,1.0070115460946545,4551.625617903417,4594.057428703309,4539.23432669165,4533.455209248064,1.011047719491906,1.020473052141058,1.0082952552576028,1.0070115460946545,4975.711811673643,5022.0970990218075,4962.16599327378,4955.848421193162
2023-08-04,1.010882420968669,1.0201968931569456,1.0080883649966612,1.0068748410905555,4526.761807570329,4568.4722934635965,4514.249941105999,4508.81574464874,1.010882420968669,1.0201968931569456,1.0080883649966612,1.0068748410905555,4985.7071630975215,5031.646463006469,4971.9267821305775,4965.941640134079
2023-08-07,1.010765097380256,1.019976916171328,1.007851199036362,1.0068143134237424,4567.081446606843,4608.704497105175,4553.91517177386,4549.230066346374,1.010765097380256,1.019976916171328,1.007851199036362,1.0068143134237424,4995.702514521399,5041.231892630268,4981.300583428429,4976.175780370169
2023-08-08,1.0105955409761602,1.019655719747366,1.0073328366243328,1.0065202292823991,4547.053365157316,4587.818552316903,4532.373218450791,4528.716989228641,1.0105955409761602,1.019655719747366,1.0073328366243328,1.0065202292823991,5005.697865945278,5050.574887168131,4989.536986989314,4985.511967411809
2023-08-09,1.0100643597997294,1.0187571256827923,1.0058485884620232,1.00568670874364,4512.674640920849,4551.511397984268,4493.839797157666,4493.116565521048,1.0100643597997294,1.0187571256827923,1.0058485884620232,1.00568670874364,5015.693217369157,5058.859027999779,4994.758892244859,4993.955043462704
2023-08-10,1.0097521011510133,1.0185666967900642,1.005175456220174,1.005179201996108,4512.410482186683,4551.801411616342,4491.958234020401,4491.974973256268,1.0097521011510133,1.0185666967900642,1.005175456220174,1.005179201996108,5025.601738308262,5069.472552853339,5002.823479472427,5002.842122442345
2023-08-11,1.0097671512843456,1.0187687471084477,1.005135082305699,1.0051332254613348,4507.651051690883,4547.834625529466,4486.973264166756,4486.964975120672,1.0097671512843456,1.0187687471084477,1.005135082305699,1.0051332254613348,5035.510259247367,5080.399447872894,5012.411041933901,5012.4017822161195
2023-08-14,1.0100266290733084,1.0194205006791637,1.0058073240858023,1.0054894580639013,4534.736757083015,4576.912610309255,4515.793259094508,4514.36612965866,1.0100266290733084,1.0194205006791637,1.0058073240858023,1.0054894580639013,5045.418780186472,5092.344291707221,5024.341949130216,5022.754102681104
2023-08-15,1.0101118288477184,1.019530144768021,1.0058652419912693,1.0056250825383934,4482.7348807701355,4524.532048260209,4463.889122823374,4462.823328793835,1.0101118288477184,1.019530144768021,1.0058652419912693,1.0056250825383934,5055.327301125577,5102.463339178755,5034.07432114959,5032.872390230583
2023-08-16,1.0098775189287816,1.0191254083085735,1.0053238791418055,1.0053729409546244,4447.8338529436005,4488.564609575699,4427.778120620628,4427.994205034681,1.0098775189287816,1.0191254083085735,1.0053238791418055,1.0053729409546244,5065.235822064682,5111.620398101884,5042.396161870804,5042.642240872591
2023-08-17,1.009735153942051,1.0190139980456046,1.0051557144938095,1.0052904605279647,4412.906127382182,4453.458016498588,4392.892328395164,4393.481217072996,1.009735153942051,1.0190139980456046,1.0051557144938095,1.0052904605279647,5074.257854772569,5120.887158894399,5051.2446354150225,5051.921779435948
2023-08-18,1.0096328804869699,1.018906844262245,1.005042512176124,1.005279637223069,4411.802894192717,4452.327426441175,4391.74431588113,4392.780483570017,1.0096328804869699,1.018906844262245,1.005042512176124,1.005279637223069,5083.279887480456,5129.972258982205,5060.168390854676,5061.362263405035
2023-08-21,1.0095565758894032,1.0187483301357159,1.0049471569853439,1.0052502288089347,4441.816735900919,4482.258340481219,4421.536352889407,4422.869799206687,1.0095565758894032,1.0187483301357159,1.0049471569853439,1.0052502288089347,5092.301920188342,5138.666025892037,5069.051561271691,5070.580285135301
2023-08-22,1.0092408603473166,1.0180692008662677,1.0040637052575323,1.0048318297363181,4428.094736816869,4466.829522260793,4405.379710002686,4408.749894559583,1.0092408603473166,1.0180692008662677,1.0040637052575323,1.0048318297363181,5101.323952896229,5145.947814972275,5075.155427319206,5079.038000802297
2023-08-23,1.0089058367910393,1.017509235364139,1.00323595475382,1.0042779502598234,4475.5163810634185,4513.681143167675,4450.364727647494,4454.987030132079,1.0089058367910393,1.017509235364139,1.00323595475382,1.0042779502598234,5110.345985604115,5153.924228248081,5081.626696002312,5086.90464896575
2023-08-24,1.0087411706263456,1.017458104623604,1.0030111605279894,1.0040744325083648,4414.564072423783,4452.7120778453245,4389.487771930246,4394.140979730682,1.0087411706263456,1.017458104623604,1.0030111605279894,1.0040744325083648,5120.106487257383,5164.351365535371,5091.022453879003,5096.419344501657
2023-08-25,1.0088007809583672,1.0177479337953415,1.003201302529712,1.0041394083553927,4444.483688676088,4483.9022494014735,4419.814010568177,4423.947032785437,1.0088007809583672,1.0177479337953415,1.003201302529712,1.0041394083553927,5129.866988910652,5175.364281190234,5101.393002680203,5106.163377761289
2023-08-28,1.0090839932713247,1.0183394431671058,1.0039952533790724,1.0045815970881877,4473.582158209697,4514.614436787162,4451.0221967579755,4453.621640187034,1.0090839932713247,1.0183394431671058,1.0039952533790724,1.0045815970881877,5139.62749056392,5186.768823732508,5113.708709157269,5116.695168427642
2023-08-29,1.00925612126683,1.018450270592618,1.004305342472555,1.0048165942688607,4539.260608693333,4580.6124905254765,4516.993837464837,4519.2932588814565,1.00925612126683,1.018450270592618,1.004305342472555,1.0048165942688607,5149.387992217189,5196.298029361612,5124.128317950003,5126.7368073169955
2023-08-30,1.0095497464171348,1.018895999953199,1.0051279586117325,1.0053238488928178,4557.985863606329,4600.1829833086995,4538.022066497353,4538.906485650716,1.0095497464171348,1.018895999953199,1.0051279586117325,1.0053238488928178,5159.148493870457,5206.911083108922,5136.551628309927,5137.552695421489
2023-08-31,1.0094884497956642,1.0185039093003916,1.0047711676415814,1.0053467921381376,4550.430705605923,4591.069331797003,4529.166801531251,4531.761521049397,1.0094884497956642,1.0185039093003916,1.0047711676415814,1.0053467921381376,5169.650668499068,5215.819375297917,5145.493184729651,5148.44099217017
2023-09-01,1.0094552720507552,1.0184624218705067,1.004715921121352,1.0053354465772653,4558.46783386864,4599.142050810178,4537.066015122168,4539.863649590217,1.0094552720507552,1.0184624218705067,1.004715921121352,1.0053354465772653,5180.152843127679,5226.374220180349,5155.832238865885,5159.011415438335
2023-09-05,1.0096114224537316,1.0187652854071887,1.0051226916252363,1.005582995910205,4540.050932832613,4581.214298377608,4519.865873381111,4521.935783498887,1.0096114224537316,1.0187652854071887,1.0051226916252363,1.005582995910205,5190.65501775629,5237.717227646643,5167.577373545749,5169.94390852478
2023-09-06,1.009877940501144,1.0190754255812111,1.0057473600129196,1.005888893841917,4509.589745749048,4550.660931424386,4491.144721190492,4491.776737673204,1.009877940501144,1.0190754255812111,1.0057473600129196,1.005888893841917,5201.1571923849015,5248.5268434660065,5179.883533902579,5180.6124731764585
2023-09-07,1.010178205416154,1.0194531219150076,1.0064574369442225,1.0063235368762906,4496.44461725606,4537.728569080768,4479.882955879907,4479.286947931532,1.010178205416154,1.0194531219150076,1.0064574369442225,1.0063235368762906,5211.659367013513,5259.510038499347,5192.463369955506,5191.772559621706
2023-09-08,1.0103764498195007,1.019586114825622,1.0068532377172381,1.0065688711235363,4503.742921305926,4544.794910974061,4488.038238592211,4486.7706773444515,1.0103764498195007,1.019586114825622,1.0068532377172381,1.0065688711235363,5221.776923582031,5269.373852638993,5203.568435393528,5202.098786217624
2023-09-11,1.0104713457582424,1.01958639741348,1.0070999903508007,1.006669990685915,4534.449745236282,4575.353174937095,4519.320922699604,4517.391316403416,1.0104713457582424,1.01958639741348,1.0070999903508007,1.006669990685915,5231.894480150549,5279.0892755710365,5214.438690017693,5212.212290543203
2023-09-12,1.0103624114598377,1.0192768047534322,1.0068020645858458,1.006490316621115,4508.13604369265,4547.9111751293385,4492.250131975585,4490.859143731753,1.0103624114598377,1.0192768047534322,1.0068020645858458,1.006490316621115,5242.012036719066,5288.2621311555295,5223.5400696737015,5221.922643525415
2023-09-13,1.0099829541765795,1.0188839723074978,1.0060054802432372,1.005980324655487,4512.038248806618,4551.803013245408,4494.269122657847,4494.156741578909,1.0099829541765795,1.0188839723074978,1.0060054802432372,1.005980324655487,5252.129593287584,5298.416810851468,5231.445869403483,5231.315054911701
2023-09-14,1.009706655650363,1.018825335326988,1.0057138634944816,1.0057489472489973,4548.8294543704515,4589.910018181614,4530.841526428989,4530.999582251458,1.009706655650363,1.018825335326988,1.0057138634944816,1.0057489472489973,5262.247149856102,5309.77060220758,5241.438077216363,5241.620921794216
2023-09-15,1.009471333957757,1.0185969690143395,1.0055154042011332,1.0055906316527603,4492.470466938885,4533.082463143895,4474.8653136243865,4475.200099856912,1.009471333957757,1.0185969690143395,1.0055154042011332,1.0055906316527603,5271.4530902060915,5319.107100281357,5250.795249375254,5251.188086664445
2023-09-18,1.0094587289441257,1.0187149141215217,1.0058810050587697,1.0057994079816392,4495.654733114532,4536.87743148762,4479.721232459382,4479.35783742847,1.0094587289441257,1.0187149141215217,1.0058810050587697,1.0057994079816392,5280.659030556081,5329.079789566845,5261.943317469125,5261.5164685749
2023-09-19,1.009227749446851,1.0181595759955657,1.005393600401903,1.005543826711955,4484.957657154333,4524.650247745494,4467.918890506037,4468.586488716592,1.009227749446851,1.0181595759955657,1.005393600401903,1.005543826711955,5289.864970906071,5336.681119602093,5269.768287340623,5270.5556982057005
2023-09-20,1.0089120339047641,1.0179346183989528,1.0051603183704954,1.0053140881087022,4441.432555655552,4481.15177711587,4424.916753530594,4425.593678672129,1.0089120339047641,1.0179346183989528,1.0051603183704954,1.0053140881087022,5299.070911256061,5346.459894071998,5279.365916185273,5280.173555225527
2023-09-21,1.0087471569538895,1.0176754500097953,1.0051016426252448,1.005249634517651,4367.875189610341,4406.534698542414,4352.09011256731,4352.730917461428,1.0087471569538895,1.0176754500097953,1.0051016426252448,1.005249634517651,5308.2768516060505,5355.259736292572,5289.09325422038,5289.872024134396
2023-09-22,1.0082964117841753,1.0167792402802727,1.004053739664377,1.0047661335362188,4355.900996692345,4392.547324765195,4337.572398574489,4340.649982844478,1.0082964117841753,1.0167792402802727,1.004053739664377,1.0047661335362188,5315.869420162033,5360.591991889814,5293.50150263518,5297.257335497596
2023-09-25,1.008067076419113,1.0165623364376093,1.0036840085799197,1.004531766664483,4372.430459943317,4409.2781405579435,4353.419166174886,4357.096266001195,1.008067076419113,1.0165623364376093,1.0036840085799197,1.004531766664483,5323.461988718015,5368.324275018831,5300.315617229718,5304.792509734563
2023-09-26,1.0078573652475136,1.0163331576848693,1.0032951609869192,1.0042741684061993,4307.108686106207,4343.330239361019,4287.611969332428,4291.795786908945,1.0078573652475136,1.0163331576848693,1.0032951609869192,1.0042741684061993,5331.054557273997,5375.887202703518,5306.922809416318,5312.1012623840925
2023-09-27,1.0075694945599534,1.0159889745048432,1.0025934581852258,1.00380050024419,4306.865880191466,4342.855031410697,4285.59576294733,4290.755276298793,1.0075694945599534,1.0159889745048432,1.0025934581852258,1.00380050024419,5338.647125829979,5383.258075894917,5312.281398767583,5318.676959226328
2023-09-28,1.0071516320344944,1.0156247099251663,1.0015112629741472,1.003170227324488,4330.449872258716,4366.881565265237,4306.19797740994,4313.331026427101,1.0071516320344944,1.0156247099251663,1.0015112629741472,1.003170227324488,5346.239694385961,5391.21713761487,5316.299053868404,5325.105295926959
2023-09-29,1.0070977340079812,1.0162099405479634,1.0016064097589867,1.003096751311219,4318.485438312924,4357.559035566695,4294.938365367023,4301.329024460073,1.0070977340079812,1.0162099405479634,1.0016064097589867,1.003096751311219,5354.538368937094,5402.986158954291,5325.3420899716975,5333.265939618832
2023-10-02,1.0074506111537997,1.0168901471836198,1.0023831576452578,1.0035383637615571,4320.341126365844,4360.821538280764,4298.609909414347,4303.563883771424,1.0074506111537997,1.0168901471836198,1.0023831576452578,1.0035383637615571,5362.837043488226,5413.085356342079,5335.8620959415275,5342.011461562795
2023-10-03,1.0075029704411909,1.0169115620447247,1.0023008941367406,1.0036659923169582,4261.183438332495,4300.97660609006,4239.181516706637,4244.955131204959,1.0075029704411909,1.0169115620447247,1.0023008941367406,1.0036659923169582,5371.135718039359,5421.294202828794,5343.402739907728,5350.680264450595
2023-10-04,1.0075982036378224,1.0171889926741975,1.0024120313410156,1.003802715329884,4296.146840760765,4337.039567514609,4274.034298630256,4279.963827487793,1.0075982036378224,1.0171889926741975,1.0024120313410156,1.003802715329884,5379.434392590491,5430.638354852517,5351.7461002547,5359.170779310234
2023-10-05,1.0077612256703032,1.0175085818797178,1.0029581685811164,1.0041299357125055,4291.2387735370285,4332.744868274395,4270.786443870424,4275.776050951634,1.0077612256703032,1.0175085818797178,1.0029581685811164,1.0041299357125055,5387.733067141624,5439.844769823715,5362.054772677012,5368.319320627421
2023-10-06,1.0078545196340682,1.0174843146474224,1.003060780087825,1.0042812638839513,4342.341197843383,4383.83116965842,4321.687371008395,4326.945825444004,1.0078545196340682,1.0174843146474224,1.003060780087825,1.0042812638839513,5396.16524311353,5447.724237132067,5370.499028178691,5377.033634227619
2023-10-09,1.0078199085431279,1.0172934795346484,1.002843943179723,1.0042762934477596,4369.5644646740975,4410.638647479193,4347.990370686597,4354.200554449713,1.0078199085431279,1.0172934795346484,1.002843943179723,1.0042762934477596,5404.597419085436,5455.4009772373165,5377.912999247577,5385.594209448166
2023-10-10,1.007525693191516,1.016698323013343,1.001907688964984,1.0037911176454368,4391.038777094992,4431.015299289672,4366.554166354752,4374.762600567048,1.007525693191516,1.016698323013343,1.001907688964984,1.0037911176454368,5413.029595057341,5462.310439233905,5382.846321966762,5392.965225391623
2023-10-11,1.0075653631508033,1.016863787035002,1.0020909346246751,1.0037766205398775,4410.063216242908,4450.761952662851,4386.101916305472,4393.480079272016,1.0075653631508033,1.016863787035002,1.0020909346246751,1.0037766205398775,5421.461771029247,5471.494306349205,5392.005215595638,5401.075477517558
2023-10-12,1.0078253468266007,1.0171952096070709,1.0025339298702187,1.0040858320957176,4383.64720681045,4424.402455659011,4360.631606702802,4367.381776141854,1.0078253468266007,1.0171952096070709,1.0025339298702187,1.0040858320957176,5429.893947001153,5480.376266538072,5401.385204893219,5409.74643983051
2023-10-13,1.0083047167597117,1.0179763354314724,1.0036428768256611,1.0047166272713963,4363.720987098345,4405.5776249536175,4343.54556946856,4348.192525172603,1.0083047167597117,1.0179763354314724,1.0036428768256611,1.0047166272713963,5440.083701780769,5492.264767912409,5414.931781905755,5420.7249634733225
2023-10-16,1.0088473225471595,1.0186978528796022,1.004851839686553,1.0054658124743372,4412.324915311933,4455.407490289815,4394.850151608299,4397.535441412136,1.0088473225471595,1.0186978528796022,1.004851839686553,1.0054658124743372,5450.273456560386,5503.490710354948,5428.687956262557,5432.004929518592
2023-10-17,1.0092096639925103,1.0190601658368856,1.0057118552190547,1.005993687204959,4413.475702572046,4456.5539172378685,4398.17908524397,4399.411592884727,1.0092096639925103,1.0190601658368856,1.0057118552190547,1.005993687204959,5460.463211340002,5513.760662656171,5441.537851418064,5443.062740889218
2023-10-18,1.0094712918005206,1.0191433526375488,1.006237038189137,1.0063934831595103,4355.464835602526,4397.195909289969,4341.510324970851,4342.185322440024,1.0094712918005206,1.0191433526375488,1.006237038189137,1.0063934831595103,5470.652966119619,5523.069006809793,5453.125494802688,5453.973320935198
2023-10-19,1.0093830145478662,1.0187440913178478,1.0059625107275032,1.0063373856640856,4318.140536235772,4358.187222657753,4303.507620892258,4305.111335870958,1.0093830145478662,1.0187440913178478,1.0059625107275032,1.0063373856640856,5480.842720899235,5531.672374989971,5462.269747909352,5464.305279058383
2023-10-20,1.0091615836645962,1.0183787052176099,1.0054251833748875,1.006001268921034,4262.85999525264,4301.794591432019,4247.076842604864,4249.510320125475,1.0091615836645962,1.0183787052176099,1.0054251833748875,1.006001268921034,5489.958382421599,5540.100613904505,5469.631922890628,5472.76589640315
2023-10-23,1.0090527547592822,1.0182272204640457,1.005329752400129,1.0058676434263147,4255.215828930083,4293.9049177857,4239.51577906144,4241.784087034506,1.0090527547592822,1.0182272204640457,1.005329752400129,1.0058676434263147,5499.074043943963,5549.072486529013,5478.784653183967,5481.7160188302305
2023-10-24,1.0090212633038225,1.0182244828941724,1.005363116296605,1.005838108950393,4285.999439710381,4325.091771499919,4270.460801830764,4272.478418626405,1.0090212633038225,1.0182244828941724,1.005363116296605,1.005838108950393,5508.189705466327,5558.429557933587,5488.22008894877,5490.813046838677
2023-10-25,1.008801076059021,1.0179026683092713,1.0048180400322013,1.0055592602765069,4223.618081211627,4261.724354597209,4206.94202546562,4210.045344147871,1.008801076059021,1.0179026683092713,1.0048180400322013,1.0055592602765069,5517.305366988691,5567.08352936598,5495.521462739172,5499.57532284012
2023-10-26,1.0083159305845473,1.0173645945352578,1.003825194131617,1.0049325531045075,4171.634917492306,4209.071321449104,4153.055707917149,4157.637106680561,1.0083159305845473,1.0173645945352578,1.003825194131617,1.0049325531045075,5526.421028511055,5576.01533245917,5501.808008311535,5507.877268677525
2023-10-27,1.0077349617121352,1.016771848841615,1.0026910679493624,1.0042751588916723,4149.217699304694,4186.425907265,4128.450122442666,4134.972410965805,1.0077349617121352,1.016771848841615,1.0026910679493624,1.0042751588916723,5532.554091485458,5582.167401296157,5504.862668507699,5513.559467921378
2023-10-30,1.0073252776905037,1.016525882603943,1.0022124921259756,1.0039655151239897,4197.343113586345,4235.680378151761,4176.039056440358,4183.343587728942,1.0073252776905037,1.016525882603943,1.0022124921259756,1.0039655151239897,5538.6871544598625,5589.27585046098,5510.5749643292975,5520.213803119122
2023-10-31,1.0070936236774493,1.016643933681572,1.002287840346467,1.0040367400339107,4223.549238978487,4263.601329073777,4203.3947448450135,4210.729280354215,1.0070936236774493,1.016643933681572,1.002287840346467,1.0040367400339107,5544.820217434266,5597.401974232862,5518.360706672063,5527.989736304673
2023-11-01,1.006437193352195,1.015522474936708,1.0009921806143232,1.0034507148016112,4265.139924219533,4303.642075635277,4242.064722538215,4252.483646229156,1.006437193352195,1.015522474936708,1.0009921806143232,1.0034507148016112,5550.95328040867,5601.062690064938,5520.921588894484,5534.481509475785
2023-11-02,1.0055488560704686,1.0143609240395073,0.9994997856743392,1.002612908162078,4341.738739763948,4379.787310599303,4315.620184588948,4329.061962604057,1.0055488560704686,1.0143609240395073,0.9994997856743392,1.002612908162078,5557.086343383074,5605.785541111838,5523.656633542961,5540.861059123531
2023-11-03,1.0048937747767734,1.013583719121634,0.9983846812706546,1.0019264477028174,4379.668734360603,4417.542466396582,4351.299891769145,4366.736114081097,1.0048937747767734,1.013583719121634,0.9983846812706546,1.0019264477028174,5563.0817637580285,5611.189207675377,5527.047488005322,5546.654671117419
2023-11-06,1.0045805675902422,1.0133415413274316,0.9981509634813712,1.001664941529122,4385.978666487645,4424.228902604739,4357.907143540397,4373.2491014173165,1.0045805675902422,1.0133415413274316,0.9981509634813712,1.001664941529122,5569.077184132983,5617.645253757908,5533.43349093313,5552.9138746899225
2023-11-07,1.0045746444985526,1.013571311748499,0.998523498573028,1.001853511954352,4398.409531979572,4437.800359933393,4371.915315682175,4386.495379670695,1.0045746444985526,1.013571311748499,0.998523498573028,1.001853511954352,5575.072604507939,5625.001271722197,5541.49065212638,5559.9711766713035
2023-11-08,1.004796897447929,1.0137266467616268,0.9990109600678783,1.0021598060802532,4403.803746196834,4442.9408728939225,4378.445255566296,4392.245954892412,1.004796897447929,1.0137266467616268,0.9990109600678783,1.0021598060802532,5581.068024882894,5630.667638985486,5548.930475306663,5566.42050124084
2023-11-09,1.0053943919569415,1.0144267935030047,1.000496591287793,1.0029914176833734,4370.80130987401,4410.068320735288,4349.508856134988,4360.354739665814,1.0053943919569415,1.0144267935030047,1.000496591287793,1.0029914176833734,5587.063445257849,5637.257280537429,5559.845944046711,5573.709909738703
2023-11-10,1.006139226006559,1.0150283259128534,1.001922353164798,1.003862090431783,4442.346156233199,4481.593665703466,4423.727650587342,4432.292056158025,1.006139226006559,1.0150283259128534,1.001922353164798,1.003862090431783,5594.386367982121,5643.811992243669,5570.939497676612,5581.724923235417
2023-11-13,1.0064496718941174,1.015060894163474,1.0022304718748432,1.004127342441449,4440.003050044494,4477.991887646874,4421.389838199464,4429.757977547574,1.0064496718941174,1.015060894163474,1.0022304718748432,1.004127342441449,5601.7092907063925,5649.637731777679,5578.226018161988,5588.7836424257275
2023-11-14,1.0064770319404273,1.0149235388028035,1.002032429393376,1.0039637682677918,4524.818792494579,4562.791753395763,4504.8371928238,4513.519913001512,1.0064770319404273,1.0149235388028035,1.002032429393376,1.0039637682677918,5609.032213430664,5656.104056680472,5584.262727321038,5595.025955509926
2023-11-15,1.0064966350552718,1.0148250834269443,1.0018816761144098,1.0037187401706016,4532.133568057682,4569.635571661519,4511.352961742054,4519.625040739398,1.0064966350552718,1.0148250834269443,1.0018816761144098,1.0037187401706016,5616.355136154936,5662.828737913053,5590.603188808157,5600.854195903547
2023-11-16,1.0065534630097026,1.0149344007735908,1.001848615353847,1.0036176025993961,4537.784584078861,4575.567862943532,4516.574001682828,4524.549020742701,1.0065534630097026,1.0149344007735908,1.001848615353847,1.0036176025993961,5623.678058879208,5670.502889896809,5597.39177652567,5607.275220500404
2023-11-17,1.0068855777166805,1.0156537281658222,1.0027749608134144,1.0039783734263117,4545.101635524651,4584.681242015085,4526.54622861097,4531.97845721384,1.0068855777166805,1.0156537281658222,1.0027749608134144,1.0039783734263117,5631.218839012694,5680.256559966521,5608.229351569515,5614.9596890843495
2023-11-20,1.0071117934462621,1.0159147863612792,1.0032629338501187,1.0042338286342085,4579.7200272816635,4619.750581203554,4562.217800131352,4566.632827654627,1.0071117934462621,1.0159147863612792,1.0032629338501187,1.0042338286342085,5638.759619146181,5688.047058038114,5617.210080940266,5622.646063656974
2023-11-21,1.0072429867653931,1.0161336859806889,1.0039170253674032,1.0044874289329468,4571.060050108839,4611.407732380702,4555.966205352095,4558.55480510921,1.0072429867653931,1.0161336859806889,1.0039170253674032,1.0044874289329468,5646.300399279667,5696.138977645357,5627.656062792633,5630.853573147331
2023-11-22,1.0070956893820242,1.015728861212536,1.0037221279210382,1.0044205801679336,4588.952360151919,4628.290443578266,4573.580322527561,4576.76290400481,1.0070956893820242,1.015728861212536,1.0037221279210382,1.0044205801679336,5653.841179413153,5702.307857325604,5634.901985342024,5638.823100402872
2023-11-24,1.0067044913084775,1.0150620686692582,1.0032055085405112,1.004141767511701,4589.908055402394,4628.013092166496,4573.9550033090945,4578.223726286799,1.0067044913084775,1.0150620686692582,1.0032055085405112,1.004141767511701,5661.381959546639,5708.382283975848,5641.704806926031,5646.97002595974
2023-11-27,1.0062786399867538,1.0144249566819286,1.002683148523623,1.0038899861044677,4579.000511754924,4616.069755634148,4562.639479536349,4568.131109469353,1.0062786399867538,1.0144249566819286,1.002683148523623,1.0038899861044677,5666.41346081756,5712.285843220736,5646.167039582575,5652.962812086708
2023-11-28,1.0058565406590543,1.0135770076600092,1.001920079645447,1.0034675170369984,4581.56589848252,4616.7317764205,4563.63575157625,4570.684158676654,1.0058565406590543,1.0135770076600092,1.001920079645447,1.0034675170369984,5671.444962088481,5714.9762231655795,5649.249528563286,5657.974635617529
2023-11-29,1.005288703765726,1.0126511615288916,1.00082897981691,1.0027955897009506,4574.646669582238,4608.150122630143,4554.3523389752345,4563.301554581351,1.005288703765726,1.0126511615288916,1.00082897981691,1.0027955897009506,5676.476463359401,5718.049414541021,5651.294127246696,5662.398812574949
2023-11-30,1.004828557532334,1.0123393081659808,1.000361468454365,1.0023592718456862,4589.855885096195,4624.163491840567,4569.451115605848,4578.576681936725,1.004828557532334,1.0123393081659808,1.000361468454365,1.0023592718456862,5681.507964630322,5723.975298212295,5656.250121404288,5667.5461139340305
2023-12-01,1.004443704122839,1.0118615227452716,0.9997337308155577,1.0018854416042358,4615.04717627392,4649.129308251107,4593.406591617086,4603.29290655807,1.004443704122839,1.0118615227452716,0.9997337308155577,1.0018854416042358,5686.539465901243,5728.534570429472,5659.874507989455,5672.056164630639
2023-12-04,1.0041534515514319,1.0115893023294285,0.9995003540541769,1.0016560091510383,4588.760359830702,4622.740561998975,4567.496727949696,4577.347597498231,1.0041534515514319,1.0115893023294285,0.9995003540541769,1.0016560091510383,5690.3584347446,5732.496074294314,5663.990161498828,5676.205874290407
2023-12-05,1.004083133281409,1.0115769920958695,0.9995113237850455,1.0015725562477324,4585.828404660187,4620.054206760414,4564.948127764585,4574.362147443519,1.004083133281409,1.0115769920958695,0.9995113237850455,1.0015725562477324,5694.177403587958,5736.675240781504,5668.250571969319,5679.939866335032
2023-12-06,1.0039153685598532,1.0114389655890366,0.9994009823125434,1.0014633687309558,4567.152342804083,4601.379743712828,4546.614864873746,4555.997361902487,1.0039153685598532,1.0114389655890366,0.9994009823125434,1.0014633687309558,5697.996372431317,5740.698606028376,5672.373738027557,5684.079376469494
2023-12-07,1.0036168320915282,1.0110407551429321,0.9990558999670499,1.0011922458437588,4602.175309070591,4636.2183763758785,4581.260744329905,4591.057150618682,1.0036168320915282,1.0110407551429321,0.9990558999670499,1.0011922458437588,5701.815341274674,5743.99263144499,5675.903467413744,5688.040619068227
2023-12-08,1.0033579023466361,1.0107339442071104,0.9988425680679471,1.0010526234097212,4619.831024827781,4653.793050688892,4599.040755135014,4609.216667649018,1.0033579023466361,1.0107339442071104,0.9988425680679471,1.0010526234097212,5705.634310118032,5747.578463259758,5679.95768354053,5692.5252504633545
2023-12-11,1.0030421868045496,1.0100896792146281,0.9980530695273158,1.0006107588358082,4636.502325972821,4669.078936788866,4613.440430705845,4625.263196072993,1.0030421868045496,1.0100896792146281,0.9980530695273158,1.0006107588358082,5709.22590565969,5749.339598550058,5680.828298878762,5695.386436363681
2023-12-12,1.0027702515522823,1.0096919544664043,0.9974598514906545,1.0001461671224967,4656.564217133333,4688.706528955641,4631.904312367153,4644.378756266738,1.0027702515522823,1.0096919544664043,0.9974598514906545,1.0001461671224967,5712.817501201349,5752.250686903359,5682.563964697363,5697.867999626184
2023-12-13,1.0026589775272674,1.0095093408941205,0.9969685818508913,0.9997569243404394,4719.606046528826,4751.851323429306,4692.820841944512,4705.945820993639,1.0026589775272674,1.0095093408941205,0.9969685818508913,0.9997569243404394,5716.409096743007,5755.464728163021,5683.966730656858,5699.863767166117
2023-12-14,1.0027946395134384,1.0098219448810286,0.9971757373557572,0.9997765539616313,4732.739440915649,4765.9051599632585,4706.220751237363,4718.495435249617,1.0027946395134384,1.0098219448810286,0.9971757373557572,0.9997765539616313,5720.000692284665,5760.084863044708,5687.950137798843,5702.785351510519
2023-12-15,1.0031474112661665,1.0103555060801868,0.9978230840989669,1.0001283744016365,4734.043231773179,4768.059600738557,4708.916720249003,4719.795823192459,1.0031474112661665,1.0103555060801868,0.9978230840989669,1.0001283744016365,5723.592287826324,5764.719040907782,5693.213624062856,5706.366767508551
2023-12-18,1.0034702935384112,1.010729687727501,0.9983613587513122,1.0004839947040924,4757.011134736451,4791.424728453482,4732.791922842121,4742.854405934433,1.0034702935384112,1.010729687727501,0.9983613587513122,1.0004839947040924,5728.457379939134,5769.8986966220045,5699.292276225314,5711.409654952841
2023-12-19,1.0037105897848917,1.0110093437363548,0.9989383590166029,1.0008630084725378,4786.063465012584,4820.866624392122,4763.307702983999,4772.485143710195,1.0037105897848917,1.0110093437363548,0.9989383590166029,1.0008630084725378,5733.322472051944,5775.013882378569,5706.062883297867,5717.056725635327
2023-12-20,1.0039912305064393,1.0112043293582913,0.999531254971356,1.001246074227009,4717.102197849929,4750.991860840529,4696.147671794671,4704.204492844468,1.0039912305064393,1.0112043293582913,0.999531254971356,1.001246074227009,5738.187564164754,5779.413137529483,5712.697126226381,5722.497963353829
2023-12-21,1.0041767645030641,1.0113231045673061,0.9998686452430453,1.0015112722101946,4766.57605690492,4800.497946604861,4746.126491807426,4753.923631363741,1.0041767645030641,1.0113231045673061,0.9998686452430453,1.0015112722101946,5743.052656277564,5783.923754613442,5718.413811171388,5727.808265913257
2023-12-22,1.0042500337796227,1.0112624188248267,0.9997976735473048,1.0015168909641505,4774.837338109608,4808.178634417086,4753.668012578221,4761.842255284879,1.0042500337796227,1.0112624188248267,0.9997976735473048,1.0015168909641505,5747.917748390374,5788.0537813543715,5722.434253702055,5732.274353250209
2023-12-26,1.0043366458214462,1.0112729452225326,0.999848751948724,1.0015193761822463,4795.45639963595,4828.575495201288,4774.02782836717,4782.004641426181,1.0043366458214462,1.0112729452225326,0.999848751948724,1.0015193761822463,5753.439718823754,5793.174981538602,5727.730384240959,5737.300716918122
2023-12-27,1.0046519608697886,1.0116614593727637,1.0004225882329179,1.0018399513077854,4803.823723055763,4837.34020090762,4783.600639442755,4790.3778743742805,1.0046519608697886,1.0116614593727637,1.0004225882329179,1.0018399513077854,5758.961689257135,5799.142204412444,5734.717676470614,5742.842420128967
2023-12-28,1.0045520903771725,1.0112432028504907,0.9996736530667074,1.001490562059396,4805.124241505649,4837.130174354896,4781.788968396635,4790.479880026812,1.0045520903771725,1.0112432028504907,0.9996736530667074,1.001490562059396,5764.483659690516,5802.879686026107,5736.489419839359,5746.915501572526
2023-12-29,1.0046533942158202,1.0117553845120262,0.9999128651944224,1.0015187998997894,4792.025899332446,4825.901185706998,4769.414381790311,4777.074417326013,1.0046533942158202,1.0117553845120262,0.9999128651944224,1.0015187998997894,5770.0056301238965,5810.794348133632,5742.7794451523305,5752.002777641853
2024-01-02,1.004803452898162,1.0120507153161218,1.0001942700520932,1.0016746482867573,4765.61196050899,4799.984494122762,4743.751389831169,4750.772572133881,1.004803452898162,1.0120507153161218,1.0001942700520932,1.0016746482867573,5775.527600557277,5817.1842688367105,5749.0343966707815,5757.543489000139
2024-01-03,1.0049772882617345,1.012321770057051,1.0005873426018874,1.0019252231025964,4728.227195586692,4762.781586982114,4707.573335346787,4713.8678089053265,1.0049772882617345,1.012321770057051,1.0005873426018874,1.0019252231025964,5781.033145593904,5823.281555773775,5755.780414349771,5763.476440528451
2024-01-04,1.0051746684417384,1.0126073604109203,1.0009020924100396,1.0022086100008314,4712.94236442941,4747.791878611474,4692.909622641105,4699.035465538698,1.0051746684417384,1.0126073604109203,1.0009020924100396,1.0022086100008314,5786.538690630531,5829.326835821143,5761.942541033553,5769.463835417967
2024-01-05,1.0052653908140938,1.0127588451644847,1.001103886198436,1.0023908233102075,4721.972804347594,4757.171357860424,4702.425218406742,4708.4702708856385,1.0052653908140938,1.0127588451644847,1.001103886198436,1.0023908233102075,5792.044235667159,5835.219321044631,5768.066867062732,5775.481821111698
2024-01-08,1.0051410269672312,1.0123631338547483,1.000779606555004,1.002277745886846,4788.029487599484,4822.432282642448,4767.253687009024,4774.390133641826,1.0051410269672312,1.0123631338547483,1.000779606555004,1.002277745886846,5797.549780703786,5839.206148396068,5772.393557570842,5781.034670729849
2024-01-09,1.004766270215812,1.0117771526079535,0.9999177343150324,1.00186728870684,4779.17076428151,4812.518026379731,4756.108703269451,4765.3817587340845,1.004766270215812,1.0117771526079535,0.9999177343150324,1.00186728870684,5803.0553257404135,5843.546870500488,5775.0524728231685,5786.312178021841
2024-01-10,1.0042674025609473,1.0111066422681707,0.9987786063902055,1.001209876485178,4803.862906780163,4836.578067957681,4777.607524737228,4789.237383673025,1.0042674025609473,1.0111066422681707,0.9987786063902055,1.001209876485178,5807.74317441364,5847.29493884064,5776.001112075379,5790.061303876114
2024-01-11,1.0038903060829176,1.010785419351597,0.9981714441015248,1.00078706525,4798.836596749806,4831.7968930012785,4771.499063951873,4784.00236079066,1.0038903060829176,1.010785419351597,0.9981714441015248,1.00078706525,5812.431023086867,5852.35308431978,5779.319346844966,5794.463548772127
2024-01-12,1.0037529999645338,1.010793605568605,0.9979979935210377,1.000650342237074,4801.783713820336,4835.46477412726,4774.252741345746,4786.941126703982,1.0037529999645338,1.010793605568605,0.9979979935210377,1.000650342237074,5817.1188717600935,5857.921778181802,5783.766486670589,5799.137825805903
2024-01-16,1.0039473026662933,1.0110987651316323,0.9985972742759682,1.0009797596965628,4784.7927655615,4818.876492642056,4759.294637253779,4770.649515118624,1.0039473026662933,1.0110987651316323,0.9985972742759682,1.0009797596965628,5821.80672043332,5863.277455133303,5790.782351769165,5804.598186122337
2024-01-17,1.0040391211267907,1.0110661174031768,0.9987849722443883,1.001126009378856,4758.3522432352975,4791.654654258309,4733.451728310328,4744.546394908369,1.0040391211267907,1.0110661174031768,0.9987849722443883,1.001126009378856,5826.494569106547,5867.272617272187,5796.004452452289,5809.589620463218
2024-01-18,1.0040960333956939,1.0110957802973835,0.9989917109373732,1.0012554208081086,4800.522889902808,4833.988259854972,4776.119430488924,4786.942091558319,1.0040960333956939,1.0110957802973835,0.9989917109373732,1.0012554208081086,5830.93440307127,5871.582970204658,5801.292846450498,5814.438544994096
2024-01-19,1.0039968795760936,1.0106799875879966,0.9986758243695455,1.0011529505837213,4859.154137741174,4891.499110728262,4833.40124154197,4845.3900617646,1.0039968795760936,1.0106799875879966,0.9986758243695455,1.0011529505837213,5835.374237035994,5874.217421820048,5804.4474990173985,5818.844912780469
2024-01-22,1.0039261818909448,1.0104376773307358,0.9984388668151869,1.0010415479812504,4869.473670429295,4901.057223255321,4842.857832766387,4855.481955574697,1.0039261818909448,1.0104376773307358,0.9984388668151869,1.0010415479812504,5839.814071000717,5877.691280877766,5807.894493277316,5823.034226028661
2024-01-23,1.003917392107192,1.0103587470096818,0.9982181080862043,1.0009379792184296,4883.656545644647,4914.991160703298,4855.9318085961495,4869.162893705973,1.003917392107192,1.0103587470096818,0.9982181080862043,1.0009379792184296,5844.2539049654415,5881.751924063536,5811.075813663276,5826.90940476398
2024-01-24,1.0038100387051458,1.0101969742919166,0.9977303434554405,1.000636835616988,4887.099363937938,4918.194479188911,4857.500063629986,4871.650466043086,1.0038100387051458,1.0101969742919166,0.9977303434554405,1.000636835616988,5848.693738930165,5885.907184439718,5813.270427575934,5830.2050883703405
2024-01-25,1.004045950599059,1.0106687547206459,0.9982676329160669,1.000808819912752,4913.961529583891,4946.374592603596,4885.681518312498,4898.118494064194,1.004045950599059,1.0106687547206459,0.9982676329160669,1.000808819912752,5854.782550317081,5893.40137845149,5821.088082927032,5835.906226734502
2024-01-26,1.0046106046210523,1.0115118555946283,0.9994971900730801,1.00147604694501,4913.520328883428,4947.274140357659,4888.510771731733,4898.189301326635,1.0046106046210523,1.0115118555946283,0.9994971900730801,1.00147604694501,5860.871361703996,5901.13307505334,5831.03983817948,5842.584436172231
2024-01-29,1.005011351308604,1.0119071518534486,1.0001830161313057,1.0019035044574978,4952.62558845421,4986.607610833165,4928.831890683946,4937.310336721237,1.005011351308604,1.0119071518534486,1.0001830161313057,1.0019035044574978,5866.960173090912,5907.215825035044,5838.773774847092,5848.817478806151
2024-01-30,1.005201269657796,1.0120404008593091,1.0005262228233345,1.0021349719081214,4950.586097026557,4984.268613020072,4927.561631618238,4935.484672598341,1.005201269657796,1.0120404008593091,1.0005262228233345,1.0021349719081214,5873.048984477827,5913.007700975898,5845.7342765757285,5855.1336500782145
2024-01-31,1.0052052745952376,1.011946184301318,1.0006218243120444,1.0022016225760402,4870.872938842413,4903.537027959681,4848.663142977657,4856.318292435589,1.0052052745952376,1.011946184301318,1.0006218243120444,1.0022016225760402,5879.137795864743,5918.563312257388,5852.330598890733,5861.570355106138
2024-02-01,1.0052148021306242,1.011753591845303,1.00066216033453,1.002252425476391,4931.774810065247,4963.855354775506,4909.438684411668,4917.240827348014,1.0052148021306242,1.011753591845303,1.00066216033453,1.002252425476391,5884.21909846551,5922.495167658294,5857.569329930199,5866.878254251178
2024-02-02,1.005029542156035,1.0113923209307454,1.0003314769449263,1.0020925791298776,4983.5495380303355,5015.100076490403,4960.25366489388,4968.986283799202,1.005029542156035,1.0113923209307454,1.0003314769449263,1.0020925791298776,5889.300401066276,5926.585191232156,5861.770546299358,5872.090302454887
2024-02-05,1.0049840755767667,1.01144202107025,1.0004224556109558,1.0020946321361306,4967.445338601598,4999.365736166243,4944.8981178183885,4953.163368668788,1.0049840755767667,1.01144202107025,1.0004224556109558,1.0020946321361306,5894.381703667043,5932.258518519279,5867.627121262215,5877.434686331976
2024-02-06,1.0048487086912492,1.0110272615727183,1.0000825076299966,1.0018564293842906,4978.2516180594475,5008.861590101407,4954.638761775757,4963.427178148534,1.0048487086912492,1.0110272615727183,1.0000825076299966,1.0018564293842906,5899.46300626781,5935.737267100539,5871.480657683299,5881.895345660658
2024-02-07,1.0043214692164053,1.0101879932965583,0.9987375125279361,1.0010713165719205,5016.645998024098,5045.949637795907,4988.753799327793,5000.411290555738,1.0043214692164053,1.0101879932965583,0.9987375125279361,1.0010713165719205,5904.544308868577,5939.034412318556,5871.715458050926,5885.436213614057
2024-02-08,1.0041844792772934,1.010447294148774,0.9987494295585343,1.0009208348153336,5018.823650824777,5050.124635899099,4991.659761484894,5002.512249531904,1.0041844792772934,1.010447294148774,0.9987494295585343,1.0009208348153336,5909.542252419302,5946.398397745042,5877.557436262691,5890.335975840812
2024-02-09,1.0043878457848412,1.0109530734291545,0.9994196630632108,1.0012535298812966,5048.6659895005405,5081.666828429722,5023.692872550166,5032.911005836624,1.0043878457848412,1.0109530734291545,0.9994196630632108,1.0012535298812966,5914.540195970027,5953.200861728724,5885.284051014345,5896.083145263786
2024-02-12,1.0043687485568313,1.0108124506463774,0.9993504722909619,1.0012780038768927,5043.779156252638,5076.1383971540035,5018.578175769644,5028.257930989135,1.0043687485568313,1.0108124506463774,0.9993504722909619,1.0012780038768927,5919.538139520752,5957.515964232628,5889.96147478168,5901.321940501512
2024-02-13,1.004210321663099,1.0106207147848063,0.9991184975331809,1.0011924259320266,4974.024438952013,5005.776205850659,4948.803768426425,4959.076288353736,1.004210321663099,1.0106207147848063,0.9991184975331809,1.0011924259320266,5924.536083071477,5962.355456699633,5894.495866260725,5906.731414300422
2024-02-14,1.004232285583172,1.0107514116690755,0.9994551678570757,1.0013258533296514,5021.784051932921,5054.383724220612,4997.89550148945,5007.250088677321,1.004232285583172,1.0107514116690755,0.9994551678570757,1.0013258533296514,5929.534026622202,5968.02649545152,5901.327323339785,5912.372868600564
2024-02-15,1.0042538279308828,1.0105634024348802,0.9995377345015064,1.0014000677048185,5051.125605958799,5082.86106212879,5027.404929354261,5036.771962536956,1.0042538279308828,1.0105634024348802,0.9995377345015064,1.0014000677048185,5934.180313513161,5971.463868493887,5906.312708723488,5917.3173180413
2024-02-16,1.0042655054853171,1.0105680563036648,0.9995532323250824,1.0014096484006663,5026.921286292139,5058.469145591935,5003.333673129462,5012.626093744922,1.0042655054853171,1.0105680563036648,0.9995532323250824,1.0014096484006663,5938.826600404122,5976.097378147617,5910.96009195639,5921.938197956125
2024-02-20,1.0042346885456368,1.010379013857614,0.9992263949723807,1.0011966580063203,4996.579735205702,5027.150887238698,4971.6609204490305,4981.463983877027,1.0042346885456368,1.010379013857614,0.9992263949723807,1.0011966580063203,5943.472887295081,5979.83752528159,5913.831751210278,5925.492576171441
2024-02-21,1.003848549340437,1.0096792998288935,0.9981573672275432,1.0005398220671153,5000.972703104189,5030.0203358875815,4972.620372054175,4984.489285573955,1.003848549340437,1.0096792998288935,0.9981573672275432,1.0005398220671153,5948.119174186041,5982.668209300024,5914.397125703997,5928.513921830467
2024-02-22,1.0039179190726446,1.0101267600401043,0.9984959510968917,1.0005887700583078,5106.960571860115,5138.545132126811,5079.378858108421,5090.025090949714,1.0039179190726446,1.0101267600401043,0.9984959510968917,1.0005887700583078,5952.7654610770005,5989.580994859439,5920.615717473518,5933.025158716795
2024-02-23,1.0042686672780339,1.0106429244242616,0.999219650198306,1.0009960036583199,5110.522394044459,5142.959713810183,5084.82895592914,5093.868463416458,1.0042686672780339,1.0106429244242616,0.999219650198306,1.0009960036583199,5958.155705332094,5995.973092073819,5928.2007431789525,5938.7395470342535
2024-02-26,1.0043597901441337,1.0106891981859893,0.9993420223773739,1.001058656366693,5091.6320869293895,5123.719210879818,5066.194362702768,5074.896890210641,1.0043597901441337,1.0106891981859893,0.9993420223773739,1.001058656366693,5963.545949587188,6001.127816226708,5933.752155634988,5943.944942895476
2024-02-27,1.0042190482109976,1.0105525051406108,0.9989511286169577,1.000831168866788,5099.605086244124,5131.767520554948,5072.853642320062,5082.400825115946,1.0042190482109976,1.0105525051406108,0.9989511286169577,1.000831168866788,5968.936193842282,6006.581367339694,5937.624423778636,5948.799117500174
2024-02-28,1.004103537383742,1.010445616283368,0.9987052474991465,1.000691582450404,5090.5639496866,5122.716767608767,5063.195915561273,5073.26615704376,1.004103537383742,1.010445616283368,0.9987052474991465,1.000691582450404,5974.326438097376,6012.06124156322,5942.207095044283,5954.02561073753
2024-02-29,1.0045275127084534,1.0112158094900177,0.9999169954212433,1.001360520321206,5119.34342719071,5153.428793429693,5095.84698625542,5103.203578897353,1.0045275127084534,1.0112158094900177,0.9999169954212433,1.001360520321206,5979.716682352469,6019.530544427197,5952.271354287466,5960.864319454168
2024-03-01,1.0049330653209347,1.0115014086747574,1.0004080756010607,1.0018254361933996,5162.421551198868,5196.163656474922,5139.176317008697,5146.457411760389,1.0049330653209347,1.0115014086747574,1.0004080756010607,1.0018254361933996,5986.044798274932,6025.17018773943,5959.090972085275,5967.533707520934
2024-03-04,1.0048516386191668,1.0110693936561541,0.9997924823447866,1.0015437061072283,5155.843515173014,5187.746505380043,5129.885237286982,5138.8706788508825,1.0048516386191668,1.0110693936561541,0.9997924823447866,1.0015437061072283,5992.372914197395,6029.452126131564,5962.202936996634,5972.646255629398
2024-03-05,1.0048156574180491,1.0109984287803442,0.9996354200496212,1.001363653857066,5103.107038546174,5134.507170325294,5076.798426035009,5085.575520661188,1.0048156574180491,1.0109984287803442,0.9996354200496212,1.001363653857066,5998.701030119858,6035.61187706595,5967.775262782491,5978.09273529048
2024-03-06,1.004952246863417,1.011209716189332,0.9997683262016821,1.0014172661343947,5130.040031698497,5161.982910814655,5103.577360861299,5111.994803472213,1.004952246863417,1.011209716189332,0.9997683262016821,1.0014172661343947,6005.029146042321,6042.420261689723,5974.052953132012,5983.90609032029
2024-03-07,1.005291317514372,1.0118625382953859,1.0004978796154254,1.001841482058062,5184.649229295922,5218.539380503091,5159.9277444134095,5166.857185906966,1.005291317514372,1.0118625382953859,1.0004978796154254,1.001841482058062,6011.357261964784,6050.651300492434,5982.693861394632,5990.728223335315
2024-03-08,1.005585322079803,1.012260996005866,1.0010312851471606,1.00216139085701,5152.307458887066,5186.511542625295,5128.973985395654,5134.764296720153,1.005585322079803,1.012260996005866,1.0010312851471606,1.00216139085701,6018.096815839056,6058.048524675584,5990.8424053362605,5997.605715643873
2024-03-11,1.0056963642400187,1.0123191207958835,1.0011852971371966,1.0022574139214095,5147.093650398561,5180.988521086084,5124.006279630344,5129.493309004938,1.0056963642400187,1.0123191207958835,1.0011852971371966,1.0022574139214095,6024.836369713328,6064.511390906911,5997.811869960027,6004.234611876756
2024-03-12,1.0054618856921371,1.0117530001769754,1.0005051738233433,1.0018859638602124,5203.536733165947,5236.094949225896,5177.884410932734,5185.030372186842,1.0054618856921371,1.0117530001769754,1.0005051738233433,1.0018859638602124,6031.575923587599,6069.315131009831,6001.841545394439,6010.124643998596
2024-03-13,1.0053563239726304,1.0118243889345722,1.0004680965119273,1.0017814946560524,5192.977073779068,5226.386634407635,5167.727863594024,5174.511972161854,1.0053563239726304,1.0118243889345722,1.0004680965119273,1.0017814946560524,6038.3154774618715,6077.163611041608,6008.956076392325,6016.844535590953
2024-03-14,1.0056056840248995,1.0123479800808695,1.0012997498905252,1.0022155433991422,5179.351963456564,5214.078024446916,5157.174335816152,5161.8911119664135,1.0056056840248995,1.0123479800808695,1.0012997498905252,1.0022155433991422,6045.055031336144,6085.5853816945155,6019.170522907931,6024.675684866415
2024-03-15,1.0054829643102494,1.0118464131257456,1.0008337352615526,1.0020014004398825,5145.146821842334,5177.709162141622,5121.356298369538,5127.3313461769185,1.0054829643102494,1.0118464131257456,1.0008337352615526,1.0020014004398825,6051.646227829327,6089.945574896535,6023.66416305694,6030.691926651777
2024-03-18,1.0052369346796421,1.0114891779190336,1.0001906892591153,1.0016069170892317,5176.387176178043,5208.58260255983,5150.401939084673,5157.694690997631,1.0052369346796421,1.0114891779190336,1.0001906892591153,1.0016069170892317,6058.23742432251,6095.917669319597,6027.825337575325,6036.360484012729
2024-03-19,1.005373123631266,1.011888730657463,1.0007632561616715,1.0018548626163606,5206.334774455748,5240.075910596979,5182.462529665778,5188.115424607449,1.005373123631266,1.011888730657463,1.0007632561616715,1.0018548626163606,6064.828620815693,6104.133470970969,6037.019983892137,6043.605007813558
2024-03-20,1.0055604493104304,1.0120012447792517,1.0011561013595307,1.0021121367157624,5253.671234676261,5287.321943498574,5230.660190285032,5235.655111727906,1.0055604493104304,1.0120012447792517,1.0011561013595307,1.0021121367157624,6071.419817308877,6110.308352827006,6044.827039669548,6050.599434568187
2024-03-21,1.005451725798207,1.0116463144297554,1.0006849334200294,1.0019252050937695,5270.105384323076,5302.574506472995,5245.120099069087,5251.621020255146,1.005451725798207,1.0116463144297554,1.0006849334200294,1.0019252050937695,6078.01101380206,6115.457642976259,6049.195491553023,6056.693002074589
2024-03-22,1.0050898270038362,1.0111978563301718,0.9998924035202633,1.001422848870697,5260.821070706939,5292.791595646258,5233.616820657692,5241.627447102026,1.0050898270038362,1.0111978563301718,0.9998924035202633,1.001422848870697,6084.680985706032,6121.658188045129,6053.216470798513,6062.481584695055
2024-03-25,1.0049365643715413,1.01110963593329,0.9998245200216411,1.0012367456547362,5243.949930837933,5276.162191130735,5217.274312131727,5224.643573808087,1.0049365643715413,1.01110963593329,0.9998245200216411,1.0012367456547362,6091.350957610003,6128.768588435854,6060.36466718123,6068.924771637073
2024-03-26,1.0050234293567823,1.0113502683251447,1.0001980213590222,1.0014622341748685,5229.719816532365,5262.642029251357,5204.610419983381,5211.188852507662,1.0050234293567823,1.0113502683251447,1.0001980213590222,1.0014622341748685,6098.020929513975,6136.409284769962,6068.742568329283,6076.41323150509
2024-03-27,1.0053086652170786,1.0117878379613297,1.000957244200296,1.001950723601319,5276.352476305185,5310.358349661658,5253.514086612812,5258.728353314286,1.0053086652170786,1.0117878379613297,1.000957244200296,1.001950723601319,6104.690901417946,6144.035381644827,6078.2670962638795,6084.299954499375
2024-03-28,1.0054869692476909,1.0117055342477224,1.0012820922235657,1.0021549436970223,5283.180456866605,5315.8549738745205,5261.086561274893,5265.672828414449,1.0054869692476909,1.0117055342477224,1.0012820922235657,1.0021549436970223,6111.360873321918,6149.157379882154,6085.803584457602,6091.1087853266845
2024-04-01,1.005411592109321,1.0114213391714015,1.0011223017051791,1.002031619251222,5272.1471443550945,5303.660875706821,5249.655092012567,5254.42334408098,1.005411592109321,1.0114213391714015,1.0011223017051791,1.002031619251222,6117.573447894366,6154.140630274284,6091.4746349379375,6097.007510149477
2024-04-02,1.0052059069537809,1.010979442408643,1.0005161056622227,1.0016834005765731,5232.910962479063,5262.966891085338,5208.496748017456,5214.573463555531,1.0052059069537809,1.010979442408643,1.0005161056622227,1.0016834005765731,6123.786022466813,6158.958811916334,6095.2154187738615,6102.326662580872
2024-04-03,1.0050222067969319,1.010826809641906,1.0001812920457978,1.001466394213855,5237.6631805001425,5267.913810180697,5212.434801683754,5219.132098781563,1.0050222067969319,1.010826809641906,1.0001812920457978,1.001466394213855,6129.998597039261,6165.402996121609,6100.472084657596,6108.310393536709
2024-04-04,1.0051178826445437,1.0110902345106727,1.0004808092742983,1.0015658389553428,5173.552816726822,5204.29376597568,5149.6848263047605,5155.26970192933,1.0051178826445437,1.0110902345106727,1.0004808092742983,1.0015658389553428,6136.211171611708,6172.672180687891,6107.9019932462625,6114.526063283538
2024-04-05,1.0050828078240048,1.0108257322756977,1.0002438138279504,1.0014251720093519,5230.7926600707815,5260.680791511705,5205.608890057355,5211.75707969515,1.0050828078240048,1.0108257322756977,1.0002438138279504,1.0014251720093519,6142.423746184156,6177.520829976675,6112.850907610428,6120.070613777624
2024-04-08,1.0049092886397042,1.0105853383173482,0.9998951885814683,1.001139876175478,5227.930034126311,5257.459058208789,5201.844730124345,5208.320080416545,1.0049092886397042,1.0105853383173482,0.9998951885814683,1.001139876175478,6146.853141446835,6181.572537701261,6116.182774436678,6123.796309244098
2024-04-09,1.0046568089519545,1.010384056284703,0.9994669333197171,1.0008514287969172,5234.1715555268775,5264.009998678237,5207.132770571728,5214.345867403347,1.0046568089519545,1.010384056284703,0.9994669333197171,1.0008514287969172,6151.282536709515,6186.349154670432,6119.506122057452,6127.983069384309
2024-04-10,1.0043755147932454,1.0101032346009358,0.9990707725728043,1.0005538329343515,5183.220456662614,5212.779156610974,5155.844591770117,5163.498132394332,1.0043755147932454,1.0101032346009358,0.9990707725728043,1.0005538329343515,6155.711931972193,6190.816524471595,6123.199724633957,6132.289245663639
2024-04-11,1.0038653279204544,1.0093360350594054,0.9979759782753221,0.9999615946568121,5219.156071778118,5247.598606435952,5188.5369896120965,5198.860328316446,1.0038653279204544,1.0093360350594054,0.9979759782753221,0.9999615946568121,6160.141327234873,6193.711895117382,6124.001792248971,6136.186372382831
2024-04-12,1.003605576109456,1.0092189288849263,0.9977779357938549,0.9997679637512565,5141.882844694947,5170.64235243832,5112.025454025594,5122.221183162825,1.003605576109456,1.0092189288849263,0.9977779357938549,0.9997679637512565,6164.570722497552,6199.050313881309,6128.774886238783,6140.998481219898
2024-04-15,1.0034700405949937,1.0090954026675507,0.9976598075175755,0.9997149637740383,5079.384720884551,5107.859291130661,5049.974366888614,5060.377197930702,1.0034700405949937,1.0090954026675507,0.9976598075175755,0.9997149637740383,6167.670527048594,6202.245928859608,6131.9588447290835,6144.59053890896
2024-04-16,1.0033056062950996,1.008826414350332,0.9975063828533718,0.9996300161381095,5068.107972695128,5095.995837713411,5038.813717409351,5049.541059820208,1.0033056062950996,1.008826414350332,0.9975063828533718,0.9996300161381095,6170.770331599634,6204.725726984582,6135.102559251908,6148.16383707836
2024-04-17,1.0030132669404994,1.0083853035350532,0.9968323601497769,0.9993215789618213,5037.343259361246,5064.3227552667795,5006.301447467811,5018.802827077849,1.0030132669404994,1.0083853035350532,0.9968323601497769,0.9993215789618213,6173.8701361506755,6206.936753905983,6135.8246614721875,6151.146606049155
2024-04-18,1.0029162209827103,1.0083704676725145,0.9967843888914707,0.999212841665714,5025.733533290879,5053.065417963091,4995.006186861827,5007.175455127893,1.0029162209827103,1.0083704676725145,0.9967843888914707,0.999212841665714,6176.969940701716,6210.562694659849,6139.203932219069,6154.160794492387
2024-04-19,1.002514209578072,1.0076633180507837,0.9956968698559117,0.998615218748967,4979.718657242485,5005.295463321394,4945.85536285438,4960.3514730264305,1.002514209578072,1.0076633180507837,0.9956968698559117,0.998615218748967,6180.0697452527575,6211.8117885906,6138.043772396209,6156.034140540371
2024-04-22,1.0019217739374064,1.007113057675399,0.9945415999436926,0.9979252105508304,5020.229240490769,5046.240686788355,4983.2501406778665,5000.204059985991,1.0019217739374064,1.007113057675399,0.9945415999436926,0.9979252105508304,6181.441088280015,6213.469152180493,6135.908480894792,6156.783952591057
2024-04-23,1.0016379292659057,1.007005568318958,0.9940796397575627,0.9976206812899537,5078.855202239238,5106.072084439693,5040.53051737271,5058.485545514775,1.0016379292659057,1.007005568318958,0.9940796397575627,0.9976206812899537,6182.812431307273,6215.945267529146,6136.157362677982,6158.015156763603
2024-04-24,1.0014590139553683,1.0068883914975144,0.993954615139252,0.9975234516341599,5079.029578946464,5106.565372970539,5040.9700447786845,5059.069863011355,1.0014590139553683,1.0068883914975144,0.993954615139252,0.9975234516341599,6184.18377433453,6217.711125961496,6137.842805060644,6159.880991783727
2024-04-25,1.001371516611584,1.0069104421812995,0.9939770093048594,0.9975148794326119,5055.343991892253,5083.306814516916,5018.0134133148385,5035.874067625186,1.001371516611584,1.0069104421812995,0.9939770093048594,0.9975148794326119,6185.555117361789,6219.769521141089,6139.878630910237,6161.732348846343
2024-04-26,1.0011094883098295,1.0067115798071877,0.9936789888099318,0.9973849817650362,5105.618346000598,5134.188788553465,5067.7230957711,5086.6235116024145,1.0011094883098295,1.0067115798071877,0.9936789888099318,0.9973849817650362,6186.926460389046,6221.547776562007,6141.005455237612,6163.908750175573
2024-04-29,1.0009887921425182,1.0066210722148312,0.9938362784570322,0.9974163171236362,5121.228828695787,5150.044531033353,5084.635352753514,5102.951439178434,1.0009887921425182,1.0066210722148312,0.9938362784570322,0.9974163171236362,6188.669798917669,6223.491688889047,6144.448978685537,6166.582770141432
2024-04-30,1.0012179167213993,1.0068892745845703,0.994686915722211,0.9979681255850509,5041.823051054783,5070.382251132774,5008.9349546331805,5025.458110327384,1.0012179167213993,1.0068892745845703,0.994686915722211,0.9979681255850509,6190.413137446291,6225.478479003801,6150.032723042161,6170.3200593976235
2024-05-01,1.0014241499210104,1.006800868739407,0.9950139046428694,0.9983128505473041,5025.536939722099,5052.519411673153,4993.36782892073,5009.923226058086,1.0014241499210104,1.006800868739407,0.9950139046428694,0.9983128505473041,6192.156475974914,6225.402612742693,6152.519682899015,6172.9182215678165
2024-05-02,1.0013421540965535,1.006397580542731,0.9947626997005778,0.9982591662346681,5070.996936775766,5096.598627384498,5037.677263823666,5055.384069645606,1.0013421540965535,1.006397580542731,0.9947626997005778,0.9982591662346681,6193.899814503537,6225.170649151925,6153.201955938363,6174.829691601263
2024-05-03,1.0014088890014972,1.0064518639040556,0.9950578782963169,0.9983362079956398,5135.014486932987,5160.873803208578,5102.4478377490705,5119.2584239979615,1.0014088890014972,1.0064518639040556,0.9950578782963169,0.9983362079956398,6195.64315303216,6226.843667895876,6156.349916850066,6176.632701612686
2024-05-06,1.0015289949675013,1.006433822435504,0.9952929223052216,0.9984499157279387,5188.661325387932,5214.071961244513,5156.353854303554,5172.709416408361,1.0015289949675013,1.006433822435504,0.9952929223052216,0.9984499157279387,6197.6445494317195,6227.996518646507,6159.054591537898,6178.590644090754
2024-05-07,1.0012560057843283,1.005903563981935,0.994516799636772,0.9980328853261575,5194.215781207359,5218.325918869084,5159.254801475682,5177.495199206507,1.0012560057843283,1.005903563981935,0.994516799636772,0.9980328853261575,6199.645945831279,6228.4230170012415,6157.917664722903,6179.688806432378
2024-05-08,1.0010333734198258,1.0058792525952869,0.9941344884119058,0.9976716282609188,5193.030800288828,5218.169622310992,5157.241661499791,5175.591175780321,1.0010333734198258,1.0058792525952869,0.9941344884119058,0.9976716282609188,6201.647342230838,6231.668752612593,6158.907057031795,6180.82050619962
2024-05-09,1.0011911047191604,1.0063686771033924,0.994779258499851,0.9978909757711185,5220.290515294079,5247.286791911256,5186.858636158903,5203.083378948673,1.0011911047191604,1.0063686771033924,0.994779258499851,0.9978909757711185,6203.648738630398,6235.730366442721,6163.919218938083,6183.200254130947
2024-05-10,1.0016151643583444,1.0069684874934821,0.9958773683463868,0.9985057070733081,5231.1154865910385,5259.07418026246,5201.148814115308,5214.875786217625,1.0016151643583444,1.0069684874934821,0.9958773683463868,0.9985057070733081,6205.650135029958,6238.817414858143,6170.100798454978,6186.385047292277
2024-05-13,1.0020822243784777,1.0077313599084385,0.9971586859606246,0.9993145735282032,5232.292168014271,5261.788677253119,5206.584306048525,5217.84110051163,1.0020822243784777,1.0077313599084385,0.9971586859606246,0.9993145735282032,6207.496959016659,6242.491085017701,6176.997615736341,6190.352473445772
2024-05-14,1.0022073892128287,1.0076637684251821,0.9975206302413048,0.9996017963065428,5258.261464835165,5286.889340521035,5233.671540274449,5244.590752645612,1.0022073892128287,1.0076637684251821,0.9975206302413048,0.9996017963065428,6209.34378300336,6243.149694538842,6180.306182606974,6193.2003956288245
2024-05-15,1.0019033512251763,1.006976073211292,0.997122612786922,0.9993873832148812,5318.253273805919,5345.180043016519,5292.8763970649,5304.898138212071,1.0019033512251763,1.006976073211292,0.997122612786922,0.9993873832148812,6211.1906069900615,6242.638393958241,6181.552940197302,6195.593137579542
2024-05-16,1.001689571880281,1.0065064386841085,0.9967693457717649,0.9992071148587974,5306.049831207037,5331.565256353591,5279.986901487616,5292.900008118536,1.001689571880281,1.0065064386841085,0.9967693457717649,0.9992071148587974,6213.037430976762,6242.914325568001,6182.519444327768,6197.639847904877
2024-05-17,1.0014880181338908,1.0061881652783016,0.9964931510626068,0.9990124214324617,5311.161361928919,5336.087511275458,5284.672233235791,5298.0326042101315,1.0014880181338908,1.0061881652783016,0.9964931510626068,0.9990124214324617,6214.884254963464,6244.051723724837,6183.887857448094,6199.521567958961
2024-05-20,1.0012470895288668,1.0058563983022808,0.9961115218935459,0.9986920804216708,5314.749713340863,5339.216523520286,5287.489452708788,5301.187392848684,1.0012470895288668,1.0058563983022808,0.9961115218935459,0.9986920804216708,6216.00189731054,6244.617682944747,6184.118960022859,6200.139737386111
2024-05-21,1.0010234032334588,1.005616790291411,0.9959147487937163,0.9984388042818145,5326.85594820056,5351.299244024617,5299.67070337837,5313.102237493291,1.0010234032334588,1.005616790291411,0.9959147487937163,0.9984388042818145,6217.119539657615,6245.647979990737,6185.390895515941,6201.067207022292
2024-05-22,1.0011177089708934,1.005808508491241,0.9965009757583732,0.9986318769137399,5312.941692685621,5337.835812648101,5288.440643359444,5299.749357099987,1.0011177089708934,1.005808508491241,0.9965009757583732,0.9986318769137399,6218.237182004691,6247.37312049562,6189.5612911836215,6202.796946368564
2024-05-23,1.001103375510577,1.005673643436068,0.9965855506782306,0.9986316968254721,5273.652405649637,5297.727845838257,5249.853227284811,5260.631997805095,1.001103375510577,1.005673643436068,0.9965855506782306,0.9986316968254721,6219.354824351766,6247.747614313629,6191.287837111513,6203.9995202638
2024-05-24,1.0008991658583046,1.0055565990776827,0.996453004500067,0.9984961443862871,5309.489823111866,5334.196202259365,5285.904182031596,5296.742467048825,1.0008991658583046,1.0055565990776827,0.996453004500067,0.9984961443862871,6220.472466698842,6249.4178750824985,6192.840088478504,6205.537966388061
2024-05-28,1.0005371616708434,1.0049628996500197,0.9958410678207492,0.9981119800933822,5308.890201311961,5332.37334405899,5283.9725394996085,5296.02209085469,1.0005371616708434,1.0049628996500197,0.9958410678207492,0.9981119800933822,6219.655011375184,6247.166796499935,6190.462608766318,6204.579316708769
2024-05-29,1.000225640773761,1.0045182918099995,0.9954230433960776,0.9977932778858285,5268.138438673361,5290.747617048677,5242.843398414971,5255.327304960764,1.000225640773761,1.0045182918099995,0.9954230433960776,0.9977932778858285,6218.837556051525,6245.52683334153,6188.977720708943,6203.714498752454
2024-05-30,1.0000435425918888,1.0043747460090675,0.9951710616680077,0.9976275966794379,5235.707966368981,5258.383895235553,5210.1981899416205,5223.059329863263,1.0000435425918888,1.0043747460090675,0.9951710616680077,0.9976275966794379,6218.020100727867,6244.950438019539,6187.724235563254,6202.99835456774
2024-05-31,0.9996204947263742,1.0037853118918845,0.9942513473065475,0.997073987335345,5275.5071571233875,5297.487021362539,5247.171427923778,5262.067938902157,0.9996204947263742,1.0037853118918845,0.9942513473065475,0.997073987335345,6217.202645404209,6243.105988158425,6183.808894757622,6201.36448224972
2024-06-03,0.9993429314830709,1.0035128000573128,0.9937992579835999,0.9966680863885148,5279.928444197656,5301.959527822806,5250.638999630552,5265.796167625079,0.9993429314830709,1.0035128000573128,0.9937992579835999,0.9966680863885148,6216.38519008055,6242.323742736375,6181.900921712723,6199.74638981718
2024-06-04,0.9992480355443292,1.0034021139257296,0.9935665632780245,0.9964379876087264,5287.361100397131,5309.34174149977,5257.298498935543,5272.492181353558,0.9992480355443292,1.0034021139257296,0.9935665632780245,0.9964379876087264,6214.9116402662785,6240.748298602145,6179.575220412851,6197.434298301658
2024-06-05,0.999058285824082,1.0031894842244167,0.9930076564375689,0.9960589738402811,5348.988034050709,5371.106594222053,5316.592782796437,5332.92962771008,0.999058285824082,1.0031894842244167,0.9930076564375689,0.9960589738402811,6213.438090452007,6239.131231547054,6175.807442035576,6194.784484761799
2024-06-06,0.9988048365198992,1.0030364187450223,0.9924969482073546,0.9957272332421374,5346.562337697559,5369.213828085354,5312.79646387604,5330.088050455832,0.9988048365198992,1.0030364187450223,0.9924969482073546,0.9957272332421374,6211.964540637735,6238.282433555481,6172.733274337144,6192.8237017745405
2024-06-07,0.9987762328351207,1.0031539841247707,0.9926001659858903,0.9957662583697731,5340.446529207062,5363.854321575308,5307.4231615248955,5324.352225840593,0.9987762328351207,1.0031539841247707,0.9926001659858903,0.9957662583697731,6210.490990823463,6237.712288297936,6172.087586472329,6191.774667101394
2024-06-10,0.9988147856276481,1.0030446491163831,0.9926372243513116,0.995867936205782,5354.4363146448395,5377.111724536616,5321.319705930267,5338.638873732594,0.9988147856276481,1.0030446491163831,0.9926372243513116,0.995867936205782,6209.017441009191,6235.311901756626,6170.615340580158,6190.698689905706
2024-06-11,0.9987365417972152,1.0029085742319437,0.9924820377096109,0.995808146900867,5368.528507853406,5390.954517240451,5334.908546941225,5352.7874481991685,0.9987365417972152,1.0029085742319437,0.9924820377096109,0.995808146900867,6207.8681721968005,6233.8003638019245,6168.991916814731,6189.666085147947
2024-06-12,0.9988165140743335,1.0031464160687018,0.9928749586914485,0.9959863982683512,5414.614287292384,5438.086815900914,5382.404937315103,5399.27214460468,0.9988165140743335,1.0031464160687018,0.9928749586914485,0.9959863982683512,6206.718903384411,6233.625231202944,6169.797643482501,6189.13235668215
2024-06-13,0.9988523477251243,1.0029351198288432,0.9928952309056617,0.9960270982168776,5427.503955927917,5449.688678018778,5395.13453198133,5412.152284664977,0.9988523477251243,1.0029351198288432,0.9928952309056617,0.9960270982168776,6205.56963457202,6230.934671405961,6168.559856972109,6188.017207931191
2024-06-14,0.9988960647790893,1.0027706713572986,0.9927869734925646,0.9959691097946409,5425.603865454102,5446.649178544303,5392.421725222214,5409.705816760572,0.9988960647790893,1.0027706713572986,0.9927869734925646,0.9959691097946409,6204.42036575963,6228.486621309915,6166.475106256799,6186.240236959954
2024-06-17,0.9990745163600284,1.00298469633616,0.9930189861423347,0.9960627917115588,5468.164615177198,5489.56592952796,5435.02130552381,5451.680753479454,0.9990745163600284,1.00298469633616,0.9930189861423347,0.9960627917115588,6203.271096947239,6227.549472616524,6165.672204211021,6184.571246077374
2024-06-18,0.9991978895118399,1.0030664083814398,0.9931717855887169,0.9960815389002384,5482.628795688151,5503.855474781211,5449.563382678857,5465.529286391775,0.9991978895118399,1.0030664083814398,0.9931717855887169,0.9960815389002384,6202.621805817399,6226.636027373171,6165.2141571523825,6183.2767446828775
2024-06-20,0.9993980731480527,1.0033337364949935,0.9936983137244153,0.9963267470856965,5469.875552011727,5491.416106572304,5438.679799727058,5453.065662347021,0.9993980731480527,1.0033337364949935,0.9936983137244153,0.9963267470856965,6201.972514687559,6226.396091799234,6166.601472621828,6182.912762288422
2024-06-21,0.9995535911924855,1.0034303197262942,0.9939996497683965,0.9965165241023208,5462.18054550228,5483.365393782701,5431.830366117375,5445.584127940025,0.9995535911924855,1.0034303197262942,0.9939996497683965,0.9965165241023208,6201.323223557718,6225.374807084575,6166.866055638994,6182.480977535399
2024-06-24,0.9995166192963165,1.0032801596033136,0.9940593296513605,0.9965067453093785,5445.236604765823,5465.739883098104,5415.506000227757,5428.839202568604,0.9995166192963165,1.0032801596033136,0.9940593296513605,0.9965067453093785,6200.673932427878,6224.021704565642,6166.818693815626,6182.001659440723
2024-06-25,0.9994766542363756,1.0031593444631999,0.9942126974775803,0.9965279416985005,5466.437665015009,5486.579402672579,5437.647506314131,5450.310271531609,0.9994766542363756,1.0031593444631999,0.9942126974775803,0.9965279416985005,6200.024641298038,6222.869367141107,6167.3708904806235,6181.732978038632
2024-06-26,0.9993679728813883,1.0028808629601305,0.9940915946801501,0.996459544174384,5474.437818646957,5493.681079209298,5445.5343464983935,5458.505737032858,0.9993679728813883,1.0028808629601305,0.9940915946801501,0.996459544174384,6197.758687945563,6219.544502176279,6165.036287663587,6179.721548697309
2024-06-27,0.9991422630386415,1.0024041284130176,0.9936551358027408,0.9962006132629182,5478.167139746676,5496.0515235518815,5448.081934438774,5462.038456440856,0.9991422630386415,1.0024041284130176,0.9936551358027408,0.9962006132629182,6195.492734593089,6215.718946590875,6161.468093476996,6177.252119129797
2024-06-28,0.9988070286961829,1.0019537628453934,0.9931242879802755,0.9958312162079743,5453.965804054932,5471.148482942013,5422.935312030534,5437.716439479319,0.9988070286961829,1.0019537628453934,0.9931242879802755,0.9958312162079743,6193.226781240614,6212.7384963631785,6157.990243069125,6174.774887062435
2024-07-01,0.9984412725146976,1.001459887578526,0.9925072169364233,0.9954449989088163,5466.555826732496,5483.083015882313,5434.066338376442,5450.150959075671,0.9984412725146976,1.001459887578526,0.9925072169364233,0.9954449989088163,6190.960827888141,6209.678130677084,6154.165969094814,6172.382056122299
2024-07-02,0.9981726255268559,1.001091445997075,0.9922093101174632,0.9952170071617614,5498.942975753705,5515.022786912346,5466.091011530206,5482.660444624215,0.9981726255268559,1.001091445997075,0.9922093101174632,0.9952170071617614,6188.694874535666,6206.791633374549,6151.722172053598,6170.369967841807
2024-07-03,0.998006589251985,1.0009798679475657,0.9920983055351503,0.995112988178271,5525.982444820027,5542.44554842303,5493.268159714238,5509.9605178028505,0.998006589251985,1.0009798679475657,0.9920983055351503,0.995112988178271,6184.724400012085,6203.150039175827,6148.110306619085,6166.792529263703
2024-07-05,0.9977443501640495,1.0006439239697706,0.991709780024058,0.9948590637206506,5554.632368789794,5570.774847085267,5521.036770252135,5538.569430954968,0.9977443501640495,1.0006439239697706,0.991709780024058,0.9948590637206506,6180.753925488504,6198.715993806915,6143.371410543412,6162.880363480095
2024-07-08,0.9972656758253364,0.9999747382605716,0.990929546074782,0.9943903119683526,5557.612021523227,5572.709220115426,5522.301720842849,5541.588050052834,0.9972656758253364,0.9999747382605716,0.990929546074782,0.9943903119683526,6176.783450964924,6193.562622677359,6137.539243192505,6158.9742549624425
2024-07-09,0.9969513830899724,0.9995972450367978,0.9905097028346295,0.9941203956725501,5559.9779244651145,5574.73384362532,5524.052802514671,5544.1895642578975,0.9969513830899724,0.9995972450367978,0.9905097028346295,0.9941203956725501,6172.8129764413425,6189.195330923479,6132.928095247815,6155.284382607364
2024-07-10,0.9967921552087519,0.9993661499851465,0.9904181557887624,0.9940550056225061,5615.837291152139,5630.338946062817,5579.926752079866,5600.416436726693,0.9967921552087519,0.9993661499851465,0.9904181557887624,0.9940550056225061,6168.842501917762,6184.772170197517,6129.39576437698,6151.903118302526
2024-07-11,0.9966885748793478,0.9991738931022126,0.9903606736411711,0.9940043287839427,5566.047213956713,5579.92657298503,5530.708796376066,5551.05693426708,0.9966885748793478,0.9991738931022126,0.9903606736411711,0.9940043287839427,6165.183015420121,6180.556364811003,6126.040729434164,6148.579164574732
2024-07-12,0.9966362155919568,0.9990473820505883,0.9903258130111223,0.9939764871377385,5596.461173224295,5610.000716797771,5561.026054092006,5581.5258670489,0.9966362155919568,0.9990473820505883,0.9903258130111223,0.9939764871377385,6161.523528922478,6176.430130383055,6122.510603874706,6145.080237784922
2024-07-15,0.9966588329491913,0.9990077314417796,0.9903820826150598,0.9939831504036476,5612.405153280146,5625.632317449578,5577.059391263577,5597.337796216028,0.9966588329491913,0.9990077314417796,0.9903820826150598,0.9939831504036476,6157.864042424837,6172.376729302868,6119.083093610633,6141.3323178351975
2024-07-16,0.9967380463960575,0.998962914773694,0.9904468589705688,0.9939724171428858,5648.713856535736,5661.3226306054785,5613.060439158007,5633.040482432162,0.9967380463960575,0.998962914773694,0.9904468589705688,0.9939724171428858,6154.204555927195,6167.941660832036,6115.360594410801,6137.1286068236
2024-07-17,0.9970338953405732,0.9993887393520358,0.9910114685553966,0.9942540932025766,5571.694606314865,5584.854110458801,5538.039659384066,5556.160321421164,0.9970338953405732,0.9993887393520358,0.9910114685553966,0.9942540932025766,6150.545069429553,6165.07173125285,6113.3936671124675,6133.396907853758
2024-07-18,0.9970836092613911,0.9992802344454808,0.9906595277598609,0.9941015944573901,5528.419809074617,5540.599195104069,5492.800911022047,5511.885759612501,0.9970836092613911,0.9992802344454808,0.9906595277598609,0.9941015944573901,6147.38473224484,6160.927729034388,6107.777922771302,6128.999521509079
2024-07-19,0.9971144788976166,0.99936335943005,0.9905956797580867,0.9939701840483649,5489.115206331379,5501.495293662425,5453.229217068268,5471.805863186249,0.9971144788976166,0.99936335943005,0.9905956797580867,0.9939701840483649,6144.224395060127,6158.082008124004,6104.055522230321,6124.8492345074565
2024-07-22,0.9972799671284166,0.9997112339139698,0.9909277651512903,0.9941061686993926,5549.2746218890325,5562.803187103233,5513.928365685491,5531.614306172587,0.9972799671284166,0.9997112339139698,0.9909277651512903,0.9941061686993926,6141.064057875415,6156.035345341319,6101.948382703056,6121.52039902148
2024-07-23,0.9975488881382938,1.0000982998014292,0.9914702268684403,0.9944033683677692,5542.122259785444,5556.286128138792,5508.350798222068,5524.64656977555,0.9975488881382938,1.0000982998014292,0.9914702268684403,0.9944033683677692,6137.903720690701,6153.590213371711,6100.5018067908395,6118.549383542333
2024-07-24,0.9974308478768646,0.9998302387256192,0.9908112851765405,0.9941436090502715,5413.186877437968,5426.20868349497,5377.261650120158,5395.346604985,0.9974308478768646,0.9998302387256192,0.9908112851765405,0.9941436090502715,6134.743383505988,6149.50094506043,6094.02946477773,6114.525072949049
2024-07-25,0.9970542889035968,0.9994771628589403,0.9898309436323867,0.9935700279172779,5383.315457734078,5396.397087251248,5344.315027478855,5364.503166131525,0.9970542889035968,0.9994771628589403,0.9898309436323867,0.9935700279172779,6129.866545655799,6144.762318301772,6085.457587168291,6108.4453902642945
2024-07-26,0.9966360048057756,0.9990712254010968,0.9889108503510347,0.9930092690689528,5440.73561383521,5454.029726587128,5398.563223151334,5420.936900774321,0.9966360048057756,0.9990712254010968,0.9889108503510347,0.9930092690689528,6124.989707805609,6139.955754597673,6077.513506566303,6102.701009671229
2024-07-29,0.9965575712677797,0.999278026727841,0.9890452721826628,0.9930431256633022,5444.7321529243645,5459.595470148629,5403.688406380866,5425.530838786478,0.9965575712677797,0.999278026727841,0.9890452721826628,0.9930431256633022,6120.11286995542,6136.819877110141,6073.97793541743,6098.52976789002
2024-07-30,0.9966144624580648,0.9994382893667407,0.9891765489791888,0.9932168027887839,5418.034728285522,5433.386293844924,5377.5989579324205,5399.563555353056,0.9966144624580648,0.9994382893667407,0.9891765489791888,0.9932168027887839,6115.23603210523,6132.563061474011,6069.596922677178,6094.3879593377815
2024-07-31,0.9960252307673526,0.9985067649858538,0.9876997844847429,0.9925285594556719,5500.350131866551,5514.05390828138,5454.374519860096,5481.040463882057,0.9960252307673526,0.9985067649858538,0.9876997844847429,0.9925285594556719,6110.359194255041,6125.582769882934,6059.284717758067,6088.908013061413
2024-08-01,0.9953342736656302,0.9978172947669813,0.9864264999722121,0.9917477867705561,5421.267281689115,5434.791503061422,5372.749488868649,5401.732835247452,0.9953342736656302,0.9978172947669813,0.9864264999722121,0.9917477867705561,6104.420507864043,6119.648964608254,6049.78881492208,6082.424456152847
2024-08-02,0.9951534191222264,0.997863851116567,0.9864081413034528,0.9917088516870542,5320.647464542131,5335.138951825793,5273.890311967389,5302.230878075937,0.9951534191222264,0.997863851116567,0.9864081413034528,0.9917088516870542,6098.481821473046,6115.091843534172,6044.88916251543,6077.37288341125
2024-08-05,0.9951417837250284,0.9978676395600367,0.9865134999793773,0.9918424951906004,5161.133687186626,5175.2708750794045,5116.384560348044,5144.022488081867,0.9951417837250284,0.9978676395600367,0.9865134999793773,0.9918424951906004,6092.543135082049,6109.231605535614,6039.718309753811,6072.343945338613
2024-08-06,0.9949824715293354,0.9976790474883845,0.9862797632440993,0.9917933491023134,5213.738000287863,5227.868139210559,5168.135547791977,5197.026903096596,0.9949824715293354,0.9976790474883845,0.9862797632440993,0.9917933491023134,6086.604448691051,6103.100207860913,6033.367387255023,6067.095635915791
2024-08-07,0.9951404768507054,0.9978812302698266,0.9868781156452948,0.9920778165301555,5174.232909385242,5188.483456787963,5131.27276229771,5158.308607048543,0.9951404768507054,0.9978812302698266,0.9868781156452948,0.9920778165301555,6080.665762300054,6097.412750153767,6030.179767542317,6061.951807651501
2024-08-08,0.9951725585074724,0.9975145195390049,0.9867664290071767,0.9921225684647077,5293.631342194383,5306.088958929025,5248.9165334821655,5277.407499660005,0.9951725585074724,0.9975145195390049,0.9867664290071767,0.9921225684647077,6072.828586621395,6087.1199050258865,6021.531971681771,6054.216671971747
2024-08-09,0.994862302327477,0.9970040510663579,0.9857748145962408,0.9916499808323053,5316.703321606409,5328.149169546788,5268.1383331726465,5299.536161564773,0.994862302327477,0.9970040510663579,0.9857748145962408,0.9916499808323053,6064.9914109427355,6078.048180382407,6009.591246610393,6045.4080955112195
2024-08-12,0.9939567332754438,0.9961254236001177,0.983474240364958,0.9903976110002599,5312.092425749949,5323.682752634233,5256.069895464078,5293.07108825368,0.9939567332754438,0.9961254236001177,0.983474240364958,0.9903976110002599,6057.154235264077,6070.37019461654,5993.274114325976,6035.4650089212855
2024-08-13,0.9934700806797753,0.996075025821839,0.9827657548972009,0.9897518144718722,5398.943610548591,5413.100002576977,5340.771701385996,5378.736953120377,0.9934700806797753,0.996075025821839,0.9827657548972009,0.9897518144718722,6049.317059585418,6065.178774390547,5984.137582289453,6026.676245693814
2024-08-14,0.9935556598693114,0.9965344342009155,0.9830432758259803,0.9898907165528386,5420.054771275666,5436.304610797176,5362.707508718646,5400.0617358462105,0.9935556598693114,0.9965344342009155,0.9830432758259803,0.9898907165528386,6041.479883906759,6059.592814998561,5977.557590174327,6019.194588561512
2024-08-15,0.9943290132892348,0.9980114679488266,0.9850539763400099,0.9910615063995633,5511.7844730451525,5532.197129363295,5460.37090272747,5493.671963504187,0.9943290132892348,0.9980114679488266,0.9850539763400099,0.9910615063995633,6037.321659110524,6059.680619754246,5981.005911793275,6017.482159455323
2024-08-16,0.9952087294161531,0.9989990418651499,0.9868304854148913,0.9922708171267738,5527.638085359668,5548.6904282795085,5481.10322361566,5511.320186026383,0.9952087294161531,0.9989990418651499,0.9868304854148913,0.9922708171267738,6033.16343431429,6056.141101004702,5982.372767132511,6015.353195644152
2024-08-19,0.9956764217948297,0.9992489378402206,0.9878167949473414,0.992995726431213,5584.002292530854,5604.0378556424175,5539.923540263428,5568.968282757851,0.9956764217948297,0.9992489378402206,0.9878167949473414,0.992995726431213,6029.0052095180545,6050.637456076552,5981.413712751508,6012.773102421211
2024-08-20,0.9961880209350342,0.9995255295369904,0.9887193063457124,0.9936836816230965,5575.783895735899,5594.464331882079,5533.980603933714,5561.766808086266,0.9961880209350342,0.9995255295369904,0.9887193063457124,0.9936836816230965,6024.84698472182,6045.031907863242,5979.676934864176,6009.700987344652
2024-08-21,0.9965586041200671,0.9996749743594557,0.9893556454660644,0.9942249729296708,5601.50642996828,5619.023079628347,5561.019679817929,5588.38943909174,0.9965586041200671,0.9996749743594557,0.9893556454660644,0.9942249729296708,6020.688759925585,6039.516248037657,5977.172230112816,6006.590174032349
2024-08-22,0.9971229735807159,1.000210116284444,0.9905062736096084,0.9949283436772793,5554.61312154768,5571.810482178775,5517.753868020629,5542.3876284224,0.9971229735807159,1.000210116284444,0.9905062736096084,0.9949283436772793,6019.62049381162,6038.257540574215,5979.6755484008745,6006.371537069987
2024-08-23,0.9976041562749843,1.0005378387217485,0.991315627552572,0.9955186910280066,5621.110354988589,5637.640511439951,5585.676948163998,5609.359571653316,0.9976041562749843,1.0005378387217485,0.991315627552572,0.9955186910280066,6018.5522276976535,6036.251152581105,5980.61349386906,6005.970602582086
2024-08-26,0.998228568179326,1.0010132663000186,0.9923210725395597,0.9960035786891008,5606.890150892365,5622.531354684596,5573.708693083101,5594.39274092409,0.998228568179326,1.0010132663000186,0.9923210725395597,0.9960035786891008,6017.483961583688,6034.270574202562,5981.872618251513,6004.071363508538
2024-08-27,0.9987946977045872,1.0017723237788938,0.9934285606534184,0.9965402417271922,5619.019210346467,5635.770739115301,5588.830396524002,5606.336091908838,0.9987946977045872,1.0017723237788938,0.9934285606534184,0.9965402417271922,6016.415695469722,6034.351950327571,5984.091824254857,6002.835583001848
2024-08-28,0.9991128372877567,1.002369061026029,0.994084035228308,0.9967743744841797,5587.2188264238475,5605.428215688539,5559.09686012304,5574.1417215029405,0.9991128372877567,1.002369061026029,0.994084035228308,0.9967743744841797,6015.3474293557565,6034.9521390165755,5985.070577320544,6001.268272638757
2024-08-29,0.9989431122547161,1.0021279429362937,0.9937256149026219,0.996549336184717,5586.049926003882,5603.859371782037,5556.873889510865,5572.6640259714895,0.9989431122547161,1.0021279429362937,0.9937256149026219,0.996549336184717,6012.42048168099,6031.5892821719235,5981.0175043162,5998.012866176904
2024-08-30,0.9988730890853469,1.0022224155895307,0.9940640093120245,0.9966291873226665,5642.034756389673,5660.953092215905,5614.871150198039,5629.360301673349,0.9988730890853469,1.0022224155895307,0.9940640093120245,0.9966291873226665,6009.493534006222,6029.643997753923,5980.560795585204,5995.9936076581
2024-09-03,0.9987655459757377,1.002064016264319,0.9940443812616275,0.9966596942752346,5522.104790111636,5540.341801444282,5496.001800888851,5510.461683469173,0.9987655459757377,1.002064016264319,0.9940443812616275,0.9966596942752346,6006.566586331455,6026.403555579372,5978.1735462084725,5993.902014039212
2024-09-04,0.9983322328232025,1.0014129603323771,0.9935060118793093,0.9963634490746773,5510.863808440375,5527.869639941945,5484.222730994618,5499.995984333654,0.9983322328232025,1.0014129603323771,0.9935060118793093,0.9963634490746773,6003.639638656688,6022.16611429464,5974.616343193479,5991.800024784698
2024-09-05,0.9975671000643428,1.0003660782893815,0.9921355723065122,0.9955583644734065,5490.020754165104,5505.424678918565,5460.128829987382,5478.96585862659,0.9975671000643428,1.0003660782893815,0.9921355723065122,0.9955583644734065,6000.712690981921,6017.5495174527305,5968.04016444638,5988.629448508727
2024-09-06,0.9968342702877403,0.9995041941537205,0.9909404210756776,0.9947422044436648,5391.298404109621,5405.738473744865,5359.421992154116,5379.983633357206,0.9968342702877403,0.9995041941537205,0.9909404210756776,0.9947422044436648,5993.767006650831,6009.8207299779415,5958.328458837623,5981.1878291428775
2024-09-09,0.9962909689058949,0.9988118715636577,0.9900797803253543,0.9940851523985386,5450.757705432597,5464.54968991835,5416.77598214903,5438.689573030025,0.9962909689058949,0.9988118715636577,0.9900797803253543,0.9940851523985386,5986.821322319742,6001.969701913668,5949.497611284034,5973.566329841121
2024-09-10,0.9954401094071723,0.9977174264518328,0.988371476831003,0.9931050220009505,5470.461030049304,5482.976071414577,5431.6152183543145,5457.6285105066645,0.9954401094071723,0.9977174264518328,0.988371476831003,0.9931050220009505,5979.875637988652,5993.556092077901,5937.412466837852,5965.848141847919
2024-09-11,0.9947240476712781,0.9968896294765285,0.9869955239737798,0.9921982955813243,5524.826674892476,5536.854597764472,5481.90144956849,5510.798319437101,0.9947240476712781,0.9968896294765285,0.9869955239737798,0.9921982955813243,5972.929953657563,5985.933427798916,5926.523183057809,5957.763797426681
2024-09-12,0.9942126171600185,0.9964748611481263,0.9863460173871865,0.9917008017414829,5563.375194599345,5576.0341690182395,5519.355590254523,5549.31967835292,0.9942126171600185,0.9964748611481263,0.9863460173871865,0.9917008017414829,5965.984269326473,5979.559345536009,5918.7790642347645,5950.911586667062
2024-09-13,0.9934970086144137,0.9954850353598107,0.9847758301934089,0.990779127995628,5589.434040404864,5600.618718635003,5540.3685161847225,5574.143189685963,0.9934970086144137,0.9954850353598107,0.9847758301934089,0.990779127995628,5958.514722180024,5970.437945428634,5906.209310522278,5942.214188268254
2024-09-16,0.9930036530181855,0.9954867220560873,0.9844917918424899,0.9904771379793275,5593.67894778021,5607.666299146926,5545.730867710012,5579.44686117997,0.9930036530181855,0.9954867220560873,0.9844917918424899,0.9904771379793275,5951.045175033576,5965.92614346946,5900.033811453777,5935.903835839157
2024-09-17,0.9929787170129586,0.9956909447686284,0.984745289250127,0.9905769789150046,5595.018019306876,5610.300283574418,5548.6261119029805,5581.485233854906,0.9929787170129586,0.9956909447686284,0.984745289250127,0.9905769789150046,5943.575627887128,5959.809944403367,5894.293604267989,5929.199778960065
2024-09-18,0.993175254048238,0.99579891982295,0.9852718931698038,0.9908693702266305,5579.916802809054,5594.657239284487,5535.513666520182,5566.961747969469,0.993175254048238,0.99579891982295,0.9852718931698038,0.9908693702266305,5936.106080740679,5951.787460533034,5888.868507736789,5922.324050913483
2024-09-19,0.9937398869916132,0.9964591157059202,0.9864020217471996,0.9915718765505535,5677.871967910761,5693.408661861974,5635.94604753567,5665.4847367343045,0.9937398869916132,0.9964591157059202,0.9864020217471996,0.9915718765505535,5928.636533594231,5944.859409328487,5884.858944975622,5915.702217407133
2024-09-20,0.9944319612600955,0.9969871487801085,0.9873844473507585,0.9921511664816369,5670.7979806837575,5685.369065276008,5630.609180240068,5657.791634419858,0.9944319612600955,0.9969871487801085,0.9873844473507585,0.9921511664816369,5924.016104578811,5939.237831764243,5882.032753758858,5910.428985977246
2024-09-23,0.9949404829220556,0.9973805993869819,0.9881433102181351,0.9925916083582342,5689.636797423579,5703.5907742364125,5650.76668951412,5676.204593809147,0.9949404829220556,0.9973805993869819,0.9881433102181351,0.9925916083582342,5919.39567556339,5933.913141782007,5878.955915195536,5905.421052785261
2024-09-24,0.9952875002120389,0.9975809806708299,0.9884171935159529,0.9927335899485803,5705.913568590605,5719.061931517221,5666.526581223412,5691.2721798239145,0.9952875002120389,0.9975809806708299,0.9884171935159529,0.9927335899485803,5914.77524654797,5928.4048977223365,5873.946521206251,5899.597918183058
2024-09-25,0.9955343624480616,0.9977272022255412,0.9885229311117693,0.9927504462104478,5696.706460862045,5709.254460207126,5656.585227783633,5680.776168332198,0.9955343624480616,0.9977272022255412,0.9885229311117693,0.9927504462104478,5910.154817532549,5923.17297447801,5868.530292801843,5893.627637171962
2024-09-26,0.9961032954295317,0.9985845737863467,0.989753625028458,0.9933083596641414,5722.981990461968,5737.237852694862,5686.500784629751,5706.924050363568,0.9961032954295317,0.9985845737863467,0.989753625028458,0.9933083596641414,5905.534388517129,5920.244986033358,5867.889500601042,5888.964230229387
2024-09-27,0.9967108339000744,0.999325916538881,0.990788057387171,0.9938715136864286,5719.29620576039,5734.301994505911,5685.310307257343,5703.003703690054,0.9967108339000744,0.999325916538881,0.990788057387171,0.9938715136864286,5902.45807003304,5917.944422844948,5867.383764791673,5885.643796586382
2024-09-30,0.997141754629454,0.9997531099021593,0.9914947998234258,0.9942880398410598,5746.009418217135,5761.057300748994,5713.468954086495,5729.56494382331,0.997141754629454,0.9997531099021593,0.9914947998234258,0.9942880398410598,5899.381751548951,5914.831291768369,5865.972718199541,5882.49834167406
2024-10-01,0.9974258100871358,1.0001854428321026,0.9921945132956871,0.9946478201825025,5694.054593334937,5709.808646767766,5664.1904277767535,5678.195743466861,0.9974258100871358,1.0001854428321026,0.9921945132956871,0.9946478201825025,5896.305433064861,5912.61906499904,5865.380502727738,5879.883282362487
2024-10-02,0.9975458949745217,1.0002714555113448,0.992385697327112,0.9948273501766882,5695.528189192831,5711.089886100243,5666.065834317039,5680.006548927809,0.9975458949745217,1.0002714555113448,0.992385697327112,0.9948273501766882,5893.229114580772,5909.330982966055,5862.744074076963,5877.168693268233
2024-10-03,0.9973953936411997,1.0000451821150185,0.9922839194441653,0.9948260175235063,5685.093900031219,5700.197535344678,5655.958803796575,5670.448610322934,0.9973953936411997,1.0000451821150185,0.9922839194441653,0.9948260175235063,5890.152796096683,5905.801213051117,5859.9668094500785,5874.97925707661
2024-10-04,0.9971127609902405,0.9996613748187952,0.9919028776009368,0.9946646944531968,5734.465286348142,5749.122542879129,5704.502882284419,5720.386284328946,0.9971127609902405,0.9996613748187952,0.9919028776009368,0.9946646944531968,5884.3086289027215,5899.348884057226,5853.563298000717,5869.861738228343
2024-10-07,0.9967451077331251,0.9990117229952722,0.9913056240674275,0.9943099385744263,5677.400328941416,5690.310833477691,5646.417356350623,5663.529751523617,0.9967451077331251,0.9990117229952722,0.9913056240674275,0.9943099385744263,5878.464461708759,5891.832189489437,5846.384232600266,5864.102660234542
2024-10-08,0.9961191570896611,0.9981804466569678,0.9902047670516758,0.9936663391229059,5728.810767913063,5740.665512182288,5694.796341933905,5714.704292919918,0.9961191570896611,0.9981804466569678,0.9902047670516758,0.9936663391229059,5872.620294514797,5884.772626753045,5837.752009210229,5858.159706674681
2024-10-09,0.9955217047378851,0.9974063148820489,0.989049951843327,0.9929066547739513,5766.10153471002,5777.017272049422,5728.616883074624,5750.955060716917,0.9955217047378851,0.9974063148820489,0.989049951843327,0.9929066547739513,5866.776127320834,5877.882450518477,5828.637003680421,5851.365199937591
2024-10-10,0.9950390360010398,0.9969898951808522,0.988451296306218,0.9924558578219546,5751.375380037811,5762.651443640085,5713.297915214755,5736.4444810037885,0.9950390360010398,0.9969898951808522,0.988451296306218,0.9924558578219546,5860.931960126873,5872.422818779636,5822.129166743461,5845.716645952518
2024-10-11,0.9947815290628704,0.9967668273905389,0.9882968296123117,0.9922429394629159,5784.684434946464,5796.229004280805,5746.975713100481,5769.922460265039,0.9947815290628704,0.9967668273905389,0.9882968296123117,0.9922429394629159,5853.443752846575,5865.125546038469,5815.286808453248,5838.506310804509
2024-10-14,0.9942735765235994,0.9959331667171837,0.9872509917648544,0.9916884296774839,5826.294017391814,5836.018966987689,5785.142724093283,5811.145444645605,0.9942735765235994,0.9959331667171837,0.9872509917648544,0.9916884296774839,5845.9555455662785,5855.713313171321,5804.665382291362,5830.755852143879
2024-10-15,0.9939113404713389,0.9956988219051668,0.9870217073383054,0.9914851640496001,5779.852861789358,5790.24753107224,5739.787853816154,5765.744015091078,0.9939113404713389,0.9956988219051668,0.9870217073383054,0.9914851640496001,5838.467338285981,5848.967421688036,5797.9960242139305,5824.21541136006
2024-10-16,0.9938116807649038,0.9955069712422785,0.9870572500241596,0.9914901705034455,5806.314930518528,5816.219614273875,5766.852371548652,5792.751576461265,0.9938116807649038,0.9955069712422785,0.9870572500241596,0.9914901705034455,5830.979131005684,5840.925888108555,5791.348942054002,5817.358162215541
2024-10-17,0.9936117606114173,0.9951060762115241,0.9866798458118926,0.9912868148314278,5804.153291258776,5812.882291007332,5763.660718914796,5790.572190233341,0.9936117606114173,0.9951060762115241,0.9866798458118926,0.9912868148314278,5823.490923725387,5832.249005784569,5782.863442731977,5809.864574697884
2024-10-18,0.9935123538483995,0.9950187212399573,0.9865390770720761,0.9911273466702768,5826.622096244093,5835.45644389434,5785.726129132293,5812.634816196773,0.9935123538483995,0.9950187212399573,0.9865390770720761,0.9911273466702768,5816.381232205233,5825.200052616599,5775.5571437963945,5802.41853618462
2024-10-21,0.9936544342737857,0.9951586640457013,0.986862750443681,0.9911953660090308,5816.833185150056,5825.638916150254,5777.074803842299,5802.4378487095455,0.9936544342737857,0.9951586640457013,0.986862750443681,0.9911953660090308,5809.271540685079,5818.065824596293,5769.56484364166,5794.894917591274
2024-10-22,0.9936087569083363,0.9948236649710561,0.9865496489370582,0.9909546600302681,5813.803558422057,5820.912228478644,5772.499305860515,5798.2739067691045,0.9936087569083363,0.9948236649710561,0.9865496489370582,0.9909546600302681,5802.161849164925,5809.25628463839,5760.9403052973685,5786.663294484479
2024-10-23,0.9936969709251364,0.9949755647755367,0.9867558003042107,0.9909642227172891,5760.8786931808045,5768.291238740992,5720.637811799637,5745.0358040656665,0.9936969709251364,0.9949755647755367,0.9867558003042107,0.9909642227172891,5795.052157644772,5802.508674337799,5754.572567829854,5779.115288698254
2024-10-24,0.9938956790580814,0.9951322862353424,0.9869068946110797,0.9909830599501026,5774.394749932385,5781.579264507266,5733.790890725128,5757.472840681703,0.9938956790580814,0.9951322862353424,0.9869068946110797,0.9909830599501026,5787.942466124618,5795.143836797611,5747.24334332963,5770.980855185034
2024-10-25,0.994148548700266,0.9955495183766305,0.9874660666954596,0.9912197499604931,5774.134068676989,5782.2710686736755,5735.321411295233,5757.123254140539,0.994148548700266,0.9955495183766305,0.9874660666954596,0.9912197499604931,5781.344319861154,5789.491480656527,5742.483196509345,5764.31226365553
2024-10-28,0.9943565841217258,0.9957840662986702,0.9877094848339739,0.9913831080282289,5790.655454764553,5798.968425771633,5751.9459391203445,5773.339357264552,0.9943565841217258,0.9957840662986702,0.9877094848339739,0.9913831080282289,5774.746173597691,5783.036305498884,5736.143008706524,5757.477650446742
2024-10-29,0.9944548737179836,0.995972322797241,0.9879168676907748,0.991539838847709,5800.575722007101,5809.426881090483,5762.440055890875,5783.572556811579,0.9944548737179836,0.995972322797241,0.9879168676907748,0.991539838847709,5768.148027334228,5776.949704659589,5730.225555872503,5751.239917091155
2024-10-30,0.9943950315211627,0.995816069373575,0.9876594863542464,0.9914654263754475,5781.0845629036385,5789.346008035072,5741.926326033092,5764.052805356148,0.9943950315211627,0.995816069373575,0.9876594863542464,0.9914654263754475,5761.549881070765,5769.783410211632,5722.52396257233,5744.575675001916
2024-10-31,0.9943000934251847,0.9957200424871194,0.987464096312022,0.9913722667145064,5672.929468032719,5681.030916408135,5633.927028303426,5656.22489912628,0.9943000934251847,0.9957200424871194,0.987464096312022,0.9913722667145064,5754.951734807301,5763.170318282607,5715.385376817721,5738.005642255112
2024-11-01,0.9942442140085689,0.9956904237472655,0.987338389637906,0.991359516465145,5695.82625321229,5704.111299563335,5656.264166557636,5679.300397925523,0.9942442140085689,0.9956904237472655,0.987338389637906,0.991359516465145,5747.44375775187,5755.803885995975,5707.523146083161,5730.768139573406
2024-11-04,0.9941616490614229,0.9956006579480361,0.9872813053562012,0.9913407332588118,5679.3373109767,5687.557922653166,5640.032040295317,5663.222293480281,0.9941616490614229,0.9956006579480361,0.9872813053562012,0.9913407332588118,5739.935780696439,5748.244106213531,5700.211123187898,5723.6488161318475
2024-11-05,0.9941804722673973,0.9956759764430314,0.9873653876801992,0.9914004505284195,5749.107067809015,5757.755209535704,5709.697069261549,5733.030869297723,0.9941804722673973,0.9956759764430314,0.9873653876801992,0.9914004505284195,5732.427803641008,5741.050855446999,5693.132141071092,5716.398245270286
2024-11-06,0.9940601871331392,0.9953936446803985,0.9870884730232466,0.9912952789800151,5893.822611919867,5901.72873505587,5852.487040093751,5877.429360883669,0.9940601871331392,0.9953936446803985,0.9870884730232466,0.9912952789800151,5724.919826585577,5732.599379241469,5684.768832863439,5708.99636670921
2024-11-07,0.9934769417699708,0.9944697148481919,0.9856375508654239,0.9905160910716561,5934.137120886213,5940.067053759735,5887.311655074264,5916.451663580109,0.9934769417699708,0.9944697148481919,0.9856375508654239,0.9905160910716561,5717.411849530145,5723.125210678923,5672.296533244191,5700.372296667373
2024-11-08,0.9929946840661787,0.9940591853376579,0.9847730072402148,0.9899388001203454,5953.539348106137,5959.921608059341,5904.2459558289975,5935.2176736735355,0.9929946840661787,0.9940591853376579,0.9847730072402148,0.9899388001203454,5709.895687114876,5716.016758371831,5662.619586041313,5692.323812015618
2024-11-11,0.992571604582737,0.9936848888890264,0.9840376374061319,0.9894690578825744,5956.769599162609,5963.450807934159,5905.55427524729,5938.150130523589,0.992571604582737,0.9936848888890264,0.9840376374061319,0.9894690578825744,5702.379524699606,5708.775405464323,5653.351404745693,5684.555219938371
2024-11-12,0.9924134517110401,0.9936709537752848,0.9840758893692125,0.9894212624562961,5938.592170904347,5946.117050681766,5888.700281226474,5920.6869403258515,0.9924134517110401,0.9936709537752848,0.9840758893692125,0.9894212624562961,5694.863362284337,5702.079409609489,5647.019111252298,5677.692989461918
2024-11-13,0.9928420327138091,0.9943671972718757,0.9853565059816504,0.9901142421108516,5942.536845764579,5951.665535207139,5897.73312377245,5926.209982445449,0.9928420327138091,0.9943671972718757,0.9853565059816504,0.9901142421108516,5687.3471998690675,5696.083877097519,5644.467478728212,5671.721459080119
2024-11-14,0.9934269538271174,0.9948762792978451,0.9865752828677409,0.9908645978875333,5910.065830899673,5918.688114510361,5869.304075578278,5894.821939814577,0.9934269538271174,0.9948762792978451,0.9865752828677409,0.9908645978875333,5679.831037453798,5688.117428073962,5640.657212721577,5665.180993242106
2024-11-15,0.9937568974364298,0.9948679429560376,0.9870652831258664,0.9911743677170035,5833.969117228254,5840.491643276574,5794.685192424374,5818.808066606795,0.9937568974364298,0.9948679429560376,0.9870652831258664,0.9911743677170035,5672.5653897986895,5678.907462369231,5634.368301720202,5657.823787760671
2024-11-18,0.9939635943656393,0.9949587331362518,0.9872761899376614,0.991311937144788,5858.043719025219,5863.908688786476,5818.6306985404,5842.415858995266,0.9939635943656393,0.9949587331362518,0.9872761899376614,0.991311937144788,5665.29974214358,5670.971740044214,5627.183506502563,5650.186076960371
2024-11-19,0.9938645775570567,0.9945111316311124,0.986735509144003,0.9909599906429954,5880.676828113553,5884.502475638659,5838.494272894883,5863.490445434791,0.9938645775570567,0.9945111316311124,0.986735509144003,0.9909599906429954,5658.034094488472,5661.7149027973155,5617.448573026235,5641.498389160731
2024-11-20,0.993712653417012,0.9943357682035572,0.9864411262800369,0.9906768918859888,5879.907078660335,5883.5941173949495,5836.880652722869,5861.944143747503,0.993712653417012,0.9943357682035572,0.9864411262800369,0.9906768918859888,5650.768446833363,5654.311802513153,5609.418750857752,5633.5055233789535
2024-11-21,0.993603993140643,0.9943399452053314,0.9862098335780612,0.9904431012967103,5910.662010035674,5915.039975442407,5866.676299104149,5891.858781114754,0.993603993140643,0.9943399452053314,0.9862098335780612,0.9904431012967103,5643.5027991782545,5647.68288255735,5601.505222198817,5625.5494675770515
2024-11-22,0.9932028564986561,0.9938343425423622,0.985329053235487,0.9898500346131389,5928.765539411688,5932.535094311825,5881.764130640722,5908.751405617595,0.9932028564986561,0.9938343425423622,0.985329053235487,0.9898500346131389,5634.5113025233095,5638.093768307985,5589.84264980057,5615.4905026074775
2024-11-25,0.9928678856389239,0.9937182695797384,0.9850589591365875,0.9895086232750137,5944.667392437924,5949.758955733639,5897.912460165629,5924.554245738118,0.9928678856389239,0.9937182695797384,0.9850589591365875,0.9895086232750137,5625.519805868364,5630.338021635878,5581.274975980251,5606.486460914191
2024-11-26,0.9927208095810451,0.9937679343957607,0.9851308212940739,0.9895048594302163,5977.797408597509,5984.102806795545,5932.093307429034,5958.432146690773,0.9927208095810451,0.9937679343957607,0.9851308212940739,0.9895048594302163,5616.528309213419,5622.4526397083255,5573.586342379498,5598.333389867694
2024-11-27,0.9924144318667822,0.9933579612300719,0.9849229837334027,0.9894189213088145,5953.236149016541,5958.896136349282,5908.296899440912,5935.266860012038,0.9924144318667822,0.9933579612300719,0.9849229837334027,0.9894189213088145,5607.536812558473,5612.868129262951,5565.207146807565,5590.610984812684
2024-11-29,0.9920337625629826,0.9928256186910509,0.9846533443383734,0.9893160008637577,5984.324628609685,5989.101405679522,5939.803141319917,5967.930057290515,0.9920337625629826,0.9928256186910509,0.9846533443383734,0.9893160008637577,5598.545315903528,5603.0141581788275,5556.893904993839,5583.207620146453
2024-12-02,0.9916723696554466,0.9921397779599782,0.9843671271980764,0.9892478554632161,5996.791570161933,5999.618058290682,5952.615673235848,5982.130169164388,0.9916723696554466,0.9921397779599782,0.9843671271980764,0.9892478554632161,5587.461741653712,5590.095298964792,5546.301209210681,5573.80110059351
2024-12-03,0.9912253975583745,0.991212457073477,0.9838138094260254,0.9890068253255714,5996.794708180459,5996.716419799687,5951.9554893703225,5983.372612400668,0.9912253975583745,0.991212457073477,0.9838138094260254,0.9890068253255714,5576.378167403896,5576.305367576899,5534.682486130166,5563.897052823615
2024-12-04,0.99086767233039,0.990566266951213,0.9833333768951686,0.9887087972511629,6030.906178962195,6029.071678135888,5985.048765138675,6017.76620738123,0.99086767233039,0.990566266951213,0.9833333768951686,0.9887087972511629,5565.294593154082,5563.601723587415,5522.9775665522875,5553.169083218471
2024-12-05,0.9904181286419083,0.9897873841679335,0.9823598559090678,0.9880823962292189,6016.899077493743,6013.067235432454,5967.9441842317365,6002.70924615609,0.9904181286419083,0.9897873841679335,0.9823598559090678,0.9880823962292189,5554.211018904266,5550.6738381861915,5509.02066352633,5541.1123585217465
2024-12-06,0.9901013802475342,0.9894275261926656,0.9818671274277211,0.9875967882150533,6029.984733080151,6025.880779945406,5979.835910159228,6014.731091362492,0.9901013802475342,0.9894275261926656,0.9818671274277211,0.9875967882150533,5543.12744465445,5539.354842191962,5497.02760710012,5529.105372662755
2024-12-09,0.9902566875057859,0.9896841336293609,0.9821909523672827,0.9876274212294087,5993.8751909693965,5990.409608238478,5945.054506036307,5977.9606365884265,0.9902566875057859,0.9896841336293609,0.9821909523672827,0.9876274212294087,5533.044007939946,5529.844871963237,5487.976836931858,5518.353023067701
2024-12-10,0.9905282433429271,0.9901193542539771,0.9828191257639657,0.9879015155730245,5977.748801032664,5975.281192180869,5931.224970264214,5961.8967353468015,0.9905282433429271,0.9901193542539771,0.9828191257639657,0.9879015155730245,5522.9605712254415,5520.680698509593,5479.976282070948,5508.314533616706
2024-12-11,0.990882111183797,0.9905969277337929,0.9835997386331335,0.9882905242403337,6028.715032043346,6026.979921748665,5984.407693794325,6012.947324677795,0.990882111183797,0.9905969277337929,0.9835997386331335,0.9882905242403337,5512.877134510936,5511.290486308366,5472.360886749051,5498.458567214724
2024-12-12,0.9909758477985425,0.9906764497231743,0.9837776415223498,0.9883847644308817,5996.64259899093,5994.830866387359,5953.0844532621195,5980.963305762373,0.9909758477985425,0.9906764497231743,0.9837776415223498,0.9883847644308817,5502.793697796432,5501.1311690416405,5462.822749745512,5488.405660734072
2024-12-13,0.9909045599120866,0.9906084696816132,0.9837842157824731,0.988364792641981,5996.052673438428,5994.261004805713,5952.966830279165,5980.684313107965,0.9909045599120866,0.9906084696816132,0.9837842157824731,0.988364792641981,5492.7102610819275,5491.068995199296,5453.241286121683,5478.63200742397
2024-12-16,0.990602714100718,0.9901161928023171,0.9831628439978486,0.9879953415605567,6017.000133664889,6014.044964376698,5971.809767470452,6001.162744266146,0.990602714100718,0.9901161928023171,0.9831628439978486,0.9879953415605567,5481.288126038214,5478.5960645507685,5440.121196982153,5466.860788074055
2024-12-17,0.990247507767598,0.9896691211494111,0.9824564046975073,0.9875230600782094,5991.601472973705,5988.101881117838,5944.460546826785,5975.116902539815,0.990247507767598,0.9896691211494111,0.9824564046975073,0.9875230600782094,5469.8659909945,5466.671135902566,5426.829993043346,5454.816860707845
2024-12-18,0.9900871943375446,0.9894638828867558,0.9821945521062552,0.9872638950519956,5813.950419101156,5810.290234532292,5767.603561096267,5797.371553968526,0.9900871943375446,0.9894638828867558,0.9821945521062552,0.9872638950519956,5458.443855950786,5455.007481277566,5414.930976740764,5442.878741355979
2024-12-19,0.989875227753807,0.9890476309720998,0.981594324051595,0.9868387066516823,5807.677151249806,5802.821574723787,5759.0924267566315,5789.861639021952,0.989875227753807,0.9890476309720998,0.981594324051595,0.9868387066516823,5447.021720907072,5442.467674579091,5401.454096756055,5430.312547937063
2024-12-20,0.9896024598961243,0.9887513464339841,0.9811851663523923,0.9865148359108422,5869.183749274929,5864.135922997995,5819.262043861086,5850.871514561819,0.9896024598961243,0.9887513464339841,0.9811851663523923,0.9865148359108422,5435.599585863359,5430.924666216516,5389.3658312451635,5418.640161917037
2024-12-23,0.9893758331334894,0.9885235629587923,0.9810426356350788,0.986372206002732,5910.600483447784,5905.508961765232,5860.817378268454,5892.656604714741,0.9893758331334894,0.9885235629587923,0.9810426356350788,0.986372206002732,5420.862826265444,5416.19317540757,5375.204625377321,5404.405732700184
2024-12-24,0.9890403036903773,0.9879591996831254,0.9805077712617601,0.9860859376922119,5973.842995902027,5967.313084454065,5922.306158731882,5955.998507098468,0.9890403036903773,0.9879591996831254,0.9805077712617601,0.9860859376922119,5406.126066667529,5400.2167174402275,5359.4869703587965,5389.97740723114
2024-12-26,0.9880168103093148,0.9864944761687732,0.9782596584895017,0.9849203163787734,5965.240413755416,5956.049184371824,5906.330731499631,5946.545052965319,0.9880168103093148,0.9864944761687732,0.9782596584895017,0.9849203163787734,5391.389307069614,5383.082266216196,5338.146686660831,5374.4924242510915
2024-12-27,0.9869790045465539,0.9855187974350925,0.9764364096459626,0.9837787188402618,5893.093719506745,5884.375056477348,5830.1455721705,5873.985325600189,0.9869790045465539,0.9855187974350925,0.9764364096459626,0.9837787188402618,5376.652547471699,5368.697944334744,5319.2208600010335,5359.218717353623
2024-12-30,0.9864442189264258,0.9852368895542464,0.9758570979693316,0.983356609949328,5826.866814545261,5819.7351923835595,5764.329326278963,5808.628493574083,0.9864442189264258,0.9852368895542464,0.9758570979693316,0.983356609949328,5361.915787873784,5355.353228838366,5304.368437583918,5345.132781796564
2024-12-31,0.9863388258358641,0.98532751194792,0.9760950217694144,0.9834849228401469,5801.280028200993,5795.331854098245,5741.0297628896415,5784.494426724294,0.9863388258358641,0.98532751194792,0.9760950217694144,0.9834849228401469,5347.789122117732,5342.3059217535865,5292.248670377692,5332.315665130837
2025-01-02,0.9866100444151156,0.9857445939644085,0.9768801248393005,0.9839577986137779,5789.970376152327,5784.891436909829,5732.869856625677,5774.4055390548865,0.9866100444151156,0.9857445939644085,0.9768801248393005,0.9839577986137779,5333.662456361681,5328.983788631804,5281.0620322744635,5319.324285028726
2025-01-03,0.9869684652374977,0.9860464242892352,0.9776961856643495,0.9844669981910273,5865.030495619873,5859.551294946052,5809.930252424827,5850.165602740234,0.9869684652374977,0.9860464242892352,0.9776961856643495,0.9844669981910273,5319.53579060563,5314.566199380133,5269.56031034751,5306.053451552864
2025-01-06,0.987028939792862,0.9857907794174307,0.9776359374015479,0.9844941194841603,5897.872986259472,5890.474507515327,5841.746227630461,5882.726471683262,0.987028939792862,0.9857907794174307,0.9776359374015479,0.9844941194841603,5305.409124849578,5298.753851545009,5254.920513434527,5291.78413549672
2025-01-07,0.98682684854171,0.9853522737089667,0.9768879400620696,0.9841511233692782,5831.18945283842,5822.476145914496,5772.460144464971,5815.378512522766,0.98682684854171,0.9853522737089667,0.9768879400620696,0.9841511233692782,5291.282459093526,5283.3759130174385,5237.99086880231,5276.935446047453
2025-01-08,0.9865574216449982,0.9851111291266196,0.9761689206213193,0.9837172547144561,5838.69346065051,5830.133939953616,5777.211714467123,5821.88464271383,0.9865574216449982,0.9851111291266196,0.9761689206213193,0.9837172547144561,5277.733400062158,5269.996246437811,5222.158592528067,5262.53951114885
2025-01-10,0.9864360720405254,0.9851786587937822,0.9760129287748485,0.9835405521060753,5748.002449223023,5740.675451937721,5687.266376488193,5731.1301387441845,0.9864360720405254,0.9851786587937822,0.9760129287748485,0.9835405521060753,5264.18434103079,5257.474068250499,5208.560515910532,5248.732198585772
2025-01-13,0.9866587676408822,0.9856789276109339,0.9767285189905776,0.9838543559127444,5758.35763288107,5752.639070901485,5700.402517103189,5741.990469065077,0.9866587676408822,0.9856789276109339,0.9767285189905776,0.9838543559127444,5250.635281999422,5245.420933532967,5197.790148877071,5235.711233637473
2025-01-14,0.9870890138544821,0.9862680703093886,0.9778036852376628,0.9844745618982755,5767.472269940492,5762.675570691429,5713.218930511992,5752.196262461053,0.9870890138544821,0.9862680703093886,0.9778036852376628,0.9844745618982755,5237.086222968054,5232.730635914101,5187.822108088498,5223.215021760987
2025-01-15,0.9871968099075086,0.9861748957941235,0.9779730813753074,0.9846154629590147,5873.732171236784,5867.651874234413,5818.851816605755,5858.373389214471,0.9871968099075086,0.9861748957941235,0.9779730813753074,0.9846154629590147,5223.537163936686,5218.129927713831,5174.731810946809,5209.878528107285
2025-01-16,0.9870146484897818,0.9859444012416703,0.9777788186197612,0.9844864297151247,5860.241553064321,5853.887131268219,5805.405290943853,5845.230658604799,0.9870146484897818,0.9859444012416703,0.9777788186197612,0.9844864297151247,5207.809095848204,5202.1621245879,5159.077864879754,5194.469394404969
2025-01-17,0.9863148489077613,0.9848305282146161,0.9763405429133285,0.9837415486217845,5914.594801851216,5905.69383532346,5854.78228006664,5899.163594958311,0.9863148489077613,0.9848305282146161,0.9763405429133285,0.9837415486217845,5192.081027759723,5184.2673835481155,5139.575070887925,5178.534862852701
2025-01-21,0.9855567458680421,0.9839503023608047,0.9752428214596818,0.983077833310749,5961.869289374795,5952.1515270530745,5899.477885286765,5946.873752376715,0.9855567458680421,0.9839503023608047,0.9752428214596818,0.983077833310749,5176.352959671241,5167.915577817688,5122.182042206698,5163.333185410137
2025-01-22,0.9850984967102799,0.9835866559420671,0.974886077854517,0.9828598184537312,5995.673937422546,5986.472315126119,5933.517377671396,5982.0485132422355,0.9850984967102799,0.9835866559420671,0.974886077854517,0.9828598184537312,5160.624891582759,5152.70482762306,5107.125202844711,5148.897151896249
2025-01-23,0.9849450022131859,0.9833801990192746,0.975126635147848,0.9829135387840207,6026.592834491843,6017.018257541226,5966.51709374549,6014.162898893175,0.9849450022131859,0.9833801990192746,0.975126635147848,0.9829135387840207,5144.896823494278,5136.723015856635,5093.610218239313,5134.285398774854
2025-01-24,0.984850633239897,0.9831064950171775,0.9752209104169364,0.982936103843978,6008.810077548589,5998.168671658604,5950.056827472229,5997.129074217032,0.984850633239897,0.9831064950171775,0.9752209104169364,0.982936103843978,5130.276590273109,5121.191038421675,5080.1135097997485,5120.303437990147
2025-01-27,0.9849709921493184,0.9832338714941166,0.9756490141107308,0.9830860993622419,5921.921396679503,5911.4773409066465,5865.875054557664,5910.5888934736195,0.9849709921493184,0.9832338714941166,0.9756490141107308,0.9830860993622419,5115.656357051941,5106.634251433015,5067.240681267075,5105.8667654340925
2025-01-28,0.9851871322994423,0.9834202558481291,0.9762237408566705,0.9833725477610298,5977.819962653326,5967.099086409693,5923.43279239602,5966.8096080496,0.9851871322994423,0.9834202558481291,0.9762237408566705,0.9833725477610298,5101.036123830772,5091.887708967234,5054.626074366466,5091.640689220717
2025-01-29,0.9854582876428394,0.9835518711429363,0.9768423844180738,0.9837695703562567,5951.488091144277,5939.974650912247,5899.453980639918,5941.289403948245,0.9854582876428394,0.9835518711429363,0.9768423844180738,0.9837695703562567,5086.4158906096045,5076.575974196276,5041.9451427109525,5077.699622707726
2025-01-30,0.9857915195165773,0.9838245684257897,0.9775565347382139,0.9842636245101828,5984.907899543458,5972.966205089601,5934.911907006603,5975.631789217487,0.9857915195165773,0.9838245684257897,0.9775565347382139,0.9842636245101828,5071.795657388436,5061.675896969474,5029.42751036071,5063.934795223404
2025-01-31,0.9858964699561586,0.9837435186958017,0.9776887304154777,0.9844177440497797,5955.337203664275,5942.3322369875505,5905.758106736605,5946.404915465016,0.9858964699561586,0.9837435186958017,0.9776887304154777,0.9844177440497797,5056.756983042994,5045.71429078095,5014.658704468995,5049.172456897544
2025-02-03,0.9854425102971823,0.9830594529697112,0.9765987862926109,0.9837641316905686,5907.30410895218,5893.018704988642,5854.289786346096,5897.242950908332,0.9854425102971823,0.9830594529697112,0.9765987862926109,0.9837641316905686,5041.718308697552,5029.5261172373275,4996.472071839484,5033.131392605066
2025-02-04,0.9851984515173686,0.9831485829462604,0.9763986123867521,0.9834757203296616,5948.51002644769,5936.133165999567,5895.377653757722,5938.108382264058,0.9851984515173686,0.9831485829462604,0.9763986123867521,0.9834757203296616,5026.679634352109,5016.220794730895,4981.781094291153,5017.889915120037
2025-02-05,0.9850768278908605,0.9831361490805137,0.9760540226371179,0.9831575583869112,5971.023490723893,5959.260104928552,5916.331937134437,5959.3898770110945,0.9850768278908605,0.9831361490805137,0.9760540226371179,0.9831575583869112,5011.640960006667,5001.767633235825,4965.736864911224,5001.876554442608
2025-02-06,0.9851742111065395,0.9835023829443251,0.9763951736887336,0.983180663711672,5993.37627546141,5983.205591808608,5939.968386797569,5981.248390336416,0.9851742111065395,0.9835023829443251,0.9763951736887336,0.983180663711672,4996.602285661225,4988.123114848207,4952.076801809547,4986.491420641139
2025-02-07,0.9852522019935551,0.9836327707481247,0.9765466753344862,0.9832331054152599,5937.119916691143,5927.361240200492,5884.66050009886,5924.952860901301,0.9852522019935551,0.9836327707481247,0.9765466753344862,0.9832331054152599,4980.869158317752,4972.682244217932,4936.859016391318,4970.661765881434
2025-02-10,0.9850502688320389,0.98331943379896,0.9761512629543598,0.9830518465737033,5975.748352853434,5965.248345975363,5921.763067636846,5963.625044128576,0.9850502688320389,0.98331943379896,0.9761512629543598,0.9830518465737033,4965.1360309742795,4956.411774295884,4920.280680824986,4955.063003562462
2025-02-11,0.9848779722075887,0.9830870671019484,0.9760296391420784,0.9830138659580209,5976.731974341752,5965.863866708174,5923.035865133703,5965.4196455662495,0.9848779722075887,0.9830870671019484,0.9760296391420784,0.9830138659580209,4949.402903630807,4940.402894309738,4904.936516319325,4940.035029493459
2025-02-12,0.9846286332339378,0.9828077201735642,0.9757720115076203,0.9829274235894693,5958.942949472795,5947.922838258805,5905.3429404837725,5948.6472797407605,0.9846286332339378,0.9828077201735642,0.9757720115076203,0.9829274235894693,4933.669776287334,4924.545743704912,4889.291982003993,4925.145540527018
2025-02-13,0.9842561740518929,0.9822219950220158,0.9751222112581108,0.9825768097408585,6018.795402259509,6006.356255099277,5962.940580398135,6008.525971942031,0.9842561740518929,0.9822219950220158,0.9751222112581108,0.9825768097408585,4917.936648943861,4907.772665353733,4872.297869571305,4909.5455333888885
2025-02-14,0.9836514706554862,0.9813348457656863,0.973917189164094,0.9818716381105718,6014.664792014156,6000.499487964238,5955.143262378444,6003.781774540045,0.9836514706554862,0.9813348457656863,0.973917189164094,0.9818716381105718,4901.714465352563,4890.170301518232,4853.206767433528,4892.845235557686
2025-02-18,0.9834111638696965,0.9811245120907186,0.9736124144220943,0.9815655600905919,6027.897401832414,6013.881186821027,5967.8351831933805,6016.58462582009,0.9834111638696965,0.9811245120907186,0.9736124144220943,0.9815655600905919,4885.492281761265,4874.132415178794,4836.813034915216,4876.323499313723
2025-02-19,0.9834547333733347,0.9810715798525896,0.973674424662393,0.9815537823178767,6042.493400055774,6027.850947351289,5982.4017162894415,6030.813671628382,0.9834547333733347,0.9810715798525896,0.973674424662393,0.9815537823178767,4869.270098169967,4857.47065505975,4820.845942852001,4859.8581305233465
2025-02-20,0.9834356572239431,0.9810584483480689,0.97368361346977,0.9814803243134347,6016.1873017806165,6001.644678938279,5956.528979073588,6004.225513593923,0.9834356572239431,0.9810584483480689,0.97368361346977,0.9814803243134347,4853.047914578669,4841.316889276877,4804.923631859792,4843.398758343643
2025-02-21,0.9835071242786529,0.9812406203768247,0.9739392044098095,0.9815652539405366,5913.956194213696,5900.327411606496,5856.423048212758,5902.279475427459,0.9835071242786529,0.9812406203768247,0.9739392044098095,0.9815652539405366,4836.825730987372,4825.679208383596,4789.771307210228,4827.275735684052
2025-02-24,0.9834915471798679,0.9811953533343407,0.974079878419653,0.981601919911864,5884.475799663945,5870.737097837694,5828.163432554389,5873.16968731266,0.9834915471798679,0.9811953533343407,0.974079878419653,0.981601919911864,4820.7518835066185,4809.496696985227,4774.618980755347,4811.489552541521
2025-02-25,0.9836000809845283,0.9812958309795579,0.974435125291245,0.9817839891506258,5857.584382283112,5843.861997441012,5803.004779890687,5846.7691013892645,0.9836000809845283,0.9812958309795579,0.974435125291245,0.9817839891506258,4804.6780360258645,4793.422262869245,4759.909168910082,4795.806812126591
2025-02-26,0.983825010918405,0.9815257780180365,0.9749084436011325,0.9820729227675096,5859.720794530675,5846.026425422107,5806.613184594961,5849.285252378653,0.983825010918405,0.9815257780180365,0.9749084436011325,0.9820729227675096,4788.604188545111,4777.413055797971,4745.204283959359,4780.076191630044
2025-02-27,0.9838833354547218,0.9814362064979594,0.9748165744733572,0.9819981141010589,5767.101042601334,5752.7570249222435,5713.955588435796,5756.050685671344,0.9838833354547218,0.9814362064979594,0.9748165744733572,0.9819981141010589,4772.530341064357,4760.660034114552,4728.550134957154,4763.385683577278
2025-02-28,0.9833838881378592,0.9806293475167499,0.9734715414793076,0.9811988463508384,5855.559361916882,5839.157449788488,5796.536293738537,5842.548530596067,0.9833838881378592,0.9806293475167499,0.9734715414793076,0.9811988463508384,4756.456493583604,4743.133260630373,4708.512200211056,4745.88782724486
2025-03-03,0.9826826235918799,0.9799584132951802,0.9721352994267485,0.9802951814317651,5748.418196877892,5732.482329421082,5686.719303762639,5734.452328725025,0.9826826235918799,0.9799584132951802,0.9721352994267485,0.9802951814317651,4737.674810124693,4724.540943512723,4686.824422815804,4726.16455817655
2025-03-04,0.9821000949017273,0.9794420369701294,0.9712599092196356,0.9796755877463444,5674.721663356416,5659.363005918953,5612.085444457437,5660.71249733654,0.9821000949017273,0.9794420369701294,0.9712599092196356,0.9796755877463444,4718.893126665782,4706.121423079955,4666.807114280127,4707.243611295118
2025-03-05,0.9816371135941989,0.9789625560222729,0.9707570730501741,0.9793076494063698,5735.342448998875,5719.7159986924125,5671.774397715139,5721.7322516511385,0.9816371135941989,0.9789625560222729,0.9707570730501741,0.9793076494063698,4700.111443206871,4687.305571795491,4648.017443952615,4688.9578904997325
2025-03-06,0.9808985609727789,0.9780838667399387,0.9695966971924126,0.9786481121431476,5628.906010113512,5612.753830964473,5564.050038772604,5615.991764495696,0.9808985609727789,0.9780838667399387,0.9695966971924126,0.9786481121431476,4681.3297597479595,4667.896656264029,4627.39171420411,4670.589512490898
2025-03-07,0.9802566432760949,0.9773587286348797,0.9689385228132937,0.9782024296979569,5656.276883031723,5639.555335968983,5590.969064337267,5644.423659843151,0.9802566432760949,0.9773587286348797,0.9689385228132937,0.9782024296979569,4662.548076289048,4648.76427137599,4608.713928718596,4652.777298776106
2025-03-10,0.9793882147491757,0.9762054346016514,0.9676275831365118,0.9775130337999309,5498.8338950021325,5480.963984897048,5432.803123174934,5488.305579051741,0.9793882147491757,0.9762054346016514,0.9676275831365118,0.9775130337999309,4640.044421229692,4624.965373876337,4584.326114349254,4631.1603824274
2025-03-11,0.978298840147203,0.9748663037283855,0.9658966675976154,0.9765570172214034,5451.149618219025,5432.0232850158245,5382.043844620644,5441.444058948865,0.978298840147203,0.9748663037283855,0.9658966675976154,0.9765570172214034,4617.540766170335,4601.339298689427,4559.002889003699,4609.319414945877
2025-03-12,0.9774335839523097,0.9738861565742021,0.9647983303991444,0.9758479736933587,5472.943866624168,5453.0807565059295,5402.195291403929,5464.065559101224,0.9774335839523097,0.9738861565742021,0.9647983303991444,0.9758479736933587,4595.037111110977,4578.360212834715,4535.637209226775,4587.5829596440535
2025-03-13,0.9765331159258598,0.9727537652115863,0.9633889852264531,0.9750152635518048,5391.947130246954,5371.079369691079,5319.3715497075655,5383.566278006561,0.9765331159258598,0.9727537652115863,0.9633889852264531,0.9750152635518048,4572.53345605162,4554.836967011632,4510.987179337011,4565.426241100559
2025-03-14,0.9758676428734352,0.9720651250945465,0.9625463810629812,0.9744272753573859,5502.859086104729,5481.4169165006415,5427.741290031287,5494.736940103778,0.9758676428734352,0.9720651250945465,0.9625463810629812,0.9744272753573859,4550.0298009922635,4532.30037903725,4487.918777364189,4543.314018201158
2025-03-17,0.9749955361276554,0.9711623716899398,0.9610456119933876,0.9735698571054876,5533.21666698878,5511.462998825011,5454.049173535914,5525.125767456495,0.9749955361276554,0.9711623716899398,0.9610456119933876,0.9735698571054876,4525.516208874022,4507.724283525257,4460.766571113704,4518.898810861004
2025-03-18,0.9741558166786053,0.9703316693582217,0.9597359132792515,0.9726965190507144,5469.553697672698,5448.082410678833,5388.590842852482,5461.3602376532845,0.9741558166786053,0.9703316693582217,0.9597359132792515,0.9726965190507144,4501.00261675578,4483.333475124421,4434.3767014528785,4494.26005839981
2025-03-19,0.9737431289538929,0.9701618340556364,0.959602220868415,0.9725250390021002,5526.274642320739,5505.949755197613,5446.020888072307,5519.361628598229,0.9737431289538929,0.9701618340556364,0.959602220868415,0.9725250390021002,4476.489024637537,4460.025106352168,4411.480483924078,4470.889225123594
2025-03-20,0.9733035343731602,0.9696745819416882,0.9590577319298437,0.9722223466415552,5511.710851766426,5491.160493331767,5431.038439568193,5505.588204572997,0.9733035343731602,0.9696745819416882,0.9590577319298437,0.9722223466415552,4451.975432519295,4435.376286928912,4386.813887066762,4447.029985339606
2025-03-21,0.9730621631171558,0.9695260996841137,0.9594048320237613,0.9723727923804886,5514.888193196268,5494.847341525696,5437.484449784589,5510.981143183963,0.9730621631171558,0.9695260996841137,0.9594048320237613,0.9723727923804886,4427.461840401053,4411.372646402513,4365.32057692409,4424.325183005286
2025-03-24,0.973160895364394,0.9696597107556673,0.9603361981718954,0.9729422314833225,5612.773585276817,5592.580257963064,5538.806246490279,5611.512426036266,0.973160895364394,0.9696597107556673,0.9603361981718954,0.9729422314833225,4403.8018577101,4387.958102214434,4345.7668240482235,4402.812347742875
2025-03-25,0.9730755269610389,0.969146124985713,0.9602662874518519,0.9730217404535632,5621.116742819485,5598.4179628987185,5547.122249408741,5620.806036991075,0.9730755269610389,0.969146124985713,0.9602662874518519,0.9730217404535632,4380.141875019147,4362.454308474687,4322.483158088343,4379.899763767576
2025-03-26,0.9730839900262112,0.9690044954836922,0.9605417906322073,0.9732160016680562,5558.450367827723,5535.147479101946,5486.806816449294,5559.204444728271,0.9730839900262112,0.9690044954836922,0.9605417906322073,0.9732160016680562,4356.481892328195,4338.218058695646,4300.330660666809,4357.072906396013
2025-03-27,0.9732066254263887,0.969047484161572,0.9607559845740641,0.9733425496938504,5540.767012606313,5517.08773205192,5469.881654535365,5541.540871597495,0.9732066254263887,0.969047484161572,0.9607559845740641,0.9733425496938504,4332.821909637241,4314.304959663151,4277.390300290828,4333.427059282468
2025-03-28,0.9732804216684,0.9689878581235596,0.960901091946642,0.9734211402139252,5431.81963650604,5407.863096916099,5362.7313400886915,5432.604978265504,0.9732804216684,0.9689878581235596,0.960901091946642,0.9734211402139252,4309.161926946288,4290.156765654011,4254.352916993462,4309.784952936838
2025-03-31,0.9735671857285093,0.9693981756932001,0.9617376333918446,0.9738245739514865,5463.513011230535,5440.117152263885,5397.1273379500235,5464.957435329649,0.9735671857285093,0.9693981756932001,0.9617376333918446,0.9738245739514865,4286.123474518916,4267.76943379139,4234.043943998084,4287.256624568279
2025-04-01,0.9740895981998053,0.9699707693402277,0.962856252277526,0.9744541085092905,5487.114892931377,5463.913241647357,5423.836669016963,5489.168205020429,0.9740895981998053,0.9699707693402277,0.962856252277526,0.9744541085092905,4263.085022091543,4245.059044140157,4213.922492445662,4264.680294686215
2025-04-02,0.9741756305796309,0.9698262256509226,0.9629735753490352,0.974563314034894,5524.520775748169,5499.855430879613,5460.994256597118,5526.719316992463,0.9741756305796309,0.9698262256509226,0.9629735753490352,0.974563314034894,4240.04656966417,4221.116020727038,4191.290232138651,4241.733940866042
2025-04-03,0.9739139606143843,0.9696200954703409,0.9626317801336033,0.9743100739126913,5255.746166734738,5232.574237607604,5194.861654126593,5257.883800071318,0.9739139606143843,0.9696200954703409,0.9626317801336033,0.9743100739126913,4217.008117236797,4198.415854573956,4168.156731394079,4218.723271821143
2025-04-04,0.9732680590588771,0.9687500251176719,0.9612444217876358,0.9735555941146766,4938.439993109468,4915.515127449077,4877.431095704207,4939.898968985398,0.9732680590588771,0.9687500251176719,0.9612444217876358,0.9735555941146766,4193.969664809425,4174.500724965333,4142.157864856779,4195.208699924538
2025-04-07,0.9725191989932002,0.9682129315702904,0.9604132704778945,0.9729735848507493,4923.135315103327,4901.335912841702,4861.8520784767215,4925.435529910706,0.9725191989932002,0.9682129315702904,0.9604132704778945,0.9729735848507493,4167.27815184216,4148.825648111581,4115.403832587771,4169.22521083969
2025-04-08,0.9721416387855719,0.9680428666650704,0.9601550176256148,0.9727986290985661,4843.958193491585,4823.534954732713,4784.231617174385,4847.231825113462,0.9721416387855719,0.9680428666650704,0.9601550176256148,0.9727986290985661,4140.586638874894,4123.128975916292,4089.5327168536387,4143.3849197048885
2025-04-09,0.9718288110141668,0.9676912920463866,0.9599995562669925,0.9727062258083498,5303.172638823206,5280.594611567926,5238.621578593351,5307.960603613584,0.9718288110141668,0.9676912920463866,0.9599995562669925,0.9727062258083498,4113.8951259076275,4096.38039602723,4063.8201405851246,4117.609352533016
2025-04-10,0.9706397134699046,0.9662131102853029,0.957606809772021,0.9714451216953154,5113.3785425451315,5090.05897563849,5044.720554219495,5117.621473347006,0.9706397134699046,0.9662131102853029,0.957606809772021,0.9714451216953154,4087.2036129403623,4068.563917615637,4032.3242067694896,4090.5950540313333
2025-04-11,0.968178700490817,0.9634113929683599,0.9523198826162161,0.9684328212572125,5192.690915064428,5167.122128590782,5107.634365628509,5194.053856218083,0.968178700490817,0.9634113929683599,0.9523198826162161,0.9684328212572125,4060.5120999730966,4040.5181568410935,3994.000698887283,4061.5778747585578
2025-04-14,0.9656623034426391,0.9614624639904022,0.948255322612477,0.9658356602940789,5220.341442541804,5197.637236458195,5126.239826383373,5221.278604479981,0.9656623034426391,0.9614624639904022,0.948255322612477,0.9658356602940789,4031.277663653589,4013.7449103148965,3958.610052251435,4032.0013634403144
2025-04-15,0.9636929913882579,0.9598847229946394,0.9454936786568101,0.9640744510613197,5200.694508115615,5180.142692654561,5102.4795510497015,5202.75310483105,0.9636929913882579,0.9598847229946394,0.9454936786568101,0.9640744510613197,4002.043227334081,3986.2281753738134,3926.4647631241223,4003.627360574356
2025-04-16,0.9634616957117113,0.9607726228749663,0.9467185561531591,0.9646038925598717,5082.934868066275,5068.748126501459,4994.603086697221,5088.960755978115,0.9634616957117113,0.9607726228749663,0.9467185561531591,0.9646038925598717,3972.8087910145737,3961.720470375519,3903.7688983821395,3977.518609474029
2025-04-17,0.9635999714465282,0.9612289316184768,0.9472283076106466,0.9652767923725658,5090.409569160574,5077.884077060927,5003.922980614762,5099.267711066554,0.9635999714465282,0.9612289316184768,0.9472283076106466,0.9652767923725658,3943.5743546950657,3933.870772153622,3876.5726158407656,3950.436816502128
2025-04-21,0.9640015402001864,0.9618309673879472,0.9482679406448751,0.9659591108016666,4972.512744660601,4961.316495980509,4891.355691434394,4982.610285337157,0.9640015402001864,0.9618309673879472,0.9482679406448751,0.9659591108016666,3914.339918375558,3905.5262812075885,3850.4534470050853,3922.288657489421
2025-04-22,0.9651656701212944,0.9633224837635745,0.950404679387926,0.9674331692913933,5103.564423840576,5093.818096745679,5025.5118474803,5115.554415252258,0.9651656701212944,0.9633224837635745,0.950404679387926,0.9674331692913933,3889.1790465039803,3881.751843088897,3829.698961744396,3898.3160377307877
2025-04-23,0.9662410274422224,0.9641306232210151,0.9515192248847703,0.9682692110659018,5194.376489785545,5183.031252148926,5115.234140289041,5205.279721000738,0.9662410274422224,0.9641306232210151,0.9515192248847703,0.9682692110659018,3864.018174632402,3855.5786238009155,3805.1453768213546,3872.1289235664794
2025-04-24,0.9668000429338706,0.9646756645518996,0.9516782954553623,0.9685561457030128,5302.6758714824055,5291.024144664322,5219.736564564708,5312.307691267514,0.9668000429338706,0.9646756645518996,0.9516782954553623,0.9685561457030128,3838.857302760824,3830.4220678587767,3778.813624481481,3845.8302316399563
2025-04-25,0.9673106408397147,0.9657848748792986,0.9525811668276305,0.9689970558091064,5344.594425874,5336.16424853185,5263.2109887676925,5353.912222727033,0.9673106408397147,0.9657848748792986,0.9525811668276305,0.9689970558091064,3813.6964308892457,3807.680981506243,3755.62434928783,3820.3452513180005
2025-04-28,0.9678606452221199,0.9664244860029965,0.9532205941451009,0.9693833811612251,5351.059542271795,5343.119376989067,5270.118359879726,5359.478368595123,0.9678606452221199,0.9664244860029965,0.9532205941451009,0.9693833811612251,3788.5355590176678,3782.91394365711,3731.2294226798354,3794.496065089252
2025-04-29,0.9690670904690886,0.9683701122353652,0.9561723516834983,0.971015809273669,5388.817348693222,5384.941571221786,5317.111898412148,5399.653842683297,0.9690670904690886,0.9683701122353652,0.9561723516834983,0.971015809273669,3767.8064976285214,3765.096593284894,3717.6707732195423,3775.38326444494
2025-04-30,0.9708695020252562,0.9708443367176379,0.9595142261965338,0.9729855787293857,5406.830508948774,5406.690361840729,5343.592296542069,5418.615067078674,0.9708695020252562,0.9708443367176379,0.9595142261965338,0.9729855787293857,3747.077436239375,3746.9803105637243,3703.2516720647645,3755.2444486492354
2025-05-01,0.972137707623294,0.9720615397610997,0.9622189563844472,0.9746243999753371,5447.995812800007,5447.56895743677,5392.409742232337,5461.931584877786,0.972137707623294,0.9720615397610997,0.9622189563844472,0.9746243999753371,3726.3483748502285,3726.056412109479,3688.3283265900054,3735.8802363675054
2025-05-02,0.9725814441524858,0.9718101866923866,0.9633608409514871,0.9754318437329165,5530.749721018617,5526.363834357994,5478.315193413593,5546.959002800664,0.9725814441524858,0.9718101866923866,0.9633608409514871,0.9754318437329165,3705.619313461082,3702.6807559171584,3670.488018792844,3716.4795820790278
2025-05-05,0.9726423824374486,0.9711502469046627,0.9639470110781603,0.9761167014065936,5495.799064876911,5487.367932105168,5446.666912455816,5515.430287293788,0.9726423824374486,0.9711502469046627,0.9639470110781603,0.9761167014065936,3684.8902520719357,3679.2372435471025,3651.947528478408,3698.0528330299107
2025-05-06,0.9723880899885414,0.9698054377816273,0.963672796225437,0.9762141651771356,5452.092505637653,5437.611807152184,5403.226637884365,5473.544964873333,0.9723880899885414,0.9698054377816273,0.963672796225437,0.9762141651771356,3663.1152347330485,3653.3860404508814,3630.2835642431537,3677.5285687268233
2025-05-07,0.9718233305734576,0.9687769062876528,0.9629595174210481,0.9757979091549058,5472.6092849917,5455.454016839533,5422.6946712628,5494.991249865838,0.9718233305734576,0.9687769062876528,0.9629595174210481,0.9757979091549058,3641.3402173941618,3629.9255220249925,3608.1282556147607,3656.23262878264
2025-05-08,0.971192004882375,0.9676505817331108,0.9615136917357705,0.9747139398620952,5500.773244133478,5480.714835901435,5445.9558591699,5520.721272542515,0.971192004882375,0.9676505817331108,0.9615136917357705,0.9747139398620952,3619.5652000552745,3606.3665617578977,3583.494798646925,3632.691207297268
2025-05-09,0.9705494653664567,0.9671258867279937,0.9607488229881084,0.9738338665061057,5493.222624522262,5473.845477550639,5437.751870718625,5511.812039376573,0.9705494653664567,0.9671258867279937,0.9607488229881084,0.9738338665061057,3597.790182716388,3585.099106110036,3561.459571870271,3609.965333595349
2025-05-12,0.970453641968518,0.9671633119574216,0.9607718423715373,0.9735392601087858,5671.515469855993,5652.286156108443,5614.933193469315,5689.5484085351645,0.970453641968518,0.9671633119574216,0.9607718423715373,0.9735392601087858,3576.0151653775006,3563.8906603935116,3540.3387964200724,3587.38532958419
2025-05-13,0.9703626244955089,0.9670298598415381,0.9606689277289151,0.9733822231392503,5712.088107224038,5692.469621450206,5655.025676522645,5729.8631256203535,0.9703626244955089,0.9670298598415381,0.9606689277289151,0.9733822231392503,3553.4685047038356,3541.263918570242,3517.970181412428,3564.5262767227855
2025-05-14,0.9702329699154999,0.9668941735154033,0.9607999013895276,0.9733304837799067,5717.175393864676,5697.501268973395,5661.590282929903,5735.427742111802,0.9702329699154999,0.9668941735154033,0.9607999013895276,0.9733304837799067,3530.92184403017,3518.771124040829,3496.5925347329508,3542.19447617642
2025-05-15,0.9698611220133803,0.9662107082885109,0.9602458068316984,0.9729884241240172,5738.600368674631,5717.001126193539,5681.707221816681,5757.1043963521215,0.9698611220133803,0.9662107082885109,0.9602458068316984,0.9729884241240172,3508.375183356505,3495.1701784020543,3473.5927465746972,3519.687884594637
2025-05-16,0.9689623191977612,0.9654494430919961,0.9594250000350041,0.9724556149748571,5773.445703461556,5752.514652730488,5716.618731708568,5794.260087153889,0.9689623191977612,0.9654494430919961,0.9594250000350041,0.9724556149748571,3485.82852268284,3473.1909995475075,3451.518149091642,3498.3956058569825
2025-05-19,0.968475160715258,0.9649211185990793,0.9589985541157364,0.9721539491174387,5775.5984684415125,5754.4035828774695,5719.083777324606,5797.537290956758,0.968475160715258,0.9649211185990793,0.9589985541157364,0.9721539491174387,3463.281862009175,3450.5725535033293,3429.3933730929693,3476.437265125588
2025-05-20,0.968536899987709,0.9648804789327681,0.9591816671534654,0.9721815026224145,5753.554712900986,5731.833889880952,5697.980326458475,5775.205329068349,0.968536899987709,0.9648804789327681,0.9591816671534654,0.9721815026224145,3442.741343608136,3429.7443045323466,3409.4874253960998,3455.696373170441
2025-05-21,0.9690121385116697,0.9652131201649741,0.9594277945692065,0.9722118114778879,5663.4980348666895,5641.294254247408,5607.4812824171295,5682.1988754817785,0.9690121385116697,0.9652131201649741,0.9594277945692065,0.9722118114778879,3422.2008252070973,3408.784064772076,3388.3523846712087,3433.500914267079
2025-05-22,0.9694504367573885,0.9653926605943035,0.9593054792281223,0.9718881208253157,5663.539146041031,5639.8335771185275,5604.272202705482,5677.780120742703,0.9694504367573885,0.9653926605943035,0.9593054792281223,0.9718881208253157,3401.6603068060585,3387.422161580152,3366.0631292371195,3410.21378496234
2025-05-23,0.96987307358985,0.965965757600953,0.9596481743782972,0.9718605132938596,5627.998868888653,5605.325417521962,5568.66561924587,5639.531623751874,0.96987307358985,0.965965757600953,0.9596481743782972,0.9718605132938596,3381.11978840502,3367.4983117712663,3345.474290040305,3388.0482947162805
2025-05-27,0.9703452978714207,0.9665817814693884,0.9603265925526374,0.9721418291770147,5745.938495157532,5723.652682242242,5686.6123308641445,5756.576727144859,0.9703452978714207,0.9665817814693884,0.9603265925526374,0.9721418291770147,3360.579270003981,3347.5451519114486,3325.8816695926243,3366.801164289177
2025-05-28,0.9706051550755095,0.9668096532532858,0.960488372400456,0.9722376541443196,5715.456985919892,5693.106983664637,5655.883805298706,5725.070038311534,0.9706051550755095,0.9668096532532858,0.960488372400456,0.9722376541443196,3340.0674342822945,3327.0062713914153,3305.253343118696,3345.685225355952
2025-05-29,0.9702521725366002,0.9663883324189291,0.9596053848495119,0.9717032602184027,5736.295786905712,5713.45210727722,5673.350168145738,5744.874863965434,0.9702521725366002,0.9663883324189291,0.9596053848495119,0.9717032602184027,3319.555598560608,3306.336115566794,3283.1293944522868,3324.520252466547
2025-05-30,0.9698490018079656,0.9661448123324017,0.9589000917818433,0.9712107908412333,5733.446645498132,5711.548625617335,5668.720083585805,5741.49712010821,0.9698490018079656,0.9661448123324017,0.9589000917818433,0.9712107908412333,3299.0437628389213,3286.4435713009066,3261.7998895511955,3303.6760319943564
2025-06-02,0.969454093897631,0.9658936888663232,0.9580723602241259,0.9706817095192171,5754.621334130704,5733.486983489162,5687.060045948798,5761.908386803501,0.969454093897631,0.9658936888663232,0.9580723602241259,0.9706817095192171,3278.5319271172348,3266.491231593756,3240.040803639167,3282.683518239426
2025-06-03,0.9694816963480491,0.966223212801222,0.9583550534094288,0.9707898525240405,5788.164435425502,5768.710083012032,5721.7342602240515,5795.974611813956,0.9694816963480491,0.966223212801222,0.9583550534094288,0.9707898525240405,3258.020091395548,3247.069699136432,3220.6281257912847,3262.4162539225126
2025-06-04,0.969619961543557,0.9662461907264158,0.9584611130871533,0.970917697185363,5789.416562583886,5769.272418051191,5722.789198631906,5797.165095531338,0.969619961543557,0.9662461907264158,0.9584611130871533,0.970917697185363,3238.47543106037,3227.2072287391766,3201.2055129499167,3242.8097941703345
2025-06-05,0.9697759960141336,0.9662621127860332,0.9586662318976005,0.9710900056400092,5759.790573126744,5738.920566470088,5693.806351109419,5767.594870497707,0.9697759960141336,0.9662621127860332,0.9586662318976005,0.9710900056400092,3218.930770725191,3207.2673073128603,3182.054665606906,3223.2922996093303
2025-06-06,0.9698785540305591,0.9660598770193679,0.9586364298481077,0.9711702349633212,5819.620480462805,5796.707043671934,5752.163688203391,5827.371031064514,0.9698785540305591,0.9660598770193679,0.9586364298481077,0.9711702349633212,3199.3861103900126,3186.789252629937,3162.3011621651635,3203.6470418418535
2025-06-09,0.9699321147991826,0.9659164371888825,0.9585902963512769,0.9711844439276519,5825.295889630115,5801.178211783966,5757.178289050207,5832.817228096206,0.9699321147991826,0.9659164371888825,0.9585902963512769,0.9711844439276519,3179.841450054834,3166.6763863143333,3142.6582453033197,3183.947106534352
2025-06-10,0.9700053103005777,0.9658658098079693,0.9585921435857496,0.971196563868076,5857.677767896232,5832.680110926463,5788.755822607061,5864.871521852177,0.9700053103005777,0.9658658098079693,0.9585921435857496,0.971196563868076,3160.2967897196554,3146.810213946396,3123.1124632562987,3164.177917776511
2025-06-11,0.9699484823461468,0.9656327631339247,0.9583294573707355,0.971030828635205,5841.262548324259,5815.272251455646,5771.289991356338,5847.780697440076,0.9699484823461468,0.9656327631339247,0.9583294573707355,0.971030828635205,3141.7600297273752,3127.780984069518,3104.1248471207136,3145.2658574813004
2025-06-12,0.9698699117971331,0.9653588118674519,0.9580373859181095,0.9708283013692192,5863.115782990737,5835.845011029833,5791.585087595311,5868.909497135286,0.9698699117971331,0.9653588118674519,0.9580373859181095,0.9708283013692192,3123.223269735095,3108.6964016457714,3085.1195821007072,3126.3095234445896
2025-06-13,0.9700794648790969,0.9656008571985959,0.9585716061276122,0.9710930131140818,5798.135859198416,5771.367355450292,5729.3537326765545,5804.193806592474,0.9700794648790969,0.9656008571985959,0.9585716061276122,0.9710930131140818,3104.686509742815,3090.3529697066747,3067.8562343733497,3107.9303156845517
2025-06-16,0.9704626636170701,0.965944784283376,0.9592020530436461,0.9714433568302908,5854.908000494782,5827.651137507879,5786.971498238152,5860.824630526396,0.9704626636170701,0.965944784283376,0.9592020530436461,0.9714433568302908,3086.1497497505347,3071.782528117179,3050.3400975031373,3089.2684334753494
2025-06-17,0.9706724380245241,0.9661125973166035,0.9596319755529213,0.9716652615938935,5807.261408418081,5779.98115821799,5741.209412779974,5813.201193843019,0.9706724380245241,0.9661125973166035,0.9596319755529213,0.9716652615938935,3067.6129897582546,3053.20253980738,3032.7218516522285,3070.7506068972907
2025-06-18,0.9706668311121062,0.9660711981954242,0.9596432578927007,0.9716546724037459,5805.432130193462,5777.946247151067,5739.501571832717,5811.340280539392,0.9706668311121062,0.9660711981954242,0.9596432578927007,0.9716546724037459,3049.087739692346,3034.6517998484683,3014.4601611313474,3052.1907763621475
2025-06-20,0.9706130068607564,0.9659296216786267,0.9595426925534078,0.9715963778314539,5792.463126863896,5764.513433438576,5726.39726232793,5798.331727477664,0.9706130068607564,0.9659296216786267,0.9595426925534078,0.9715963778314539,3030.5624896264376,3015.9394716397537,2995.997447687907,3033.632886536553
2025-06-23,0.9703435272674992,0.9654584064256132,0.9589006980536703,0.9712735516025672,5846.484710186318,5817.051026643412,5777.539718892032,5852.08826490924,0.9703435272674992,0.9654584064256132,0.9589006980536703,0.9712735516025672,3012.037239560529,2996.8733666824887,2976.5176253729214,3014.9241222491896
2025-06-24,0.9701769218699392,0.965303636588201,0.958668552781938,0.971063640717601,5910.492439877607,5880.8035087499065,5840.381383887067,5915.8944907069545,0.9701769218699392,0.965303636588201,0.958668552781938,0.971063640717601,2993.5119894946206,2978.4753115544845,2958.0025477960276,2996.2479889210654
2025-06-25,0.9698051055857467,0.9646325434109613,0.9577730419285686,0.9704601649321499,5908.207872045263,5876.695795666522,5834.906615115548,5912.198598393046,0.9698051055857467,0.9646325434109613,0.9577730419285686,0.9704601649321499,2974.986739428712,2959.119320511008,2938.0770246603543,2976.996207988801
2025-06-26,0.9691307478957878,0.9638006577425884,0.9566469677940155,0.9696615815173472,5951.451305442991,5918.719115210391,5874.788162162406,5954.71116532966,0.9691307478957878,0.9638006577425884,0.9566469677940155,0.9696615815173472,2956.2674698287133,2940.008392129063,2918.186547212756,2957.8867417078836
2025-06-27,0.968484551239627,0.9630394896856497,0.9557195708317482,0.9690326052331734,5978.522928720804,5944.910182593793,5899.72381111434,5981.906104386745,0.968484551239627,0.9630394896856497,0.9557195708317482,0.9690326052331734,2937.548200228714,2921.0325720263363,2898.830241150148,2939.210524134975
2025-06-30,0.9682374992960413,0.9627059741972583,0.9555908138525029,0.968964027620789,6007.865271256971,5973.542434595278,5929.393220414087,6012.373343185614,0.9682374992960413,0.9627059741972583,0.9555908138525029,0.968964027620789,2918.828930628715,2902.1537083815233,2880.704491763252,2921.019108033264
2025-07-01,0.9683477826260051,0.9627107870217129,0.9561524678621743,0.9693204223027967,6001.829240193806,5966.891085068447,5926.242557334435,6007.857670636957,0.9683477826260051,0.9627107870217129,0.9561524678621743,0.9693204223027967,2900.109661028716,2883.227394445886,2863.585851297919,2903.0226245052404
2025-07-02,0.9685389024564296,0.9627188760991446,0.9565383598800183,0.9696463100322363,6031.498531935219,5995.254783397336,5956.766113084024,6038.394824020949,0.9685389024564296,0.9627188760991446,0.9565383598800183,0.9696463100322363,2881.390391428717,2864.075890192669,2845.688936397944,2884.6849142818846
2025-07-03,0.9687054446181352,0.9628438329175506,0.9569367752002876,0.9699135790305019,6082.8405336628875,6046.033422230822,6008.940939353926,6090.426832485183,0.9687054446181352,0.9628438329175506,0.9569367752002876,0.9699135790305019,2864.5508184276355,2847.21749518939,2829.7497839129705,2868.1233826564653
2025-07-07,0.9690501327208172,0.9631702925403656,0.9575502843971565,0.9703347874800965,6037.1629458480365,6000.5316591206265,5965.519120788596,6045.166319305251,0.9690501327208172,0.9631702925403656,0.9575502843971565,0.9703347874800965,2847.711245426554,2830.4323798263085,2813.9170728794224,2851.4864121397754
2025-07-08,0.9695228734285316,0.9636170639436725,0.958214464656561,0.970738365288272,6035.784038986792,5999.017303922613,5965.3833140087145,6043.351107869443,0.9695228734285316,0.9636170639436725,0.958214464656561,0.970738365288272,2830.871672425472,2813.627531795445,2797.8526948127283,2834.420739258351
2025-07-09,0.9700609894703214,0.9641782922602911,0.9587776627647917,0.9710861337422512,6075.744192909885,6038.899330782191,6005.073784088209,6082.164938022493,0.9700609894703214,0.9641782922602911,0.9587776627647917,0.9710861337422512,2814.0320994243903,2796.9670911827347,2781.300504316138,2817.005921605743
2025-07-10,0.9707787374956646,0.9649592149746696,0.9595402579931028,0.9714319032164577,6096.9370296920215,6060.3877512798135,6026.354208715363,6101.039210874834,0.9707787374956646,0.9649592149746696,0.9595402579931028,0.9714319032164577,2797.1925264233087,2780.4242101486107,2764.8100795703585,2799.0745518552126
2025-07-11,0.9715888836435032,0.9659900160023778,0.9606928281010926,0.9720160195131186,6081.903514387419,6046.856002670885,6013.696930705814,6084.577278147244,0.9715888836435032,0.9659900160023778,0.9606928281010926,0.9720160195131186,2782.057411602467,2766.025557512945,2750.8575362340716,2783.2804767608172
2025-07-14,0.9722154561062013,0.9666583451171327,0.9613086960742881,0.9723615908902304,6094.39091952909,6059.555835867453,6026.02123986344,6095.306974190863,0.9722154561062013,0.9666583451171327,0.9613086960742881,0.9723615908902304,2766.9222967816254,2751.1067754331716,2735.8816901666955,2767.338195942378
2025-07-15,0.9724113291650103,0.9669195446065185,0.9613866493690357,0.9723665973440757,6071.502960587325,6037.213575832397,6002.6675058644105,6071.223665833047,0.9724113291650103,0.9669195446065185,0.9613866493690357,0.9723665973440757,2751.7871819607835,2736.2462047005492,2720.5888900056343,2751.6605972041257
2025-07-16,0.972795739923525,0.9674449284195392,0.961922233690149,0.9726313811242455,6093.300676158983,6059.784798141468,6025.192295164986,6092.271181947936,0.972795739923525,0.9674449284195392,0.961922233690149,0.9726313811242455,2736.652067139942,2721.59925722076,2706.0629083994168,2736.1896958225716
2025-07-17,0.9729458829203391,0.9675754928407501,0.9620575554565203,0.9727028401489148,6126.990485267226,6093.171205595626,6058.422767429673,6125.45995744017,0.9729458829203391,0.9675754928407501,0.9620575554565203,0.9727028401489148,2721.5169523191003,2706.494937324496,2691.0602041120565,2720.837114895271
2025-07-18,0.97292934674443,0.9675507928957973,0.961959566772492,0.9726613658208367,6126.331781286859,6092.4641571983275,6057.257380457359,6124.6443616869865,0.97292934674443,0.9675507928957973,0.961959566772492,0.9726613658208367,2706.618845812419,2691.6560992793447,2676.101713909867,2705.8733423279746
2025-07-21,0.9728478778854258,0.967455940515126,0.9617818343972271,0.9725416611492196,6134.389578794341,6100.390178512179,6064.611534975155,6132.458698542519,0.9728478778854258,0.967455940515126,0.9617818343972271,0.9725416611492196,2691.720739305738,2676.8020763013837,2661.1026956872556,2690.873484603019
2025-07-22,0.9726814411168108,0.9671584903020966,0.9614111560130402,0.9722725372417955,6137.250274499452,6102.402553579915,6066.139058202998,6134.670246431578,0.9726814411168108,0.9671584903020966,0.9614111560130402,0.9722725372417955,2676.8226327990565,2661.6234533804704,2645.806769877654,2675.6973279448557
2025-07-23,0.9725413631601453,0.9668885129273752,0.9610591583795207,0.972031146927615,6184.302999612679,6148.357033739016,6111.288692811118,6181.058580509481,0.9725413631601453,0.9668885129273752,0.9610591583795207,0.972031146927615,2661.9245262923755,2646.452217094982,2630.496801283189,2660.528023115717
2025-07-24,0.9726290396721835,0.9670207817066038,0.9612355076971804,0.972050362345791,6189.178999597989,6153.491691272718,6116.677967904853,6185.4966732330895,0.9726290396721835,0.9670207817066038,0.9612355076971804,0.972050362345791,2647.026419785694,2631.7634506593904,2616.0187293689332,2645.451539631994
2025-07-25,0.9726866264568664,0.9669926112295214,0.9613374750400729,0.9720612036595135,6214.144689247395,6177.76767580537,6141.639046540012,6210.149088147315,0.9726866264568664,0.9669926112295214,0.9613374750400729,0.9720612036595135,2633.156715035755,2617.7424654474635,2602.433465172699,2631.4636350716714
2025-07-28,0.9727774753009306,0.9670275284917106,0.9615292558703277,0.972111376250927,6215.824328353628,6179.083490730478,6143.9507932825445,6211.568108626886,0.9727774753009306,0.9670275284917106,0.9615292558703277,0.972111376250927,2619.2870102858165,2603.8047840114414,2589.0002121315842,2617.4934813097284
2025-07-29,0.9729715145199637,0.9671799404866837,0.9618003351609459,0.9722631366342155,6198.665302994656,6161.767995648993,6127.4952832634635,6194.152326657458,0.9729715145199637,0.9671799404866837,0.9618003351609459,0.9722631366342155,2605.4173055358774,2589.9086632093395,2575.5031882252697,2603.5204154678286
2025-07-30,0.9733313581490685,0.9675250067537657,0.9623576979028423,0.972562245238231,6193.210098766707,6156.264865473536,6123.385795985995,6188.31631022634,0.9733313581490685,0.9675250067537657,0.9623576979028423,0.972562245238231,2591.547600785939,2576.0878748644072,2562.3296344224304,2589.4997958918225
2025-07-31,0.9738013480971192,0.9680930525024557,0.9630515760087692,0.9729573408889922,6173.306528113397,6137.119416103543,6105.159530434232,6167.956037258269,0.9738013480971192,0.9680930525024557,0.9630515760087692,0.9729573408889922,2577.6778960359998,2562.5678867849792,2549.2229653114628,2575.443786657598
2025-08-01,0.9743616177665451,0.9687120523742695,0.9637762224099132,0.9733664654158164,6078.077515243886,6042.835469831217,6012.045713155263,6071.869744928517,0.9743616177665451,0.9687120523742695,0.9637762224099132,0.9733664654158164,2565.3940821992887,2550.519356676373,2537.5238232415413,2562.7739482522047
2025-08-04,0.97488906802757,0.9693052925966634,0.964468395376327,0.9737619212431132,6170.989307270436,6135.644343819324,6105.027074628427,6163.854535753631,0.97488906802757,0.9693052925966634,0.964468395376327,0.9737619212431132,2553.1102683625777,2538.4870718816474,2525.8198542819664,2550.1584145325096
2025-08-05,0.9754952047700084,0.969966883757182,0.9651153631996449,0.9741410070468657,6144.829638935189,6110.005694494403,6079.4450447135705,6136.299290179545,0.9754952047700084,0.969966883757182,0.9651153631996449,0.9741410070468657,2540.826454525867,2526.4270969382383,2513.790569647289,2537.2992394429075
2025-08-06,0.9759350101369223,0.9705131614099446,0.9655557344249375,0.9743885743886322,6192.36619541938,6157.964239935784,6126.509068270294,6182.553967810335,0.9759350101369223,0.9705131614099446,0.9655557344249375,0.9743885743886322,2528.542640689156,2514.4952138060835,2501.651053703727,2524.5359919983903
2025-08-07,0.9761727137133751,0.9707860529719503,0.9656422892012297,0.9744164520524902,6188.9350049427985,6154.783575842165,6122.172113535797,6177.800306012788,0.9761727137133751,0.9707860529719503,0.9656422892012297,0.9744164520524902,2516.258826852445,2502.3737505258296,2489.1147843516123,2511.731749989526
2025-08-08,0.9760146240775326,0.970577511963706,0.9649140051691241,0.9740016907628833,6236.19663981219,6201.4564838165015,6165.2697903278595,6223.335103044905,0.9760146240775326,0.970577511963706,0.9649140051691241,0.9740016907628833,2504.5934276613652,2490.6410186197295,2476.107648375783,2499.427952241408
2025-08-11,0.9760320666340205,0.9708276993575052,0.9649872124922265,0.9739464937087978,6220.691575088598,6187.521800470092,6150.297749458581,6207.399280328337,0.9760320666340205,0.9708276993575052,0.9649872124922265,0.9739464937087978,2492.9280284702854,2479.6353165834503,2464.717862634854,2487.6011715170744
2025-08-12,0.9762224803307383,0.9711106846045595,0.9652007433242724,0.974089213661042,6292.49581481666,6259.546406396686,6221.452343289862,6278.745289847798,0.9762224803307383,0.9711106846045595,0.9652007433242724,0.974089213661042,2481.262629279206,2468.269988811042,2453.2487034632154,2475.8405098623175
2025-08-13,0.9765061142160579,0.9715331976064417,0.9657369907551964,0.974413660684339,6314.654908067276,6282.497144977864,6245.015509677738,6301.123889908133,0.9765061142160579,0.9715331976064417,0.9657369907551964,0.974413660684339,2469.5972300881263,2457.0206564182045,2442.3619705416236,2464.3053866774276
2025-08-14,0.9768199537611324,0.9719025664293015,0.9661121309211096,0.9747199548102403,6318.598943702035,6286.790627050594,6249.334963348434,6305.015016488232,0.9768199537611324,0.9719025664293015,0.9661121309211096,0.9747199548102403,2457.9318308970464,2445.5584116182745,2430.988177159467,2452.647690000483
2025-08-15,0.9770456846824975,0.9721158231224241,0.9664387598678709,0.9749470100983025,6301.749257065173,6269.952635975011,6233.336713395794,6288.213225732032,0.9770456846824975,0.9721158231224241,0.9664387598678709,0.9749470100983025,2447.1406743113344,2434.793181321485,2420.574222455329,2441.8842650997262
2025-08-18,0.977228921109748,0.9722108079661538,0.9666286082066771,0.9751620534989015,6302.295896574931,6269.933332194921,6233.932888616091,6288.966357322441,0.977228921109748,0.9722108079661538,0.9666286082066771,0.9751620534989015,2436.3495177256227,2423.838756661158,2409.9216596554693,2431.1965675845545
2025-08-19,0.9775340657248512,0.9725743749070563,0.9671678396317492,0.9755073727524385,6267.332582966339,6235.534170047854,6200.870871979808,6254.338704443801,0.9775340657248512,0.9725743749070563,0.9671678396317492,0.9755073727524385,2425.5583611399106,2413.2518646672265,2399.8366116324437,2420.529521473792
2025-08-20,0.9778504452434084,0.9727813881746941,0.9675231717603169,0.9757675102552985,6254.116320678886,6221.695746859945,6188.065351481199,6240.794326740633,0.9778504452434084,0.9727813881746941,0.9675231717603169,0.9757675102552985,2414.767204554199,2402.249346811139,2389.2643667319758,2409.6234700261093
2025-08-21,0.9780482996923198,0.9729442647512792,0.9677753145293407,0.9759151826349075,6230.3339372510245,6197.820366990656,6164.893275355371,6216.7456189654085,0.9780482996923198,0.9729442647512792,0.9677753145293407,0.9759151826349075,2403.976047968487,2391.4306780208926,2378.7257507380677,2398.732991654044
2025-08-22,0.9782118065330172,0.9731295717390833,0.9678381299744095,0.9759365951299509,6326.007713786435,6293.141358775195,6258.922081112809,6311.294126411831,0.9782118065330172,0.9731295717390833,0.9678381299744095,0.9759365951299509,2393.258741938926,2380.824724308044,2367.8788682304635,2387.692289414246
2025-08-25,0.9782787100669057,0.9732504045409384,0.967892031329023,0.9759254476661731,6299.449663308027,6267.070794968555,6232.566515177604,6284.2962536657415,0.9782787100669057,0.9732504045409384,0.967892031329023,0.9759254476661731,2382.541435909365,2370.2952875011983,2357.2452782603946,2376.810200913022
2025-08-26,0.9781914762058478,0.9731744590541334,0.9676972096666363,0.9757720484796475,6324.927393658439,6292.487661776483,6257.07209587189,6309.283519146492,0.9781914762058478,0.9731744590541334,0.9676972096666363,0.9757720484796475,2371.824129879805,2359.6593516846274,2346.3786468547064,2365.9577354150315
2025-08-27,0.9780207393991379,0.9730398147707245,0.9674222653931214,0.9755910597704925,6338.943620341573,6306.660255454974,6270.2506709189765,6323.19589479647,0.9780207393991379,0.9730398147707245,0.9674222653931214,0.9755910597704925,2361.106823850244,2349.082032702711,2335.520322163808,2355.241167918971
2025-08-28,0.9777092079627466,0.9726739076491238,0.9669352775481359,0.9752944543933998,6356.928390884664,6324.189573187531,6286.877803679123,6341.22800124227,0.9777092079627466,0.9726739076491238,0.9669352775481359,0.9752944543933998,2350.389517820683,2338.284776472405,2324.48924716148,2344.584508078227
2025-08-29,0.9776705603164377,0.9727290211122808,0.9672099565777266,0.9754133486678118,6316.006013989871,6284.082385930823,6248.427794080824,6301.4238398647185,0.9776705603164377,0.9727290211122808,0.9672099565777266,0.9754133486678118,2339.7590765402806,2327.932995573637,2314.724782231757,2334.3571224906104
2025-09-02,0.9776464885345534,0.9725839122472598,0.9671468474697416,0.9754434053997103,6272.130153052968,6239.650992378785,6204.769285816025,6257.996185078057,0.9776464885345534,0.9725839122472598,0.9671468474697416,0.9754434053997103,2329.1286352598777,2317.067638225461,2304.1144660782743,2323.8800468637664
2025-09-03,0.9775463650985198,0.9724031090034405,0.9669935933194892,0.9753511461801082,6303.473124210182,6270.308071662525,6235.426108058329,6289.317781867345,0.9775463650985198,0.9724031090034405,0.9669935933194892,0.9753511461801082,2318.498193979475,2306.2996626428944,2293.4696294175333,2313.291677665322
2025-09-04,0.9774529235844278,0.9721273209158916,0.9668438820702254,0.9752406800366299,6355.477105379837,6320.8496107808005,6286.496268731171,6341.09292085257,0.9774529235844278,0.9721273209158916,0.9668438820702254,0.9752406800366299,2307.8677526990723,2295.293452325269,2282.8187051113,2302.6444161864997
2025-09-05,0.97738578818574,0.9718663068747874,0.9668416369698664,0.9752065533098788,6334.925986125873,6299.151468008934,6266.584070020189,6320.80127527798,0.97738578818574,0.9718663068747874,0.9668416369698664,0.9752065533098788,2297.23731141867,2284.2643804015997,2272.4544489265645,2292.1152606095766
2025-09-08,0.9772790882208553,0.9715202338884615,0.9665733806324422,0.9750673270700303,6347.574269857688,6310.16964714064,6278.039093214807,6333.208549418907,0.9772790882208553,0.9715202338884615,0.9665733806324422,0.9750673270700303,2286.766853797168,2273.291524833424,2261.7162233736763,2281.59148255554
2025-09-09,0.9770029267056566,0.9710652144520526,0.9658982306421692,0.9746695300952518,6362.839030492526,6324.169026292582,6290.518475862497,6347.642528393638,0.9770029267056566,0.9710652144520526,0.9658982306421692,0.9746695300952518,2276.296396175667,2262.462258493008,2250.4238230860697,2270.8598696823196
2025-09-10,0.9768826626500167,0.9710537166585852,0.9657327657984024,0.9744524336883997,6381.036627736415,6342.9617193625445,6308.205055505797,6365.162274949975,0.9768826626500167,0.9710537166585852,0.9657327657984024,0.9744524336883997,2265.825938554165,2252.30601694353,2239.964362272263,2260.1891553166374
2025-09-11,0.9770476449939819,0.9713241090842228,0.966140606750981,0.9746097227815101,6436.2720499685065,6398.568428869045,6364.422262753885,6420.212310531515,0.9770476449939819,0.9713241090842228,0.966140606750981,0.9746097227815101,2255.355480932664,2242.1436297496343,2230.1783581913814,2249.7279342596257
2025-09-12,0.9772107618802442,0.9715786765898191,0.9664618171432889,0.9747689388190862,6434.239047340473,6397.15576448358,6363.464877998386,6418.161376177121,0.9772107618802442,0.9715786765898191,0.9664618171432889,0.9747689388190862,2244.885023311162,2231.946786840905,2220.192146403051,2239.2755762671873
2025-09-15,0.9774804311810644,0.9720094817791559,0.9670263319981437,0.9750834089523464,6466.306746783472,6430.114884624014,6397.14995354068,6450.449773574278,0.9774804311810644,0.9720094817791559,0.9670263319981437,0.9750834089523464,2235.423519772449,2222.911873934451,2211.515788787698,2229.9417119565937
2025-09-16,0.9778090573767448,0.9723823123032747,0.9676172575694593,0.9754171125126092,6460.149767914383,6424.296565632783,6392.814992619601,6444.346762263806,0.9778090573767448,0.9723823123032747,0.9676172575694593,0.9754171125126092,2225.962016233735,2213.608143753012,2202.7605955914073,2220.5168034160347
2025-09-17,0.9782233259978156,0.972793115570796,0.9682792874584777,0.9758521697499988,6456.616329749682,6420.775040357704,6390.982194976564,6440.965868609404,0.9782233259978156,0.972793115570796,0.9682792874584777,0.9758521697499988,2216.500512695022,2204.1965082047855,2193.9688822023436,2211.127844819202
2025-09-18,0.9786152091264511,0.9731914231564767,0.9689209598763071,0.9762592412705698,6490.136922318258,6454.166590716827,6425.845049061274,6474.512237736769,0.9786152091264511,0.9731914231564767,0.9689209598763071,0.9762592412705698,2207.039009156308,2194.8069213025606,2185.175884549191,2201.725671581175
2025-09-19,0.9789265297766612,0.9734603849810838,0.9693026364103545,0.976500487514136,6523.918807982389,6487.490451252535,6459.78171798771,6507.750788969707,0.9789265297766612,0.9734603849810838,0.9693026364103545,0.976500487514136,2197.577505617595,2185.3066390307526,2175.9729715336293,2192.1313196765323
2025-09-22,0.9791260810543307,0.9735636266887858,0.9694825381020002,0.9765616634987131,6554.025205057426,6516.79152614806,6489.473739420264,6536.8596350445105,0.9791260810543307,0.9735636266887858,0.9694825381020002,0.9765616634987131,2188.530489152943,2176.097360050296,2166.975361388493,2182.7985347948843
2025-09-23,0.9792710808683255,0.9736610841762718,0.9695412706852345,0.976543690689585,6518.929243653974,6481.583944474708,6454.158675649952,6500.773225425312,0.9792710808683255,0.9736610841762718,0.9695412706852345,0.976543690689585,2179.483472688291,2166.997762335928,2157.828630734174,2173.4133436563316
2025-09-24,0.9793738391316231,0.9737310953180615,0.9694976285866925,0.9764589591595777,6501.054162940541,6463.597798788433,6435.496173629607,6481.7052771325025,0.9793738391316231,0.9737310953180615,0.9694976285866925,0.9764589591595777,2170.436456223639,2157.931306099409,2148.549321240471,2163.9766535374115
2025-09-25,0.9794138041915641,0.9738352289436899,0.9695834349961984,0.9764228334530538,6468.753940820107,6431.909013308968,6403.827104788092,6448.999416564054,0.9794138041915641,0.9738352289436899,0.9695834349961984,0.9764228334530538,2161.389439758987,2149.078531358417,2139.695589747006,2154.7889073372694
2025-09-26,0.9794159331319934,0.9738544272562846,0.9696940417126249,0.9764339629080048,6506.945634949024,6469.996658362577,6442.356304926166,6487.134319371911,0.9794159331319934,0.9738544272562846,0.9696940417126249,0.9764339629080048,2152.3424232943353,2140.1205830845174,2130.9778133990744,2145.7893126076765
2025-09-29,0.9793519806046406,0.9736963016880601,0.9697026526671668,0.9764291725600809,6523.669206723438,6485.995541767523,6459.393006973059,6504.199768548937,0.9793519806046406,0.9736963016880601,0.9697026526671668,0.9764291725600809,2142.7198866449153,2130.345851643165,2121.6081645328936,2136.3250877922524
2025-09-30,0.9790992901307098,0.9733448330398229,0.9693614163585754,0.9762425290793165,6548.6664380676475,6510.177981993534,6483.5350588576775,6529.5591060458455,0.9790992901307098,0.9733448330398229,0.9693614163585754,0.9762425290793165,2133.097349995495,2120.5605038400913,2111.882103546733,2126.8735180616736
2025-10-01,0.978666419629155,0.9727444044887941,0.9685877093044362,0.9757655472931793,6568.026075415185,6528.2822474051945,6500.3858346839315,6548.557740993985,0.978666419629155,0.9727444044887941,0.9685877093044362,0.9757655472931793,2123.474813346075,2110.625440216898,2101.6063941418465,2117.1806060261683
2025-10-02,0.9780855561498334,0.9720232579372275,0.9675550483962174,0.9751019400351045,6568.186839490784,6527.476385188761,6497.470794247539,6548.1508130147395,0.9780855561498334,0.9720232579372275,0.9675550483962174,0.9751019400351045,2113.8522766966544,2100.7503524343483,2091.0935950559833,2107.404043536219
2025-10-03,0.9776463620628447,0.9715480334689803,0.9668745177434803,0.9745921461665713,6565.667661878032,6524.7125676906435,6493.326217516487,6545.156189303998,0.9776463620628447,0.9715480334689803,0.9668745177434803,0.9745921461665713,2104.2297400472344,2091.104048703471,2081.0450425415443,2097.656021603785
2025-10-06,0.9773563729741642,0.9712150743254342,0.9664982029259024,0.9742888595147425,6587.6556136303,6546.261541174237,6514.468507217401,6566.979714010028,0.9773563729741642,0.9712150743254342,0.9664982029259024,0.9742888595147425,2094.625342592866,2081.463593059361,2071.3546106611134,2088.051188468003
2025-10-07,0.9771993056513002,0.9710431196139148,0.9664306130901964,0.9741860471226464,6561.492685733164,6520.156420528396,6489.185330349302,6541.259890149251,0.9771993056513002,0.9710431196139148,0.9664306130901964,0.9741860471226464,2085.020945138498,2071.885675029436,2062.044107750455,2078.591645497139
2025-10-08,0.9771898624303859,0.9709578134043175,0.9665646275829409,0.9742284038832367,6599.666717693346,6557.577203545007,6527.90685659946,6579.665855874294,0.9771898624303859,0.9709578134043175,0.9665646275829409,0.9742284038832367,2075.4165476841295,2062.1805347331638,2052.8500137143933,2069.126818010975
2025-10-09,0.9772352025379455,0.970885479743571,0.9666957243925183,0.9743014656934896,6581.786584965342,6539.020503475722,6510.802040313293,6562.027544606879,0.9772352025379455,0.970885479743571,0.9666957243925183,0.9743014656934896,2065.8121502297613,2052.38924603521,2043.5323736177854,2059.6104198754783
2025-10-10,0.9771783535048966,0.9707319638897781,0.96658659546367,0.9742209302201225,6402.97093312437,6360.73090070741,6333.568332641652,6383.592387476655,0.9771783535048966,0.9707319638897781,0.96658659546367,0.9742209302201225,2056.207752775393,2042.6430680313292,2033.9202605056598,2049.984654745663
2025-10-13,0.9770332904550474,0.970517135301696,0.9663712742351351,0.9740640913476816,6501.882978657013,6458.519790634903,6430.930246078039,6482.123789973244,0.9770332904550474,0.970517135301696,0.9663712742351351,0.9740640913476816,2046.4227307054653,2032.7744669739284,2024.0908485058148,2040.2036626300326
2025-10-14,0.9768028800804615,0.9701756543680607,0.9659622775768865,0.9737957058021556,6490.181144147411,6446.14780207425,6418.152820526883,6470.200546018321,0.9768028800804615,0.9701756543680607,0.9659622775768865,0.9737957058021556,2036.6377086355371,2022.8199178972436,2014.0350113121108,2030.3677388631997
2025-10-15,0.9767646645458238,0.9701192515978021,0.9659586683649167,0.9737243008039665,6516.055683065064,6471.723734564034,6443.968234182462,6495.7732341213095,0.9767646645458238,0.9701192515978021,0.9659586683649167,0.9737243008039665,2026.8526865656092,2013.0630056159011,2004.429514244492,2020.5437263400822
2025-10-16,0.9768127027165019,0.9701436954475087,0.9659474902281077,0.9736770816601452,6475.359783196881,6431.150467180216,6403.333529046441,6454.573531720818,0.9768127027165019,0.9701436954475087,0.9659474902281077,0.9736770816601452,2017.0676644956811,2003.296509719373,1994.6315631660536,2010.5927693358415
2025-10-17,0.9762061444017013,0.9693618101682393,0.9644190126414236,0.9728097405446903,6505.447508354381,6459.836796579249,6426.897944432573,6482.813839087222,0.9762061444017013,0.9693618101682393,0.9644190126414236,0.9728097405446903,2007.2826424257532,1993.2092693123227,1983.045850717285,2000.298930483411
2025-10-20,0.9756559924689693,0.9689578773180126,0.96347370224127,0.972098517948605,6571.16994455753,6526.057268260866,6489.120636176245,6547.209891191188,0.9756559924689693,0.9689578773180126,0.96347370224127,0.972098517948605,1997.105378670834,1983.3947656082512,1972.1690101904844,1989.823455991176
2025-10-21,0.9752975084107328,0.9687166179343484,0.9629305111033282,0.9717302554497482,6568.970073274229,6524.645472604114,6485.674017959802,6544.943376043462,0.9752975084107328,0.9687166179343484,0.9629305111033282,0.9717302554497482,1986.9281149159146,1973.5211737559625,1961.7334082389614,1979.6607168757546
2025-10-22,0.9750753924723741,0.9685166605322871,0.9627417047942245,0.9715952432753667,6532.420084329423,6488.480515570004,6449.791777098427,6509.105172798992,0.9750753924723741,0.9685166605322871,0.9627417047942245,0.9715952432753667,1976.7508511609954,1963.4544650095306,1951.7470126845496,1969.6956142629454
2025-10-23,0.9747898088148791,0.9682052487129043,0.962386666328573,0.9714249698181467,6568.562639310533,6524.192976136982,6484.984807855109,6545.888873621392,0.9747898088148791,0.9682052487129043,0.962386666328573,0.9714249698181467,1966.573587406076,1953.289675465127,1941.5510726097239,1959.7852485898416
2025-10-24,0.9746491511962154,0.968051980123487,0.9623805278263253,0.971418846817041,6619.514893687824,6574.708952884886,6536.190207032775,6597.575667738829,0.9746491511962154,0.968051980123487,0.9623805278263253,0.971418846817041,1956.3963236511568,1943.1539366677557,1931.7697289143173,1949.9121897410882
2025-10-27,0.9747807239304727,0.9681225917644747,0.9628832408468219,0.9717462472879304,6701.7734419378285,6655.997717995446,6619.976342140436,6680.910929504087,0.9747807239304727,0.9681225917644747,0.9628832408468219,0.9717462472879304,1946.6537469431198,1933.357343341373,1922.8942701137103,1940.5938452840082
2025-10-28,0.9749120858785487,0.968184301887939,0.9631945045919692,0.9720066008967118,6718.011943459633,6671.651524036581,6637.267379747755,6697.990566053142,0.9749120858785487,0.968184301887939,0.9631945045919692,0.9720066008967118,1936.9111702350826,1923.544713760602,1913.6312105229608,1931.1386842870816
2025-10-29,0.974821869393028,0.967910456591913,0.9628707838553778,0.97188043105628,6717.097825020905,6669.47411308767,6634.747794526028,6696.829579432092,0.974821869393028,0.967910456591913,0.9628707838553778,0.97188043105628,1927.1685935270457,1913.5051149927542,1903.5419624164251,1921.3535336065017
2025-10-30,0.9747510030789343,0.967799028667203,0.9628995154561761,0.9718532017101862,6650.082758345537,6602.654025237406,6569.227880277289,6630.3129721554715,0.9747510030789343,0.967799028667203,0.9628995154561761,0.9718532017101862,1917.4260168190085,1903.7508356053359,1894.11303675117,1911.7257716092467
2025-10-31,0.975100707892727,0.968154665486344,0.9636117332848679,0.9722177904083795,6669.883862127831,6622.37154285969,6591.296978015153,6650.164129951398,0.975100707892727,0.968154665486344,0.9636117332848679,0.9722177904083795,1907.6834401109716,1894.0942282831988,1885.2064524256346,1902.0433109432045
2025-11-03,0.9757204614224658,0.9688643937222781,0.964881152814502,0.9729559001828497,6685.607330052893,6638.629759853238,6611.336712650384,6666.664639375881,0.9757204614224658,0.9688643937222781,0.964881152814502,0.9729559001828497,1898.717264144884,1885.375600603756,1877.624355674633,1893.3375264423535
2025-11-04,0.9762450976879729,0.9694222133228609,0.9658407674405725,0.9735064300175629,6610.692491248993,6564.4909886264195,6540.239048762209,6592.147466185428,0.9762450976879729,0.9694222133228609,0.9658407674405725,0.9735064300175629,1889.7510881787966,1876.5437971163124,1869.6110695980522,1884.4497553243996
2025-11-05,0.9765663147493867,0.9697174558182508,0.9663347179385704,0.9737835138264244,6637.027879268109,6590.4810478030195,6567.490980178726,6618.11515718339,0.9765663147493867,0.9697174558182508,0.9663347179385704,0.9737835138264244,1880.784912212709,1867.594583661535,1861.0797138877338,1875.4254707589637
2025-11-06,0.9764912854082158,0.9694651666772586,0.9659295673172239,0.9735711177233624,6562.333915154541,6515.116148924514,6491.355789833286,6542.709453858666,0.9764912854082158,0.9694651666772586,0.9659295673172239,0.9735711177233624,1871.8187362466217,1858.3504945119287,1851.5731671308572,1866.221118871874
2025-11-07,0.9764998327878605,0.9695509850773483,0.9658652740845769,0.9734861700874335,6570.672074862956,6523.914668388461,6499.114256260301,6550.393741284323,0.9764998327878605,0.9695509850773483,0.9658652740845769,0.9734861700874335,1862.8525602805341,1849.596358575337,1842.565188749392,1857.1034458528497
2025-11-10,0.9766114651493834,0.9697539361445289,0.9659958877712922,0.9735410069649835,6672.629472830602,6625.775885931964,6600.09928348521,6651.650782217762,0.9766114651493834,0.9697539361445289,0.9659958877712922,0.9735410069649835,1853.3827652225737,1840.3687606535539,1833.2368537137104,1847.5557454881362
2025-11-11,0.9762795085320413,0.9693832338602147,0.9652581970528719,0.9730905881983491,6684.2050459105585,6636.988942779684,6608.746424524163,6662.371752064699,0.9762795085320413,0.9693832338602147,0.9652581970528719,0.9730905881983491,1843.912970164613,1830.887878270265,1823.0968626799627,1837.8900110502113
2025-11-12,0.9758608134011668,0.9689403921943064,0.9645271563785531,0.9725801640208787,6685.544363746322,6638.133111691817,6607.8983861769575,6663.068897293918,0.9758608134011668,0.9689403921943064,0.9645271563785531,0.9725801640208787,1834.4431751066525,1821.4340253616779,1813.137934145423,1828.2761431048116
2025-11-13,0.9752496177903816,0.9682513811807031,0.9634560351013133,0.9719438581442047,6570.734547366517,6523.583998191175,6491.275401934747,6548.462024807997,0.9752496177903816,0.9682513811807031,0.9634560351013133,0.9719438581442047,1824.9733800486918,1811.877660463708,1802.9041845623944,1818.7873500876847
2025-11-14,0.9745825427629804,0.9675327514272458,0.9625273782304057,0.9713584272031888,6562.946047045613,6515.47197671373,6481.765243015157,6541.234498213265,0.9745825427629804,0.9675327514272458,0.9625273782304057,0.9713584272031888,1815.5035849907313,1802.3708631515146,1793.0465908766214,1809.4975330655332
2025-11-17,0.9741079155189449,0.9669191118938611,0.9620243810199902,0.9710189608183559,6499.647396587763,6451.680751391718,6419.021100161593,6479.036624354007,0.9741079155189449,0.9669191118938611,0.9620243810199902,0.9710189608183559,1805.332023838732,1792.0088825412531,1782.9373882500238,1799.6072075711324
2025-11-18,0.9736766259137485,0.9663007478447276,0.9616154696187172,0.9707590934478976,6443.129810191565,6394.321264727872,6363.31727941733,6423.8235642546415,0.9736766259137485,0.9663007478447276,0.9616154696187172,0.9707590934478976,1795.160462686733,1781.5616103216794,1772.923397177631,1789.7814294513553
2025-11-19,0.9732521130842751,0.9656017402856518,0.9610625212935607,0.9704475587534028,6464.496255443848,6413.681255255745,6383.531036435237,6445.867956849502,0.9732521130842751,0.9656017402856518,0.9610625212935607,0.9704475587534028,1784.9889015347335,1770.9577678186506,1762.6326325185676,1779.8452205839737
2025-11-20,0.9725707467537938,0.9647102815644898,0.9598738874848656,0.9697835192834853,6359.406696043838,6308.009000682623,6276.38498053054,6341.1816845500825,0.9725707467537938,0.9647102815644898,0.9598738874848656,0.9697835192834853,1774.8173403827343,1760.4729958011021,1751.64719458706,1769.7310063937612
2025-11-21,0.9719869428072455,0.9640599585948042,0.958903028411005,0.9691663387808535,6418.020063486814,6365.678266001906,6331.627107567582,6399.395643306588,0.9719869428072455,0.9640599585948042,0.958903028411005,0.9691663387808535,1764.6457792307351,1750.2543109748829,1740.8918857386489,1759.524962508981
2025-11-24,0.971489234476377,0.9635119765840237,0.9579885620900467,0.968553732520224,6513.951895872245,6460.463424433068,6423.428267441213,6494.269002996004,0.971489234476377,0.9635119765840237,0.9579885620900467,0.968553732520224,1754.0825391278456,1739.6791177799614,1729.706259022064,1748.7823128956538
2025-11-25,0.9710198979654878,0.963197438636463,0.9571389763275677,0.9679499866023713,6569.804107246735,6516.878286121672,6475.887457155164,6549.033455353252,0.9710198979654878,0.963197438636463,0.9571389763275677,0.9679499866023713,1743.5192990249561,1729.4736457540307,1718.5953455460676,1738.0071053828854
2025-11-26,0.9706757473675677,0.9630528507928051,0.9567969253412089,0.9676338596570473,6612.835303273765,6560.903481839572,6518.284301548772,6592.112108638196,0.9706757473675677,0.9630528507928051,0.9567969253412089,0.9676338596570473,1732.9560589220666,1719.3468337594968,1708.1780743206116,1727.525349694188
2025-11-28,0.9702921692144685,0.9626888776318567,0.9563448265452641,0.9673423327691069,6645.618393245124,6593.542764899574,6550.091788042903,6625.414697945563,0.9702921692144685,0.9626888776318567,0.9563448265452641,0.9673423327691069,1722.3928188191771,1708.896002873645,1697.6345000186695,1717.156481485552
2025-12-01,0.9700698003326924,0.9625186890944489,0.9563652503274339,0.9673166701909431,6608.72662384051,6557.283696885515,6515.362595338186,6589.970566842925,0.9700698003326924,0.9625186890944489,0.9563652503274339,0.9673166701909431,1711.8295787162876,1698.5045421412194,1687.6459023932516,1706.971279231977
2025-12-02,0.9701085849900191,0.962542603091922,0.956857637780878,0.9676014977953208,6625.2304670732865,6573.559577277879,6534.734845731595,6608.10864099843,0.9701085849900191,0.962542603091922,0.956857637780878,0.9676014977953208,1701.7866272575172,1688.514209081374,1678.541513145633,1697.3886376640637
2025-12-03,0.9701864283267079,0.9624988284665624,0.9573516072248704,0.9679023172378804,6645.5053818380175,6592.8474753239825,6557.59045104034,6629.859860430654,0.9701864283267079,0.9624988284665624,0.9573516072248704,0.9679023172378804,1691.743675798747,1678.3385733712653,1669.3632066486161,1687.7608016041347
2025-12-04,0.9702566939001853,0.9623565013257674,0.9577027901806225,0.9681518475417661,6653.166580876838,6598.994012370947,6567.082956603351,6638.733396815595,0.9702566939001853,0.9623565013257674,0.9577027901806225,0.9681518475417661,1681.7007243399767,1668.0076886120619,1659.9416278954898,1678.0524922094162
2025-12-05,0.9704582160286483,0.9623822609751872,0.9582164918779823,0.9684483088482447,6667.436127403225,6611.951085803926,6583.33058579849,6653.62726111098,0.9704582160286483,0.9623822609751872,0.9582164918779823,0.9684483088482447,1671.6577728812065,1657.7465783386906,1650.570854359694,1668.195617679264
2025-12-08,0.9706660301246179,0.9623007697016713,0.9584223116902295,0.968586472567313,6645.674681908498,6588.40184277019,6561.847941210273,6631.436970296834,0.9706660301246179,0.9623007697016713,0.9584223116902295,0.968586472567313,1661.614821422436,1647.2949211967712,1640.6556620529761,1658.0549732851985
2025-12-09,0.9708069828439351,0.9623428841233659,0.9585433860686678,0.9685934419832776,6640.814874213766,6582.916122274726,6556.925617836583,6625.67312582103,0.9708069828439351,0.9623428841233659,0.9585433860686678,0.9685934419832776,1651.9538838568078,1637.5511230589493,1631.085784758871,1648.1872572395096
2025-12-10,0.9709130820682035,0.9625060962730322,0.958659269244588,0.9685388752381293,6686.367704017456,6628.471483081566,6601.97961632132,6670.0173013249205,0.9709130820682035,0.9625060962730322,0.958659269244588,0.9685388752381293,1642.2929462911793,1628.0725863784573,1621.5657043402027,1638.2769914110975
2025-12-11,0.9708897796558803,0.9624865182330036,0.9586899238638374,0.9684528830902472,6700.11036940523,6642.119462325958,6615.919164584342,6683.293346205796,0.9708897796558803,0.9624865182330036,0.9586899238638374,0.9684528830902472,1632.632008725551,1618.5012249186188,1612.1169353513267,1628.534164234474
2025-12-12,0.9709017839288954,0.9626676570499041,0.9590589350005003,0.968566356707798,6628.7445486139795,6572.526788419085,6547.888563411766,6612.799629450387,0.9709017839288954,0.9626676570499041,0.9590589350005003,0.968566356707798,1622.9710711599225,1609.206805873701,1603.1744227974864,1619.0671429960435
2025-12-15,0.9709290702000417,0.9626831640586052,0.9592510758046522,0.9686918782304657,6618.347716309287,6562.139414637123,6538.7445507331695,6603.097874876752,0.9709290702000417,0.9626831640586052,0.9592510758046522,0.9686918782304657,1613.3101335942943,1599.6086137336251,1593.9058050224269,1609.5927822592794
2025-12-16,0.9707838069033206,0.9624741373524802,0.9591884024545427,0.9686580396449431,6601.5822907323745,6545.074377272577,6522.730525675529,6587.126520675921,0.9707838069033206,0.9624741373524802,0.9591884024545427,0.9686580396449431,1603.4357968010238,1589.7107825160135,1584.2837606428766,1599.9246841377185
2025-12-17,0.9706436657108007,0.9623722732605853,0.959207717896029,0.9686681966232479,6524.113454018548,6468.517868661896,6447.247531297907,6510.8354768293975,0.9706436657108007,0.9623722732605853,0.959207717896029,0.9686681966232479,1593.5614600077533,1579.9818399114226,1574.786407596594,1590.3182189352888
2025-12-18,0.9703882666344426,0.9619585911292619,0.9587798794461588,0.9684517485341599,6574.147613264357,6517.038584838878,6495.50357607666,6561.028167899286,0.9703882666344426,0.9619585911292619,0.9587798794461588,0.9684517485341599,1583.6871232144829,1569.9297757593943,1564.7420741619696,1580.526698789808
2025-12-19,0.9698537339577319,0.9612854845135348,0.9578228604213476,0.9679081160801042,6628.465344734119,6569.905643907754,6546.2403395497,6615.168019349472,0.9698537339577319,0.9612854845135348,0.9578228604213476,0.9679081160801042,1573.8127864212124,1559.9088130071023,1554.289901742394,1570.6555698368056
2025-12-22,0.9693972764825092,0.96071483365803,0.9569199606300874,0.9673295284932653,6667.989472312174,6608.267376168423,6582.1643799944495,6653.76648844564,0.9693972764825092,0.96071483365803,0.9569199606300874,0.9673295284932653,1563.938449627942,1549.9309766348567,1543.8086695231732,1560.6025308431756
