Date,open_rel,high_rel,low_rel,close_rel,open,high,low,close,daisy_chained_open_rel,daisy_chained_high_rel,daisy_chained_low_rel,daisy_chained_close_rel,daisy_chained_open,daisy_chained_high,daisy_chained_low,daisy_chained_close
2022-12-20,1.0018310074448293,1.0069546774582265,0.9958875217087921,1.001638176316446,3828.617414671309,3848.1981344679075,3805.903670712754,3827.880487374456,1.0018310074448293,1.0069546774582265,0.9958875217087921,1.001638176316446,3824.650163881827,3844.210593945173,3801.9599561267873,3823.914000196243
2022-12-21,1.0018310074448293,1.0069546774582265,0.9958875217087921,1.001638176316446,3885.5414525143237,3905.413299241084,3862.4899996962477,3884.7935685527564,1.0018310074448293,1.0069546774582265,0.9958875217087921,1.001638176316446,3826.050756466614,3845.618349588574,3803.352239523709,3825.314323196792
2022-12-22,1.0018310074448293,1.0069546774582265,0.9958875217087921,1.001638176316446,3829.388824547041,3848.9734895695506,3806.6705041044697,3828.6517487702195,1.0018310074448293,1.0069546774582265,0.9958875217087921,1.001638176316446,3827.4513490514014,3847.026105231975,3804.744522920632,3826.7146461973416
2022-12-23,1.0018310074448293,1.0069546774582265,0.9958875217087921,1.001638176316446,3851.859894044029,3871.5594829849388,3829.0082612163983,3851.118493064998,1.0018310074448293,1.0069546774582265,0.9958875217087921,1.001638176316446,3828.8519416361883,3848.433860875376,3806.1368063175537,3828.1149691978903
2022-12-27,1.0018310074448293,1.0069546774582265,0.9958875217087921,1.001638176316446,3836.2613852581126,3855.881198656914,3813.5022925033923,3835.5229866597506,1.0018310074448293,1.0069546774582265,0.9958875217087921,1.001638176316446,3830.2525342209756,3849.8416165187773,3807.5290897144764,3829.51529219844
2022-12-28,1.0018310074448293,1.0069546774582265,0.9958875217087921,1.001638176316446,3790.147103985427,3809.5310748535117,3767.6615898791365,3789.4175814039045,1.0018310074448293,1.0069546774582265,0.9958875217087921,1.001638176316446,3831.6531268057624,3851.249372162178,3808.921373111398,3830.915615198989
2022-12-29,1.0018310074448293,1.0069546774582265,0.9958875217087921,1.001638176316446,3856.3280603372327,3876.0505008464024,3833.4499195632197,3855.5857993313693,1.0018310074448293,1.0069546774582265,0.9958875217087921,1.001638176316446,3833.0562838859996,3852.659705416643,3810.316205789586,3832.3185022013777
2022-12-30,1.0018310074448293,1.0069546774582265,0.9958875217087921,1.001638176316446,3846.530153084422,3866.2024841008606,3823.7101396009075,3845.7897779669943,1.0018310074448293,1.0069546774582265,0.9958875217087921,1.001638176316446,3834.4594409662363,3854.0700386711073,3811.711038467773,3833.7213892037657
2023-01-03,1.0018310074448293,1.0069546774582265,0.9958875217087921,1.001638176316446,3831.1420288100694,3850.735660255102,3808.4133072674604,3830.4046155787732,1.0018310074448293,1.0069546774582265,0.9958875217087921,1.001638176316446,3835.8625980464735,3855.4803719255724,3813.1058711459605,3835.1242762061547
2023-01-04,1.0018310074448293,1.0069546774582265,0.9958875217087921,1.001638176316446,3860.024816754704,3879.766163606223,3837.1247445183244,3859.2818442019766,1.0018310074448293,1.0069546774582265,0.9958875217087921,1.001638176316446,3837.2657551267102,3856.8907051800365,3814.5007038241474,3836.527163208543
2023-01-05,1.0018310074448293,1.0069546774582265,0.9958875217087921,1.001638176316446,3815.0726594506546,3834.5841072286726,3792.4392714192513,3814.3383392306578,1.0018310074448293,1.0069546774582265,0.9958875217087921,1.001638176316446,3838.6689122069474,3858.3010384345016,3815.895536502335,3837.9300502109313
2023-01-06,1.0018310074448293,1.0069546774582265,0.9958875217087921,1.001638176316446,3902.2119204782057,3922.169025073989,3879.061568057482,3901.460827806662,1.0018310074448293,1.0069546774582265,0.9958875217087921,1.001638176316446,3840.0746384782447,3859.713954019655,3817.29292312954,3839.335505909866
2023-01-09,1.0018310074448293,1.0069546774582265,0.9958875217087921,1.001638176316446,3899.216445765946,3919.158230588389,3876.083864367573,3898.465929659476,1.0018310074448293,1.0069546774582265,0.9958875217087921,1.001638176316446,3841.480364749542,3861.1268696048082,3818.6903097567456,3840.7409616088
2023-01-10,1.0018310074448293,1.0069546774582265,0.9958875217087921,1.001638176316446,3926.4261759281476,3946.507119628154,3903.1321694571834,3925.6704225282306,1.0018310074448293,1.0069546774582265,0.9958875217087921,1.001638176316446,3842.8860910208386,3862.539785189961,3820.087696383951,3842.1464173077334
2023-01-11,1.0018310074448293,1.0069546774582265,0.9958875217087921,1.001638176316446,3976.878385463069,3997.2173571849507,3953.2850650504383,3976.112921087527,1.0018310074448293,1.0069546774582265,0.9958875217087921,1.001638176316446,3844.291817292136,3863.9527007751144,3821.4850830111563,3843.5518730066674
2023-01-12,1.0018310074448293,1.0069546774582265,0.9958875217087921,1.001638176316446,3990.463213924021,4010.871662611284,3966.7892998448096,3989.695134758378,1.0018310074448293,1.0069546774582265,0.9958875217087921,1.001638176316446,3845.697543563433,3865.3656163602677,3822.8824696383617,3844.957328705602
2023-01-13,1.0018310074448293,1.0069546774582265,0.9958875217087921,1.001638176316446,4006.412363562543,4026.9023810764193,3982.6438291904137,4005.6412145253357,1.0018310074448293,1.0069546774582265,0.9958875217087921,1.001638176316446,3847.1058437299985,3866.7811190043763,3824.282414890885,3846.365357804384
2023-01-17,1.0018310074448293,1.0069546774582265,0.9958875217087921,1.001638176316446,3998.27749578209,4018.725909095458,3974.5572225141377,3997.507912533646,1.0018310074448293,1.0069546774582265,0.9958875217087921,1.001638176316446,3848.514143896564,3868.196621648485,3825.682360143408,3847.7733869031663
2023-01-18,1.0018310074448293,1.0069546774582265,0.9958875217087921,1.001638176316446,3936.0537719096924,3956.183954078528,3912.702648540805,3935.2961654026317,1.0018310074448293,1.0069546774582265,0.9958875217087921,1.001638176316446,3849.9224440631288,3869.6121242925933,3827.0823053959307,3849.181416001948
2023-01-19,1.0018310074448293,1.0069546774582265,0.9958875217087921,1.001638176316446,3905.9888233762726,3925.9652442080064,3882.816064014324,3905.237003731375,1.0018310074448293,1.0069546774582265,0.9958875217087921,1.001638176316446,3851.330744229694,3871.027626936702,3828.482250648454,3850.5894451007302
2023-01-20,1.0018310074448293,1.0069546774582265,0.9958875217087921,1.001638176316446,3979.883878485404,4000.2382212173256,3956.2727276155647,3979.1178356164764,1.0018310074448293,1.0069546774582265,0.9958875217087921,1.001638176316446,3852.7390443962595,3872.4431295808104,3829.882195900977,3851.9974741995125
2023-01-23,1.0018310074448293,1.0069546774582265,0.9958875217087921,1.001638176316446,4027.1703020367995,4047.7664819933534,4003.2786186402195,4026.3951575386122,1.0018310074448293,1.0069546774582265,0.9958875217087921,1.001638176316446,3854.1499231709145,3873.861224020799,3831.2847044636796,3853.4080814100575
2023-01-24,1.0018310074448293,1.0069546774582265,0.9958875217087921,1.001638176316446,4024.305065355507,4044.886591615823,4000.4303803281323,4023.5304723543472,1.0018310074448293,1.0069546774582265,0.9958875217087921,1.001638176316446,3855.5608019455694,3875.279318460787,3832.687213026383,3854.818688620602
2023-01-25,1.0018310074448293,1.0069546774582265,0.9958875217087921,1.001638176316446,4023.5737287200723,4044.1515147012783,3999.7033824372847,4022.7992764856363,1.0018310074448293,1.0069546774582265,0.9958875217087921,1.001638176316446,3856.971680720224,3876.697412900775,3834.089721589085,3856.2292958311464
2023-01-26,1.0018310074448293,1.0069546774582265,0.9958875217087921,1.001638176316446,4067.8646775592083,4088.6689809917066,4043.7315697720305,4067.0817002605863,1.0018310074448293,1.0069546774582265,0.9958875217087921,1.001638176316446,3858.382559494879,3878.115507340763,3835.492230151788,3857.639903041691
2023-01-27,1.0018310074448293,1.0069546774582265,0.9958875217087921,1.001638176316446,4078.0132256646243,4098.869431874358,4053.819910366941,4077.228294986672,1.0018310074448293,1.0069546774582265,0.9958875217087921,1.001638176316446,3859.793438269534,3879.5336017807513,3836.8947387144913,3859.050510252236
2023-01-30,1.0018310074448293,1.0069546774582265,0.9958875217087921,1.001638176316446,4025.126566781612,4045.712294451339,4001.247008095934,4024.351815658927,1.0018310074448293,1.0069546774582265,0.9958875217087921,1.001638176316446,3861.206900373729,3880.9542927622165,3838.2998152808136,3860.463700295085
2023-01-31,1.0018310074448293,1.0069546774582265,0.9958875217087921,1.001638176316446,4084.064284949591,4104.951438126206,4059.835070998062,4083.2781895716234,1.0018310074448293,1.0069546774582265,0.9958875217087921,1.001638176316446,3862.6203624779237,3882.3749837436817,3839.704891847136,3861.8768903379337
2023-02-01,1.0018310074448293,1.0069546774582265,0.9958875217087921,1.001638176316446,4126.752304176815,4147.857776932701,4102.269838298073,4125.957992264467,1.0018310074448293,1.0069546774582265,0.9958875217087921,1.001638176316446,3864.033824582119,3883.7956747251474,3841.109968413459,3863.2900803807825
2023-02-02,1.0018310074448293,1.0069546774582265,0.9958875217087921,1.001638176316446,4187.4131716776,4208.828882652797,4162.570827737542,4186.607183840428,1.0018310074448293,1.0069546774582265,0.9958875217087921,1.001638176316446,3865.447286686314,3885.216365706612,3842.515044979781,3864.7032704236312
2023-02-03,1.0018310074448293,1.0069546774582265,0.9958875217087921,1.001638176316446,4144.053925675387,4165.247884212405,4119.4688157979845,4143.256283569452,1.0018310074448293,1.0069546774582265,0.9958875217087921,1.001638176316446,3866.8607487905088,3886.6370566880773,3843.920121546104,3866.11646046648
2023-02-06,1.0018310074448293,1.0069546774582265,0.9958875217087921,1.001638176316446,4118.607418086289,4139.671235404966,4094.173272746581,4117.8146738910145,1.0018310074448293,1.0069546774582265,0.9958875217087921,1.001638176316446,3868.2767989543395,3888.0603489653063,3845.32777081808,3867.5322380708185
2023-02-07,1.0018310074448293,1.0069546774582265,0.9958875217087921,1.001638176316446,4171.624315000269,4192.959276936055,4146.87564039541,4170.821366181681,1.0018310074448293,1.0069546774582265,0.9958875217087921,1.001638176316446,3869.69284911817,3889.4836412425357,3846.735420090056,3868.9480156751565
2023-02-08,1.0018310074448293,1.0069546774582265,0.9958875217087921,1.001638176316446,4125.399832316764,4146.498388118132,4100.925390143767,4124.60578072644,1.0018310074448293,1.0069546774582265,0.9958875217087921,1.001638176316446,3871.108899282001,3890.9069335197646,3848.143069362032,3870.363793279495
2023-02-09,1.0018310074448293,1.0069546774582265,0.9958875217087921,1.001638176316446,4088.973256886071,4109.8855160457515,4064.7149198544353,4088.186216635574,1.0018310074448293,1.0069546774582265,0.9958875217087921,1.001638176316446,3872.5249494458317,3892.3302257969935,3849.550718634008,3871.779570883833
2023-02-10,1.0018310074448293,1.0069546774582265,0.9958875217087921,1.001638176316446,4097.949662712776,4118.907829955778,4073.638072048946,4097.160894695369,1.0018310074448293,1.0069546774582265,0.9958875217087921,1.001638176316446,3873.9409996096624,3893.753518074223,3850.958367905984,3873.1953484881715
2023-02-13,1.0018310074448293,1.0069546774582265,0.9958875217087921,1.001638176316446,4144.865408791418,4166.063517501146,4120.275484690568,4144.067610492269,1.0018310074448293,1.0069546774582265,0.9958875217087921,1.001638176316446,3875.3596425718856,3895.179416410208,3852.3685945942566,3874.6137183918436
2023-02-14,1.0018310074448293,1.0069546774582265,0.9958875217087921,1.001638176316446,4143.703284822782,4164.895450075294,4119.120255165387,4142.905710207741,1.0018310074448293,1.0069546774582265,0.9958875217087921,1.001638176316446,3876.7782855341084,3896.6053147461926,3853.7788212825294,3876.0320882955157
2023-02-15,1.0018310074448293,1.0069546774582265,0.9958875217087921,1.001638176316446,4155.194286478175,4176.445220225741,4130.543085039387,4154.394500090091,1.0018310074448293,1.0069546774582265,0.9958875217087921,1.001638176316446,3878.1969284963316,3898.0312130821776,3855.189047970802,3877.450458199188
2023-02-16,1.0018310074448293,1.0069546774582265,0.9958875217087921,1.001638176316446,4097.899571162404,4118.857482221904,4073.5882776728604,4097.110812786554,1.0018310074448293,1.0069546774582265,0.9958875217087921,1.001638176316446,3879.6155714585543,3899.457111418162,3856.5992746590746,3878.8688281028594
2023-02-17,1.0018310074448293,1.0069546774582265,0.9958875217087921,1.001638176316446,4086.558844158129,4107.458755273077,4062.314830927117,4085.7722686306515,1.0018310074448293,1.0069546774582265,0.9958875217087921,1.001638176316446,3881.0342144207775,3900.883009754147,3858.009501347348,3880.287198006532
2023-02-21,1.0018310074448293,1.0069546774582265,0.9958875217087921,1.001638176316446,4004.659159299514,4025.140210390867,3980.901026027423,4003.888347716782,1.0018310074448293,1.0069546774582265,0.9958875217087921,1.001638176316446,3882.455454928826,3902.311518920601,3859.4223101711855,3881.708164956057
2023-02-22,1.0018310074448293,1.0069546774582265,0.9958875217087921,1.001638176316446,3998.357642262686,4018.806465469655,3974.636893515875,3997.5880435877516,1.0018310074448293,1.0069546774582265,0.9958875217087921,1.001638176316446,3883.8766954368743,3903.7400280870547,3860.8351189950235,3883.129131905582
2023-02-23,1.0018310074448293,1.0069546774582265,0.9958875217087921,1.001638176316446,4019.6665877910377,4040.224391459192,3995.819421102621,4018.8928875980023,1.0018310074448293,1.0069546774582265,0.9958875217087921,1.001638176316446,3885.2979359449223,3905.168537253508,3862.247927818861,3884.550098855107
2023-02-24,1.0018310074448293,1.0069546774582265,0.9958875217087921,1.001638176316446,3977.30917279627,3997.6503476962575,3953.713296684773,3976.543625503343,1.0018310074448293,1.0069546774582265,0.9958875217087921,1.001638176316446,3886.7191764529707,3906.5970464199613,3863.660736642699,3885.9710658046324
2023-02-27,1.0018310074448293,1.0069546774582265,0.9958875217087921,1.001638176316446,3989.531511087097,4009.9351947612477,3965.86312444962,3988.7636112544033,1.0018310074448293,1.0069546774582265,0.9958875217087921,1.001638176316446,3888.140416961019,3908.025555586415,3865.073545466537,3887.3920327541578
2023-02-28,1.0018310074448293,1.0069546774582265,0.9958875217087921,1.001638176316446,3977.4193742070893,3997.761112710778,3953.822844312161,3976.653805702738,1.0018310074448293,1.0069546774582265,0.9958875217087921,1.001638176316446,3889.5642597710184,3909.4566803637877,3866.4889411538493,3888.815601504746
2023-03-01,1.0018310074448293,1.0069546774582265,0.9958875217087921,1.001638176316446,3958.625024507424,3978.870642961662,3935.139994404904,3957.863073515041,1.0018310074448293,1.0069546774582265,0.9958875217087921,1.001638176316446,3890.988102581018,3910.8878051411602,3867.9043368411617,3890.239170255335
2023-03-02,1.0018310074448293,1.0069546774582265,0.9958875217087921,1.001638176316446,3988.639881490471,4009.03900509831,3964.9767845552997,3987.872153277482,1.0018310074448293,1.0069546774582265,0.9958875217087921,1.001638176316446,3892.4119453910175,3912.3189299185324,3869.319732528474,3891.6627390059234
2023-03-03,1.0018310074448293,1.0069546774582265,0.9958875217087921,1.001638176316446,4053.0475969590993,4073.7761213120993,4029.0023933259577,4052.267471632866,1.0018310074448293,1.0069546774582265,0.9958875217087921,1.001638176316446,3893.8357882010173,3913.750054695905,3870.7351282157865,3893.0863077565123
2023-03-06,1.0018310074448293,1.0069546774582265,0.9958875217087921,1.001638176316446,4055.832687159796,4076.5754553154334,4031.7709606363082,4055.052025763026,1.0018310074448293,1.0069546774582265,0.9958875217087921,1.001638176316446,3895.2596310110166,3915.181179473277,3872.150523903099,3894.5098765071007
2023-03-07,1.0018310074448293,1.0069546774582265,0.9958875217087921,1.001638176316446,3993.6690731478443,4014.0939175791505,3969.9761399142776,3992.9003769225906,1.0018310074448293,1.0069546774582265,0.9958875217087921,1.001638176316446,3896.6860808878014,3916.6149246507716,3873.568511190452,3895.93605182267
2023-03-08,1.0018310074448293,1.0069546774582265,0.9958875217087921,1.001638176316446,3999.3194000298336,4019.773141960015,3975.5929455367154,3998.5496162370155,1.0018310074448293,1.0069546774582265,0.9958875217087921,1.001638176316446,3898.112530764586,3918.0486698282657,3874.9864984778055,3897.3622271382387
2023-03-09,1.0018310074448293,1.0069546774582265,0.9958875217087921,1.001638176316446,3925.494473091224,3945.570651778118,3902.2059940619947,3924.7388990242566,1.0018310074448293,1.0069546774582265,0.9958875217087921,1.001638176316446,3899.5389806413714,3919.4824150057602,3876.404485765159,3898.7884024538084
2023-03-10,1.0018310074448293,1.0069546774582265,0.9958875217087921,1.001638176316446,3868.660600038879,3888.446112925913,3845.709294955455,3867.9159652818244,1.0018310074448293,1.0069546774582265,0.9958875217087921,1.001638176316446,3900.965430518156,3920.9161601832543,3877.822473052512,3900.2145777693772
2023-03-13,1.0018310074448293,1.0069546774582265,0.9958875217087921,1.001638176316446,3862.8199252654754,3882.5755671563315,3839.9032707038928,3862.0764147139,1.0018310074448293,1.0069546774582265,0.9958875217087921,1.001638176316446,3902.391880394941,3922.3499053607484,3879.2404603398654,3901.6407530849465
2023-03-14,1.0018310074448293,1.0069546774582265,0.9958875217087921,1.001638176316446,3926.4662491684453,3946.5473978152527,3903.1720049580517,3925.7104880552833,1.0018310074448293,1.0069546774582265,0.9958875217087921,1.001638176316446,3903.82094211207,3923.786275736337,3880.6610439724986,3903.0695397381364
2023-03-15,1.0018310074448293,1.0069546774582265,0.9958875217087921,1.001638176316446,3899.0561528047547,3918.9971178399956,3875.924522364099,3898.3056675512653,1.0018310074448293,1.0069546774582265,0.9958875217087921,1.001638176316446,3905.2500038291987,3925.222646111925,3882.0816276051314,3904.4983263913255
2023-03-16,1.0018310074448293,1.0069546774582265,0.9958875217087921,1.001638176316446,3967.531302163609,3987.8224700442656,3943.9934344728954,3966.767636902495,1.0018310074448293,1.0069546774582265,0.9958875217087921,1.001638176316446,3906.679065546328,3926.6590164875133,3883.5022112377646,3905.9271130445154
2023-03-17,1.0018310074448293,1.0069546774582265,0.9958875217087921,1.001638176316446,3923.811396998716,3943.878967919988,3900.5329030255234,3923.0561468880446,1.0018310074448293,1.0069546774582265,0.9958875217087921,1.001638176316446,3908.1081272634565,3928.0953868631013,3884.9227948703974,3907.355899697705
2023-03-20,1.0018310074448293,1.0069546774582265,0.9958875217087921,1.001638176316446,3958.8053540887645,3979.0518948036042,3935.319254158812,3958.043368386778,1.0018310074448293,1.0069546774582265,0.9958875217087921,1.001638176316446,3909.5371889805856,3929.53175723869,3886.3433785030306,3908.7846863508944
2023-03-21,1.0018310074448293,1.0069546774582265,0.9958875217087921,1.001638176316446,4010.199284770684,4030.7086697572113,3986.408284022473,4009.427406831812,1.0018310074448293,1.0069546774582265,0.9958875217087921,1.001638176316446,3910.9688673203577,3930.970757619129,3887.7665632348712,3910.2160891230833
2023-03-22,1.0018310074448293,1.0069546774582265,0.9958875217087921,1.001638176316446,3944.1786213800697,3964.350356512714,3920.7792963418633,3943.419451012558,1.0018310074448293,1.0069546774582265,0.9958875217087921,1.001638176316446,3912.40054566013,3932.4097579995687,3889.189747966712,3911.6474918952717
2023-03-23,1.0018310074448293,1.0069546774582265,0.9958875217087921,1.001638176316446,3955.9501357175463,3976.1820739728482,3932.4809747219415,3955.188699584276,1.0018310074448293,1.0069546774582265,0.9958875217087921,1.001638176316446,3913.832223999902,3933.848758380008,3890.612932698552,3913.0788946674606
2023-03-24,1.0018310074448293,1.0069546774582265,0.9958875217087921,1.001638176316446,3978.2609122533427,3998.6069546398426,3954.6593898303963,3977.4951817708434,1.0018310074448293,1.0069546774582265,0.9958875217087921,1.001638176316446,3915.263902339674,3935.2877587604476,3892.0361174303926,3914.5102974396495
2023-03-27,1.0018310074448293,1.0069546774582265,0.9958875217087921,1.001638176316446,3984.8128870420323,4005.19243823042,3961.1724942223723,3984.045895443953,1.0018310074448293,1.0069546774582265,0.9958875217087921,1.001638176316446,3916.6955806794463,3936.726759140887,3893.459302162233,3915.941700211838
2023-03-28,1.0018310074448293,1.0069546774582265,0.9958875217087921,1.001638176316446,3978.5414249354276,3998.8889019495314,3954.938238336475,3977.7756404602123,1.0018310074448293,1.0069546774582265,0.9958875217087921,1.001638176316446,3918.129880432917,3938.168394341736,3894.885092755913,3917.3757238931594
2023-03-29,1.0018310074448293,1.0069546774582265,0.9958875217087921,1.001638176316446,4035.184950096358,4055.822119413019,4011.24571881389,4034.408262949144,1.0018310074448293,1.0069546774582265,0.9958875217087921,1.001638176316446,3919.564180186388,3939.6100295425854,3896.310883349593,3918.8097475744803
2023-03-30,1.0018310074448293,1.0069546774582265,0.9958875217087921,1.001638176316446,4058.247099887738,4079.0022160881076,4034.171049563626,4057.4659737679485,1.0018310074448293,1.0069546774582265,0.9958875217087921,1.001638176316446,3920.9984799398585,3941.0516647434342,3897.7366739432723,3920.243771255801
2023-03-31,1.0018310074448293,1.0069546774582265,0.9958875217087921,1.001638176316446,4116.834177203112,4137.888925625865,4092.410551833157,4116.041774318935,1.0018310074448293,1.0069546774582265,0.9958875217087921,1.001638176316446,3922.4327796933294,3942.4932999442835,3899.162464536952,3921.677794937122
2023-04-03,1.0018310074448293,1.0069546774582265,0.9958875217087921,1.001638176316446,4132.062008516274,4153.19463672323,4107.54804216313,4131.2666745989445,1.0018310074448293,1.0069546774582265,0.9958875217087921,1.001638176316446,3923.8670794468003,3943.934935145133,3900.588255130632,3923.1118186184435
2023-04-04,1.0018310074448293,1.0069546774582265,0.9958875217087921,1.001638176316446,4108.108229128267,4129.118350385204,4083.7363715190736,4107.317505803218,1.0018310074448293,1.0069546774582265,0.9958875217087921,1.001638176316446,3925.3040054137978,3945.3792099907673,3902.0166563575035,3924.548468007801
2023-04-05,1.0018310074448293,1.0069546774582265,0.9958875217087921,1.001638176316446,4097.869516232181,4118.827273581581,4073.5584010472094,4097.080763641264,1.0018310074448293,1.0069546774582265,0.9958875217087921,1.001638176316446,3926.7409313807952,3946.823484836402,3903.445057584375,3925.9851173971583
2023-04-06,1.0018310074448293,1.0069546774582265,0.9958875217087921,1.001638176316446,4112.536322181174,4133.569090059569,4088.1381943650263,4111.7447465425375,1.0018310074448293,1.0069546774582265,0.9958875217087921,1.001638176316446,3928.177857347793,3948.2677596820367,3904.873458811247,3927.4217667865164
2023-04-10,1.0018310074448293,1.0069546774582265,0.9958875217087921,1.001638176316446,4116.633811001622,4137.687534690373,4092.2113743288146,4115.841446683671,1.0018310074448293,1.0069546774582265,0.9958875217087921,1.001638176316446,3929.6147833147907,3949.712034527671,3906.3018600381183,3928.858416175874
2023-04-11,1.0018310074448293,1.0069546774582265,0.9958875217087921,1.001638176316446,4116.4634997303565,4137.516352395205,4092.042073450124,4115.671168193697,1.0018310074448293,1.0069546774582265,0.9958875217087921,1.001638176316446,3931.051709281788,3951.156309373306,3907.73026126499,3930.2950655652317
2023-04-12,1.0018310074448293,1.0069546774582265,0.9958875217087921,1.001638176316446,4099.4423909138695,4120.40819242519,4075.1219444562917,4098.65333557808,1.0018310074448293,1.0069546774582265,0.9958875217087921,1.001638176316446,3932.491266270929,3952.6032286969353,3909.161277905142,3931.734345470317
2023-04-13,1.0018310074448293,1.0069546774582265,0.9958875217087921,1.001638176316446,4153.8117596879,4175.0556227708485,4129.168760259428,4153.012239406775,1.0018310074448293,1.0069546774582265,0.9958875217087921,1.001638176316446,3933.9308232600697,3954.050148020565,3910.5922945452944,3933.173625375402
2023-04-14,1.0018310074448293,1.0069546774582265,0.9958875217087921,1.001638176316446,4145.216049644024,4166.415951638257,4120.624045323167,4144.41818385398,1.0018310074448293,1.0069546774582265,0.9958875217087921,1.001638176316446,3935.3703802492105,3955.497067344194,3912.023311185447,3934.612905280487
2023-04-17,1.0018310074448293,1.0069546774582265,0.9958875217087921,1.001638176316446,4158.921097825869,4180.191091625885,4134.2477866201425,4158.120594105988,1.0018310074448293,1.0069546774582265,0.9958875217087921,1.001638176316446,3936.8099372383513,3956.9439866678235,3913.4543278255987,3936.0521851855724
2023-04-18,1.0018310074448293,1.0069546774582265,0.9958875217087921,1.001638176316446,4162.477597902298,4183.7657807308615,4137.783187322209,4161.676409631911,1.0018310074448293,1.0069546774582265,0.9958875217087921,1.001638176316446,3938.249494227492,3958.3909059914527,3914.885344465751,3937.4914650906576
2023-04-19,1.0018310074448293,1.0069546774582265,0.9958875217087921,1.001638176316446,4162.1269570496925,4183.413346593752,4137.434626689612,4161.325836270202,1.0018310074448293,1.0069546774582265,0.9958875217087921,1.001638176316446,3939.691687056197,3959.8404746351357,3916.318981308025,3938.933380327964
2023-04-20,1.0018310074448293,1.0069546774582265,0.9958875217087921,1.001638176316446,4137.351676235582,4158.51135742021,4112.806328277753,4136.555324169895,1.0018310074448293,1.0069546774582265,0.9958875217087921,1.001638176316446,3941.1338798849024,3961.2900432788188,3917.752618150299,3940.375295565271
2023-04-21,1.0018310074448293,1.0069546774582265,0.9958875217087921,1.001638176316446,4141.088505893352,4162.267298367129,4116.520988733727,4140.291434567556,1.0018310074448293,1.0069546774582265,0.9958875217087921,1.001638176316446,3942.5760727136076,3962.739611922502,3919.186254992573,3941.8172108025774
2023-04-24,1.0018310074448293,1.0069546774582265,0.9958875217087921,1.001638176316446,4144.614951039557,4165.811778831781,4120.026512810141,4143.81720094819,1.0018310074448293,1.0069546774582265,0.9958875217087921,1.001638176316446,3944.0182655423127,3964.189180566185,3920.619891834847,3943.259126039884
2023-04-25,1.0018310074448293,1.0069546774582265,0.9958875217087921,1.001638176316446,4079.0851848425905,4099.946873379239,4054.8855100151695,4078.3000478353306,1.0018310074448293,1.0069546774582265,0.9958875217087921,1.001638176316446,3945.460458371018,3965.638749209868,3922.053528677121,3944.7010412771906
2023-04-26,1.0018310074448293,1.0069546774582265,0.9958875217087921,1.001638176316446,4063.4165478861532,4084.198102223792,4039.3098291756437,4062.634426757741,1.0018310074448293,1.0069546774582265,0.9958875217087921,1.001638176316446,3946.9052918655293,3967.090972024529,3923.4897905191265,3946.1455966720314
2023-04-27,1.0018310074448293,1.0069546774582265,0.9958875217087921,1.001638176316446,4142.9218566369755,4164.110025426878,4118.343462898454,4142.124432430215,1.0018310074448293,1.0069546774582265,0.9958875217087921,1.001638176316446,3948.3501253600407,3968.5431948391906,3924.926052361132,3947.590152066872
2023-04-28,1.0018310074448293,1.0069546774582265,0.9958875217087921,1.001638176316446,4177.114348921066,4198.477388568526,4152.333104014374,4176.310343387894,1.0018310074448293,1.0069546774582265,0.9958875217087921,1.001638176316446,3949.794958854552,3969.9954176538517,3926.362314203137,3949.034707461713
2023-05-01,1.0018310074448293,1.0069546774582265,0.9958875217087921,1.001638176316446,4175.501400999081,4196.856191537819,4150.729725104424,4174.697705924025,1.0018310074448293,1.0069546774582265,0.9958875217087921,1.001638176316446,3951.2397923490635,3971.4476404685133,3927.7985760451425,3950.4792628565538
2023-05-02,1.0018310074448293,1.0069546774582265,0.9958875217087921,1.001638176316446,4127.12298164957,4148.2303501633605,4102.638316681106,4126.328598389704,1.0018310074448293,1.0069546774582265,0.9958875217087921,1.001638176316446,3952.684625843575,3972.8998632831745,3929.234837887148,3951.923818251395
2023-05-03,1.0018310074448293,1.0069546774582265,0.9958875217087921,1.001638176316446,4098.240193704935,4119.19984681224,4073.9268794302416,4097.451369766502,1.0018310074448293,1.0069546774582265,0.9958875217087921,1.001638176316446,3954.1321048389714,3974.3547451286213,3930.6737295352787,3953.3710186379185
2023-05-04,1.0018310074448293,1.0069546774582265,0.9958875217087921,1.001638176316446,4068.6561240550895,4089.4644751868987,4044.5183209141805,4067.8729944198762,1.0018310074448293,1.0069546774582265,0.9958875217087921,1.001638176316446,3955.579583834368,3975.809626974068,3932.11262118341,3954.8182190244415
2023-05-05,1.0018310074448293,1.0069546774582265,0.9958875217087921,1.001638176316446,4143.823504543675,4165.016284636589,4119.239761667992,4143.025906788899,1.0018310074448293,1.0069546774582265,0.9958875217087921,1.001638176316446,3957.027062829764,3977.264508819514,3933.55151283154,3956.2654194109646
2023-05-08,1.0018310074448293,1.0069546774582265,0.9958875217087921,1.001638176316446,4145.696928527597,4166.899289883437,4121.1020713335865,4144.898970178611,1.0018310074448293,1.0069546774582265,0.9958875217087921,1.001638176316446,3958.4745418251605,3978.719390664961,3934.9904044796713,3957.712619797488
2023-05-09,1.0018310074448293,1.0069546774582265,0.9958875217087921,1.001638176316446,4126.712230936518,4147.817498745603,4102.230002797205,4125.917926737415,1.0018310074448293,1.0069546774582265,0.9958875217087921,1.001638176316446,3959.922020820557,3980.1742725104077,3936.429296127802,3959.1598201840116
2023-05-10,1.0018310074448293,1.0069546774582265,0.9958875217087921,1.001638176316446,4145.216049644024,4166.415951638257,4120.624045323167,4144.41818385398,1.0018310074448293,1.0069546774582265,0.9958875217087921,1.001638176316446,3961.37215016077,3981.6318182553446,3937.870822397253,3960.609670405217
2023-05-11,1.0018310074448293,1.0069546774582265,0.9958875217087921,1.001638176316446,4138.183195971761,4159.3471298025,4113.63291492077,4137.386683856238,1.0018310074448293,1.0069546774582265,0.9958875217087921,1.001638176316446,3962.8222795009833,3983.0893640002814,3939.3123486667037,3962.059520626422
2023-05-12,1.0018310074448293,1.0069546774582265,0.9958875217087921,1.001638176316446,4131.631221183072,4152.761646211923,4107.119810528796,4130.835970183128,1.0018310074448293,1.0069546774582265,0.9958875217087921,1.001638176316446,3964.272408841197,3984.5469097452187,3940.753874936155,3963.5093708476275
2023-05-15,1.0018310074448293,1.0069546774582265,0.9958875217087921,1.001638176316446,4143.853559473899,4165.046493276913,4119.269638293643,4143.055955934188,1.0018310074448293,1.0069546774582265,0.9958875217087921,1.001638176316446,3965.72253818141,3986.0044554901556,3942.195401205606,3964.959221068833
2023-05-16,1.0018310074448293,1.0069546774582265,0.9958875217087921,1.001638176316446,4117.4252574975035,4138.483028885565,4092.9981254709646,4116.632740842961,1.0018310074448293,1.0069546774582265,0.9958875217087921,1.001638176316446,3967.172667521623,3987.4620012350924,3943.6369274750564,3966.409071290038
2023-05-17,1.0018310074448293,1.0069546774582265,0.9958875217087921,1.001638176316446,4166.384738831333,4187.692903972949,4141.667148656874,4165.5827985195465,1.0018310074448293,1.0069546774582265,0.9958875217087921,1.001638176316446,3968.6254520594543,3988.92221575714,3945.0810931898386,3967.861576197792
2023-05-18,1.0018310074448293,1.0069546774582265,0.9958875217087921,1.001638176316446,4205.736660803766,4227.246083703508,4180.785610509595,4204.927146085256,1.0018310074448293,1.0069546774582265,0.9958875217087921,1.001638176316446,3970.0782365972855,3990.382430279187,3946.525258904621,3969.314081105546
2023-05-19,1.0018310074448293,1.0069546774582265,0.9958875217087921,1.001638176316446,4199.655546588575,4221.1338688113365,4174.740573252822,4198.847202355015,1.0018310074448293,1.0069546774582265,0.9958875217087921,1.001638176316446,3971.5310211351166,3991.8426448012337,3947.969424619403,3970.7665860133
2023-05-22,1.0018310074448293,1.0069546774582265,0.9958875217087921,1.001638176316446,4200.306736743415,4221.788389351685,4175.387900141934,4199.498267169621,1.0018310074448293,1.0069546774582265,0.9958875217087921,1.001638176316446,3972.9838056729477,3993.302859323281,3949.4135903341853,3972.2190909210544
2023-05-23,1.0018310074448293,1.0069546774582265,0.9958875217087921,1.001638176316446,4153.170587843136,4174.411171777275,4128.531392245534,4152.371190973931,1.0018310074448293,1.0069546774582265,0.9958875217087921,1.001638176316446,3974.436590210779,3994.763073845328,3950.8577560489675,3973.6715958288087
2023-05-24,1.0018310074448293,1.0069546774582265,0.9958875217087921,1.001638176316446,4122.775035077259,4143.860166863192,4098.31616483689,4121.98148870449,1.0018310074448293,1.0069546774582265,0.9958875217087921,1.001638176316446,3975.8920348079146,3996.2259620310365,3952.3045660419248,3975.1267602838625
2023-05-25,1.0018310074448293,1.0069546774582265,0.9958875217087921,1.001638176316446,4158.881024585571,4180.150813438787,4134.207951119274,4158.080528578936,1.0018310074448293,1.0069546774582265,0.9958875217087921,1.001638176316446,3977.3474794050503,3997.6888502167444,3953.7513760348825,3976.5819247389168
2023-05-26,1.0018310074448293,1.0069546774582265,0.9958875217087921,1.001638176316446,4213.150210258857,4234.697548316699,4188.15517817024,4212.339268589997,1.0018310074448293,1.0069546774582265,0.9958875217087921,1.001638176316446,3978.8029240021856,3999.1517384024523,3955.1981860278397,3978.03708919397
2023-05-30,1.0018310074448293,1.0069546774582265,0.9958875217087921,1.001638176316446,4213.220338429379,4234.768035144121,4188.22489029676,4212.40938326234,1.0018310074448293,1.0069546774582265,0.9958875217087921,1.001638176316446,3980.2583685993213,4000.6146265881603,3956.6449960207974,3979.4922536490244
2023-05-31,1.0018310074448293,1.0069546774582265,0.9958875217087921,1.001638176316446,4187.483299848121,4208.899369480219,4162.640539864061,4186.67729851277,1.0018310074448293,1.0069546774582265,0.9958875217087921,1.001638176316446,3981.713813196457,4002.0775147738686,3958.091806013755,3980.947418104078
2023-06-01,1.0018310074448293,1.0069546774582265,0.9958875217087921,1.001638176316446,4228.748719044774,4250.375832644724,4203.661146883246,4227.934774995245,1.0018310074448293,1.0069546774582265,0.9958875217087921,1.001638176316446,3983.1719227234857,4003.5430815187356,3959.541265126581,3982.4052469760827
2023-06-02,1.0018310074448293,1.0069546774582265,0.9958875217087921,1.001638176316446,4290.211051351514,4312.1525021067855,4264.75884634008,4289.385277112258,1.0018310074448293,1.0069546774582265,0.9958875217087921,1.001638176316446,3984.630032250514,4005.0086482636025,3960.9907242394065,3983.863075848087
2023-06-05,1.0018310074448293,1.0069546774582265,0.9958875217087921,1.001638176316446,4281.615341307637,4303.512830974194,4256.214131403819,4280.791221559463,1.0018310074448293,1.0069546774582265,0.9958875217087921,1.001638176316446,3986.0881417775427,4006.4742150084694,3962.4401833522325,3985.3209047200917
2023-06-06,1.0018310074448293,1.0069546774582265,0.9958875217087921,1.001638176316446,4291.693761242533,4313.642795029424,4266.2327598722095,4290.867701613207,1.0018310074448293,1.0069546774582265,0.9958875217087921,1.001638176316446,3987.546251304571,4007.9397817533363,3963.889642465058,3986.778733592096
2023-06-07,1.0018310074448293,1.0069546774582265,0.9958875217087921,1.001638176316446,4275.333860890959,4297.199225146532,4249.969916642705,4274.51095019396,1.0018310074448293,1.0069546774582265,0.9958875217087921,1.001638176316446,3989.0043608315996,4009.4053484982032,3965.339101577884,3988.236562464101
2023-06-08,1.0018310074448293,1.0069546774582265,0.9958875217087921,1.001638176316446,4301.792217797576,4323.792898178203,4276.271306091034,4300.964214430477,1.0018310074448293,1.0069546774582265,0.9958875217087921,1.001638176316446,3990.4651401680276,4010.873598706691,3966.7912146611366,3989.6970606316236
2023-06-09,1.0018310074448293,1.0069546774582265,0.9958875217087921,1.001638176316446,4306.731244664279,4328.757184738071,4281.181031573058,4305.902290639717,1.0018310074448293,1.0069546774582265,0.9958875217087921,1.001638176316446,3991.9259195044556,4012.341848915179,3968.2433277443893,3991.157558799146
2023-06-12,1.0018310074448293,1.0069546774582265,0.9958875217087921,1.001638176316446,4346.874613132593,4369.105858663823,4321.0862445679295,4346.037932364717,1.0018310074448293,1.0069546774582265,0.9958875217087921,1.001638176316446,3993.386698840883,4013.8100991236665,3969.695440827641,3992.618056966668
2023-06-13,1.0018310074448293,1.0069546774582265,0.9958875217087921,1.001638176316446,4377.009689836534,4399.395055361767,4351.04254122093,4376.167208708315,1.0018310074448293,1.0069546774582265,0.9958875217087921,1.001638176316446,3994.847478177311,4015.2783493321544,3971.1475539108937,3994.078555134191
2023-06-14,1.0018310074448293,1.0069546774582265,0.9958875217087921,1.001638176316446,4380.5962448431865,4402.999953107067,4354.607818548648,4379.753073379528,1.0018310074448293,1.0069546774582265,0.9958875217087921,1.001638176316446,3996.308257513739,4016.7465995406424,3972.5996669941464,3995.5390533017135
2023-06-15,1.0018310074448293,1.0069546774582265,0.9958875217087921,1.001638176316446,4433.9437459896235,4456.620289681718,4407.63882907964,4433.090306268379,1.0018310074448293,1.0069546774582265,0.9958875217087921,1.001638176316446,3997.7717115480073,4018.2175381261927,3974.0544389072647,3997.002225652254
2023-06-16,1.0018310074448293,1.0069546774582265,0.9958875217087921,1.001638176316446,4417.663992118645,4440.257276173022,4391.455656851873,4416.813685903237,1.0018310074448293,1.0069546774582265,0.9958875217087921,1.001638176316446,3999.2351655822754,4019.688476711743,3975.5092108203835,3998.4653980027942
2023-06-20,1.0018310074448293,1.0069546774582265,0.9958875217087921,1.001638176316446,4396.745760683197,4419.232062507694,4370.661525398593,4395.89948078175,1.0018310074448293,1.0069546774582265,0.9958875217087921,1.001638176316446,4000.6986196165435,4021.1594152972934,3976.963982733502,3999.9285703533346
2023-06-21,1.0018310074448293,1.0069546774582265,0.9958875217087921,1.001638176316446,4373.683610891817,4396.051965832605,4347.736194648856,4372.841769962944,1.0018310074448293,1.0069546774582265,0.9958875217087921,1.001638176316446,4002.1620736508116,4022.630353882844,3978.4187546466205,4001.391742703875
2023-06-22,1.0018310074448293,1.0069546774582265,0.9958875217087921,1.001638176316446,4389.9132732124235,4412.364631607428,4363.869572500539,4389.0683084192715,1.0018310074448293,1.0069546774582265,0.9958875217087921,1.001638176316446,4003.6255276850798,4024.101292468394,3979.8735265597393,4002.8549150544154
2023-06-23,1.0018310074448293,1.0069546774582265,0.9958875217087921,1.001638176316446,4356.291824602575,4378.57123263193,4330.447587271992,4355.453331222091,1.0018310074448293,1.0069546774582265,0.9958875217087921,1.001638176316446,4005.0916613145796,4025.5749243534456,3981.330962171061,4004.320766484422
2023-06-26,1.0018310074448293,1.0069546774582265,0.9958875217087921,1.001638176316446,4336.746101647326,4358.92554687472,4311.017821723453,4335.911370402157,1.0018310074448293,1.0069546774582265,0.9958875217087921,1.001638176316446,4006.55779494408,4027.048556238497,3982.788397782383,4005.78661791443
2023-06-27,1.0018310074448293,1.0069546774582265,0.9958875217087921,1.001638176316446,4386.426901306515,4408.860429329873,4360.403883924992,4385.58260756569,1.0018310074448293,1.0069546774582265,0.9958875217087921,1.001638176316446,4008.0239285735797,4028.5221881235484,3984.245833393705,4007.252469344437
2023-06-28,1.0018310074448293,1.0069546774582265,0.9958875217087921,1.001638176316446,4384.874063244975,4407.299649579813,4358.860258266343,4384.030068392399,1.0018310074448293,1.0069546774582265,0.9958875217087921,1.001638176316446,4009.49006220308,4029.9958200086,3985.7032690050273,4008.7183207744442
2023-06-29,1.0018310074448293,1.0069546774582265,0.9958875217087921,1.001638176316446,4404.489914370745,4427.015822164445,4378.359735941402,4403.6421438846755,1.0018310074448293,1.0069546774582265,0.9958875217087921,1.001638176316446,4010.95619583258,4031.4694518936512,3987.160704616349,4010.1841722044514
2023-06-30,1.0018310074448293,1.0069546774582265,0.9958875217087921,1.001638176316446,4458.528678912319,4481.330957466543,4432.077908862375,4457.670507115185,1.0018310074448293,1.0069546774582265,0.9958875217087921,1.001638176316446,4012.4250139636706,4032.945782009655,3988.620808803126,4011.65270761934
2023-07-03,1.0018310074448293,1.0069546774582265,0.9958875217087921,1.001638176316446,4463.748218461107,4486.5771913360995,4437.266482850478,4462.889042013793,1.0018310074448293,1.0069546774582265,0.9958875217087921,1.001638176316446,4013.8938320947614,4034.4221121256587,3990.0809129899026,4013.121243034229
2023-07-05,1.0018310074448293,1.0069546774582265,0.9958875217087921,1.001638176316446,4454.962160525815,4477.746198814791,4428.532549285091,4454.104675207498,1.0018310074448293,1.0069546774582265,0.9958875217087921,1.001638176316446,4015.362650225852,4035.898442241663,3991.5410171766794,4014.589778449117
2023-07-06,1.0018310074448293,1.0069546774582265,0.9958875217087921,1.001638176316446,4419.667654133535,4442.271185527938,4393.447431895291,4418.81696225587,1.0018310074448293,1.0069546774582265,0.9958875217087921,1.001638176316446,4016.831468356943,4037.3747723576666,3993.0011213634557,4016.058313864006
2023-07-07,1.0018310074448293,1.0069546774582265,0.9958875217087921,1.001638176316446,4407.004510199432,4429.543278404865,4380.859413620891,4406.156255707229,1.0018310074448293,1.0069546774582265,0.9958875217087921,1.001638176316446,4018.3002864880336,4038.8511024736704,3994.4612255502325,4017.5268492788946
2023-07-10,1.0018310074448293,1.0069546774582265,0.9958875217087921,1.001638176316446,4417.603882258198,4440.196858892374,4391.39590360057,4416.753587612658,1.0018310074448293,1.0069546774582265,0.9958875217087921,1.001638176316446,4019.7717940360576,4040.330135761108,3995.9240031986456,4018.998073593061
2023-07-11,1.0018310074448293,1.0069546774582265,0.9958875217087921,1.001638176316446,4447.388318109533,4470.133621453207,4421.0036396209725,4446.532290594546,1.0018310074448293,1.0069546774582265,0.9958875217087921,1.001638176316446,4021.2433015840816,4041.8091690485453,3997.3867808470586,4020.4692979072274
2023-07-12,1.0018310074448293,1.0069546774582265,0.9958875217087921,1.001638176316446,4480.348558254468,4503.262430341582,4453.768339085192,4479.486186595356,1.0018310074448293,1.0069546774582265,0.9958875217087921,1.001638176316446,4022.714809132105,4043.288202335982,3998.8495584954712,4021.940522221393
2023-07-13,1.0018310074448293,1.0069546774582265,0.9958875217087921,1.001638176316446,4518.297916816478,4541.4058735237,4491.492558407521,4517.428240714224,1.0018310074448293,1.0069546774582265,0.9958875217087921,1.001638176316446,4024.186316680129,4044.7672356234193,4000.3123361438843,4023.4117465355594
2023-07-14,1.0018310074448293,1.0069546774582265,0.9958875217087921,1.001638176316446,4513.669457562083,4536.753742913843,4486.891558057227,4512.800672339642,1.0018310074448293,1.0069546774582265,0.9958875217087921,1.001638176316446,4025.657824228153,4046.246268910857,4001.775113792297,4024.882970849726
2023-07-17,1.0018310074448293,1.0069546774582265,0.9958875217087921,1.001638176316446,4531.071262161399,4554.244545661292,4504.190124309308,4530.199127462259,1.0018310074448293,1.0069546774582265,0.9958875217087921,1.001638176316446,4027.1320261174524,4047.7280103192547,4003.240569797474,4026.356888986564
2023-07-18,1.0018310074448293,1.0069546774582265,0.9958875217087921,1.001638176316446,4563.320202291048,4586.658416728672,4536.247743633114,4562.441860357884,1.0018310074448293,1.0069546774582265,0.9958875217087921,1.001638176316446,4028.6062280067517,4049.209751727652,4004.7060258026513,4027.830807123403
2023-07-19,1.0018310074448293,1.0069546774582265,0.9958875217087921,1.001638176316446,4574.079867311007,4597.473109964574,4546.943575616267,4573.199454371524,1.0018310074448293,1.0069546774582265,0.9958875217087921,1.001638176316446,4030.0804298960516,4050.69149313605,4006.1714818078294,4029.304725260242
2023-07-20,1.0018310074448293,1.0069546774582265,0.9958875217087921,1.001638176316446,4543.173380731333,4566.408558164988,4516.22044557155,4542.298916632161,1.0018310074448293,1.0069546774582265,0.9958875217087921,1.001638176316446,4031.554631785351,4052.173234544448,4007.6369378130066,4030.77864339708
2023-07-21,1.0018310074448293,1.0069546774582265,0.9958875217087921,1.001638176316446,4544.646072312277,4567.888781540852,4517.684400228462,4543.771324751347,1.0018310074448293,1.0069546774582265,0.9958875217087921,1.001638176316446,4033.0288336746503,4053.6549759528457,4009.102393818184,4032.2525615339187
2023-07-24,1.0018310074448293,1.0069546774582265,0.9958875217087921,1.001638176316446,4562.979579748518,4586.316052138337,4535.909141875733,4562.101303377937,1.0018310074448293,1.0069546774582265,0.9958875217087921,1.001638176316446,4034.5057348385844,4055.1394304407936,4010.5705330842165,4033.729178425839
2023-07-25,1.0018310074448293,1.0069546774582265,0.9958875217087921,1.001638176316446,4575.82305326396,4599.225211103351,4548.67641990404,4574.942304798314,1.0018310074448293,1.0069546774582265,0.9958875217087921,1.001638176316446,4035.982636002518,4056.6238849287415,4012.0386723502493,4035.205795317759
2023-07-26,1.0018310074448293,1.0069546774582265,0.9958875217087921,1.001638176316446,4575.111753248674,4598.510273282356,4547.9693397636265,4574.23114169313,1.0018310074448293,1.0069546774582265,0.9958875217087921,1.001638176316446,4037.4595371664523,4058.1083394166894,4013.5068116162824,4036.682412209679
2023-07-27,1.0018310074448293,1.0069546774582265,0.9958875217087921,1.001638176316446,4545.7180314902425,4568.966223045732,4518.749999876691,4544.843077600005,1.0018310074448293,1.0069546774582265,0.9958875217087921,1.001638176316446,4038.936438330386,4059.592793904637,4014.9749508823147,4038.159029101599
2023-07-28,1.0018310074448293,1.0069546774582265,0.9958875217087921,1.001638176316446,4590.62009724392,4614.097931689409,4563.385678599678,4589.736500662508,1.0018310074448293,1.0069546774582265,0.9958875217087921,1.001638176316446,4040.41333949432,4061.077248392585,4016.443090148348,4039.6356459935196
2023-07-31,1.0018310074448293,1.0069546774582265,0.9958875217087921,1.001638176316446,4597.362419924024,4620.874736668703,4570.088001620778,4596.477525589117,1.0018310074448293,1.0069546774582265,0.9958875217087921,1.001638176316446,4041.8929448752806,4062.564420927752,4017.913917588307,4041.114966581962
2023-08-01,1.0018310074448293,1.0069546774582265,0.9958875217087921,1.001638176316446,4585.110026702973,4608.559680963389,4557.9082972302795,4584.227490692767,1.0018310074448293,1.0069546774582265,0.9958875217087921,1.001638176316446,4043.372550256241,4064.051593462919,4019.384745028266,4042.5942871704046
2023-08-02,1.0018310074448293,1.0069546774582265,0.9958875217087921,1.001638176316446,4521.654050691419,4544.779171693185,4494.828781605245,4520.783728604884,1.0018310074448293,1.0069546774582265,0.9958875217087921,1.001638176316446,4044.852155637201,4065.538765998085,4020.855572468225,4044.0736077588467
2023-08-03,1.0018310074448293,1.0069546774582265,0.9958875217087921,1.001638176316446,4510.132994105803,4533.199192902416,4483.376075105594,4509.264889577245,1.0018310074448293,1.0069546774582265,0.9958875217087921,1.001638176316446,4046.3317610181616,4067.025938533252,4022.326399908184,4045.5529283472893
2023-08-04,1.0018310074448293,1.0069546774582265,0.9958875217087921,1.001638176316446,4486.229306268169,4509.173254298262,4459.614198837622,4485.365802690334,1.0018310074448293,1.0069546774582265,0.9958875217087921,1.001638176316446,4047.811366399122,4068.5131110684188,4023.797227348143,4047.032248935732
2023-08-07,1.0018310074448293,1.0069546774582265,0.9958875217087921,1.001638176316446,4526.713297279014,4549.864292814349,4499.858013589875,4525.842001395282,1.0018310074448293,1.0069546774582265,0.9958875217087921,1.001638176316446,4049.2936809485504,4070.0030066275694,4025.270747884095,4048.514278171185
2023-08-08,1.0018310074448293,1.0069546774582265,0.9958875217087921,1.001638176316446,4507.618398277116,4530.671736661995,4480.8763974261055,4506.750777754691,1.0018310074448293,1.0069546774582265,0.9958875217087921,1.001638176316446,4050.775995497979,4071.4929021867197,4026.7442684200464,4049.996307406638
2023-08-09,1.0018310074448293,1.0069546774582265,0.9958875217087921,1.001638176316446,4475.890410271339,4498.781482026893,4449.336639613588,4475.028896710749,1.0018310074448293,1.0069546774582265,0.9958875217087921,1.001638176316446,4052.258310047407,4072.9827977458704,4028.217788955998,4051.478336642091
2023-08-10,1.0018310074448293,1.0069546774582265,0.9958875217087921,1.001638176316446,4477.0124609996765,4499.909271265647,4450.452033637902,4476.150731468223,1.0018310074448293,1.0069546774582265,0.9958875217087921,1.001638176316446,4053.7406245968355,4074.4726933050206,4029.6913094919496,4052.9603658775445
2023-08-11,1.0018310074448293,1.0069546774582265,0.9958875217087921,1.001638176316446,4472.22370878409,4495.096027907396,4445.691691284133,4471.36290098543,1.0018310074448293,1.0069546774582265,0.9958875217087921,1.001638176316446,4055.222939146264,4075.9625888641713,4031.164830027901,4054.4423951129975
2023-08-14,1.0018310074448293,1.0069546774582265,0.9958875217087921,1.001638176316446,4497.9407107452,4520.944554477749,4471.256123966398,4497.074952971474,1.0018310074448293,1.0069546774582265,0.9958875217087921,1.001638176316446,4056.707967824668,4077.4552124331826,4032.6410485909246,4055.9271379550146
2023-08-15,1.0018310074448293,1.0069546774582265,0.9958875217087921,1.001638176316446,4445.98575469911,4468.723884904764,4419.60939709058,4445.129997147702,1.0018310074448293,1.0069546774582265,0.9958875217087921,1.001638176316446,4058.1929965030718,4078.9478360021935,4034.1172671539475,4057.4118807970312
2023-08-16,1.0018310074448293,1.0069546774582265,0.9958875217087921,1.001638176316446,4412.394361019485,4434.9606945695905,4386.2172884876845,4411.545069095812,1.0018310074448293,1.0069546774582265,0.9958875217087921,1.001638176316446,4059.6780251814753,4080.4404595712044,4035.59348571697,4058.8966236390474
2023-08-17,1.0018310074448293,1.0069546774582265,0.9958875217087921,1.001638176316446,4378.362161696584,4400.754444176335,4352.386989375236,4377.519420246343,1.0018310074448293,1.0069546774582265,0.9958875217087921,1.001638176316446,4061.1630538598793,4081.933083140216,4037.0697042799934,4060.3813664810646
2023-08-18,1.0018310074448293,1.0069546774582265,0.9958875217087921,1.001638176316446,4377.7109715417455,4400.099923635987,4351.739662486126,4376.868355431737,1.0018310074448293,1.0069546774582265,0.9958875217087921,1.001638176316446,4062.6480825382832,4083.425706709227,4038.5459228430163,4061.866109323081
2023-08-21,1.0018310074448293,1.0069546774582265,0.9958875217087921,1.001638176316446,4407.826011625537,4430.368981240382,4381.676041388693,4406.97759901181,1.0018310074448293,1.0069546774582265,0.9958875217087921,1.001638176316446,4064.135830315253,4084.9210632831055,4040.0248443732185,4063.3535707402953
2023-08-22,1.0018310074448293,1.0069546774582265,0.9958875217087921,1.001638176316446,4395.583636714561,4418.063995081842,4369.506295873412,4394.737580497223,1.0018310074448293,1.0069546774582265,0.9958875217087921,1.001638176316446,4065.623578092223,4086.4164198569842,4041.5037659034206,4064.8410321575093
2023-08-23,1.0018310074448293,1.0069546774582265,0.9958875217087921,1.001638176316446,4444.132367335337,4466.861018751468,4417.767005175419,4443.276966521517,1.0018310074448293,1.0069546774582265,0.9958875217087921,1.001638176316446,4067.1113258691926,4087.911776430862,4042.9826874336227,4066.3284935747233
2023-08-24,1.0018310074448293,1.0069546774582265,0.9958875217087921,1.001638176316446,4384.323056190881,4406.745824507212,4358.312520129404,4383.479167395426,1.0018310074448293,1.0069546774582265,0.9958875217087921,1.001638176316446,4068.5990736461627,4089.407133004741,4044.4616089638253,4067.815954991938
2023-08-25,1.0018310074448293,1.0069546774582265,0.9958875217087921,1.001638176316446,4413.7768878097595,4436.350292024484,4387.591613267643,4412.927329779129,1.0018310074448293,1.0069546774582265,0.9958875217087921,1.001638176316446,4070.0868214231323,4090.902489578619,4045.940530494027,4069.3034164091514
2023-08-28,1.0018310074448293,1.0069546774582265,0.9958875217087921,1.001638176316446,4441.427423615237,4464.14224112233,4415.078108866805,4440.572543445463,1.0018310074448293,1.0069546774582265,0.9958875217087921,1.001638176316446,4071.577293277358,4092.400584161517,4047.4221599405614,4070.7936013792946
2023-08-29,1.0018310074448293,1.0069546774582265,0.9958875217087921,1.001638176316446,4505.865194014088,4528.909565976443,4479.133594263115,4504.9979109461365,1.0018310074448293,1.0069546774582265,0.9958875217087921,1.001638176316446,4073.067765131583,4093.8986787444146,4048.9037893870955,4072.2837863494374
2023-08-30,1.0018310074448293,1.0069546774582265,0.9958875217087921,1.001638176316446,4523.136760582436,4546.269464615823,4496.302695137374,4522.266153105832,1.0018310074448293,1.0069546774582265,0.9958875217087921,1.001638176316446,4074.558236985809,4095.396773327313,4050.38541883363,4073.77397131958
2023-08-31,1.0018310074448293,1.0069546774582265,0.9958875217087921,1.001638176316446,4515.913559018759,4539.00932139135,4489.1223461058535,4515.04434185459,1.0018310074448293,1.0069546774582265,0.9958875217087921,1.001638176316446,4076.048708840034,4096.89486791021,4051.867048280164,4075.264156289723
2023-09-01,1.0018310074448293,1.0069546774582265,0.9958875217087921,1.001638176316446,4524.0384084891375,4547.175723825536,4497.198993906913,4523.167627464518,1.0018310074448293,1.0069546774582265,0.9958875217087921,1.001638176316446,4077.53918069426,4098.392962493109,4053.3486777266985,4076.754341259866
2023-09-05,1.0018310074448293,1.0069546774582265,0.9958875217087921,1.001638176316446,4505.063729208132,4528.104002234477,4478.336884245748,4504.196600405084,1.0018310074448293,1.0069546774582265,0.9958875217087921,1.001638176316446,4079.032381613547,4099.893800098341,4054.83302004778,4078.247254769784
2023-09-06,1.0018310074448293,1.0069546774582265,0.9958875217087921,1.001638176316446,4473.656327124736,4496.535973096161,4447.115810440177,4472.795243577562,1.0018310074448293,1.0069546774582265,0.9958875217087921,1.001638176316446,4080.5255825328336,4101.394637703573,4056.317362368861,4079.740168279701
2023-09-07,1.0018310074448293,1.0069546774582265,0.9958875217087921,1.001638176316446,4459.290070477978,4482.09624302141,4432.834783378873,4458.431752129185,1.0018310074448293,1.0069546774582265,0.9958875217087921,1.001638176316446,4082.0187834521207,4102.8954753088055,4057.8017046899427,4081.2330817896186
2023-09-08,1.0018310074448293,1.0069546774582265,0.9958875217087921,1.001638176316446,4465.651697375252,4488.49040522327,4439.158669141723,4464.792154548794,1.0018310074448293,1.0069546774582265,0.9958875217087921,1.001638176316446,4083.5119843714074,4104.3963129140375,4059.2860470110236,4082.725995299536
2023-09-11,1.0018310074448293,1.0069546774582265,0.9958875217087921,1.001638176316446,4495.676572668374,4518.668836906693,4469.005418167337,4494.811250692998,1.0018310074448293,1.0069546774582265,0.9958875217087921,1.001638176316446,4085.0051852906945,4105.897150519269,4060.7703893321054,4084.2189088094533
2023-09-12,1.0018310074448293,1.0069546774582265,0.9958875217087921,1.001638176316446,4470.069772118084,4492.931075350861,4443.55053311246,4469.209378906349,1.0018310074448293,1.0069546774582265,0.9958875217087921,1.001638176316446,4086.501120271981,4107.40073616933,4062.2574494950272,4085.714555855122
2023-09-13,1.0018310074448293,1.0069546774582265,0.9958875217087921,1.001638176316446,4475.619915899328,4498.509604263979,4449.067749982726,4474.758454403142,1.0018310074448293,1.0069546774582265,0.9958875217087921,1.001638176316446,4087.9970552532677,4108.904321819391,4063.744509657949,4087.21020290079
2023-09-14,1.0018310074448293,1.0069546774582265,0.9958875217087921,1.001638176316446,4513.348871639701,4536.431517417057,4486.57287405028,4512.480148123221,1.0018310074448293,1.0069546774582265,0.9958875217087921,1.001638176316446,4089.492990234555,4110.407907469453,4065.2315698208713,4088.7058499464592
2023-09-15,1.0018310074448293,1.0069546774582265,0.9958875217087921,1.001638176316446,4458.468569051873,4481.270540185895,4432.018155611072,4457.610408824606,1.0018310074448293,1.0069546774582265,0.9958875217087921,1.001638176316446,4090.9889252158414,4111.911493119513,4066.718629983793,4090.2014969921274
2023-09-18,1.0018310074448293,1.0069546774582265,0.9958875217087921,1.001638176316446,4461.68444658577,4484.502864700536,4435.214954555757,4460.825667370581,1.0018310074448293,1.0069546774582265,0.9958875217087921,1.001638176316446,4092.484860197128,4113.4150787695735,4068.2056901467145,4091.697144037796
2023-09-19,1.0018310074448293,1.0069546774582265,0.9958875217087921,1.001638176316446,4452.086905534449,4474.856238890486,4425.674352097787,4451.22997364147,1.0018310074448293,1.0069546774582265,0.9958875217087921,1.001638176316446,4093.9835342465026,4114.921417496154,4069.695473127866,4093.1955296243405
2023-09-20,1.0018310074448293,1.0069546774582265,0.9958875217087921,1.001638176316446,4410.260460973627,4432.815881106605,4384.096048066444,4409.411579780258,1.0018310074448293,1.0069546774582265,0.9958875217087921,1.001638176316446,4095.482208295877,4116.427756222734,4071.1852561090172,4094.6939152108844
2023-09-21,1.0018310074448293,1.0069546774582265,0.9958875217087921,1.001638176316446,4337.928262236111,4360.113753394121,4312.19296899907,4337.09330345021,1.0018310074448293,1.0069546774582265,0.9958875217087921,1.001638176316446,4096.980882345251,4117.9340949493135,4072.675039090168,4096.192300797428
2023-09-22,1.0018310074448293,1.0069546774582265,0.9958875217087921,1.001638176316446,4327.97006202211,4350.104623900186,4302.293847033285,4327.137019977626,1.0018310074448293,1.0069546774582265,0.9958875217087921,1.001638176316446,4098.479556394626,4119.440433675894,4074.1648220713196,4097.690686383973
2023-09-25,1.0018310074448293,1.0069546774582265,0.9958875217087921,1.001638176316446,4345.3818849315,4367.60549619441,4319.602372160583,4344.545491482005,1.0018310074448293,1.0069546774582265,0.9958875217087921,1.001638176316446,4099.9782304440005,4120.946772402474,4075.6546050524707,4099.189071970516
2023-09-26,1.0018310074448293,1.0069546774582265,0.9958875217087921,1.001638176316446,4281.354865245701,4303.251022758054,4255.9552006481745,4280.530795633621,1.0018310074448293,1.0069546774582265,0.9958875217087921,1.001638176316446,4101.4796485767165,4122.455869246477,4077.147115837351,4100.690201112225
2023-09-27,1.0018310074448293,1.0069546774582265,0.9958875217087921,1.001638176316446,4282.336659632998,4304.237838341965,4256.93117041945,4281.5124010464115,1.0018310074448293,1.0069546774582265,0.9958875217087921,1.001638176316446,4102.9810667094325,4123.96496609048,4078.639626622232,4102.191330253932
2023-09-28,1.0018310074448293,1.0069546774582265,0.9958875217087921,1.001638176316446,4307.572782710533,4329.603026667137,4282.017577091294,4306.743666707823,1.0018310074448293,1.0069546774582265,0.9958875217087921,1.001638176316446,4104.4824848421495,4125.474062934483,4080.132137407113,4103.692459395641
2023-09-29,1.0018310074448293,1.0069546774582265,0.9958875217087921,1.001638176316446,4295.901451473801,4317.8720046747485,4270.415487463386,4295.074581953736,1.0018310074448293,1.0069546774582265,0.9958875217087921,1.001638176316446,4105.9839029748655,4126.983159778486,4081.624648191994,4105.19358853735
2023-10-02,1.0018310074448293,1.0069546774582265,0.9958875217087921,1.001638176316446,4296.242074016332,4318.214369265084,4270.754089220767,4295.415138933684,1.0018310074448293,1.0069546774582265,0.9958875217087921,1.001638176316446,4107.4853211075815,4128.492256622489,4083.1171589768746,4106.694717679057
2023-10-03,1.0018310074448293,1.0069546774582265,0.9958875217087921,1.001638176316446,4237.194154437533,4258.864460575696,4212.056478691251,4236.378584821592,1.0018310074448293,1.0069546774582265,0.9958875217087921,1.001638176316446,4108.9894883480765,4130.004116634048,4084.612402560114,4108.1985953994
2023-10-04,1.0018310074448293,1.0069546774582265,0.9958875217087921,1.001638176316446,4271.5569579928915,4293.403006012513,4246.215420685862,4270.734774269246,1.0018310074448293,1.0069546774582265,0.9958875217087921,1.001638176316446,4110.4936555885715,4131.515976645607,4086.107646143353,4109.702473119742
2023-10-05,1.0018310074448293,1.0069546774582265,0.9958875217087921,1.001638176316446,4265.986777591497,4287.804338005845,4240.678286065161,4265.165666008927,1.0018310074448293,1.0069546774582265,0.9958875217087921,1.001638176316446,4111.9978228290665,4133.027836657166,4087.602889726593,4111.206350840084
2023-10-06,1.0018310074448293,1.0069546774582265,0.9958875217087921,1.001638176316446,4316.388895576048,4338.464227828769,4290.781387282331,4315.558082659407,1.0018310074448293,1.0069546774582265,0.9958875217087921,1.001638176316446,4113.5019900695615,4134.539696668725,4089.098133309832,4112.710228560427
2023-10-09,1.0018310074448293,1.0069546774582265,0.9958875217087921,1.001638176316446,4343.598625738248,4365.813116868534,4317.829692371942,4342.7625755281615,1.0018310074448293,1.0069546774582265,0.9958875217087921,1.001638176316446,4115.006157310057,4136.051556680284,4090.5933768930713,4114.214106280769
2023-10-10,1.0018310074448293,1.0069546774582265,0.9958875217087921,1.001638176316446,4366.219969886352,4388.550153485541,4340.316832612126,4365.379565549387,1.0018310074448293,1.0069546774582265,0.9958875217087921,1.001638176316446,4116.513078691967,4137.56618491878,4092.0913582784433,4115.720737612413
2023-10-11,1.0018310074448293,1.0069546774582265,0.9958875217087921,1.001638176316446,4384.964228035646,4407.390275500785,4358.949888143297,4384.120215828268,1.0018310074448293,1.0069546774582265,0.9958875217087921,1.001638176316446,4118.020000073878,4139.080813157276,4093.5893396638157,4117.227368944057
2023-10-12,1.0018310074448293,1.0069546774582265,0.9958875217087921,1.001638176316446,4357.574168292103,4379.860134619076,4331.722323299779,4356.735428087776,1.0018310074448293,1.0069546774582265,0.9958875217087921,1.001638176316446,4119.526921455788,4140.5954413957725,4095.0873210491877,4118.734000275702
2023-10-13,1.0018310074448293,1.0069546774582265,0.9958875217087921,1.001638176316446,4335.704197399583,4357.878314010163,4309.982098700876,4334.869666698788,1.0018310074448293,1.0069546774582265,0.9958875217087921,1.001638176316446,4121.033842837699,4142.110069634268,4096.58530243456,4120.240631607347
2023-10-16,1.0018310074448293,1.0069546774582265,0.9958875217087921,1.001638176316446,4381.638149090929,4404.047185971624,4355.643541571225,4380.794777082898,1.0018310074448293,1.0069546774582265,0.9958875217087921,1.001638176316446,4122.54076421961,4143.624697872764,4098.083283819932,4121.74726293899
2023-10-17,1.0018310074448293,1.0069546774582265,0.9958875217087921,1.001638176316446,4381.207361757727,4403.614195460316,4355.21530993689,4380.364072667081,1.0018310074448293,1.0069546774582265,0.9958875217087921,1.001638176316446,4124.050444785789,4145.14209940684,4099.5840080203725,4123.25665292382
2023-10-18,1.0018310074448293,1.0069546774582265,0.9958875217087921,1.001638176316446,4322.500064721461,4344.606651361265,4296.856301164755,4321.668075534938,1.0018310074448293,1.0069546774582265,0.9958875217087921,1.001638176316446,4125.560125351969,4146.6595009409175,4101.084732220814,4124.766042908649
2023-10-19,1.0018310074448293,1.0069546774582265,0.9958875217087921,1.001638176316446,4285.8330498489795,4307.752110166293,4260.406817870213,4285.008118281756,1.0018310074448293,1.0069546774582265,0.9958875217087921,1.001638176316446,4127.069805918149,4148.176902474994,4102.585456421255,4126.275432893478
2023-10-20,1.0018310074448293,1.0069546774582265,0.9958875217087921,1.001638176316446,4231.89446840815,4253.537670331942,4206.788233701412,4231.079918868878,1.0018310074448293,1.0069546774582265,0.9958875217087921,1.001638176316446,4128.579486484328,4149.694304009071,4104.086180621695,4127.784822878308
2023-10-23,1.0018310074448293,1.0069546774582265,0.9958875217087921,1.001638176316446,4224.761431635143,4246.368153028439,4199.697514546845,4223.948255053505,1.0018310074448293,1.0069546774582265,0.9958875217087921,1.001638176316446,4130.089167050508,4151.211705543147,4105.586904822137,4129.294212863137
2023-10-24,1.0018310074448293,1.0069546774582265,0.9958875217087921,1.001638176316446,4255.457533703253,4277.22124434576,4230.211508212003,4254.638448775841,1.0018310074448293,1.0069546774582265,0.9958875217087921,1.001638176316446,4131.601611853043,4152.731885450729,4107.090376859761,4130.806366552265
2023-10-25,1.0018310074448293,1.0069546774582265,0.9958875217087921,1.001638176316446,4194.436007039789,4215.88763494178,4169.5519992647205,4193.628667456407,1.0018310074448293,1.0069546774582265,0.9958875217087921,1.001638176316446,4133.11405665558,4154.252065358312,4108.593848897386,4132.318520241394
2023-10-26,1.0018310074448293,1.0069546774582265,0.9958875217087921,1.001638176316446,4144.805298930971,4166.003100220498,4120.215731439265,4144.007512201689,1.0018310074448293,1.0069546774582265,0.9958875217087921,1.001638176316446,4134.626501458115,4155.7722452658945,4110.09732093501,4133.830673930523
2023-10-27,1.0018310074448293,1.0069546774582265,0.9958875217087921,1.001638176316446,4124.908935123117,4146.004980326178,4100.43740525813,4124.114978020045,1.0018310074448293,1.0069546774582265,0.9958875217087921,1.001638176316446,4136.138946260651,4157.292425173478,4111.600792972636,4135.342827619652
2023-10-30,1.0018310074448293,1.0069546774582265,0.9958875217087921,1.001638176316446,4174.449478441264,4195.798889126487,4149.684043206629,4173.645985838893,1.0018310074448293,1.0069546774582265,0.9958875217087921,1.001638176316446,4137.651391063187,4158.81260508106,4113.10426501026,4136.85498130878
2023-10-31,1.0018310074448293,1.0069546774582265,0.9958875217087921,1.001638176316446,4201.4788790221255,4222.9665263243105,4176.553088542332,4200.670183835911,1.0018310074448293,1.0069546774582265,0.9958875217087921,1.001638176316446,4139.166605163416,4160.33556844937,4114.610489916378,4138.369903762571
2023-11-01,1.0018310074448293,1.0069546774582265,0.9958875217087921,1.001638176316446,4245.619553210144,4267.332949413119,4220.431892748821,4244.802361884414,1.0018310074448293,1.0069546774582265,0.9958875217087921,1.001638176316446,4140.681819263645,4161.858531817681,4116.116714822498,4139.884826216362
2023-11-02,1.0018310074448293,1.0069546774582265,0.9958875217087921,1.001638176316446,4325.685887325135,4347.808767235581,4300.023223483789,4324.853284935623,1.0018310074448293,1.0069546774582265,0.9958875217087921,1.001638176316446,4142.197033363874,4163.381495185992,4117.622939728616,4141.399748670154
2023-11-03,1.0018310074448293,1.0069546774582265,0.9958875217087921,1.001638176316446,4366.320152987098,4388.650848953287,4340.416421364297,4365.479729367019,1.0018310074448293,1.0069546774582265,0.9958875217087921,1.001638176316446,4143.712247464103,4164.904458554302,4119.1291646347345,4142.914671123945
2023-11-06,1.0018310074448293,1.0069546774582265,0.9958875217087921,1.001638176316446,4373.974141883976,4396.343982689067,4348.025002030152,4373.132245034076,1.0018310074448293,1.0069546774582265,0.9958875217087921,1.001638176316446,4145.227461564332,4166.427421922614,4120.635389540853,4144.429593577735
2023-11-07,1.0018310074448293,1.0069546774582265,0.9958875217087921,1.001638176316446,4386.396846376292,4408.83022068955,4360.374007299341,4385.552558420401,1.0018310074448293,1.0069546774582265,0.9958875217087921,1.001638176316446,4146.745450032859,4167.953173848189,4122.144372355988,4145.947289865818
2023-11-08,1.0018310074448293,1.0069546774582265,0.9958875217087921,1.001638176316446,4390.804902809049,4413.260821270366,4364.7559123948595,4389.959766396192,1.0018310074448293,1.0069546774582265,0.9958875217087921,1.001638176316446,4148.263438501386,4169.478925773766,4123.653355171124,4147.464986153901
2023-11-09,1.0018310074448293,1.0069546774582265,0.9958875217087921,1.001638176316446,4355.310030215279,4377.584417048021,4329.471617500718,4354.4717258093015,1.0018310074448293,1.0069546774582265,0.9958875217087921,1.001638176316446,4149.781426969913,4171.004677699342,4125.162337986259,4148.982682441982
2023-11-10,1.0018310074448293,1.0069546774582265,0.9958875217087921,1.001638176316446,4423.324337310708,4445.94657010066,4397.082421349527,4422.472941599424,1.0018310074448293,1.0069546774582265,0.9958875217087921,1.001638176316446,4151.2994154384405,4172.530429624919,4126.671320801395,4150.500378730066
2023-11-13,1.0018310074448293,1.0069546774582265,0.9958875217087921,1.001638176316446,4419.627580893237,4442.23090734084,4393.407596394422,4418.7768967288175,1.0018310074448293,1.0069546774582265,0.9958875217087921,1.001638176316446,4152.817403906967,4174.056181550494,4128.18030361653,4152.018075018148
2023-11-14,1.0018310074448293,1.0069546774582265,0.9958875217087921,1.001638176316446,4503.931660169719,4526.966143448949,4477.211531346216,4503.064749265845,1.0018310074448293,1.0069546774582265,0.9958875217087921,1.001638176316446,4154.3381718236815,4175.584727139206,4129.692049390434,4153.538550219433
2023-11-15,1.0018310074448293,1.0069546774582265,0.9958875217087921,1.001638176316446,4511.124806803174,4534.196078033099,4484.362003752086,4510.256511371798,1.0018310074448293,1.0069546774582265,0.9958875217087921,1.001638176316446,4155.858939740396,4177.113272727917,4131.203795164338,4155.059025420717
2023-11-16,1.0018310074448293,1.0069546774582265,0.9958875217087921,1.001638176316446,4516.494621003078,4539.593355104275,4489.699960868445,4515.625291996854,1.0018310074448293,1.0069546774582265,0.9958875217087921,1.001638176316446,4157.379707657109,4178.641818316627,4132.715540938241,4156.579500622001
2023-11-17,1.0018310074448293,1.0069546774582265,0.9958875217087921,1.001638176316446,4522.285204226109,4545.413553139984,4495.456190743922,4521.414760655964,1.0018310074448293,1.0069546774582265,0.9958875217087921,1.001638176316446,4158.900475573823,4180.1703639053385,4134.2272867121455,4158.0999758232865
2023-11-20,1.0018310074448293,1.0069546774582265,0.9958875217087921,1.001638176316446,4555.706286634468,4579.00556117999,4528.678998468127,4554.82941021788,1.0018310074448293,1.0069546774582265,0.9958875217087921,1.001638176316446,4160.421243490538,4181.698909494049,4135.73903248605,4159.620451024572
2023-11-21,1.0018310074448293,1.0069546774582265,0.9958875217087921,1.001638176316446,4546.49945967605,4569.751647694148,4519.526792143623,4545.624355377531,1.0018310074448293,1.0069546774582265,0.9958875217087921,1.001638176316446,4161.944795944629,4183.230253861113,4137.25354627772,4161.143710227269
2023-11-22,1.0018310074448293,1.0069546774582265,0.9958875217087921,1.001638176316446,4564.963205143258,4588.309822399704,4537.880999168717,4564.084546967044,1.0018310074448293,1.0069546774582265,0.9958875217087921,1.001638176316446,4163.46834839872,4184.761598228177,4138.76806006939,4162.666969429967
2023-11-24,1.0018310074448293,1.0069546774582265,0.9958875217087921,1.001638176316446,4567.688185483508,4591.0487391223905,4540.589813227764,4566.809002806624,1.0018310074448293,1.0069546774582265,0.9958875217087921,1.001638176316446,4164.991900852812,4186.292942595241,4140.282573861062,4164.190228632666
2023-11-27,1.0018310074448293,1.0069546774582265,0.9958875217087921,1.001638176316446,4558.761871207175,4582.076772946238,4531.71645540934,4557.884406655645,1.0018310074448293,1.0069546774582265,0.9958875217087921,1.001638176316446,4166.5154533069035,4187.8242869623045,4141.797087652732,4165.7134878353645
2023-11-28,1.0018310074448293,1.0069546774582265,0.9958875217087921,1.001638176316446,4563.230037500379,4586.567790807701,4536.158113756161,4562.351712922016,1.0018310074448293,1.0069546774582265,0.9958875217087921,1.001638176316446,4168.039005760995,4189.3556313293675,4143.311601444402,4167.236747038062
2023-11-29,1.0018310074448293,1.0069546774582265,0.9958875217087921,1.001638176316446,4558.912145858291,4582.227816147856,4531.865838537596,4558.034652382093,1.0018310074448293,1.0069546774582265,0.9958875217087921,1.001638176316446,4169.565347850972,4190.889779599368,4144.828888322101,4168.7627953397005
2023-11-30,1.0018310074448293,1.0069546774582265,0.9958875217087921,1.001638176316446,4576.1636758064915,4599.567575693687,4549.015021661421,4575.282861778262,1.0018310074448293,1.0069546774582265,0.9958875217087921,1.001638176316446,4171.091689940949,4192.4239278693685,4146.346175199799,4170.288843641339
2023-12-01,1.0018310074448293,1.0069546774582265,0.9958875217087921,1.001638176316446,4603.0428017362365,4626.5841696898915,4575.734683868868,4602.156814048832,1.0018310074448293,1.0069546774582265,0.9958875217087921,1.001638176316446,4172.618032030928,4193.958076139369,4147.863462077498,4171.814891942979
2023-12-04,1.0018310074448293,1.0069546774582265,0.9958875217087921,1.001638176316446,4578.147301201232,4601.561345955054,4550.986878954403,4577.266105367368,1.0018310074448293,1.0069546774582265,0.9958875217087921,1.001638176316446,4174.144374120905,4195.49222440937,4149.380748955196,4173.340940244617
2023-12-05,1.0018310074448293,1.0069546774582265,0.9958875217087921,1.001638176316446,4575.542540581876,4598.943263793663,4548.397571397962,4574.661846108946,1.0018310074448293,1.0069546774582265,0.9958875217087921,1.001638176316446,4175.670716210882,4197.026372679369,4150.898035832895,4174.866988546255
2023-12-06,1.0018310074448293,1.0069546774582265,0.9958875217087921,1.001638176316446,4557.66987540906,4580.979192347809,4530.630938010677,4556.79262104346,1.0018310074448293,1.0069546774582265,0.9958875217087921,1.001638176316446,4177.19985304459,4198.563329986274,4152.4181008741625,4176.3958310536955
2023-12-07,1.0018310074448293,1.0069546774582265,0.9958875217087921,1.001638176316446,4593.9862494289355,4617.481299405669,4566.73186067262,4593.102004934932,1.0018310074448293,1.0069546774582265,0.9958875217087921,1.001638176316446,4178.728989878297,4200.100287293178,4153.93816591543,4177.924673561135
2023-12-08,1.0018310074448293,1.0069546774582265,0.9958875217087921,1.001638176316446,4612.800635748748,4636.391908248334,4585.434628330311,4611.912769886154,1.0018310074448293,1.0069546774582265,0.9958875217087921,1.001638176316446,4180.258126712005,4201.637244600082,4155.458230956698,4179.4535160685755
2023-12-11,1.0018310074448293,1.0069546774582265,0.9958875217087921,1.001638176316446,4630.903722053276,4654.587579270004,4603.430315847589,4630.012371732192,1.0018310074448293,1.0069546774582265,0.9958875217087921,1.001638176316446,4181.787263545712,4203.174201906986,4156.978295997965,4180.982358576015
2023-12-12,1.0018310074448293,1.0069546774582265,0.9958875217087921,1.001638176316446,4652.202649271554,4675.995435712766,4624.602884559118,4651.30719936068,1.0018310074448293,1.0069546774582265,0.9958875217087921,1.001638176316446,4183.31640037942,4204.71115921389,4158.498361039232,4182.5112010834555
2023-12-13,1.0018310074448293,1.0069546774582265,0.9958875217087921,1.001638176316446,4715.708716833482,4739.826292716843,4687.732194560239,4714.80104335738,1.0018310074448293,1.0069546774582265,0.9958875217087921,1.001638176316446,4184.848337074054,4206.250930701066,4160.0212093309065,4184.042842912908
2023-12-14,1.0018310074448293,1.0069546774582265,0.9958875217087921,1.001638176316446,4728.191531186245,4752.372947997973,4700.1409530807305,4727.281455034283,1.0018310074448293,1.0069546774582265,0.9958875217087921,1.001638176316446,4186.380273768688,4207.790702188241,4161.544057622581,4185.574484742361
2023-12-15,1.0018310074448293,1.0069546774582265,0.9958875217087921,1.001638176316446,4727.830872023564,4752.010444314088,4699.782433572915,4726.920865290808,1.0018310074448293,1.0069546774582265,0.9958875217087921,1.001638176316446,4187.912210463323,4209.330473675417,4163.0669059142565,4187.106126571815
2023-12-18,1.0018310074448293,1.0069546774582265,0.9958875217087921,1.001638176316446,4749.2400006526605,4773.52906577137,4721.064549911832,4748.325873118692,1.0018310074448293,1.0069546774582265,0.9958875217087921,1.001638176316446,4189.444147157958,4210.870245162593,4164.589754205931,4188.637768401269
2023-12-19,1.0018310074448293,1.0069546774582265,0.9958875217087921,1.001638176316446,4777.1009209697,4801.532475351483,4748.760181890553,4776.181430802051,1.0018310074448293,1.0069546774582265,0.9958875217087921,1.001638176316446,4190.976083852592,4212.410016649768,4166.112602497606,4190.169410230722
2023-12-20,1.0018310074448293,1.0069546774582265,0.9958875217087921,1.001638176316446,4706.952713828414,4731.025508835859,4679.028137620504,4706.046725696374,1.0018310074448293,1.0069546774582265,0.9958875217087921,1.001638176316446,4192.510825534719,4213.95260747,4167.63823913584,4191.703856507767
2023-12-21,1.0018310074448293,1.0069546774582265,0.9958875217087921,1.001638176316446,4755.441334588743,4779.762115224837,4727.229093671209,4754.52601343009,1.0018310074448293,1.0069546774582265,0.9958875217087921,1.001638176316446,4194.045567216846,4215.495198290232,4169.163875774075,4193.238302784814
2023-12-22,1.0018310074448293,1.0069546774582265,0.9958875217087921,1.001638176316446,4763.335762927409,4787.6969180832075,4735.076687342274,4762.418922259463,1.0018310074448293,1.0069546774582265,0.9958875217087921,1.001638176316446,4195.580308898973,4217.037789110464,4170.689512412308,4194.772749061859
2023-12-26,1.0018310074448293,1.0069546774582265,0.9958875217087921,1.001638176316446,4783.492602797199,4807.956846193667,4755.113944279055,4782.57188236695,1.0018310074448293,1.0069546774582265,0.9958875217087921,1.001638176316446,4197.115050581101,4218.580379930697,4172.215149050543,4196.307195338905
2023-12-27,1.0018310074448293,1.0069546774582265,0.9958875217087921,1.001638176316446,4790.335108578047,4814.834346640707,4761.9158560523265,4789.413071111191,1.0018310074448293,1.0069546774582265,0.9958875217087921,1.001638176316446,4198.649792263228,4220.122970750928,4173.740785688777,4197.841641615951
2023-12-28,1.0018310074448293,1.0069546774582265,0.9958875217087921,1.001638176316446,4792.108349461225,4816.616656419808,4763.678576965751,4791.185970683272,1.0018310074448293,1.0069546774582265,0.9958875217087921,1.001638176316446,4200.187344068801,4221.668386066436,4175.269215779054,4199.3788974755535
2023-12-29,1.0018310074448293,1.0069546774582265,0.9958875217087921,1.001638176316446,4778.563594240571,4803.0026291805725,4750.214177672248,4777.643822539473,1.0018310074448293,1.0069546774582265,0.9958875217087921,1.001638176316446,4201.724895874374,4223.213801381944,4176.79764586933,4200.916153335156
2024-01-02,1.0018310074448293,1.0069546774582265,0.9958875217087921,1.001638176316446,4751.51415703956,4775.814852889201,4723.325214586111,4750.599591778929,1.0018310074448293,1.0069546774582265,0.9958875217087921,1.001638176316446,4203.262447679947,4224.759216697453,4178.326075959608,4202.453409194759
2024-01-03,1.0018310074448293,1.0069546774582265,0.9958875217087921,1.001638176316446,4713.424542136508,4737.53043605224,4685.461571010743,4712.517308315379,1.0018310074448293,1.0069546774582265,0.9958875217087921,1.001638176316446,4204.79999948552,4226.304632012961,4179.854506049884,4203.990665054361
2024-01-04,1.0018310074448293,1.0069546774582265,0.9958875217087921,1.001638176316446,4697.2650079864225,4721.288257104838,4669.39790528558,4696.360884531394,1.0018310074448293,1.0069546774582265,0.9958875217087921,1.001638176316446,4206.337551291093,4227.8500473284685,4181.382936140161,4205.527920913964
2024-01-05,1.0018310074448293,1.0069546774582265,0.9958875217087921,1.001638176316446,4705.84068141015,4729.90778914388,4677.922702471406,4704.934907320662,1.0018310074448293,1.0069546774582265,0.9958875217087921,1.001638176316446,4207.87791836547,4229.398292310925,4182.914164797313,4207.067991500491
2024-01-08,1.0018310074448293,1.0069546774582265,0.9958875217087921,1.001638176316446,4772.262077203743,4796.66888425936,4743.9500451607,4771.343518410443,1.0018310074448293,1.0069546774582265,0.9958875217087921,1.001638176316446,4209.418285439845,4230.946537293381,4184.445393454464,4208.608062087017
2024-01-09,1.0018310074448293,1.0069546774582265,0.9958875217087921,1.001638176316446,4765.209186911331,4789.579923330055,4736.93899700787,4764.291985649175,1.0018310074448293,1.0069546774582265,0.9958875217087921,1.001638176316446,4210.958652514221,4232.494782275838,4185.976622111614,4210.148132673543
2024-01-10,1.0018310074448293,1.0069546774582265,0.9958875217087921,1.001638176316446,4792.208532561969,4816.717351887553,4763.778165717921,4791.286134500903,1.0018310074448293,1.0069546774582265,0.9958875217087921,1.001638176316446,4212.499019588597,4234.043027258293,4187.507850768765,4211.688203260069
2024-01-11,1.0018310074448293,1.0069546774582265,0.9958875217087921,1.001638176316446,4788.992655028071,4813.485027372913,4760.581366773236,4788.070875954927,1.0018310074448293,1.0069546774582265,0.9958875217087921,1.001638176316446,4214.039386662973,4235.591272240749,4189.0390794259165,4213.228273846596
2024-01-12,1.0018310074448293,1.0069546774582265,0.9958875217087921,1.001638176316446,4792.589228344797,4817.099994664988,4764.156602976171,4791.6667570079035,1.0018310074448293,1.0069546774582265,0.9958875217087921,1.001638176316446,4215.58257416093,4237.142352071295,4190.573111774139,4214.771164313832
2024-01-16,1.0018310074448293,1.0069546774582265,0.9958875217087921,1.001638176316446,4774.706544861907,4799.125853672358,4746.3800107136685,4773.787515560654,1.0018310074448293,1.0069546774582265,0.9958875217087921,1.001638176316446,4217.125761658886,4238.69343190184,4192.10714412236,4216.314054781067
2024-01-17,1.0018310074448293,1.0069546774582265,0.9958875217087921,1.001638176316446,4747.887528792609,4772.169676956802,4719.720101757524,4746.973661580663,1.0018310074448293,1.0069546774582265,0.9958875217087921,1.001638176316446,4218.668949156843,4240.244511732386,4193.641176470583,4217.8569452483025
2024-01-18,1.0018310074448293,1.0069546774582265,0.9958875217087921,1.001638176316446,4789.693936733282,4814.189895647133,4761.278488038432,4788.772022678349,1.0018310074448293,1.0069546774582265,0.9958875217087921,1.001638176316446,4220.2121366548,4241.795591562931,4195.175208818804,4219.399835715539
2024-01-19,1.0018310074448293,1.0069546774582265,0.9958875217087921,1.001638176316446,4848.6717281415595,4873.4693175091,4819.906386441429,4847.738462118098,1.0018310074448293,1.0069546774582265,0.9958875217087921,1.001638176316446,4221.755324152757,4243.346671393476,4196.709241167026,4220.942726182774
2024-01-22,1.0018310074448293,1.0069546774582265,0.9958875217087921,1.001638176316446,4859.311173440624,4884.163176183706,4830.482711921977,4858.375859550579,1.0018310074448293,1.0069546774582265,0.9958875217087921,1.001638176316446,4223.301337238511,4244.900591262739,4198.246082339899,4222.488441693942
2024-01-23,1.0018310074448293,1.0069546774582265,0.9958875217087921,1.001638176316446,4873.507118816117,4898.431723963289,4844.59443810459,4872.5690725089835,1.0018310074448293,1.0069546774582265,0.9958875217087921,1.001638176316446,4224.847350324266,4246.454511132002,4199.782923512771,4224.03415720511
2024-01-24,1.0018310074448293,1.0069546774582265,0.9958875217087921,1.001638176316446,4877.4643512955245,4902.409194939249,4848.52819381534,4876.525543305433,1.0018310074448293,1.0069546774582265,0.9958875217087921,1.001638176316446,4226.393363410019,4248.008431001264,4201.319764685642,4225.579872716277
2024-01-25,1.0018310074448293,1.0069546774582265,0.9958875217087921,1.001638176316446,4903.1212433961855,4928.197304228954,4874.032873246302,4902.177497000896,1.0018310074448293,1.0069546774582265,0.9958875217087921,1.001638176316446,4227.939376495774,4249.562350870527,4202.856605858515,4227.125588227445
2024-01-26,1.0018310074448293,1.0069546774582265,0.9958875217087921,1.001638176316446,4899.925402482437,4924.985118807863,4870.855992052051,4898.982271218448,1.0018310074448293,1.0069546774582265,0.9958875217087921,1.001638176316446,4229.485389581529,4251.11627073979,4204.393447031387,4228.6713037386135
2024-01-29,1.0018310074448293,1.0069546774582265,0.9958875217087921,1.001638176316446,4936.953076517598,4962.202163686718,4907.663994854408,4936.002818215104,1.0018310074448293,1.0069546774582265,0.9958875217087921,1.001638176316446,4231.0342334287525,4252.673035847902,4205.933102171888,4230.219849466389
2024-01-30,1.0018310074448293,1.0069546774582265,0.9958875217087921,1.001638176316446,4933.987656735561,4959.221577841442,4904.71616779015,4933.037969213206,1.0018310074448293,1.0069546774582265,0.9958875217087921,1.001638176316446,4232.583077275976,4254.229800956014,4207.472757312389,4231.768395194165
2024-01-31,1.0018310074448293,1.0069546774582265,0.9958875217087921,1.001638176316446,4854.522421225037,4879.349932825455,4825.722369568208,4853.588029067786,1.0018310074448293,1.0069546774582265,0.9958875217087921,1.001638176316446,4234.131921123201,4255.7865660641255,4209.012412452891,4233.316940921943
2024-02-01,1.0018310074448293,1.0069546774582265,0.9958875217087921,1.001638176316446,4915.173270415747,4940.310968998776,4886.013400132459,4914.227204261983,1.0018310074448293,1.0069546774582265,0.9958875217087921,1.001638176316446,4235.680764970425,4257.343331172237,4210.552067593392,4234.865486649718
2024-02-02,1.0018310074448293,1.0069546774582265,0.9958875217087921,1.001638176316446,4967.689251826005,4993.095533191136,4938.217824020433,4966.7330774644915,1.0018310074448293,1.0069546774582265,0.9958875217087921,1.001638176316446,4237.229608817649,4258.900096280349,4212.091722733893,4236.414032377495
2024-02-05,1.0018310074448293,1.0069546774582265,0.9958875217087921,1.001638176316446,4951.860321908377,4977.185649287297,4922.482801177435,4950.907194278692,1.0018310074448293,1.0069546774582265,0.9958875217087921,1.001638176316446,4238.781288609488,4260.459711836964,4213.634196994419,4237.965413504027
2024-02-06,1.0018310074448293,1.0069546774582265,0.9958875217087921,1.001638176316446,4963.301232013397,4988.685071703869,4933.855836675349,4962.345902252226,1.0018310074448293,1.0069546774582265,0.9958875217087921,1.001638176316446,4240.332968401328,4262.019327393579,4215.176671254945,4239.51679463056
2024-02-07,1.0018310074448293,1.0069546774582265,0.9958875217087921,1.001638176316446,5004.205992047369,5029.79903118449,4974.51792418672,5003.242788991227,1.0018310074448293,1.0069546774582265,0.9958875217087921,1.001638176316446,4241.884648193167,4263.578942950194,4216.719145515472,4241.068175757092
2024-02-08,1.0018310074448293,1.0069546774582265,0.9958875217087921,1.001638176316446,5007.061210418587,5032.668852015245,4977.356203623589,5006.097457793728,1.0018310074448293,1.0069546774582265,0.9958875217087921,1.001638176316446,4243.436327985007,4265.138558506809,4218.261619775998,4242.619556883626
2024-02-09,1.0018310074448293,1.0069546774582265,0.9958875217087921,1.001638176316446,5035.813760332253,5061.568451258296,5005.938175496632,5034.84447345401,1.0018310074448293,1.0069546774582265,0.9958875217087921,1.001638176316446,4244.988007776846,4266.698174063423,4219.804094036524,4244.170938010157
2024-02-12,1.0018310074448293,1.0069546774582265,0.9958875217087921,1.001638176316446,5031.035026426742,5056.765277446821,5001.1877920180805,5030.066659352981,1.0018310074448293,1.0069546774582265,0.9958875217087921,1.001638176316446,4246.542528705936,4268.2606452877335,4221.349392578904,4245.725159727082
2024-02-13,1.0018310074448293,1.0069546774582265,0.9958875217087921,1.001638176316446,4962.239291145505,4987.617699745764,4932.800195902338,4961.2841657853305,1.0018310074448293,1.0069546774582265,0.9958875217087921,1.001638176316446,4248.097049635026,4269.823116512043,4222.894691121285,4247.279381444008
2024-02-14,1.0018310074448293,1.0069546774582265,0.9958875217087921,1.001638176316446,5009.776172448763,5035.397699191157,4980.05505880742,5008.811897251546,1.0018310074448293,1.0069546774582265,0.9958875217087921,1.001638176316446,4249.651570564116,4271.385587736353,4224.439989663664,4248.833603160932
2024-02-15,1.0018310074448293,1.0069546774582265,0.9958875217087921,1.001638176316446,5038.939473075481,5064.710149851965,5009.0453445643625,5037.969584564117,1.0018310074448293,1.0069546774582265,0.9958875217087921,1.001638176316446,4251.206091493206,4272.948058960663,4225.985288206045,4250.387824877857
2024-02-16,1.0018310074448293,1.0069546774582265,0.9958875217087921,1.001638176316446,5014.735235935614,5040.382124844575,4984.984702039878,5013.770006224312,1.0018310074448293,1.0069546774582265,0.9958875217087921,1.001638176316446,4252.760612422297,4274.5105301849735,4227.530586748426,4251.942046594782
2024-02-20,1.0018310074448293,1.0069546774582265,0.9958875217087921,1.001638176316446,4984.620195851823,5010.1130672401805,4955.048323137313,4983.66076264424,1.0018310074448293,1.0069546774582265,0.9958875217087921,1.001638176316446,4254.317979690781,4276.075862305727,4229.078714743941,4253.499114103242
2024-02-21,1.0018310074448293,1.0069546774582265,0.9958875217087921,1.001638176316446,4990.921712888651,5016.446812161393,4961.312455648861,4989.96106677327,1.0018310074448293,1.0069546774582265,0.9958875217087921,1.001638176316446,4255.875346959266,4277.641194426482,4230.626842739458,4255.056181611702
2024-02-22,1.0018310074448293,1.0069546774582265,0.9958875217087921,1.001638176316446,5096.34438980207,5122.408652870322,5066.109699558277,5095.363452067049,1.0018310074448293,1.0069546774582265,0.9958875217087921,1.001638176316446,4257.43271422775,4279.206526547236,4232.174970734974,4256.6132491201615
2024-02-23,1.0018310074448293,1.0069546774582265,0.9958875217087921,1.001638176316446,5098.117630685248,5124.190962649423,5067.872420471702,5097.13635163913,1.0018310074448293,1.0069546774582265,0.9958875217087921,1.001638176316446,4258.990081496235,4280.771858667989,4233.72309873049,4258.170316628622
2024-02-26,1.0018310074448293,1.0069546774582265,0.9958875217087921,1.001638176316446,5078.812347171785,5104.786946014803,5048.681667928373,5077.8347839815115,1.0018310074448293,1.0069546774582265,0.9958875217087921,1.001638176316446,4260.547448764719,4282.337190788743,4235.271226726006,4259.727384137081
2024-02-27,1.0018310074448293,1.0069546774582265,0.9958875217087921,1.001638176316446,5087.478185386184,5113.497103974817,5057.296094991154,5086.49895420665,1.0018310074448293,1.0069546774582265,0.9958875217087921,1.001638176316446,4262.107667584266,4283.905389044264,4236.822189355407,4261.28730264774
2024-02-28,1.0018310074448293,1.0069546774582265,0.9958875217087921,1.001638176316446,5079.042768303499,5105.0185455906185,5048.910722058366,5078.065160762065,1.0018310074448293,1.0069546774582265,0.9958875217087921,1.001638176316446,4263.667886403813,4285.473587299784,4238.373151984808,4262.847221158399
2024-02-29,1.0018310074448293,1.0069546774582265,0.9958875217087921,1.001638176316446,5105.601308310861,5131.712914090037,5075.311700258867,5104.6185888162145,1.0018310074448293,1.0069546774582265,0.9958875217087921,1.001638176316446,4265.228105223361,4287.041785555306,4239.92411461421,4264.40713966906
2024-03-01,1.0018310074448293,1.0069546774582265,0.9958875217087921,1.001638176316446,5146.486031724684,5172.806734477106,5115.953870019802,5145.495442791688,1.0018310074448293,1.0069546774582265,0.9958875217087921,1.001638176316446,4266.788324042908,4288.609983810827,4241.475077243611,4265.967058179719
2024-03-04,1.0018310074448293,1.0069546774582265,0.9958875217087921,1.001638176316446,5140.344807649047,5166.634102304287,5109.849079511727,5139.355400770868,1.0018310074448293,1.0069546774582265,0.9958875217087921,1.001638176316446,4268.348542862455,4290.178182066347,4243.026039873012,4267.526976690378
2024-03-05,1.0018310074448293,1.0069546774582265,0.9958875217087921,1.001638176316446,5087.949045959682,5113.970372673221,5057.7641621263565,5086.969724149518,1.0018310074448293,1.0069546774582265,0.9958875217087921,1.001638176316446,4269.911618454277,4291.749251704548,4244.579842326535,4269.089751423445
2024-03-06,1.0018310074448293,1.0069546774582265,0.9958875217087921,1.001638176316446,5114.106853564067,5140.261959301657,5083.766785318174,5113.122496933141,1.0018310074448293,1.0069546774582265,0.9958875217087921,1.001638176316446,4271.474694046098,4293.32032134275,4246.133644780057,4270.65252615651
2024-03-07,1.0018310074448293,1.0069546774582265,0.9958875217087921,1.001638176316446,5166.803164555665,5193.2277753359585,5136.150468960056,5165.808665007386,1.0018310074448293,1.0069546774582265,0.9958875217087921,1.001638176316446,4273.03776963792,4294.891390980952,4247.68744723358,4272.215300889577
2024-03-08,1.0018310074448293,1.0069546774582265,0.9958875217087921,1.001638176316446,5133.071514534997,5159.323611345941,5102.618936104121,5132.083507610811,1.0018310074448293,1.0069546774582265,0.9958875217087921,1.001638176316446,4274.600845229741,4296.462460619153,4249.241249687102,4273.778075622642
2024-03-11,1.0018310074448293,1.0069546774582265,0.9958875217087921,1.001638176316446,5127.31098624219,5153.533621950555,5096.892582854295,5126.324088096991,1.0018310074448293,1.0069546774582265,0.9958875217087921,1.001638176316446,4276.163920821563,4298.033530257355,4250.795052140625,4275.340850355708
2024-03-12,1.0018310074448293,1.0069546774582265,0.9958875217087921,1.001638176316446,5184.745957899002,5211.2623336092365,5153.986814473861,5183.748004745214,1.0018310074448293,1.0069546774582265,0.9958875217087921,1.001638176316446,4277.72985841643,4299.607476535761,4252.351699618008,4276.9064865409455
2024-03-13,1.0018310074448293,1.0069546774582265,0.9958875217087921,1.001638176316446,5174.767721064852,5201.233065021753,5144.067774757642,5173.771688509101,1.0018310074448293,1.0069546774582265,0.9958875217087921,1.001638176316446,4279.295796011297,4301.181422814166,4253.90834709539,4278.4721227261825
2024-03-14,1.0018310074448293,1.0069546774582265,0.9958875217087921,1.001638176316446,5159.910567224444,5186.299927155046,5129.298762810699,5158.917394354328,1.0018310074448293,1.0069546774582265,0.9958875217087921,1.001638176316446,4280.861733606163,4302.755369092571,4255.464994572772,4280.037758911419
2024-03-15,1.0018310074448293,1.0069546774582265,0.9958875217087921,1.001638176316446,5126.459429885862,5152.677710474716,5096.046078460843,5125.472695647122,1.0018310074448293,1.0069546774582265,0.9958875217087921,1.001638176316446,4282.4276712010305,4304.3293153709765,4257.021642050155,4281.603395096656
2024-03-18,1.0018310074448293,1.0069546774582265,0.9958875217087921,1.001638176316446,5158.848626356553,5185.232555196941,5128.243122037688,5157.855657887433,1.0018310074448293,1.0069546774582265,0.9958875217087921,1.001638176316446,4283.993608795898,4305.903261649382,4258.578289527538,4283.169031281893
2024-03-19,1.0018310074448293,1.0069546774582265,0.9958875217087921,1.001638176316446,5187.991890363123,5214.524866764201,5157.213490044197,5186.993312436479,1.0018310074448293,1.0069546774582265,0.9958875217087921,1.001638176316446,4285.562413634159,4307.480089835141,4260.137787238041,4284.737534158641
2024-03-20,1.0018310074448293,1.0069546774582265,0.9958875217087921,1.001638176316446,5234.186318116404,5260.955546941799,5203.133863670189,5233.178848746429,1.0018310074448293,1.0069546774582265,0.9958875217087921,1.001638176316446,4287.13121847242,4309.0569180208995,4261.697284948543,4286.306037035389
2024-03-21,1.0018310074448293,1.0069546774582265,0.9958875217087921,1.001638176316446,5251.127280452296,5277.983150537618,5219.974321662285,5250.11655030794,1.0018310074448293,1.0069546774582265,0.9958875217087921,1.001638176316446,4288.700023310682,4310.633746206659,4263.256782659046,4287.874539912137
2024-03-22,1.0018310074448293,1.0069546774582265,0.9958875217087921,1.001638176316446,5243.763822547578,5270.5820336583,5212.654548377726,5242.7545097120155,1.0018310074448293,1.0069546774582265,0.9958875217087921,1.001638176316446,4290.268828148943,4312.210574392418,4264.816280369549,4289.443042788885
2024-03-25,1.0018310074448293,1.0069546774582265,0.9958875217087921,1.001638176316446,5227.7445447385335,5254.480828365743,5196.7303069056015,5226.738315272714,1.0018310074448293,1.0069546774582265,0.9958875217087921,1.001638176316446,4291.837632987204,4313.787402578177,4266.3757780800515,4291.011545665633
2024-03-26,1.0018310074448293,1.0069546774582265,0.9958875217087921,1.001638176316446,5213.107793719765,5239.769220528078,5182.180390213436,5212.104381516731,1.0018310074448293,1.0069546774582265,0.9958875217087921,1.001638176316446,4293.409310318804,4315.367117948083,4267.938131242472,4292.582920482825
2024-03-27,1.0018310074448293,1.0069546774582265,0.9958875217087921,1.001638176316446,5258.100024264112,5284.991555092727,5226.905698813378,5257.087952015103,1.0018310074448293,1.0069546774582265,0.9958875217087921,1.001638176316446,4294.980987650404,4316.94683331799,4269.5004844048935,4294.154295300018
2024-03-28,1.0018310074448293,1.0069546774582265,0.9958875217087921,1.001638176316446,5263.970753967739,5290.892309502633,5232.741599690592,5262.957551728318,1.0018310074448293,1.0069546774582265,0.9958875217087921,1.001638176316446,4296.552664982003,4318.526548687895,4271.062837567313,4295.72567011721
2024-04-01,1.0018310074448293,1.0069546774582265,0.9958875217087921,1.001638176316446,5253.3713819089735,5280.238729015125,5222.205109710913,5252.36021982289,1.0018310074448293,1.0069546774582265,0.9958875217087921,1.001638176316446,4298.124342313603,4320.106264057802,4272.625190729735,4297.297044934403
2024-04-02,1.0018310074448293,1.0069546774582265,0.9958875217087921,1.001638176316446,5215.341876866368,5242.0147294588105,5184.4012193868475,5214.338034649918,1.0018310074448293,1.0069546774582265,0.9958875217087921,1.001638176316446,4299.696019645203,4321.685979427709,4274.187543892155,4298.868419751595
2024-04-03,1.0018310074448293,1.0069546774582265,0.9958875217087921,1.001638176316446,5221.032276988653,5247.734232026773,5190.057860510153,5220.027339491395,1.0018310074448293,1.0069546774582265,0.9958875217087921,1.001638176316446,4301.270574729698,4323.268587268219,4275.752757734848,4300.442671767777
2024-04-04,1.0018310074448293,1.0069546774582265,0.9958875217087921,1.001638176316446,5156.6345798301,5183.007185359758,5126.042210614712,5155.642037517774,1.0018310074448293,1.0069546774582265,0.9958875217087921,1.001638176316446,4302.845129814193,4324.851195108728,4277.317971577541,4302.016923783958
2024-04-05,1.0018310074448293,1.0069546774582265,0.9958875217087921,1.001638176316446,5213.869185285424,5240.534506082947,5182.937264729935,5212.865626530733,1.0018310074448293,1.0069546774582265,0.9958875217087921,1.001638176316446,4304.419684898687,4326.433802949236,4278.8831854202335,4303.591175800139
2024-04-08,1.0018310074448293,1.0069546774582265,0.9958875217087921,1.001638176316446,5211.915614820906,5238.570944461903,5180.995284062604,5210.912432086915,1.0018310074448293,1.0069546774582265,0.9958875217087921,1.001638176316446,4305.994239983182,4328.016410789746,4280.448399262927,4305.1654278163205
2024-04-09,1.0018310074448293,1.0069546774582265,0.9958875217087921,1.001638176316446,5219.449383996891,5246.143243636388,5188.484358225853,5218.444751172815,1.0018310074448293,1.0069546774582265,0.9958875217087921,1.001638176316446,4307.568795067677,4329.599018630256,4282.01361310562,4306.739679832503
2024-04-10,1.0018310074448293,1.0069546774582265,0.9958875217087921,1.001638176316446,5170.089170260085,5196.530586678023,5139.416980031261,5169.094038225704,1.0018310074448293,1.0069546774582265,0.9958875217087921,1.001638176316446,4309.146233174253,4331.184524237503,4283.581692866511,4308.3168143158455
2024-04-11,1.0018310074448293,1.0069546774582265,0.9958875217087921,1.001638176316446,5208.579517566115,5235.2177853859675,5177.678978615313,5207.576976959782,1.0018310074448293,1.0069546774582265,0.9958875217087921,1.001638176316446,4310.72367128083,4332.770029844751,4285.149772627402,4309.893948799188
2024-04-12,1.0018310074448293,1.0069546774582265,0.9958875217087921,1.001638176316446,5132.791001852913,5159.041664036252,5102.340087598042,5131.803048921442,1.0018310074448293,1.0069546774582265,0.9958875217087921,1.001638176316446,4312.3011093874065,4334.355535451999,4286.717852388293,4311.471083282531
2024-04-15,1.0018310074448293,1.0069546774582265,0.9958875217087921,1.001638176316446,5071.088230104386,5097.0233254516,5041.003375135998,5070.112153642112,1.0018310074448293,1.0069546774582265,0.9958875217087921,1.001638176316446,4313.878547493983,4335.941041059245,4288.285932149185,4313.048217765874
2024-04-16,1.0018310074448293,1.0069546774582265,0.9958875217087921,1.001638176316446,5060.659169316885,5086.54092725926,5030.63618603501,5059.685100226658,1.0018310074448293,1.0069546774582265,0.9958875217087921,1.001638176316446,4315.45598560056,4337.526546666493,4289.854011910076,4314.625352249218
2024-04-17,1.0018310074448293,1.0069546774582265,0.9958875217087921,1.001638176316446,5031.405703899496,5057.13785067748,5001.556270401113,5030.437265478218,1.0018310074448293,1.0069546774582265,0.9958875217087921,1.001638176316446,4317.036312008054,4339.114955346312,4291.424962836684,4316.205374477541
2024-04-18,1.0018310074448293,1.0069546774582265,0.9958875217087921,1.001638176316446,5020.295398026933,5045.970723304468,4990.511877785362,5019.329098102869,1.0018310074448293,1.0069546774582265,0.9958875217087921,1.001638176316446,4318.616638415547,4340.70336402613,4292.995913763291,4317.7853967058645
2024-04-19,1.0018310074448293,1.0069546774582265,0.9958875217087921,1.001638176316446,4976.325035110179,5001.775482510826,4946.802374457563,4975.367198544339,1.0018310074448293,1.0069546774582265,0.9958875217087921,1.001638176316446,4320.196964823041,4342.2917727059485,4294.566864689899,4319.365418934188
2024-04-22,1.0018310074448293,1.0069546774582265,0.9958875217087921,1.001638176316446,5019.774445903062,5045.4471068721905,4989.994016274074,5018.808246251184,1.0018310074448293,1.0069546774582265,0.9958875217087921,1.001638176316446,4321.777291230534,4343.880181385765,4296.1378156165065,4320.945441162511
2024-04-23,1.0018310074448293,1.0069546774582265,0.9958875217087921,1.001638176316446,5079.83421479938,5105.814039785811,5049.6974732005165,5078.856454921355,1.0018310074448293,1.0069546774582265,0.9958875217087921,1.001638176316446,4323.3576176380275,4345.468590065584,4297.7087665431145,4322.525463390835
2024-04-24,1.0018310074448293,1.0069546774582265,0.9958875217087921,1.001638176316446,5080.91619228742,5106.901550837466,5050.773031723961,5079.938224151777,1.0018310074448293,1.0069546774582265,0.9958875217087921,1.001638176316446,4324.940837634938,4347.059907133521,4299.282593892563,4324.108378651621
2024-04-25,1.0018310074448293,1.0069546774582265,0.9958875217087921,1.001638176316446,5057.663694604626,5083.53013277366,5027.6584823451,5056.690202079472,1.0018310074448293,1.0069546774582265,0.9958875217087921,1.001638176316446,4326.524057631849,4348.651224201457,4300.856421242013,4325.691293912408
2024-04-26,1.0018310074448293,1.0069546774582265,0.9958875217087921,1.001638176316446,5109.298064728332,5135.428576849857,5078.986525213972,5108.314633686821,1.0018310074448293,1.0069546774582265,0.9958875217087921,1.001638176316446,4328.10727762876,4350.242541269393,4302.430248591463,4327.274209173194
2024-04-29,1.0018310074448293,1.0069546774582265,0.9958875217087921,1.001638176316446,5125.537745359013,5151.751312171455,5095.129861940871,5124.551188524912,1.0018310074448293,1.0069546774582265,0.9958875217087921,1.001638176316446,4329.690497625671,4351.83385833733,4304.004075940913,4328.857124433981
2024-04-30,1.0018310074448293,1.0069546774582265,0.9958875217087921,1.001638176316446,5044.910385879853,5070.711599729616,5014.980834193747,5043.939348094963,1.0018310074448293,1.0069546774582265,0.9958875217087921,1.001638176316446,4331.273717622582,4353.425175405266,4305.577903290362,4330.440039694768
2024-05-01,1.0018310074448293,1.0069546774582265,0.9958875217087921,1.001638176316446,5027.578709451057,5053.29128380959,4997.751980068186,5026.611007644689,1.0018310074448293,1.0069546774582265,0.9958875217087921,1.001638176316446,4332.859836507094,4355.0194061866005,4307.154612329406,4332.025853285181
2024-05-02,1.0018310074448293,1.0069546774582265,0.9958875217087921,1.001638176316446,5073.472587902104,5099.41987758395,5043.373587437665,5072.496052501745,1.0018310074448293,1.0069546774582265,0.9958875217087921,1.001638176316446,4334.445955391606,4356.613636967935,4308.731321368449,4333.611666875595
2024-05-03,1.0018310074448293,1.0069546774582265,0.9958875217087921,1.001638176316446,5137.179021665522,5163.4521255235195,5106.702074943128,5136.190224133708,1.0018310074448293,1.0069546774582265,0.9958875217087921,1.001638176316446,4336.032074276119,4358.207867749271,4310.308030407493,4335.1974804660085
2024-05-06,1.0018310074448293,1.0069546774582265,0.9958875217087921,1.001638176316446,5190.225973509725,5216.770375694932,5159.4343192176075,5189.226965569664,1.0018310074448293,1.0069546774582265,0.9958875217087921,1.001638176316446,4337.618193160631,4359.802098530606,4311.8847394465365,4336.783294056422
2024-05-07,1.0018310074448293,1.0069546774582265,0.9958875217087921,1.001638176316446,5197.198717321541,5223.778780250042,5166.365696368701,5196.1983672768265,1.0018310074448293,1.0069546774582265,0.9958875217087921,1.001638176316446,4339.204312045143,4361.3963293119405,4313.46144848558,4338.369107646836
2024-05-08,1.0018310074448293,1.0069546774582265,0.9958875217087921,1.001638176316446,5197.168662391318,5223.748571609718,5166.33581974305,5196.1683181315375,1.0018310074448293,1.0069546774582265,0.9958875217087921,1.001638176316446,4340.79333512514,4362.9934791417045,4315.041044490612,4339.957824873739
2024-05-09,1.0018310074448293,1.0069546774582265,0.9958875217087921,1.001638176316446,5223.6270192979355,5250.34224464139,5192.637209191379,5222.621582368054,1.0018310074448293,1.0069546774582265,0.9958875217087921,1.001638176316446,4342.382358205138,4364.5906289714685,4316.620640495644,4341.546542100643
2024-05-10,1.0018310074448293,1.0069546774582265,0.9958875217087921,1.001638176316446,5232.242765961962,5259.002054867531,5201.201841878074,5231.235670684376,1.0018310074448293,1.0069546774582265,0.9958875217087921,1.001638176316446,4343.971381285137,4366.187778801233,4318.2002365006765,4343.135259327547
2024-05-13,1.0018310074448293,1.0069546774582265,0.9958875217087921,1.001638176316446,5230.980458892581,5257.733291973933,5199.947023600722,5229.973606582217,1.0018310074448293,1.0069546774582265,0.9958875217087921,1.001638176316446,4345.560404365135,4367.7849286309975,4319.779832505709,4344.723976554451
2024-05-14,1.0018310074448293,1.0069546774582265,0.9958875217087921,1.001638176316446,5256.286710140637,5283.1689671265285,5225.103142399086,5255.274986915971,1.0018310074448293,1.0069546774582265,0.9958875217087921,1.001638176316446,4347.1494274451325,4369.3820784607615,4321.359428510741,4346.312693781354
2024-05-15,1.0018310074448293,1.0069546774582265,0.9958875217087921,1.001638176316446,5317.86926216827,5345.066471149885,5286.320348358525,5316.845685614142,1.0018310074448293,1.0069546774582265,0.9958875217087921,1.001638176316446,4348.74136003822,4370.982152683755,4322.941916767818,4347.904319961328
2024-05-16,1.0018310074448293,1.0069546774582265,0.9958875217087921,1.001638176316446,5306.799029536006,5333.939621963972,5275.315791243644,5305.777583765846,1.0018310074448293,1.0069546774582265,0.9958875217087921,1.001638176316446,4350.333292631308,4372.5822269067485,4324.524405024896,4349.495946141303
2024-05-17,1.0018310074448293,1.0069546774582265,0.9958875217087921,1.001638176316446,5312.980326851941,5340.152532323889,5281.460417252587,5311.957691313719,1.0018310074448293,1.0069546774582265,0.9958875217087921,1.001638176316446,4351.925225224395,4374.182301129741,4326.106893281973,4351.087572321277
2024-05-20,1.0018310074448293,1.0069546774582265,0.9958875217087921,1.001638176316446,5317.849225548122,5345.046332056336,5286.300430608091,5316.825652850616,1.0018310074448293,1.0069546774582265,0.9958875217087921,1.001638176316446,4353.517157817483,4375.782375352735,4327.689381539051,4352.6791985012505
2024-05-21,1.0018310074448293,1.0069546774582265,0.9958875217087921,1.001638176316446,5331.153541326989,5358.418690172981,5299.525816896384,5330.1274078320985,1.0018310074448293,1.0069546774582265,0.9958875217087921,1.001638176316446,4355.10909041057,4377.382449575727,4329.271869796128,4354.270824681224
2024-05-22,1.0018310074448293,1.0069546774582265,0.9958875217087921,1.001638176316446,5316.727174819784,5343.918542817583,5285.185036583777,5315.703818093142,1.0018310074448293,1.0069546774582265,0.9958875217087921,1.001638176316446,4356.703937844088,4378.985453546536,4330.857255600986,4355.865365140584
2024-05-23,1.0018310074448293,1.0069546774582265,0.9958875217087921,1.001638176316446,5277.48545425817,5304.476128101544,5246.1761223584435,5276.469650726826,1.0018310074448293,1.0069546774582265,0.9958875217087921,1.001638176316446,4358.298785277605,4380.588457517343,4332.442641405843,4357.459905599942
2024-05-24,1.0018310074448293,1.0069546774582265,0.9958875217087921,1.001638176316446,5314.432981812735,5341.612616606204,5282.904454159064,5313.410066669378,1.0018310074448293,1.0069546774582265,0.9958875217087921,1.001638176316446,4359.893632711121,4382.191461488151,4334.028027210699,4359.054446059301
2024-05-28,1.0018310074448293,1.0069546774582265,0.9958875217087921,1.001638176316446,5315.755398742563,5342.941796780448,5284.219025687719,5314.732229062115,1.0018310074448293,1.0069546774582265,0.9958875217087921,1.001638176316446,4361.488480144639,4383.794465458958,4335.613413015557,4360.64898651866
2024-05-29,1.0018310074448293,1.0069546774582265,0.9958875217087921,1.001638176316446,5276.593824661543,5303.579938438606,5245.289782464122,5275.578192749905,1.0018310074448293,1.0069546774582265,0.9958875217087921,1.001638176316446,4363.083327578156,4385.397469429766,4337.198798820415,4362.243526978019
2024-05-30,1.0018310074448293,1.0069546774582265,0.9958875217087921,1.001638176316446,5245.066202857254,5271.8910747389955,5213.949202155946,5244.0566393412255,1.0018310074448293,1.0069546774582265,0.9958875217087921,1.001638176316446,4364.681095189198,4387.003408512778,4338.787087478484,4363.84098705283
2024-05-31,1.0018310074448293,1.0069546774582265,0.9958875217087921,1.001638176316446,5287.173160100161,5314.213379832565,5255.806354693368,5286.155491891806,1.0018310074448293,1.0069546774582265,0.9958875217087921,1.001638176316446,4366.278862800239,4388.609347595791,4340.375376136553,4365.438447127642
2024-06-03,1.0018310074448293,1.0069546774582265,0.9958875217087921,1.001638176316446,5293.073944734011,5320.144342882793,5261.672132196232,5292.05514075031,1.0018310074448293,1.0069546774582265,0.9958875217087921,1.001638176316446,4367.87663041128,4390.215286678803,4341.963664794622,4367.035907202452
2024-06-04,1.0018310074448293,1.0069546774582265,0.9958875217087921,1.001638176316446,5301.028482933123,5328.139563021812,5269.5794791186,5300.008147870263,1.0018310074448293,1.0069546774582265,0.9958875217087921,1.001638176316446,4369.474398022321,4391.821225761815,4343.551953452691,4368.6333672772635
2024-06-05,1.0018310074448293,1.0069546774582265,0.9958875217087921,1.001638176316446,5363.833268789839,5391.265551751669,5332.011667854524,5362.800845143541,1.0018310074448293,1.0069546774582265,0.9958875217087921,1.001638176316446,4371.072165633363,4393.4271648448275,4345.14024211076,4370.230827352075
2024-06-06,1.0018310074448293,1.0069546774582265,0.9958875217087921,1.001638176316446,5362.761309611874,5390.188110246789,5330.946068206296,5361.729092294882,1.0018310074448293,1.0069546774582265,0.9958875217087921,1.001638176316446,4372.672858768795,4395.036044414257,4346.731438937187,4371.831212388175
2024-06-07,1.0018310074448293,1.0069546774582265,0.9958875217087921,1.001638176316446,5356.780378497428,5384.176590822362,5325.000619701695,5355.749312382273,1.0018310074448293,1.0069546774582265,0.9958875217087921,1.001638176316446,4374.273551904227,4396.644923983687,4348.322635763613,4373.431597424276
2024-06-10,1.0018310074448293,1.0069546774582265,0.9958875217087921,1.001638176316446,5370.605646400167,5398.072565371286,5338.743867501275,5369.57191921544,1.0018310074448293,1.0069546774582265,0.9958875217087921,1.001638176316446,4375.874245039659,4398.253803553116,4349.913832590039,4375.031982460378
2024-06-11,1.0018310074448293,1.0069546774582265,0.9958875217087921,1.001638176316446,5385.16225093834,5412.703616834754,5353.214113191704,5384.125721917318,1.0018310074448293,1.0069546774582265,0.9958875217087921,1.001638176316446,4377.474938175092,4399.862683122546,4351.505029416466,4376.632367496479
2024-06-12,1.0018310074448293,1.0069546774582265,0.9958875217087921,1.001638176316446,5430.955946288643,5458.7315151413695,5398.736131809013,5429.910602956743,1.0018310074448293,1.0069546774582265,0.9958875217087921,1.001638176316446,4379.075631310524,4401.471562691974,4353.096226242893,4378.232752532579
2024-06-13,1.0018310074448293,1.0069546774582265,0.9958875217087921,1.001638176316446,5443.689218393267,5471.529909091863,5411.393862209932,5442.641424177725,1.0018310074448293,1.0069546774582265,0.9958875217087921,1.001638176316446,4380.679255327004,4403.083388131873,4354.690336562555,4379.836067885596
2024-06-14,1.0018310074448293,1.0069546774582265,0.9958875217087921,1.001638176316446,5441.545300037335,5469.375026082103,5409.262662913476,5440.497918480408,1.0018310074448293,1.0069546774582265,0.9958875217087921,1.001638176316446,4382.282879343484,4404.695213571772,4356.284446882216,4381.439383238612
2024-06-17,1.0018310074448293,1.0069546774582265,0.9958875217087921,1.001638176316446,5483.251524877262,5511.294549304689,5450.7214604422115,5482.196115760461,1.0018310074448293,1.0069546774582265,0.9958875217087921,1.001638176316446,4383.886503359964,4406.307039011671,4357.878557201878,4383.042698591629
2024-06-18,1.0018310074448293,1.0069546774582265,0.9958875217087921,1.001638176316446,5497.076792780002,5525.190523853613,5464.464708241793,5496.018722593628,1.0018310074448293,1.0069546774582265,0.9958875217087921,1.001638176316446,4385.4901273764435,4407.918864451569,4359.47266752154,4384.646013944644
2024-06-20,1.0018310074448293,1.0069546774582265,0.9958875217087921,1.001638176316446,5483.191415016817,5511.234132024042,5450.6617071909095,5482.136017469882,1.0018310074448293,1.0069546774582265,0.9958875217087921,1.001638176316446,4387.093751392924,4409.530689891468,4361.066777841202,4386.2493292976615
2024-06-21,1.0022851833739903,1.0071114850806053,0.9966446962149494,1.0020488394431295,5477.107658769175,5503.481563601177,5446.284539830137,5475.816128997714,1.0022851833739903,1.0071114850806053,0.9966446962149494,1.0020488394431295,4389.098814133088,4410.233632295164,4364.398603143696,4388.063842366692
2024-06-24,1.0022851833739903,1.0071114850806053,0.9966446962149494,1.0020488394431295,5460.31938194766,5486.612446226077,5429.590741168537,5459.031810937042,1.0022851833739903,1.0071114850806053,0.9966446962149494,1.0020488394431295,4391.1038768732515,4412.248350009666,4366.392382138648,4390.06843230289
2024-06-25,1.0022851833739903,1.0071114850806053,0.9966446962149494,1.0020488394431295,5481.798353427365,5508.194845351355,5450.948837008423,5480.505717566309,1.0022851833739903,1.0071114850806053,0.9966446962149494,1.0020488394431295,4393.108939613416,4414.263067724168,4368.3861611336,4392.0730222390885
2024-06-26,1.0022851833739903,1.0071114850806053,0.9966446962149494,1.0020488394431295,5490.418006004381,5516.856004123048,5459.519981395872,5489.123337585519,1.0022851833739903,1.0071114850806053,0.9966446962149494,1.0020488394431295,4395.114002353579,4416.277785438669,4370.379940128551,4394.077612175286
2024-06-27,1.0022851833739903,1.0071114850806053,0.9966446962149494,1.0020488394431295,5495.39936336575,5521.861348203898,5464.473305536059,5494.103520317552,1.0022851833739903,1.0071114850806053,0.9966446962149494,1.0020488394431295,4397.119065093743,4418.292503153171,4372.373719123503,4396.082202111484
2024-06-28,1.0022851833739903,1.0071114850806053,0.9966446962149494,1.0020488394431295,5472.958198110006,5499.312122052944,5442.1584307878065,5471.66764680242,1.0022851833739903,1.0071114850806053,0.9966446962149494,1.0020488394431295,4399.128709769945,4420.311824867098,4374.372054269066,4398.091372903276
2024-07-01,1.0022851833739903,1.0071114850806053,0.9966446962149494,1.0020488394431295,5487.601584639101,5514.026020849971,5456.719409799508,5486.307580346684,1.0022851833739903,1.0071114850806053,0.9966446962149494,1.0020488394431295,4401.138354446147,4422.331146581024,4376.370389414629,4400.100543695068
2024-07-02,1.0022851833739903,1.0071114850806053,0.9966446962149494,1.0020488394431295,5521.599098059147,5548.187242423905,5490.525597895119,5520.297076980595,1.0022851833739903,1.0071114850806053,0.9966446962149494,1.0020488394431295,4403.147999122348,4424.35046829495,4378.3687245601905,4402.10971448686
2024-07-03,1.0022851833739903,1.0071114850806053,0.9966446962149494,1.0020488394431295,5549.673106045452,5576.396435121013,5518.4416158361,5548.364464973397,1.0022851833739903,1.0071114850806053,0.9966446962149494,1.0020488394431295,4405.1576437985495,4426.369790008876,4380.3670597057535,4404.118885278652
2024-07-05,1.0022851833739903,1.0071114850806053,0.9966446962149494,1.0020488394431295,5579.912050027845,5606.780988625895,5548.510386320904,5578.596278459396,1.0022851833739903,1.0071114850806053,0.9966446962149494,1.0020488394431295,4407.167288474751,4428.389111722803,4382.3653948513165,4406.128056070444
2024-07-08,1.0022851833739903,1.0071114850806053,0.9966446962149494,1.0020488394431295,5585.584984165742,5612.481239631452,5554.151395301481,5584.267874890645,1.0022851833739903,1.0071114850806053,0.9966446962149494,1.0020488394431295,4409.181525557555,4430.413047957137,4384.36829655913,4408.141818185925
2024-07-09,1.0022851833739903,1.0071114850806053,0.9966446962149494,1.0020488394431295,5589.7244219730765,5616.640610064834,5558.267537896848,5588.4063365975435,1.0022851833739903,1.0071114850806053,0.9966446962149494,1.0020488394431295,4411.195762640358,4432.43698419147,4386.371198266943,4410.155580301406
2024-07-10,1.0022851833739903,1.0071114850806053,0.9966446962149494,1.0020488394431295,5646.784517462557,5673.975466910473,5615.006520452365,5645.452977027042,1.0022851833739903,1.0071114850806053,0.9966446962149494,1.0020488394431295,4413.209999723161,4434.460920425803,4388.374099974755,4412.169342416886
2024-07-11,1.0022851833739903,1.0071114850806053,0.9966446962149494,1.0020488394431295,5597.301697959384,5624.254372892044,5565.802171800234,5595.981825823735,1.0022851833739903,1.0071114850806053,0.9966446962149494,1.0020488394431295,4415.224236805964,4436.484856660138,4390.377001682568,4414.183104532367
2024-07-12,1.0022851833739903,1.0071114850806053,0.9966446962149494,1.0020488394431295,5628.182104459137,5655.283477747377,5596.508794890617,5626.854950566978,1.0022851833739903,1.0071114850806053,0.9966446962149494,1.0020488394431295,4417.238473888768,4438.508792894471,4392.3799033903815,4416.196866647848
2024-07-15,1.0022851833739903,1.0071114850806053,0.9966446962149494,1.0020488394431295,5644.088370319282,5671.266337015607,5612.3255462195475,5642.75746564894,1.0022851833739903,1.0071114850806053,0.9966446962149494,1.0020488394431295,4419.257313872664,4440.537354194238,4394.387382095876,4418.215230579035
2024-07-16,1.0022851833739903,1.0071114850806053,0.9966446962149494,1.0020488394431295,5680.150591217078,5707.502208248807,5648.184822389361,5678.811182892104,1.0022851833739903,1.0071114850806053,0.9966446962149494,1.0020488394431295,4421.27615385656,4442.565915494004,4396.394860801372,4420.233594510221
2024-07-17,1.0022851833739903,1.0071114850806053,0.9966446962149494,1.0020488394431295,5601.040221693369,5628.010898731395,5569.519656517116,5599.719467994858,1.0022851833739903,1.0071114850806053,0.9966446962149494,1.0020488394431295,4423.294993840456,4444.594476793771,4398.402339506867,4422.251958441408
2024-07-18,1.0022851833739903,1.0071114850806053,0.9966446962149494,1.0020488394431295,5557.260404883593,5584.020269063074,5525.986216186447,5555.949974687982,1.0022851833739903,1.0071114850806053,0.9966446962149494,1.0020488394431295,4425.3138338243525,4446.623038093537,4400.409818212363,4424.270322372594
2024-07-19,1.0022851833739903,1.0071114850806053,0.9966446962149494,1.0020488394431295,5517.579934473817,5544.148725368732,5486.529052663297,5516.278861134428,1.0022851833739903,1.0071114850806053,0.9966446962149494,1.0020488394431295,4427.332673808249,4448.6515993933035,4402.417296917858,4426.28868630378
2024-07-22,1.0022851833739903,1.0071114850806053,0.9966446962149494,1.0020488394431295,5577.125697218065,5603.981218697371,5545.739714065427,5575.8105826857445,1.0022851833739903,1.0071114850806053,0.9966446962149494,1.0020488394431295,4429.356127211711,4450.684796327626,4404.429363080315,4428.311662566665
2024-07-23,1.0022851833739903,1.0071114850806053,0.9966446962149494,1.0020488394431295,5568.4358846782125,5595.249562121722,5537.098804549243,5567.122819247772,1.0022851833739903,1.0071114850806053,0.9966446962149494,1.0020488394431295,4431.379580615173,4452.717993261947,4406.441429242772,4430.3346388295495
2024-07-24,1.0022851833739903,1.0071114850806053,0.9966446962149494,1.0020488394431295,5439.531987244484,5465.724954025506,5408.920330169039,5438.249318006991,1.0022851833739903,1.0071114850806053,0.9966446962149494,1.0020488394431295,4433.4030340186355,4454.75119019627,4408.453495405229,4432.357615092435
2024-07-25,1.0022851833739903,1.0071114850806053,0.9966446962149494,1.0020488394431295,5411.558207776517,5437.616472476906,5381.103976697679,5410.282134898134,1.0022851833739903,1.0071114850806053,0.9966446962149494,1.0020488394431295,4435.426487422097,4456.78438713059,4410.465561567686,4434.380591355318
2024-07-26,1.0022851833739903,1.0071114850806053,0.9966446962149494,1.0020488394431295,5471.575044556951,5497.922308203533,5440.783061107031,5470.284819403989,1.0022851833739903,1.0071114850806053,0.9966446962149494,1.0020488394431295,4437.44994082556,4458.817584064913,4412.477627730143,4436.403567618203
2024-07-29,1.0022851833739903,1.0071114850806053,0.9966446962149494,1.0020488394431295,5476.025190771131,5502.39388319729,5445.208163558224,5474.733916251116,1.0022851833739903,1.0071114850806053,0.9966446962149494,1.0020488394431295,4439.478018191097,4460.855427227065,4414.494291832741,4438.43116675281
2024-07-30,1.0022851833739903,1.0071114850806053,0.9966446962149494,1.0020488394431295,5448.863262301696,5475.101161951606,5418.199092290799,5447.578392702207,1.0022851833739903,1.0071114850806053,0.9966446962149494,1.0020488394431295,4441.506095556635,4462.893270389217,4416.51095593534,4440.458765887416
2024-07-31,1.0022851833739903,1.0071114850806053,0.9966446962149494,1.0020488394431295,5534.919468146187,5561.571754060627,5503.771005907815,5533.614306056794,1.0022851833739903,1.0071114850806053,0.9966446962149494,1.0020488394431295,4443.534172922173,4464.931113551369,4418.5276200379385,4442.486365022022
2024-08-01,1.0022851833739903,1.0071114850806053,0.9966446962149494,1.0020488394431295,5459.126662579446,5485.413983558832,5428.404733980041,5457.8393728181045,1.0022851833739903,1.0071114850806053,0.9966446962149494,1.0020488394431295,4445.56225028771,4466.968956713521,4420.544284140537,4444.513964156628
2024-08-02,1.0022851833739903,1.0071114850806053,0.9966446962149494,1.0020488394431295,5358.777870020042,5384.581981672562,5328.620666995001,5357.514243013059,1.0022851833739903,1.0071114850806053,0.9966446962149494,1.0020488394431295,4447.590327653248,4469.006799875673,4422.5609482431355,4446.541563291235
2024-08-05,1.0022851833739903,1.0071114850806053,0.9966446962149494,1.0020488394431295,5198.181715088027,5223.212508418096,5168.928287320478,5196.955957469086,1.0022851833739903,1.0071114850806053,0.9966446962149494,1.0020488394431295,4449.623039547463,4471.049299883139,4424.582220793012,4448.573795861674
2024-08-06,1.0022851833739903,1.0071114850806053,0.9966446962149494,1.0020488394431295,5252.00442943521,5277.294395166924,5222.448107507222,5250.765980147182,1.0022851833739903,1.0071114850806053,0.9966446962149494,1.0020488394431295,4451.655751441677,4473.091799890603,4426.603493342888,4450.606028432111
2024-08-07,1.0022851833739903,1.0071114850806053,0.9966446962149494,1.0020488394431295,5211.381810953063,5236.476166676607,5182.05409796963,5210.152940684552,1.0022851833739903,1.0071114850806053,0.9966446962149494,1.0020488394431295,4453.688463335892,4475.134299898069,4428.624765892766,4452.638261002549
2024-08-08,1.0022851833739903,1.0071114850806053,0.9966446962149494,1.0020488394431295,5331.465598773101,5357.138193704115,5301.462099023143,5330.208412138233,1.0022851833739903,1.0071114850806053,0.9966446962149494,1.0020488394431295,4455.721175230106,4477.176799905534,4430.646038442642,4454.670493572987
2024-08-09,1.0022851833739903,1.0071114850806053,0.9966446962149494,1.0020488394431295,5356.3723855799435,5382.164914108368,5326.228719724084,5355.109325798395,1.0022851833739903,1.0071114850806053,0.9966446962149494,1.0020488394431295,4457.753887124321,4479.219299912998,4432.66731099252,4456.702726143425
2024-08-12,1.0022851833739903,1.0071114850806053,0.9966446962149494,1.0020488394431295,5356.60291117212,5382.396549749937,5326.457948004214,5355.339797031467,1.0022851833739903,1.0071114850806053,0.9966446962149494,1.0020488394431295,4459.791244137961,4481.266467407523,4434.693202520822,4458.7396027379455
2024-08-13,1.0022851833739903,1.0071114850806053,0.9966446962149494,1.0020488394431295,5446.848669083114,5473.0768678665945,5416.195836451408,5445.564274534927,1.0022851833739903,1.0071114850806053,0.9966446962149494,1.0020488394431295,4461.8286011516,4483.313634902046,4436.719094049124,4460.776479332465
2024-08-14,1.0022851833739903,1.0071114850806053,0.9966446962149494,1.0020488394431295,5467.676155193626,5494.004644526569,5436.906113238754,5466.386849418554,1.0022851833739903,1.0071114850806053,0.9966446962149494,1.0020488394431295,4463.86595816524,4485.36080239657,4438.744985577426,4462.813355926985
2024-08-15,1.0022851833739903,1.0071114850806053,0.9966446962149494,1.0020488394431295,5555.887274182371,5582.640526328513,5524.620812952632,5554.577167777945,1.0022851833739903,1.0071114850806053,0.9966446962149494,1.0020488394431295,4465.903315178879,4487.407969891093,4440.770877105728,4464.850232521505
2024-08-16,1.0022851833739903,1.0071114850806053,0.9966446962149494,1.0020488394431295,5566.9424797549855,5593.748966008952,5535.613803951883,5565.629766477002,1.0022851833739903,1.0071114850806053,0.9966446962149494,1.0020488394431295,4467.940672192519,4489.455137385617,4442.79676863403,4466.887109116025
2024-08-19,1.0022851833739903,1.0071114850806053,0.9966446962149494,1.0020488394431295,5621.0658796571815,5648.132986203304,5589.43261754749,5619.740403806931,1.0022851833739903,1.0071114850806053,0.9966446962149494,1.0020488394431295,4469.982684940533,4491.506983033262,4444.82728969597,4468.928640347074
2024-08-20,1.0022851833739903,1.0071114850806053,0.9966446962149494,1.0020488394431295,5609.910445566228,5636.923835374358,5578.339962078618,5608.587600223929,1.0022851833739903,1.0071114850806053,0.9966446962149494,1.0020488394431295,4472.024697688546,4493.558828680908,4446.85781075791,4470.970171578123
2024-08-21,1.0022851833739903,1.0071114850806053,0.9966446962149494,1.0020488394431295,5633.694672967694,5660.822590915321,5601.990340719799,5632.366219183915,1.0022851833739903,1.0071114850806053,0.9966446962149494,1.0020488394431295,4474.06671043656,4495.610674328554,4448.88833181985,4473.011702809172
2024-08-22,1.0022851833739903,1.0071114850806053,0.9966446962149494,1.0020488394431295,5583.369933910486,5610.255523249423,5551.9488105228465,5582.053346955475,1.0022851833739903,1.0071114850806053,0.9966446962149494,1.0020488394431295,4476.108723184574,4497.662519976199,4450.9188528817895,4475.053234040221
2024-08-23,1.0022851833739903,1.0071114850806053,0.9966446962149494,1.0020488394431295,5647.486117090919,5674.68044495003,5615.704171739716,5646.154411214651,1.0022851833739903,1.0071114850806053,0.9966446962149494,1.0020488394431295,4478.150735932588,4499.714365623845,4452.949373943729,4477.094765271268
2024-08-26,1.0022851833739903,1.0071114850806053,0.9966446962149494,1.0020488394431295,5629.675509382364,5656.784073860147,5597.993795487977,5628.348003337747,1.0022851833739903,1.0071114850806053,0.9966446962149494,1.0020488394431295,4480.197415054183,4501.770900115051,4454.984535118641,4479.140961775544
2024-08-27,1.0022851833739903,1.0071114850806053,0.9966446962149494,1.0020488394431295,5638.655984625395,5665.80779276647,5606.923731966062,5637.326360939158,1.0022851833739903,1.0071114850806053,0.9966446962149494,1.0020488394431295,4482.244094175778,4503.827434606256,4457.019696293552,4481.187158279819
2024-08-28,1.0022851833739903,1.0071114850806053,0.9966446962149494,1.0020488394431295,5604.959156760361,5631.94870463806,5573.416537279316,5603.63747895708,1.0022851833739903,1.0071114850806053,0.9966446962149494,1.0020488394431295,4484.290773297374,4505.883969097463,4459.054857468464,4483.233354784095
2024-08-29,1.0022851833739903,1.0071114850806053,0.9966446962149494,1.0020488394431295,5604.738654020019,5631.727140111342,5573.1972754461485,5603.417028212402,1.0022851833739903,1.0071114850806053,0.9966446962149494,1.0020488394431295,4486.3374524189685,4507.940503588668,4461.0900186433755,4485.27955128837
2024-08-30,1.0022851833739903,1.0071114850806053,0.9966446962149494,1.0020488394431295,5661.307629769646,5688.568512329291,5629.44790210052,5659.972664710573,1.0022851833739903,1.0071114850806053,0.9966446962149494,1.0020488394431295,4488.384131540563,4509.997038079874,4463.125179818287,4487.325747792645
2024-09-03,1.0022851833739903,1.0071114850806053,0.9966446962149494,1.0020488394431295,5541.564618911956,5568.2489032067115,5510.3787602437205,5540.257889862302,1.0022851833739903,1.0071114850806053,0.9966446962149494,1.0020488394431295,4490.435487699259,4512.058272129508,4465.164991709678,4489.376620231153
2024-09-04,1.0022851833739903,1.0071114850806053,0.9966446962149494,1.0020488394431295,5532.684372187262,5559.3258954488965,5501.548488235256,5531.379737144835,1.0022851833739903,1.0071114850806053,0.9966446962149494,1.0020488394431295,4492.486843857955,4514.11950617914,4467.20480360107,4491.42749266966
2024-09-05,1.0022851833739903,1.0071114850806053,0.9966446962149494,1.0020488394431295,5515.9863010322515,5542.547418107454,5484.944387596315,5514.685603479713,1.0022851833739903,1.0071114850806053,0.9966446962149494,1.0020488394431295,4494.53820001665,4516.180740228773,4469.244615492461,4493.478365108166
2024-09-06,1.0022851833739903,1.0071114850806053,0.9966446962149494,1.0020488394431295,5420.779231463557,5446.881898139647,5390.273107902857,5419.50098422101,1.0022851833739903,1.0071114850806053,0.9966446962149494,1.0020488394431295,4496.589556175346,4518.241974278407,4471.284427383853,4495.529237546673
2024-09-09,1.0022851833739903,1.0071114850806053,0.9966446962149494,1.0020488394431295,5483.55235249827,5509.957290450246,5452.692965226799,5482.259303035334,1.0022851833739903,1.0071114850806053,0.9966446962149494,1.0020488394431295,4498.640912334042,4520.30320832804,4473.3242392752445,4497.58010998518
2024-09-10,1.0022851833739903,1.0071114850806053,0.9966446962149494,1.0020488394431295,5508.078270935432,5534.601308490169,5477.08086094318,5506.779438136507,1.0022851833739903,1.0071114850806053,0.9966446962149494,1.0020488394431295,4500.6969562177255,4522.369152675453,4475.368712510856,4499.635669043286
2024-09-11,1.0022851833739903,1.0071114850806053,0.9966446962149494,1.0020488394431295,5566.822205532981,5593.628112630742,5535.494206588337,5565.509520616269,1.0022851833739903,1.0071114850806053,0.9966446962149494,1.0020488394431295,4502.753000101409,4524.435097022866,4477.413185746469,4501.691228101391
2024-09-12,1.0022851833739903,1.0071114850806053,0.9966446962149494,1.0020488394431295,5608.54733771684,5635.5541637546485,5576.984525291766,5607.224813802287,1.0022851833739903,1.0071114850806053,0.9966446962149494,1.0020488394431295,4504.809043985093,4526.501041370279,4479.457658982081,4503.746787159497
2024-09-13,1.0022851833739903,1.0071114850806053,0.9966446962149494,1.0020488394431295,5638.876487365737,5666.029357293188,5607.142993799231,5637.546811683836,1.0022851833739903,1.0071114850806053,0.9966446962149494,1.0020488394431295,4506.865087868777,4528.566985717694,4481.502132217693,4505.8023462176025
2024-09-16,1.0022851833739903,1.0071114850806053,0.9966446962149494,1.0020488394431295,5645.962643612192,5673.149635492708,5614.18927180147,5644.631296978699,1.0022851833739903,1.0071114850806053,0.9966446962149494,1.0020488394431295,4508.9211317524605,4530.632930065107,4483.546605453304,4507.857905275708
2024-09-17,1.0022851833739903,1.0071114850806053,0.9966446962149494,1.0020488394431295,5647.456048535419,5674.6502316054775,5615.67427239883,5646.124349749469,1.0022851833739903,1.0071114850806053,0.9966446962149494,1.0020488394431295,4510.981874073444,4532.703595474194,4485.595750685164,4509.918161663198
2024-09-18,1.0022851833739903,1.0071114850806053,0.9966446962149494,1.0020488394431295,5631.0987543427555,5658.214172168962,5599.409030956602,5629.770912689757,1.0022851833739903,1.0071114850806053,0.9966446962149494,1.0020488394431295,4513.042616394427,4534.774260883282,4487.644895917022,4511.978418050688
2024-09-19,1.0022851833739903,1.0071114850806053,0.9966446962149494,1.0020488394431295,5726.696715132966,5754.27246561595,5694.469002081584,5725.346330995842,1.0022851833739903,1.0071114850806053,0.9966446962149494,1.0020488394431295,4515.103358715409,4536.844926292369,4489.69404114888,4514.038674438176
2024-09-20,1.0022851833739903,1.0071114850806053,0.9966446962149494,1.0020488394431295,5715.581372449348,5743.103599246406,5683.41621240056,5714.233609366418,1.0022851833739903,1.0071114850806053,0.9966446962149494,1.0020488394431295,4517.164101036392,4538.915591701457,4491.743186380739,4516.098930825666
2024-09-23,1.0022851833739903,1.0071114850806053,0.9966446962149494,1.0020488394431295,5731.637981086999,5759.237525237397,5699.382460433923,5730.286431774297,1.0022851833739903,1.0071114850806053,0.9966446962149494,1.0020488394431295,4519.224843357375,4540.986257110544,4493.792331612597,4518.159187213155
2024-09-24,1.0022851833739903,1.0071114850806053,0.9966446962149494,1.0020488394431295,5746.03079632025,5773.699646163155,5713.6942782715705,5744.675853108701,1.0022851833739903,1.0071114850806053,0.9966446962149494,1.0020488394431295,4521.290294852448,4543.061654369798,4495.846159517071,4520.224151664287
2024-09-25,1.0022851833739903,1.0071114850806053,0.9966446962149494,1.0020488394431295,5735.33641341365,5762.953766617345,5703.0600793629565,5733.983991991842,1.0022851833739903,1.0071114850806053,0.9966446962149494,1.0020488394431295,4523.355746347521,4545.137051629052,4497.899987421544,4522.289116115419
2024-09-26,1.0022851833739903,1.0071114850806053,0.9966446962149494,1.0020488394431295,5758.499224001423,5786.228113037558,5726.092538292484,5757.141340671373,1.0022851833739903,1.0071114850806053,0.9966446962149494,1.0020488394431295,4525.421197842594,4547.2124488883055,4499.953815326017,4524.354080566552
2024-09-27,1.0022851833739903,1.0071114850806053,0.9966446962149494,1.0020488394431295,5751.28277068113,5778.976910344977,5718.916696479737,5749.926589027383,1.0022851833739903,1.0071114850806053,0.9966446962149494,1.0020488394431295,4527.486649337667,4549.287846147558,4502.00764323049,4526.419045017684
2024-09-30,1.0022851833739903,1.0071114850806053,0.9966446962149494,1.0020488394431295,5775.648323488951,5803.4597905472865,5743.145129044721,5774.2863963142445,1.0022851833739903,1.0071114850806053,0.9966446962149494,1.0020488394431295,4529.55210083274,4551.363243406812,4504.061471134964,4528.484009468816
2024-10-01,1.0022851833739903,1.0071114850806053,0.9966446962149494,1.0020488394431295,5721.795540586267,5749.347690453906,5689.595409517093,5720.446312170966,1.0022851833739903,1.0071114850806053,0.9966446962149494,1.0020488394431295,4531.622272263229,4553.443383329378,4506.119992412818,4530.553692742381
2024-10-02,1.0022851833739903,1.0071114850806053,0.9966446962149494,1.0020488394431295,5722.587345881133,5750.143308527119,5690.382758827102,5721.237930754126,1.0022851833739903,1.0071114850806053,0.9966446962149494,1.0020488394431295,4533.692443693718,4555.523523251942,4508.178513690671,4532.623376015944
2024-10-03,1.0022851833739903,1.0071114850806053,0.9966446962149494,1.0020488394431295,5712.965408120742,5740.475038270345,5680.814969743438,5711.618261895471,1.0022851833739903,1.0071114850806053,0.9966446962149494,1.0020488394431295,4535.7626151242075,4557.603663174507,4510.237034968525,4534.693059289509
2024-10-04,1.0022851833739903,1.0071114850806053,0.9966446962149494,1.0020488394431295,5764.212249546654,5791.968648502517,5731.773413060909,5762.853019056199,1.0022851833739903,1.0071114850806053,0.9966446962149494,1.0020488394431295,4537.832786554696,4559.683803097071,4512.2955562463785,4536.762742563072
2024-10-07,1.0022851833739903,1.0071114850806053,0.9966446962149494,1.0020488394431295,5708.956267387246,5736.446592330023,5676.828390958579,5707.610066537699,1.0022851833739903,1.0071114850806053,0.9966446962149494,1.0020488394431295,4539.902957985186,4561.763943019637,4514.354077524233,4538.8324258366365
2024-10-08,1.0022851833739903,1.0071114850806053,0.9966446962149494,1.0020488394431295,5764.272386657657,5792.029075191622,5731.833211742683,5762.913141986565,1.0022851833739903,1.0071114850806053,0.9966446962149494,1.0020488394431295,4541.977860137009,4563.848836443368,4516.417302900685,4540.906838716006
2024-10-09,1.0022851833739903,1.0071114850806053,0.9966446962149494,1.0020488394431295,5805.275873509487,5833.230006046269,5772.605946264835,5803.906960008184,1.0022851833739903,1.0071114850806053,0.9966446962149494,1.0020488394431295,4544.052762288833,4565.9337298671,4518.480528277139,4542.981251595376
2024-10-10,1.0022851833739903,1.0071114850806053,0.9966446962149494,1.0020488394431295,5793.2584741608325,5821.154739340153,5760.656176357219,5791.892394423261,1.0022851833739903,1.0071114850806053,0.9966446962149494,1.0020488394431295,4546.127664440656,4568.018623290831,4520.543753653591,4545.055664474746
2024-10-11,1.0022851833739903,1.0071114850806053,0.9966446962149494,1.0020488394431295,5828.3184098752545,5856.383499088272,5795.518807830817,5826.944062826981,1.0022851833739903,1.0071114850806053,0.9966446962149494,1.0020488394431295,4548.20256659248,4570.103516714563,4522.606979030044,4547.130077354117
2024-10-14,1.0022851833739903,1.0071114850806053,0.9966446962149494,1.0020488394431295,5873.240831794077,5901.522235849586,5840.188423115172,5871.855891810823,1.0022851833739903,1.0071114850806053,0.9966446962149494,1.0020488394431295,4550.277468744303,4572.188410138294,4524.670204406497,4549.2044902334865
2024-10-15,1.0022851833739903,1.0071114850806053,0.9966446962149494,1.0020488394431295,5828.548935467431,5856.615134729841,5795.748036110947,5827.174534060054,1.0022851833739903,1.0071114850806053,0.9966446962149494,1.0020488394431295,4552.357112428027,4574.278067925814,4526.738144631277,4551.283643526679
2024-10-16,1.0022851833739903,1.0071114850806053,0.9966446962149494,1.0020488394431295,5855.821115307037,5884.018638238885,5822.866738294956,5854.440282981301,1.0022851833739903,1.0071114850806053,0.9966446962149494,1.0020488394431295,4554.436756111751,4576.367725713334,4528.806084856056,4553.3627968198725
2024-10-17,1.0022851833739903,1.0071114850806053,0.9966446962149494,1.0020488394431295,5854.818830123663,5883.011526753804,5821.870093598741,5853.438234141858,1.0022851833739903,1.0071114850806053,0.9966446962149494,1.0020488394431295,4556.516399795473,4578.457383500853,4530.874025080836,4555.441950113064
2024-10-18,1.0022851833739903,1.0071114850806053,0.9966446962149494,1.0020488394431295,5878.071846377939,5906.376513207674,5844.992250550928,5876.685767216938,1.0022851833739903,1.0071114850806053,0.9966446962149494,1.0020488394431295,4558.596043479197,4580.547041288373,4532.941965305616,4557.521103406257
2024-10-21,1.0022851833739903,1.0071114850806053,0.9966446962149494,1.0020488394431295,5867.357417767671,5895.610491432161,5834.338118748389,5865.973865123291,1.0022851833739903,1.0071114850806053,0.9966446962149494,1.0020488394431295,4560.67568716292,4582.636699075893,4535.009905530395,4559.60025669945
2024-10-22,1.0022851833739903,1.0071114850806053,0.9966446962149494,1.0020488394431295,5864.571064957892,5892.810721503638,5831.567446492912,5863.188169349639,1.0022851833739903,1.0071114850806053,0.9966446962149494,1.0020488394431295,4562.760083213814,4584.731132114646,4537.082571377796,4561.684161239181
2024-10-23,1.0022851833739903,1.0071114850806053,0.9966446962149494,1.0020488394431295,5810.668167796039,5838.648265836003,5777.967894730472,5809.297982764388,1.0022851833739903,1.0071114850806053,0.9966446962149494,1.0020488394431295,4564.844479264707,4586.825565153399,4539.155237225195,4563.768065778911
2024-10-24,1.0022851833739903,1.0071114850806053,0.9966446962149494,1.0020488394431295,5823.136595477211,5851.176732710405,5790.366154751386,5821.76347032706,1.0022851833739903,1.0071114850806053,0.9966446962149494,1.0020488394431295,4566.928875315601,4588.919998192153,4541.227903072596,4565.851970318641
2024-10-25,1.0022851833739903,1.0071114850806053,0.9966446962149494,1.0020488394431295,5821.39261925814,5849.424358726365,5788.631992979972,5820.019905346429,1.0022851833739903,1.0071114850806053,0.9966446962149494,1.0020488394431295,4569.013271366493,4591.014431230906,4543.3005689199945,4567.935874858371
2024-10-28,1.0022851833739903,1.0071114850806053,0.9966446962149494,1.0020488394431295,5836.8278110821,5864.933875596607,5803.980321301683,5835.451457473854,1.0022851833739903,1.0071114850806053,0.9966446962149494,1.0020488394431295,4571.097667417387,4593.1088642696595,4545.373234767395,4570.0197793981015
2024-10-29,1.0022851833739903,1.0071114850806053,0.9966446962149494,1.0020488394431295,5846.249291805816,5874.400723556365,5813.348781446103,5844.870716564619,1.0022851833739903,1.0071114850806053,0.9966446962149494,1.0020488394431295,4573.186826695481,4595.208083471971,4547.450637036329,4572.108446041839
2024-10-30,1.0022851833739903,1.0071114850806053,0.9966446962149494,1.0020488394431295,5826.955302025866,5855.013827468563,5794.1633710439655,5825.581276405339,1.0022851833739903,1.0071114850806053,0.9966446962149494,1.0020488394431295,4575.275985973574,4597.307302674281,4549.5280393052635,4574.197112685576
2024-10-31,1.0022851833739903,1.0071114850806053,0.9966446962149494,1.0020488394431295,5718.487999481133,5746.024222553139,5686.306482019583,5717.139551000803,1.0022851833739903,1.0071114850806053,0.9966446962149494,1.0020488394431295,4577.365145251668,4599.406521876593,4551.605441574197,4576.285779329314
2024-11-01,1.0022851833739903,1.0071114850806053,0.9966446962149494,1.0020488394431295,5741.891358512916,5769.540275729772,5709.578135676203,5740.5373914018,1.0022851833739903,1.0071114850806053,0.9966446962149494,1.0020488394431295,4579.454304529761,4601.505741078904,4553.682843843132,4578.3744459730515
2024-11-04,1.0022851833739903,1.0071114850806053,0.9966446962149494,1.0020488394431295,5725.74454420876,5753.315709705123,5693.522189620179,5724.394384598371,1.0022851833739903,1.0071114850806053,0.9966446962149494,1.0020488394431295,4581.543463807855,4603.604960281215,4555.760246112066,4580.463112616789
2024-11-05,1.0022851833739903,1.0071114850806053,0.9966446962149494,1.0020488394431295,5795.974667007777,5823.884011464722,5763.357083483961,5794.607946778152,1.0022851833739903,1.0071114850806053,0.9966446962149494,1.0020488394431295,4583.6373971979965,4605.708976584347,4557.842395626126,4582.556552246814
2024-11-06,1.0022851833739903,1.0071114850806053,0.9966446962149494,1.0020488394431295,5942.588943631724,5971.204279502313,5909.146269646284,5941.187651011893,1.0022851833739903,1.0071114850806053,0.9966446962149494,1.0020488394431295,4585.731330588138,4607.812992887477,4559.924545140187,4584.6499918768395
2024-11-07,1.0022851833739903,1.0071114850806053,0.9966446962149494,1.0020488394431295,5986.7496288111815,6015.5776115349645,5953.058434961515,5985.337922877758,1.0022851833739903,1.0071114850806053,0.9966446962149494,1.0020488394431295,4587.8252639782795,4609.917009190608,4562.0066946542465,4586.743431506865
2024-11-08,1.0022851833739903,1.0071114850806053,0.9966446962149494,1.0020488394431295,6009.240908326094,6038.177193260172,5975.423141944578,6007.82389883486,1.0022851833739903,1.0071114850806053,0.9966446962149494,1.0020488394431295,4589.919197368421,4612.021025493738,4564.088844168306,4588.836871136891
2024-11-11,1.0022851833739903,1.0071114850806053,0.9966446962149494,1.0020488394431295,6015.064185241497,6044.028510988491,5981.213647629587,6013.645802592026,1.0022851833739903,1.0071114850806053,0.9966446962149494,1.0020488394431295,4592.0131307585625,4614.1250417968695,4566.170993682367,4590.930310766917
2024-11-12,1.0022851833739903,1.0071114850806053,0.9966446962149494,1.0020488394431295,5997.664514458124,6026.545055607491,5963.911895703295,5996.250234739292,1.0022851833739903,1.0071114850806053,0.9966446962149494,1.0020488394431295,4594.111849170474,4616.233866163075,4568.25790128988,4593.028534290379
2024-11-13,1.0022851833739903,1.0071114850806053,0.9966446962149494,1.0020488394431295,5999.057690863015,6027.944940571753,5965.297231831034,5997.6430826261185,1.0022851833739903,1.0071114850806053,0.9966446962149494,1.0020488394431295,4596.210567582384,4618.34269052928,4570.344808897391,4595.126757813841
2024-11-14,1.0022851833739903,1.0071114850806053,0.9966446962149494,1.0020488394431295,5962.7649443730415,5991.477433696985,5929.208727381091,5961.358894149883,1.0022851833739903,1.0071114850806053,0.9966446962149494,1.0020488394431295,4598.309285994295,4620.451514895485,4572.431716504902,4597.224981337304
2024-11-15,1.0022851833739903,1.0071114850806053,0.9966446962149494,1.0020488394431295,5884.035443219015,5912.368826543903,5850.922286493406,5882.647957811625,1.0022851833739903,1.0071114850806053,0.9966446962149494,1.0020488394431295,4600.408004406206,4622.56033926169,4574.518624112414,4599.323204860766
2024-11-18,1.0022851833739903,1.0071114850806053,0.9966446962149494,1.0020488394431295,5907.088002436617,5935.532390700757,5873.84511450635,5905.695081118817,1.0022851833739903,1.0071114850806053,0.9966446962149494,1.0020488394431295,4602.506722818117,4624.669163627896,4576.605531719926,4601.421428384229
2024-11-19,1.0022851833739903,1.0071114850806053,0.9966446962149494,1.0020488394431295,5930.501384320232,5959.05851499224,5897.126734609931,5929.102942008208,1.0022851833739903,1.0071114850806053,0.9966446962149494,1.0020488394431295,4604.610237186449,4626.782807044481,4578.697208294006,4603.524446733201
2024-11-20,1.0022851833739903,1.0071114850806053,0.9966446962149494,1.0020488394431295,5930.631681394071,5959.189439485301,5897.256298420439,5929.233208357336,1.0022851833739903,1.0071114850806053,0.9966446962149494,1.0020488394431295,4606.713751554782,4628.896450461067,4580.788884868086,4605.627465082175
2024-11-21,1.0022851833739903,1.0071114850806053,0.9966446962149494,1.0020488394431295,5962.3038931886895,5991.014162413848,5928.750270820832,5960.897951683739,1.0022851833739903,1.0071114850806053,0.9966446962149494,1.0020488394431295,4608.817265923114,4631.010093877652,4582.880561442165,4607.730483431148
2024-11-22,1.0022851833739903,1.0071114850806053,0.9966446962149494,1.0020488394431295,5982.981036521695,6011.790872351061,5949.311050903746,5981.570219241451,1.0022851833739903,1.0071114850806053,0.9966446962149494,1.0020488394431295,4610.920780291447,4633.123737294238,4584.972238016246,4609.833501780122
2024-11-25,1.0022851833739903,1.0071114850806053,0.9966446962149494,1.0020488394431295,6001.052238377928,6029.949092427064,5967.280554776502,5999.637159816611,1.0022851833739903,1.0071114850806053,0.9966446962149494,1.0020488394431295,4613.024294659779,4635.237380710823,4587.063914590324,4611.936520129095
2024-11-26,1.0022851833739903,1.0071114850806053,0.9966446962149494,1.0020488394431295,6035.390528760321,6064.452731905925,6001.425602068826,6033.967353055932,1.0022851833739903,1.0071114850806053,0.9966446962149494,1.0020488394431295,4615.132615944173,4637.355854190203,4589.1603710289355,4614.044344260635
2024-11-27,1.0022851833739903,1.0071114850806053,0.9966446962149494,1.0020488394431295,6012.44822091289,6041.39995001243,5978.612404972466,6011.030455121078,1.0022851833739903,1.0071114850806053,0.9966446962149494,1.0020488394431295,4617.240937228567,4639.4743276695835,4591.256827467546,4616.152168392175
2024-11-29,1.0022851833739903,1.0071114850806053,0.9966446962149494,1.0020488394431295,6046.165094481592,6075.279180370542,6012.139532553137,6044.739378079946,1.0022851833739903,1.0071114850806053,0.9966446962149494,1.0020488394431295,4619.349258512961,4641.592801148962,4593.353283906155,4618.259992523713
2024-12-02,1.0022851833739903,1.0071114850806053,0.9966446962149494,1.0020488394431295,6060.968846640025,6090.1542170051825,6026.859974716232,6059.53963943852,1.0022851833739903,1.0071114850806053,0.9966446962149494,1.0020488394431295,4621.457579797355,4643.711274628342,4595.449740344767,4620.367816655253
2024-12-03,1.0022851833739903,1.0071114850806053,0.9966446962149494,1.0020488394431295,6063.705085190637,6092.903631359452,6029.580814736899,6062.2752327702,1.0022851833739903,1.0071114850806053,0.9966446962149494,1.0020488394431295,4623.565901081749,4645.829748107722,4597.546196783377,4622.475640786793
2024-12-04,1.0022851833739903,1.0071114850806053,0.9966446962149494,1.0020488394431295,6100.398745753958,6129.773982828253,6066.067977065328,6098.960240782213,1.0022851833739903,1.0071114850806053,0.9966446962149494,1.0020488394431295,4625.679040266889,4647.953062687476,4599.647444009386,4624.5882816829935
2024-12-05,1.0022851833739903,1.0071114850806053,0.9966446962149494,1.0020488394431295,6088.992740367162,6118.313054128036,6054.726160422401,6087.556924989351,1.0022851833739903,1.0071114850806053,0.9966446962149494,1.0020488394431295,4627.792179452029,4650.076377267228,4601.748691235393,4626.700922579193
2024-12-06,1.0022851833739903,1.0071114850806053,0.9966446962149494,1.0020488394431295,6104.187383747112,6133.580864241859,6069.835294017021,6102.747985395309,1.0022851833739903,1.0071114850806053,0.9966446962149494,1.0020488394431295,4629.905318637169,4652.199691846981,4603.849938461402,4628.8135634753935
2024-12-09,1.0022851833739903,1.0071114850806053,0.9966446962149494,1.0020488394431295,6066.681872185258,6095.8947524701425,6032.540849484657,6065.251317823347,1.0022851833739903,1.0071114850806053,0.9966446962149494,1.0020488394431295,4632.018457822309,4654.323006426734,4605.95118568741,4630.926204371593
2024-12-10,1.0022851833739903,1.0071114850806053,0.9966446962149494,1.0020488394431295,6048.700875995528,6077.827172427796,6014.66104363456,6047.274561643737,1.0022851833739903,1.0071114850806053,0.9966446962149494,1.0020488394431295,4634.131597007449,4656.446321006487,4608.052432913419,4633.0388452677935
2024-12-11,1.0022851833739903,1.0071114850806053,0.9966446962149494,1.0020488394431295,6098.0934898321975,6127.457626412568,6063.775694264033,6096.655528451493,1.0022851833739903,1.0071114850806053,0.9966446962149494,1.0020488394431295,4636.249565103122,4658.574487749415,4610.158481874652,4635.156313935845
2024-12-12,1.0022851833739903,1.0071114850806053,0.9966446962149494,1.0020488394431295,6065.078215891859,6094.283374094013,6030.9462179707125,6063.648039680237,1.0022851833739903,1.0071114850806053,0.9966446962149494,1.0020488394431295,4638.367533198795,4660.702654492344,4612.264530835887,4637.2737826038965
2024-12-13,1.0022851833739903,1.0071114850806053,0.9966446962149494,1.0020488394431295,6064.917850262519,6094.1222362564,6030.786754819319,6063.487711865927,1.0022851833739903,1.0071114850806053,0.9966446962149494,1.0020488394431295,4640.485501294468,4662.830821235273,4614.370579797121,4639.391251271948
2024-12-16,1.0022851833739903,1.0071114850806053,0.9966446962149494,1.0020488394431295,6087.960386628287,6117.275729298403,6053.6996163853,6086.524814684724,1.0022851833739903,1.0071114850806053,0.9966446962149494,1.0020488394431295,4642.603469390141,4664.958987978202,4616.476628758354,4641.5087199399995
2024-12-17,1.0022851833739903,1.0071114850806053,0.9966446962149494,1.0020488394431295,6064.436753374499,6093.638822743561,6030.308365365135,6063.006728422994,1.0022851833739903,1.0071114850806053,0.9966446962149494,1.0020488394431295,4644.721437485814,4667.08715472113,4618.582677719588,4643.626188608051
2024-12-18,1.0022851833739903,1.0071114850806053,0.9966446962149494,1.0020488394431295,5885.5789624014105,5913.9197782309275,5852.457119325577,5884.191113024367,1.0022851833739903,1.0071114850806053,0.9966446962149494,1.0020488394431295,4646.844245526966,4669.2201847153165,4620.693539388893,4645.748496080298
2024-12-19,1.0022851833739903,1.0071114850806053,0.9966446962149494,1.0020488394431295,5880.487353669871,5908.8036518867175,5847.394164268805,5879.100704919996,1.0022851833739903,1.0071114850806053,0.9966446962149494,1.0020488394431295,4648.967053568118,4671.353214709503,4622.804401058198,4647.870803552544
2024-12-20,1.0022851833739903,1.0071114850806053,0.9966446962149494,1.0020488394431295,5944.403079813631,5973.027151290308,5910.950196546433,5943.001359411285,1.0022851833739903,1.0071114850806053,0.9966446962149494,1.0020488394431295,4651.089861609269,4673.4862447036885,4624.9152627275025,4649.993111024791
2024-12-23,1.0022851833739903,1.0071114850806053,0.9966446962149494,1.0020488394431295,5987.721845439054,6016.554509675491,5954.025180316843,5986.309910252016,1.0022851833739903,1.0071114850806053,0.9966446962149494,1.0020488394431295,4653.212669650421,4675.619274697876,4627.026124396808,4652.115418497037
2024-12-24,1.0022851833739903,1.0071114850806053,0.9966446962149494,1.0020488394431295,6053.842598986236,6082.993654346259,6019.773830926143,6052.41507219008,1.0022851833739903,1.0071114850806053,0.9966446962149494,1.0020488394431295,4655.335477691573,4677.752304692062,4629.1369860661125,4654.237725969284
2024-12-26,1.0022851833739903,1.0071114850806053,0.9966446962149494,1.0020488394431295,6051.38700028697,6080.526231207812,6017.332051420417,6049.9600525334445,1.0022851833739903,1.0071114850806053,0.9966446962149494,1.0020488394431295,4657.463136738366,4679.890209050927,4631.252671441409,4656.36488330328
2024-12-27,1.0022851833739903,1.0071114850806053,0.9966446962149494,1.0020488394431295,5984.484464296756,6013.3015395786815,5950.806017948069,5983.073292500616,1.0022851833739903,1.0071114850806053,0.9966446962149494,1.0020488394431295,4659.5907957851605,4682.028113409793,4633.368356816705,4658.492040637278
2024-12-30,1.0022851833739903,1.0071114850806053,0.9966446962149494,1.0020488394431295,5920.438441079158,5948.94711568203,5887.120421859933,5919.042371660199,1.0022851833739903,1.0071114850806053,0.9966446962149494,1.0020488394431295,4661.718454831954,4684.166017768658,4635.484042192002,4660.619197971274
2024-12-31,1.0022851833739903,1.0071114850806053,0.9966446962149494,1.0020488394431295,5895.070603087963,5923.457123994641,5861.895344598734,5893.680515533894,1.0022851833739903,1.0071114850806053,0.9966446962149494,1.0020488394431295,4663.846113878748,4686.303922127525,4637.599727567299,4662.746355305271
2025-01-02,1.0022851833739903,1.0071114850806053,0.9966446962149494,1.0020488394431295,5881.960712889431,5910.284105769787,5848.859231972242,5880.573716713978,1.0022851833739903,1.0071114850806053,0.9966446962149494,1.0020488394431295,4665.973772925541,4688.44182648639,4639.715412942594,4664.873512639268
2025-01-03,1.0022851833739903,1.0071114850806053,0.9966446962149494,1.0020488394431295,5956.049633644437,5984.729786746945,5922.5312079164505,5954.645166925614,1.0022851833739903,1.0071114850806053,0.9966446962149494,1.0020488394431295,4668.106294063414,4690.58461634875,4641.835933046935,4667.005530917838
2025-01-06,1.0022851833739903,1.0071114850806053,0.9966446962149494,1.0020488394431295,5989.034839029275,6017.873825720948,5955.330784868885,5987.622594231687,1.0022851833739903,1.0071114850806053,0.9966446962149494,1.0020488394431295,4670.238815201287,4692.727406211113,4643.956453151276,4669.137549196408
2025-01-07,1.0022851833739903,1.0071114850806053,0.9966446962149494,1.0020488394431295,5922.53321711241,5951.0519786858495,5889.203409275023,5921.136653734635,1.0022851833739903,1.0071114850806053,0.9966446962149494,1.0020488394431295,4672.37133633916,4694.870196073474,4646.076973255616,4671.269567474978
2025-01-08,1.0022851833739903,1.0071114850806053,0.9966446962149494,1.0020488394431295,5931.774286503118,5960.337546578293,5898.392473374124,5930.375544034301,1.0022851833739903,1.0071114850806053,0.9966446962149494,1.0020488394431295,4674.503857477033,4697.012985935836,4648.197493359958,4673.401585753549
2025-01-10,1.0022851833739903,1.0071114850806053,0.9966446962149494,1.0020488394431295,5840.355854927577,5868.478908024091,5807.488510632359,5838.978669388694,1.0022851833739903,1.0071114850806053,0.9966446962149494,1.0020488394431295,4676.636378614906,4699.155775798197,4650.318013464298,4675.533604032119
2025-01-13,1.0022851833739903,1.0071114850806053,0.9966446962149494,1.0020488394431295,5849.55683291095,5877.7241914571305,5816.637708943613,5848.177477734782,1.0022851833739903,1.0071114850806053,0.9966446962149494,1.0020488394431295,4678.773772954628,4701.3034623283265,4652.443379345926,4677.670494363413
2025-01-14,1.0022851833739903,1.0071114850806053,0.9966446962149494,1.0020488394431295,5856.262120787722,5884.46176729232,5823.30526196129,5854.881184470656,1.0022851833739903,1.0071114850806053,0.9966446962149494,1.0020488394431295,4680.91116729435,4703.451148858456,4654.568745227553,4679.807384694706
2025-01-15,1.0022851833739903,1.0071114850806053,0.9966446962149494,1.0020488394431295,5963.5066354087385,5992.222696195944,5929.94624445629,5962.10041029107,1.0022851833739903,1.0071114850806053,0.9966446962149494,1.0020488394431295,4683.048561634071,4705.598835388584,4656.69411110918,4681.944275026
2025-01-16,1.0022851833739903,1.0071114850806053,0.9966446962149494,1.0020488394431295,5950.907910653727,5979.563304828482,5917.418420624868,5949.50465637927,1.0022851833739903,1.0071114850806053,0.9966446962149494,1.0020488394431295,4685.185955973793,4707.746521918713,4658.819476990807,4684.081165357293
2025-01-17,1.0022851833739903,1.0071114850806053,0.9966446962149494,1.0020488394431295,6010.363467731472,6039.305158123462,5976.539384004339,6008.946193535036,1.0022851833739903,1.0071114850806053,0.9966446962149494,1.0020488394431295,4687.323350313515,4709.894208448843,4660.9448428724345,4686.218055688587
2025-01-21,1.0022851833739903,1.0071114850806053,0.9966446962149494,1.0020488394431295,6063.063622673277,6092.259080009001,6028.94296213132,6061.6339215129565,1.0022851833739903,1.0071114850806053,0.9966446962149494,1.0020488394431295,4689.4656289912455,4712.046802836522,4663.075065604838,4688.359829206137
2025-01-22,1.0022851833739903,1.0071114850806053,0.9966446962149494,1.0020488394431295,6100.278471531953,6129.653129450044,6065.948379701782,6098.83999492148,1.0022851833739903,1.0071114850806053,0.9966446962149494,1.0020488394431295,4691.607907668977,4714.199397224203,4665.205288337243,4690.501602723688
2025-01-23,1.0022851833739903,1.0071114850806053,0.9966446962149494,1.0020488394431295,6132.692374362268,6162.223114877551,6098.179869177373,6131.246254389071,1.0022851833739903,1.0071114850806053,0.9966446962149494,1.0020488394431295,4693.750186346707,4716.351991611882,4667.335511069646,4692.643376241238
2025-01-24,1.0022851833739903,1.0071114850806053,0.9966446962149494,1.0020488394431295,6115.1824522087245,6144.628877233192,6080.7684863344975,6113.7404611639995,1.0022851833739903,1.0071114850806053,0.9966446962149494,1.0020488394431295,4695.892465024438,4718.5045859995635,4669.46573380205,4694.785149758789
2025-01-27,1.0022851833739903,1.0071114850806053,0.9966446962149494,1.0020488394431295,6026.019162295775,6055.036239520422,5992.106974159216,6024.598196407138,1.0022851833739903,1.0071114850806053,0.9966446962149494,1.0020488394431295,4698.034743702168,4720.657180387243,4671.595956534453,4696.926923276339
2025-01-28,1.0022851833739903,1.0071114850806053,0.9966446962149494,1.0020488394431295,6081.565807158361,6110.850358023588,6047.341023223448,6080.131743089077,1.0022851833739903,1.0071114850806053,0.9966446962149494,1.0020488394431295,4700.181917879516,4722.8146938478285,4673.731047216427,4699.073591139123
2025-01-29,1.0022851833739903,1.0071114850806053,0.9966446962149494,1.0020488394431295,6053.110930802374,6082.258462962151,6019.046280297906,6051.683576537287,1.0022851833739903,1.0071114850806053,0.9966446962149494,1.0020488394431295,4702.329092056863,4724.972207308415,4675.8661378984025,4701.220259001907
2025-01-30,1.0022851833739903,1.0071114850806053,0.9966446962149494,1.0020488394431295,6085.043736744668,6114.345034876818,6050.799380319315,6083.608852561944,1.0022851833739903,1.0071114850806053,0.9966446962149494,1.0020488394431295,4704.47626623421,4727.1297207689995,4678.001228580376,4703.36692686469
2025-01-31,1.0022851833739903,1.0071114850806053,0.9966446962149494,1.0020488394431295,6054.3337187260895,6083.487138973948,6020.262186827288,6052.906076121407,1.0022851833739903,1.0071114850806053,0.9966446962149494,1.0020488394431295,4706.623440411558,4729.287234229586,4680.13631926235,4705.513594727474
2025-02-03,1.0022851833739903,1.0071114850806053,0.9966446962149494,1.0020488394431295,6008.268691698221,6037.200295119644,5974.456396589249,6006.851911460601,1.0022851833739903,1.0071114850806053,0.9966446962149494,1.0020488394431295,4708.770614588905,4731.444747690171,4682.271409944326,4707.660262590258
2025-02-04,1.0022851833739903,1.0071114850806053,0.9966446962149494,1.0020488394431295,6051.677662990149,6080.818293538486,6017.621078382319,6050.2506466968825,1.0022851833739903,1.0071114850806053,0.9966446962149494,1.0020488394431295,4710.922695452984,4733.607191464647,4684.411379700029,4709.811835982751
2025-02-05,1.0022851833739903,1.0071114850806053,0.9966446962149494,1.0020488394431295,6075.331593317775,6104.586124586387,6041.141893212991,6073.89899930774,1.0022851833739903,1.0071114850806053,0.9966446962149494,1.0020488394431295,4713.074776317062,4735.769635239121,4686.551349455732,4711.963409375244
2025-02-06,1.0022851833739903,1.0071114850806053,0.9966446962149494,1.0020488394431295,6097.472073018506,6126.833217291818,6063.15777455238,6096.034258171039,1.0022851833739903,1.0071114850806053,0.9966446962149494,1.0020488394431295,4715.226857181141,4737.932079013597,4688.691319211434,4714.114982767737
2025-02-07,1.0022851833739903,1.0071114850806053,0.9966446962149494,1.0020488394431295,6039.760492159831,6068.8437379808765,6005.770972944323,6038.336285995903,1.0022851833739903,1.0071114850806053,0.9966446962149494,1.0020488394431295,4717.378938045219,4740.094522788072,4690.831288967137,4716.266556160231
2025-02-10,1.0022851833739903,1.0071114850806053,0.9966446962149494,1.0020488394431295,6080.30292782731,6109.581397552387,6046.085250906218,6078.869161551378,1.0022851833739903,1.0071114850806053,0.9966446962149494,1.0020488394431295,4719.531018909298,4742.256966562547,4692.9712587228405,4718.418129552724
2025-02-11,1.0022851833739903,1.0071114850806053,0.9966446962149494,1.0020488394431295,6082.3676353050605,6111.6560472116535,6048.1383389804205,6080.9333821606315,1.0022851833739903,1.0071114850806053,0.9966446962149494,1.0020488394431295,4721.688017672786,4744.4243519175825,4695.11611870185,4720.574619684961
2025-02-12,1.0022851833739903,1.0071114850806053,0.9966446962149494,1.0020488394431295,6065.799861223888,6095.008494363271,6031.6638021519875,6064.369514844637,1.0022851833739903,1.0071114850806053,0.9966446962149494,1.0020488394431295,4723.845016436275,4746.591737272618,4697.260978680859,4722.731109817199
2025-02-13,1.0022851833739903,1.0071114850806053,0.9966446962149494,1.0020488394431295,6129.044056294787,6158.557229071857,6094.552082483151,6127.598796613498,1.0022851833739903,1.0071114850806053,0.9966446962149494,1.0020488394431295,4726.002015199764,4748.7591226276545,4699.40583865987,4724.887599949438
2025-02-14,1.0022851833739903,1.0071114850806053,0.9966446962149494,1.0020488394431295,6128.603050814102,6158.114100018422,6094.113558816816,6127.157895124143,1.0022851833739903,1.0071114850806053,0.9966446962149494,1.0020488394431295,4728.159013963253,4750.92650798269,4701.550698638879,4727.044090081675
2025-02-18,1.0022851833739903,1.0071114850806053,0.9966446962149494,1.0020488394431295,6143.587214305543,6173.170416720377,6109.01339702523,6142.138525273817,1.0022851833739903,1.0071114850806053,0.9966446962149494,1.0020488394431295,4730.316012726741,4753.093893337726,4703.695558617888,4729.200580213912
2025-02-19,1.0022851833739903,1.0071114850806053,0.9966446962149494,1.0020488394431295,6158.1905094273025,6187.844031058001,6123.534510249081,6156.738376864504,1.0022851833739903,1.0071114850806053,0.9966446962149494,1.0020488394431295,4732.477940627941,4755.266231565739,4705.845319995261,4731.361998321546
2025-02-20,1.0022851833739903,1.0071114850806053,0.9966446962149494,1.0020488394431295,6131.499654994053,6161.024652210305,6096.993861988878,6130.053816270134,1.0022851833739903,1.0071114850806053,0.9966446962149494,1.0020488394431295,4734.639868529142,4757.438569793753,4707.995081372635,4733.5234164291805
2025-02-21,1.0022851833739903,1.0071114850806053,0.9966446962149494,1.0020488394431295,6026.871104701642,6055.892284282741,5992.954122150999,6025.449937920665,1.0022851833739903,1.0071114850806053,0.9966446962149494,1.0020488394431295,4736.801796430343,4759.6109080217675,4710.144842750007,4735.684834536814
2025-02-24,1.0022851833739903,1.0071114850806053,0.9966446962149494,1.0020488394431295,5996.922823422427,6025.799793108532,5963.174378628096,5995.508718598105,1.0022851833739903,1.0071114850806053,0.9966446962149494,1.0020488394431295,4738.963724331544,4761.783246249782,4712.294604127381,4737.846252644448
2025-02-25,1.0022851833739903,1.0071114850806053,0.9966446962149494,1.0020488394431295,5968.858838287956,5997.600671526275,5935.2683271340775,5967.451351093697,1.0022851833739903,1.0071114850806053,0.9966446962149494,1.0020488394431295,4741.125652232744,4763.955584477795,4714.4443655047535,4740.007670752082
2025-02-26,1.0022851833739903,1.0071114850806053,0.9966446962149494,1.0020488394431295,5969.6706892864895,5998.4164318291905,5936.075609338012,5968.263010653646,1.0022851833739903,1.0071114850806053,0.9966446962149494,1.0020488394431295,4743.2925205356405,4766.132886897011,4716.599039481085,4742.17402809644
2025-02-27,1.0022851833739903,1.0071114850806053,0.9966446962149494,1.0020488394431295,5874.96476230948,5903.254467603923,5841.902651992661,5873.579415814665,1.0022851833739903,1.0071114850806053,0.9966446962149494,1.0020488394431295,4745.459388838536,4768.310189316226,4718.753713457415,4744.340385440798
2025-02-28,1.0022851833739903,1.0071114850806053,0.9966446962149494,1.0020488394431295,5968.107124400425,5996.845337912465,5934.5208436119165,5966.699814464115,1.0022851833739903,1.0071114850806053,0.9966446962149494,1.0020488394431295,4747.626257141433,4770.487491735442,4720.908387433746,4746.506742785155
2025-03-03,1.0022851833739903,1.0071114850806053,0.9966446962149494,1.0020488394431295,5863.087682886498,5891.320196505719,5830.092412342515,5861.705137067263,1.0022851833739903,1.0071114850806053,0.9966446962149494,1.0020488394431295,4749.793125444328,4772.664794154656,4723.063061410076,4748.673100129513
2025-03-04,1.0022851833739903,1.0071114850806053,0.9966446962149494,1.0020488394431295,5791.354132312422,5819.2412275185,5758.76255143441,5789.988501628319,1.0022851833739903,1.0071114850806053,0.9966446962149494,1.0020488394431295,4751.959993747225,4774.842096573872,4725.217735386407,4750.839457473871
2025-03-05,1.0022851833739903,1.0071114850806053,0.9966446962149494,1.0020488394431295,5855.981480936377,5884.179776076498,5823.026201446351,5854.600610795612,1.0022851833739903,1.0071114850806053,0.9966446962149494,1.0020488394431295,4754.13181374154,4777.024374528375,4727.377333187885,4753.010765342014
2025-03-06,1.0022851833739903,1.0071114850806053,0.9966446962149494,1.0020488394431295,5751.633570495312,5779.329399364756,5719.265522123412,5750.277306121188,1.0022851833739903,1.0071114850806053,0.9966446962149494,1.0020488394431295,4756.303633735856,4779.20665248288,4729.536930989363,4755.182073210158
2025-03-07,1.0022851833739903,1.0071114850806053,0.9966446962149494,1.0020488394431295,5783.385965104599,5811.234691212108,5750.8392260995015,5782.022213354746,1.0022851833739903,1.0071114850806053,0.9966446962149494,1.0020488394431295,4758.4754537301715,4781.388930437383,4731.696528790841,4757.3533810783
2025-03-10,1.0022851833739903,1.0071114850806053,0.9966446962149494,1.0020488394431295,5627.390299164272,5654.487859674164,5595.721445580607,5626.063331983818,1.0022851833739903,1.0071114850806053,0.9966446962149494,1.0020488394431295,4760.647273724488,4783.571208391888,4733.856126592318,4759.524688946444
2025-03-11,1.0022851833739903,1.0071114850806053,0.9966446962149494,1.0020488394431295,5584.80320172271,5611.695692673088,5553.374012438433,5583.486276795878,1.0022851833739903,1.0071114850806053,0.9966446962149494,1.0020488394431295,4762.819093718803,4785.753486346392,4736.015724393796,4761.6959968145875
2025-03-12,1.0022851833739903,1.0071114850806053,0.9966446962149494,1.0020488394431295,5612.095427265984,5639.119338411833,5580.512647516367,5610.772066693915,1.0022851833739903,1.0071114850806053,0.9966446962149494,1.0020488394431295,4764.995876720061,4787.940751206194,4738.180257272264,4763.87226651937
2025-03-13,1.0022851833739903,1.0071114850806053,0.9966446962149494,1.0020488394431295,5534.1376857031555,5560.786207102265,5502.993623044768,5532.8327079620285,1.0022851833739903,1.0071114850806053,0.9966446962149494,1.0020488394431295,4767.172659721318,4790.128016065997,4740.3447901507325,4766.048536224153
2025-03-14,1.0022851833739903,1.0071114850806053,0.9966446962149494,1.0020488394431295,5651.826011934929,5679.041237680428,5620.019643274327,5650.49328268944,1.0022851833739903,1.0071114850806053,0.9966446962149494,1.0020488394431295,4769.349442722577,4792.315280925801,4742.509323029201,4768.224805928938
2025-03-17,1.0022851833739903,1.0071114850806053,0.9966446962149494,1.0020488394431295,5688.0886898694,5715.478531210645,5656.078248383384,5686.747409700493,1.0022851833739903,1.0071114850806053,0.9966446962149494,1.0020488394431295,4771.526225723835,4794.502545785604,4744.673855907669,4770.40107563372
2025-03-18,1.0022851833739903,1.0071114850806053,0.9966446962149494,1.0020488394431295,5627.490527682608,5654.5885708226715,5595.821110050228,5626.163536867762,1.0022851833739903,1.0071114850806053,0.9966446962149494,1.0020488394431295,4773.703008725092,4796.689810645406,4746.838388786137,4772.577345338504
2025-03-19,1.0022851833739903,1.0071114850806053,0.9966446962149494,1.0020488394431295,5688.259078350573,5715.649740163109,5656.247677981741,5686.917758003198,1.0022851833739903,1.0071114850806053,0.9966446962149494,1.0020488394431295,4775.884766074673,4798.882073806501,4749.007868019152,4774.758588218634
2025-03-20,1.0022851833739903,1.0071114850806053,0.9966446962149494,1.0020488394431295,5675.830742076736,5703.16155774811,5643.889283748676,5674.492352394104,1.0022851833739903,1.0071114850806053,0.9966446962149494,1.0020488394431295,4778.066523424254,4801.074336967596,4751.177347252165,4776.9398310987635
2025-03-21,1.0022851833739903,1.0071114850806053,0.9966446962149494,1.0020488394431295,5680.511413883093,5707.864768383436,5648.54361448,5679.171920474303,1.0022851833739903,1.0071114850806053,0.9966446962149494,1.0020488394431295,4780.248280773836,4803.266600128692,4753.346826485181,4779.121073978894
2025-03-24,1.0022851833739903,1.0071114850806053,0.9966446962149494,1.0020488394431295,5780.749955072325,5808.585988006346,5748.218050548456,5779.38682490701,1.0022851833739903,1.0071114850806053,0.9966446962149494,1.0020488394431295,4782.430038123417,4805.458863289787,4755.516305718195,4781.302316859023
2025-03-25,1.0022851833739903,1.0071114850806053,0.9966446962149494,1.0020488394431295,5789.850704537361,5817.730560290878,5757.267584390087,5788.485428369154,1.0022851833739903,1.0071114850806053,0.9966446962149494,1.0020488394431295,4784.611795472998,4807.651126450881,4757.68578495121,4783.483559739154
2025-03-26,1.0022851833739903,1.0071114850806053,0.9966446962149494,1.0020488394431295,5725.253424468907,5752.822225077433,5693.033833719034,5723.903380667044,1.0022851833739903,1.0071114850806053,0.9966446962149494,1.0020488394431295,4786.798538538201,4809.848399335304,4759.860221842098,4785.669787159249
2025-03-27,1.0022851833739903,1.0071114850806053,0.9966446962149494,1.0020488394431295,5706.320257354973,5733.797889124262,5674.207215407534,5704.974678089964,1.0022851833739903,1.0071114850806053,0.9966446962149494,1.0020488394431295,4788.985281603404,4812.045672219726,4762.034658732986,4787.856014579343
2025-03-28,1.0022851833739903,1.0071114850806053,0.9966446962149494,1.0020488394431295,5593.693471299237,5620.628771545753,5562.21425089386,5592.374450001739,1.0022851833739903,1.0071114850806053,0.9966446962149494,1.0020488394431295,4791.172024668605,4814.242945104148,4764.2090956238735,4790.042241999437
2025-03-31,1.0022851833739903,1.0071114850806053,0.9966446962149494,1.0020488394431295,5624.674106317328,5651.758587549595,5593.020538453864,5623.347779628926,1.0022851833739903,1.0071114850806053,0.9966446962149494,1.0020488394431295,4793.358767733808,4816.44021798857,4766.383532514762,4792.228469419531
2025-04-01,1.0022851833739903,1.0071114850806053,0.9966446962149494,1.0020488394431295,5645.942597908524,5673.129493263005,5614.169338907545,5644.611256001909,1.0022851833739903,1.0071114850806053,0.9966446962149494,1.0020488394431295,4795.545510799011,4818.637490872993,4768.5579694056505,4794.414696839626
2025-04-02,1.0022851833739903,1.0071114850806053,0.9966446962149494,1.0020488394431295,5683.929206358398,5711.299018547561,5651.942172894092,5682.588907016804,1.0022851833739903,1.0071114850806053,0.9966446962149494,1.0020488394431295,4850.487860320933,4873.844404173429,4823.191123877993,4849.344090676806
2025-04-03,1.0022851833739903,1.0071114850806053,0.9966446962149494,1.0020488394431295,5408.852037781407,5434.897271467189,5378.4130360179,5407.576603031637,1.0022851833739903,1.0071114850806053,0.9966446962149494,1.0020488394431295,4905.430209842854,4929.051317473866,4877.824278350335,4904.273484513987
2025-04-04,1.0572847754214802,1.0704471823937303,1.0379870714710693,1.0501702268324569,5364.747533270624,5431.534639240379,5266.829439609923,5328.647744566033,1.0572847754214802,1.0704471823937303,1.0379870714710693,1.0501702268324569,4960.372559364777,5022.125498476486,4869.835172125654,4926.993840202581
2025-04-07,1.0572847754214802,1.0704471823937303,1.0379870714710693,1.0501702268324569,5352.239854377389,5418.871249072661,5254.55005255442,5316.2242307826045,1.0572847754214802,1.0704471823937303,1.0379870714710693,1.0501702268324569,5015.3149088866985,5077.751839276095,4923.774706493076,4981.566478531874
2025-04-08,1.0572847754214802,1.0704471823937303,1.0379870714710693,1.0501702268324569,5268.20686042689,5333.792107016008,5172.0508401139,5232.756701153961,1.0572847754214802,1.0704471823937303,1.0379870714710693,1.0501702268324569,5070.25725840862,5133.378180075703,4977.714240860499,5036.139116861168
2025-04-09,1.0022851833739903,1.0071114850806053,0.9966446962149494,1.0020488394431295,5469.370017153527,5495.706662936354,5438.590442775358,5468.080311957213,1.0022851833739903,1.0071114850806053,0.9966446962149494,1.0020488394431295,5072.574551926374,5097.0005093514665,5044.027994421551,5071.3784131137145
2025-04-10,1.0572847754214802,1.0704471823937303,1.0379870714710693,1.0501702268324569,5569.829061159129,5639.169279209291,5468.167791863167,5532.349263464725,1.0572847754214802,1.0704471823937303,1.0379870714710693,1.0501702268324569,5074.891845444127,5138.070464263508,4982.264236789973,5040.742517412748
2025-04-11,1.0022851833739903,1.0071114850806053,0.9966446962149494,1.0020488394431295,5375.616261100724,5401.501454621915,5345.364297891411,5374.348663515702,1.0022851833739903,1.0071114850806053,0.9966446962149494,1.0020488394431295,5077.209138961882,5101.657413304046,5048.636499729926,5076.011907290088
2025-04-14,1.0022851833739903,1.0071114850806053,0.9966446962149494,1.0020488394431295,5418.323632764291,5444.4144750012,5387.83132839713,5417.045964564375,1.0022851833739903,1.0071114850806053,0.9966446962149494,1.0020488394431295,5079.526432479635,5103.985865280334,5050.940752384114,5078.328654378274
2025-04-15,1.0022851833739903,1.0071114850806053,0.9966446962149494,1.0020488394431295,5408.962289151577,5435.0080537305475,5378.522666934483,5407.6868284039765,1.0022851833739903,1.0071114850806053,0.9966446962149494,1.0020488394431295,5081.843725997389,5106.314317256623,5053.245005038301,5080.6454014664605
2025-04-16,1.0022851833739903,1.0071114850806053,0.9966446962149494,1.0020488394431295,5287.755941926161,5313.21806183975,5257.998423821208,5286.509062250118,1.0022851833739903,1.0071114850806053,0.9966446962149494,1.0020488394431295,5084.166314955763,5108.648090172656,5055.554523332345,5082.967442746575
2025-04-17,1.0572847754214802,1.0704471823937303,1.0379870714710693,1.0501702268324569,5585.318283119053,5654.851330431358,5483.374302460217,5547.73425728782,1.0572847754214802,1.0704471823937303,1.0379870714710693,1.0501702268324569,5086.488903914135,5149.811897462834,4993.649624188713,5052.261538406106
2025-04-21,1.0572847754214802,1.0704471823937303,1.0379870714710693,1.0501702268324569,5453.68632857908,5521.580656223339,5354.144912062069,5416.988064047179,1.0572847754214802,1.0704471823937303,1.0379870714710693,1.0501702268324569,5088.811492872509,5152.163400921643,4995.929820940976,5054.5684984890995
2025-04-22,1.0022851833739903,1.0071114850806053,0.9966446962149494,1.0020488394431295,5299.843501237651,5325.3638263498215,5270.017958857561,5298.5937712538025,1.0022851833739903,1.0071114850806053,0.9966446962149494,1.0020488394431295,5091.134081830882,5115.6494089207545,5062.483078214472,5089.9335665869185
2025-04-23,1.0022851833739903,1.0071114850806053,0.9966446962149494,1.0020488394431295,5388.1448258928995,5414.090348185423,5357.822356594098,5386.874274008742,1.0022851833739903,1.0071114850806053,0.9966446962149494,1.0020488394431295,5093.456670789255,5117.9831818367875,5064.792596508515,5092.255607867033
2025-04-24,1.0022851833739903,1.0071114850806053,0.9966446962149494,1.0020488394431295,5497.303705214161,5523.774860025552,5466.366930458868,5496.007413112494,1.0022851833739903,1.0071114850806053,0.9966446962149494,1.0020488394431295,5095.784567289301,5120.322287851886,5067.1073924753655,5094.582955437274
2025-04-25,1.0022851833739903,1.0071114850806053,0.9966446962149494,1.0020488394431295,5537.836118029805,5564.502448482212,5506.6712419738005,5536.530268179574,1.0022851833739903,1.0071114850806053,0.9966446962149494,1.0020488394431295,5098.112463789346,5122.661393866985,5069.422188442215,5096.910303007515
2025-04-28,1.0022851833739903,1.0071114850806053,0.9966446962149494,1.0020488394431295,5541.384207578949,5568.067623139396,5510.199364198402,5540.077521071203,1.0022851833739903,1.0071114850806053,0.9966446962149494,1.0020488394431295,5100.440360289393,5125.000499882085,5071.736984409066,5099.237650577757
2025-04-29,1.0022851833739903,1.0071114850806053,0.9966446962149494,1.0020488394431295,5573.5375162615865,5600.375759580783,5542.171726052978,5572.223247840538,1.0022851833739903,1.0071114850806053,0.9966446962149494,1.0020488394431295,5102.768256789438,5127.339605897184,5074.051780375916,5101.564998147998
2025-04-30,1.0022851833739903,1.0071114850806053,0.9966446962149494,1.0020488394431295,5581.7863233207545,5608.664287102996,5550.374111902826,5580.470109789155,1.0022851833739903,1.0071114850806053,0.9966446962149494,1.0020488394431295,5105.0961532894835,5129.678711912284,5076.366576342766,5103.89234571824
2025-05-01,1.0022851833739903,1.0071114850806053,0.9966446962149494,1.0020488394431295,5616.946487553514,5643.993757999624,5585.336407846047,5615.6219830768205,1.0022851833739903,1.0071114850806053,0.9966446962149494,1.0020488394431295,5107.429369459907,5132.023163213558,5078.686662042874,5106.225011704454
2025-05-02,1.0022851833739903,1.0071114850806053,0.9966446962149494,1.0020488394431295,5699.66508373737,5727.110668863326,5667.589494624666,5698.321073796062,1.0022851833739903,1.0071114850806053,0.9966446962149494,1.0020488394431295,5109.762585630331,5134.367614514833,5081.006747742981,5108.557677690668
2025-05-05,1.0022851833739903,1.0071114850806053,0.9966446962149494,1.0020488394431295,5663.292154432727,5690.562593069751,5631.421258599026,5661.95672141267,1.0022851833739903,1.0071114850806053,0.9966446962149494,1.0020488394431295,5112.095801800755,5136.7120658161075,5083.3268334430895,5110.890343676883
2025-05-06,1.0022851833739903,1.0071114850806053,0.9966446962149494,1.0020488394431295,5619.72281751146,5646.783456813297,5588.097113654562,5618.397658362077,1.0022851833739903,1.0071114850806053,0.9966446962149494,1.0020488394431295,5114.429017971179,5139.056517117383,5085.646919143197,5113.223009663097
2025-05-07,1.0022851833739903,1.0071114850806053,0.9966446962149494,1.0020488394431295,5644.148507430284,5671.326763704711,5612.38534490132,5642.817588579306,1.0022851833739903,1.0071114850806053,0.9966446962149494,1.0020488394431295,5116.762234141603,5141.400968418658,5087.9670048433045,5115.5556756493115
2025-05-08,1.0022851833739903,1.0071114850806053,0.9966446962149494,1.0020488394431295,5676.883141519278,5704.219024807443,5644.9357606797,5675.544503675518,1.0022851833739903,1.0071114850806053,0.9966446962149494,1.0020488394431295,5119.100782138827,5143.7507772210665,5090.29239236468,5117.893672205055
2025-05-09,1.0022851833739903,1.0071114850806053,0.9966446962149494,1.0020488394431295,5672.843932230281,5700.160365522569,5640.919282553954,5671.506246852563,1.0022851833739903,1.0071114850806053,0.9966446962149494,1.0020488394431295,5121.4393301360515,5146.100586023476,5092.617779886056,5120.231668760798
2025-05-12,1.0022851833739903,1.0071114850806053,0.9966446962149494,1.0020488394431295,5857.54504582244,5885.750869993222,5824.580967172445,5856.163806985142,1.0022851833739903,1.0071114850806053,0.9966446962149494,1.0020488394431295,5123.777878133275,5148.450394825886,5094.943167407432,5122.5696653165405
2025-05-13,1.0022851833739903,1.0071114850806053,0.9966446962149494,1.0020488394431295,5900.001846190163,5928.412112501237,5866.798836504111,5898.610595823954,1.0022851833739903,1.0071114850806053,0.9966446962149494,1.0020488394431295,5126.1164261305,5150.800203628296,5097.268554928808,5124.907661872284
2025-05-14,1.0022851833739903,1.0071114850806053,0.9966446962149494,1.0020488394431295,5906.045625845908,5934.484994756273,5872.808604022287,5904.652950325796,1.0022851833739903,1.0071114850806053,0.9966446962149494,1.0020488394431295,5128.454974127724,5153.150012430705,5099.593942450184,5127.245658428027
2025-05-15,1.0022851833739903,1.0071114850806053,0.9966446962149494,1.0020488394431295,5930.451270061065,5959.0081594179865,5897.076902375121,5929.052839566237,1.0022851833739903,1.0071114850806053,0.9966446962149494,1.0020488394431295,5130.798866135951,5155.505190977122,5101.924643908462,5129.588997734628
2025-05-16,1.0022851833739903,1.0071114850806053,0.9966446962149494,1.0020488394431295,5971.995990911916,6000.752930474578,5938.387825033231,5970.587763961154,1.0022851833739903,1.0071114850806053,0.9966446962149494,1.0020488394431295,5133.1427581441785,5157.86036952354,5104.25534536674,5131.9323370412285
2025-05-19,1.0022851833739903,1.0071114850806053,0.9966446962149494,1.0020488394431295,5977.227919569129,6006.010052426698,5943.590310347473,5975.818458903047,1.0022851833739903,1.0071114850806053,0.9966446962149494,1.0020488394431295,5135.486650152405,5160.215548069956,5106.586046825017,5134.275676347829
2025-05-20,1.0022851833739903,1.0071114850806053,0.9966446962149494,1.0020488394431295,5954.035040425854,5982.705492661933,5920.527952077058,5952.631048758333,1.0022851833739903,1.0071114850806053,0.9966446962149494,1.0020488394431295,5137.830542160632,5162.570726616373,5108.9167482832945,5136.61901565443
2025-05-21,1.0022851833739903,1.0071114850806053,0.9966446962149494,1.0020488394431295,5857.966005599457,5886.173856816957,5824.999557944855,5856.584667497709,1.0022851833739903,1.0071114850806053,0.9966446962149494,1.0020488394431295,5140.174434168859,5164.92590516279,5111.247449741572,5138.9623549610305
2025-05-22,1.0022851833739903,1.0071114850806053,0.9966446962149494,1.0020488394431295,5855.360064122685,5883.555366955748,5822.408281734697,5853.979340515157,1.0022851833739903,1.0071114850806053,0.9966446962149494,1.0020488394431295,5142.523682400134,5167.286465724064,5113.583477280073,5141.3110492276555
2025-05-23,1.0022851833739903,1.0071114850806053,0.9966446962149494,1.0020488394431295,5816.080507786258,5844.086667855438,5783.349776090033,5814.709046497381,1.0022851833739903,1.0071114850806053,0.9966446962149494,1.0020488394431295,5144.872930631408,5169.647026285338,5115.919504818573,5143.659743494279
2025-05-27,1.0022851833739903,1.0071114850806053,0.9966446962149494,1.0020488394431295,5935.071804756419,5963.650943364208,5901.671434424672,5933.672284716069,1.0022851833739903,1.0071114850806053,0.9966446962149494,1.0020488394431295,5147.222178862683,5172.007586846612,5118.255532357073,5146.008437760903
2025-05-28,1.0022851833739903,1.0071114850806053,0.9966446962149494,1.0020488394431295,5902.006416556911,5930.4263354713985,5868.792125896541,5900.61469350284,1.0022851833739903,1.0071114850806053,0.9966446962149494,1.0020488394431295,5149.571427093957,5174.368147407886,5120.591559895573,5148.357132027526
2025-05-29,1.0022851833739903,1.0071114850806053,0.9966446962149494,1.0020488394431295,5925.680392588204,5954.214308749002,5892.332873621138,5924.283087090487,1.0022851833739903,1.0071114850806053,0.9966446962149494,1.0020488394431295,5151.920675325232,5176.7287079691605,5122.927587434073,5150.70582629415
2025-05-30,1.0022851833739903,1.0071114850806053,0.9966446962149494,1.0020488394431295,5925.199295700184,5953.730895236164,5891.854484166954,5923.802103647554,1.0022851833739903,1.0071114850806053,0.9966446962149494,1.0020488394431295,5154.275292019506,5179.0946628441825,5125.268953223865,5153.059887757863
2025-06-02,1.0022851833739903,1.0071114850806053,0.9966446962149494,1.0020488394431295,5949.504711397004,5978.153348749368,5916.023118050167,5948.10178800405,1.0022851833739903,1.0071114850806053,0.9966446962149494,1.0020488394431295,5156.62990871378,5181.4606177192045,5127.610319013657,5155.413949221575
2025-06-03,1.0022851833739903,1.0071114850806053,0.9966446962149494,1.0020488394431295,5984.01339026057,6012.828197180694,5950.337594940847,5982.602329546077,1.0022851833739903,1.0071114850806053,0.9966446962149494,1.0020488394431295,5158.984525408054,5183.826572594226,5129.951684803449,5157.768010685288
2025-06-04,1.0022851833739903,1.0071114850806053,0.9966446962149494,1.0020488394431295,5984.454395741255,6013.271326234129,5950.776118607183,5983.043231035433,1.0022851833739903,1.0071114850806053,0.9966446962149494,1.0020488394431295,5161.339142102328,5186.192527469248,5132.293050593241,5160.122072149
2025-06-05,1.0022851833739903,1.0071114850806053,0.9966446962149494,1.0020488394431295,5952.8723896131405,5981.5372433392395,5919.371844229449,5951.468672104579,1.0022851833739903,1.0071114850806053,0.9966446962149494,1.0020488394431295,5163.693758796602,5188.55848234427,5134.634416383034,5162.476133612713
2025-06-06,1.0022851833739903,1.0071114850806053,0.9966446962149494,1.0020488394431295,6014.071922909956,6043.031470618261,5980.226969380334,6012.653774240976,1.0022851833739903,1.0071114850806053,0.9966446962149494,1.0020488394431295,5166.053756221798,5190.929843860035,5136.981132623,5164.835574538543
2025-06-09,1.0022851833739903,1.0071114850806053,0.9966446962149494,1.0020488394431295,6019.604537122181,6048.590726015906,5985.72844810344,6018.185083834703,1.0022851833739903,1.0071114850806053,0.9966446962149494,1.0020488394431295,5168.413753646994,5193.301205375802,5139.3278488629685,5167.195015464375
2025-06-10,1.0022851833739903,1.0071114850806053,0.9966446962149494,1.0020488394431295,6052.609788210687,6081.754907219611,6018.5479579498,6051.182552117565,1.0022851833739903,1.0071114850806053,0.9966446962149494,1.0020488394431295,5170.77375107219,5195.672566891567,5141.674565102936,5169.554456390205
2025-06-11,1.0022851833739903,1.0071114850806053,0.9966446962149494,1.0020488394431295,6036.001922722179,6065.067069911825,6002.033555333517,6034.578602847992,1.0022851833739903,1.0071114850806053,0.9966446962149494,1.0020488394431295,5173.1337484973865,5198.043928407334,5144.021281342903,5171.913897316036
2025-06-12,1.0022851833739903,1.0071114850806053,0.9966446962149494,1.0020488394431295,6059.074527643449,6088.2507762983805,6024.976316240385,6057.645767131973,1.0022851833739903,1.0071114850806053,0.9966446962149494,1.0020488394431295,5175.493745922582,5200.415289923099,5146.367997582871,5174.273338241866
2025-06-13,1.0022851833739903,1.0071114850806053,0.9966446962149494,1.0020488394431295,5990.628472470839,6019.475132982226,5956.9154499358665,5989.215851886402,1.0022851833739903,1.0071114850806053,0.9966446962149494,1.0020488394431295,5177.859136374656,5202.792070434774,5148.720076499772,5176.638170922873
2025-06-16,1.0022851833739903,1.0071114850806053,0.9966446962149494,1.0020488394431295,6046.896762665454,6076.014371754651,6012.867083181373,6045.470873732738,1.0022851833739903,1.0071114850806053,0.9966446962149494,1.0020488394431295,5180.224526826732,5205.16885094645,5151.072155416676,5179.00300360388
2025-06-17,1.0022851833739903,1.0071114850806053,0.9966446962149494,1.0020488394431295,5996.39161227524,6025.266024021439,5962.646156939102,5994.9776327132,1.0022851833739903,1.0071114850806053,0.9966446962149494,1.0020488394431295,5182.589917278806,5207.545631458126,5153.424234333578,5181.367836284885
2025-06-18,1.0022851833739903,1.0071114850806053,0.9966446962149494,1.0020488394431295,5994.5373846859975,6023.40286777404,5960.802364251104,5993.12384236023,1.0022851833739903,1.0071114850806053,0.9966446962149494,1.0020488394431295,5184.955307730881,5209.922411969802,5155.776313250481,5183.732668965892
2025-06-20,1.0022851833739903,1.0071114850806053,0.9966446962149494,1.0020488394431295,5981.477608746634,6010.28020512344,5947.816083859424,5980.067145982286,1.0022851833739903,1.0071114850806053,0.9966446962149494,1.0020488394431295,5187.320698182955,5212.299192481477,5158.128392167383,5186.097501646898
2025-06-23,1.0022851833739903,1.0071114850806053,0.9966446962149494,1.0020488394431295,6038.938618309465,6068.017906563111,6004.953724293427,6037.514605947561,1.0022851833739903,1.0071114850806053,0.9966446962149494,1.0020488394431295,5189.691493985964,5214.681404372462,5160.485846015921,5188.46773840423
2025-06-24,1.0022851833739903,1.0071114850806053,0.9966446962149494,1.0020488394431295,6106.101748447357,6135.504447178362,6071.738885386791,6104.661898678645,1.0022851833739903,1.0071114850806053,0.9966446962149494,1.0020488394431295,5192.0622897889725,5217.0636162634455,5162.8432998644585,5190.83797516156
2025-06-25,1.0022851833739903,1.0071114850806053,0.9966446962149494,1.0020488394431295,6106.081702743689,6135.484304948661,6071.718952492866,6104.641857701856,1.0022851833739903,1.0071114850806053,0.9966446962149494,1.0020488394431295,5194.433085591982,5219.44582815443,5165.200753712996,5193.208211918892
2025-06-26,1.0022851833739903,1.0071114850806053,0.9966446962149494,1.0020488394431295,6155.0533568033425,6184.6917721097,6120.415012349929,6153.601963997047,1.0022851833739903,1.0071114850806053,0.9966446962149494,1.0020488394431295,5196.80388139499,5221.828040045414,5167.558207561533,5195.578448676223
2025-06-27,1.0022851833739903,1.0071114850806053,0.9966446962149494,1.0020488394431295,6187.176596930478,6216.969695206532,6152.357474863617,6185.717629301199,1.0022851833739903,1.0071114850806053,0.9966446962149494,1.0020488394431295,5199.174677197999,5224.210251936399,5169.915661410071,5197.948685433555
2025-06-30,1.0022851833739903,1.0071114850806053,0.9966446962149494,1.0020488394431295,6219.129448576441,6249.0764093509015,6184.13050777895,6217.662946302647,1.0022851833739903,1.0071114850806053,0.9966446962149494,1.0020488394431295,5201.550890704159,5226.597907618389,5172.278502472948,5200.324338616516
2025-07-01,1.0022851833739903,1.0071114850806053,0.9966446962149494,1.0020488394431295,6212.173589403826,6242.087055644442,6177.213793587219,6210.708727356911,1.0022851833739903,1.0071114850806053,0.9966446962149494,1.0020488394431295,5203.92710421032,5228.98556330038,5174.641343535825,5202.699991799477
2025-07-02,1.0022851833739903,1.0071114850806053,0.9966446962149494,1.0020488394431295,6241.650796646854,6271.706204420663,6206.5251141029,6240.1789837249335,1.0022851833739903,1.0071114850806053,0.9966446962149494,1.0020488394431295,5206.303317716482,5231.373218982371,5177.004184598703,5205.075644982439
2025-07-03,1.0022851833739903,1.0071114850806053,0.9966446962149494,1.0020488394431295,6293.699466219467,6324.005503840899,6258.280873177343,6292.215379957215,1.0022851833739903,1.0071114850806053,0.9966446962149494,1.0020488394431295,5208.679531222642,5233.760874664363,5179.367025661581,5207.451298165401
2025-07-07,1.0022851833739903,1.0071114850806053,0.9966446962149494,1.0020488394431295,6244.2166467162915,6274.28440982247,6209.0765245252105,6242.744228753908,1.0022851833739903,1.0071114850806053,0.9966446962149494,1.0020488394431295,5211.055744728803,5236.148530346353,5181.729866724458,5209.826951348362
2025-07-08,1.0022851833739903,1.0071114850806053,0.9966446962149494,1.0020488394431295,6239.746454798445,6269.7926925990105,6204.631489180092,6238.275090929992,1.0022851833739903,1.0071114850806053,0.9966446962149494,1.0020488394431295,5213.437388318561,5238.541642259411,5184.098107312447,5212.208033334479
2025-07-09,1.0022851833739903,1.0071114850806053,0.9966446962149494,1.0020488394431295,6277.572697618979,6307.801080045952,6242.244860015245,6276.092414130576,1.0022851833739903,1.0071114850806053,0.9966446962149494,1.0020488394431295,5215.81903190832,5240.93475417247,5186.466347900437,5214.589115320598
2025-07-10,1.0022851833739903,1.0071114850806053,0.9966446962149494,1.0020488394431295,6294.812002773011,6325.123397589338,6259.3871487901415,6293.3276541689975,1.0022851833739903,1.0071114850806053,0.9966446962149494,1.0020488394431295,5218.2006754980775,5243.327866085528,5188.834588488427,5216.970197306715
2025-07-11,1.0022851833739903,1.0071114850806053,0.9966446962149494,1.0020488394431295,6274.054676625336,6304.266118733319,6238.7466371315295,6272.57522270413,1.0022851833739903,1.0071114850806053,0.9966446962149494,1.0020488394431295,5220.582319087836,5245.720977998587,5191.2028290764165,5219.351279292833
2025-07-14,1.0022851833739903,1.0071114850806053,0.9966446962149494,1.0020488394431295,6282.884809090861,6313.138770916879,6247.527076905184,6281.4032729796245,1.0022851833739903,1.0071114850806053,0.9966446962149494,1.0020488394431295,5222.963962677594,5248.114089911645,5193.5710696644055,5221.7323612789505
2025-07-15,1.0022851833739903,1.0071114850806053,0.9966446962149494,1.0020488394431295,6258.028136543186,6288.162406086881,6222.810288439053,6256.552461761435,1.0022851833739903,1.0071114850806053,0.9966446962149494,1.0020488394431295,5225.351048759687,5250.512670524259,5195.944722116413,5224.1188844740345
2025-07-16,1.0022851833739903,1.0071114850806053,0.9966446962149494,1.0020488394431295,6278.013703099663,6308.244209099387,6242.683383681579,6276.53331561993,1.0022851833739903,1.0071114850806053,0.9966446962149494,1.0020488394431295,5227.738134841779,5252.911251136874,5198.31837456842,5226.505407669119
2025-07-17,1.0022851833739903,1.0071114850806053,0.9966446962149494,1.0020488394431295,6311.750622372031,6342.143581687201,6276.230444156174,6310.262279555585,1.0022851833739903,1.0071114850806053,0.9966446962149494,1.0020488394431295,5230.125220923871,5255.309831749487,5200.692027020426,5228.8919308642035
2025-07-18,1.0022851833739903,1.0071114850806053,0.9966446962149494,1.0020488394431295,6311.179319817508,6341.569528140705,6275.662356679331,6309.691111717103,1.0022851833739903,1.0071114850806053,0.9966446962149494,1.0020488394431295,5232.5123070059635,5257.708412362102,5203.065679472433,5231.2784540592875
2025-07-21,1.0022851833739903,1.0071114850806053,0.9966446962149494,1.0020488394431295,6320.009452283034,6350.442180324265,6284.442796452986,6318.519161992598,1.0022851833739903,1.0071114850806053,0.9966446962149494,1.0020488394431295,5234.899393088056,5260.1069929747155,5205.43933192444,5233.664977254372
2025-07-22,1.0022851833739903,1.0071114850806053,0.9966446962149494,1.0020488394431295,6324.038638720197,6354.490768494289,6288.44930813177,6322.547398327159,1.0022851833739903,1.0071114850806053,0.9966446962149494,1.0020488394431295,5237.291934099575,5262.511054783867,5207.818408607565,5236.0569540925835
2025-07-23,1.0022851833739903,1.0071114850806053,0.9966446962149494,1.0020488394431295,6373.441275408701,6404.131293593912,6337.573925208204,6371.938385623311,1.0022851833739903,1.0071114850806053,0.9966446962149494,1.0020488394431295,5239.684475111095,5264.915116593018,5210.1974852906915,5238.4489309307955
2025-07-24,1.0022851833739903,1.0071114850806053,0.9966446962149494,1.0020488394431295,6377.891421622881,6408.60286858767,6341.999027659399,6376.387482470438,1.0022851833739903,1.0071114850806053,0.9966446962149494,1.0020488394431295,5242.077016122614,5267.319178402169,5212.576561973817,5240.840907769006
2025-07-25,1.0022851833739903,1.0071114850806053,0.9966446962149494,1.0020488394431295,6403.2392139104095,6434.072718045359,6367.204172026675,6401.729297619955,1.0022851833739903,1.0071114850806053,0.9966446962149494,1.0020488394431295,5244.4695571341335,5269.72324021132,5214.955638656944,5243.232884607218
2025-07-28,1.0022851833739903,1.0071114850806053,0.9966446962149494,1.0020488394431295,6404.371796167622,6435.2107540235,6368.330380533398,6402.861612808526,1.0022851833739903,1.0071114850806053,0.9966446962149494,1.0020488394431295,5246.862098145652,5272.127302020472,5217.334715340069,5245.624861445429
2025-07-29,1.0022851833739903,1.0071114850806053,0.9966446962149494,1.0020488394431295,6385.41858335002,6416.166275840625,6349.483829327973,6383.912869254656,1.0022851833739903,1.0071114850806053,0.9966446962149494,1.0020488394431295,5249.260106552113,5274.536857551699,5219.719228649677,5248.022304389342
2025-07-30,1.0022851833739903,1.0071114850806053,0.9966446962149494,1.0020488394431295,6377.440393290362,6408.1496684193835,6341.550537546102,6375.936560492688,1.0022851833739903,1.0071114850806053,0.9966446962149494,1.0020488394431295,5251.658114958574,5276.9464130829265,5222.103741959284,5250.419747333255
2025-07-31,1.0022851833739903,1.0071114850806053,0.9966446962149494,1.0020488394431295,6353.876668629241,6384.472477405139,6318.119420738089,6352.378392277381,1.0022851833739903,1.0071114850806053,0.9966446962149494,1.0020488394431295,5254.056123365033,5279.355968614153,5224.4882552688905,5252.817190277167
2025-08-01,1.0022851833739903,1.0071114850806053,0.9966446962149494,1.0020488394431295,6252.264996738785,6282.371515047667,6217.079581435817,6250.790680934637,1.0022851833739903,1.0071114850806053,0.9966446962149494,1.0020488394431295,5256.454131771494,5281.765524145381,5226.872768578498,5255.2146332210805
2025-08-04,1.0022851833739903,1.0071114850806053,0.9966446962149494,1.0020488394431295,6344.405073646356,6374.955273871126,6308.701128358856,6342.909030744643,1.0022851833739903,1.0071114850806053,0.9966446962149494,1.0020488394431295,5258.852140177954,5284.175079676608,5229.257281888106,5257.612076164994
2025-08-05,1.0022851833739903,1.0071114850806053,0.9966446962149494,1.0020488394431295,6313.584804257605,6343.986595704898,6278.054303950247,6312.096028931766,1.0022851833739903,1.0071114850806053,0.9966446962149494,1.0020488394431295,5261.255628473356,5286.590141484075,5231.647244247884,5260.014997705663
2025-08-06,1.0022851833739903,1.0071114850806053,0.9966446962149494,1.0020488394431295,6359.559625618971,6390.182799525546,6323.770396165627,6358.060009197024,1.0022851833739903,1.0071114850806053,0.9966446962149494,1.0020488394431295,5263.6591167687575,5289.005203291541,5234.037206607662,5262.417919246331
2025-08-07,1.0022851833739903,1.0071114850806053,0.9966446962149494,1.0020488394431295,6354.488062591098,6385.086815411038,6318.7273740027795,6352.989642069441,1.0022851833739903,1.0071114850806053,0.9966446962149494,1.0020488394431295,5266.0626050641595,5291.420265099007,5236.42716896744,5264.820840787
2025-08-08,1.0022851833739903,1.0071114850806053,0.9966446962149494,1.0020488394431295,6404.051064908942,6434.888478348274,6368.011454230608,6402.540957179904,1.0022851833739903,1.0071114850806053,0.9966446962149494,1.0020488394431295,5268.466093359561,5293.835326906473,5238.817131327216,5267.223762327668
2025-08-11,1.0022851833739903,1.0071114850806053,0.9966446962149494,1.0020488394431295,6388.014501974958,6418.774694586984,6352.065139091169,6386.508175748813,1.0022851833739903,1.0071114850806053,0.9966446962149494,1.0020488394431295,5270.8695816549625,5296.250388713939,5241.207093686994,5269.626683868337
2025-08-12,1.0022851833739903,1.0071114850806053,0.9966446962149494,1.0020488394431295,6460.489743584732,6491.598926073163,6424.132517074473,6458.966327328947,1.0022851833739903,1.0071114850806053,0.9966446962149494,1.0020488394431295,5273.2785623618565,5298.670969380495,5243.602517549021,5272.035096525359
2025-08-13,1.0022851833739903,1.0071114850806053,0.9966446962149494,1.0020488394431295,6481.357321102578,6512.566987192541,6444.882659649667,6479.828984166153,1.0022851833739903,1.0071114850806053,0.9966446962149494,1.0020488394431295,5275.6875430687505,5301.091550047051,5245.9979414110485,5274.443509182382
2025-08-14,1.0022851833739903,1.0071114850806053,0.9966446962149494,1.0020488394431295,6483.321800061991,6514.540925703299,6446.836083254249,6481.792999891461,1.0022851833739903,1.0071114850806053,0.9966446962149494,1.0020488394431295,5278.096523775644,5303.512130713606,5248.393365273074,5276.851921839403
2025-08-15,1.0022851833739903,1.0071114850806053,0.9966446962149494,1.0020488394431295,6464.5389757255625,6495.667656472889,6428.158961647181,6463.014604640297,1.0022851833739903,1.0071114850806053,0.9966446962149494,1.0020488394431295,5280.505504482538,5305.932711380162,5250.788789135101,5279.260334496426
2025-08-18,1.0022851833739903,1.0071114850806053,0.9966446962149494,1.0020488394431295,6463.887490356369,6495.013034007586,6427.511142594641,6462.363272894659,1.0022851833739903,1.0071114850806053,0.9966446962149494,1.0020488394431295,5282.914485189432,5308.353292046718,5253.184212997128,5281.668747153449
2025-08-19,1.0022851833739903,1.0071114850806053,0.9966446962149494,1.0020488394431295,6426.0211561285005,6456.96436210124,6389.85790597164,6424.505867740497,1.0022851833739903,1.0071114850806053,0.9966446962149494,1.0020488394431295,5285.3289708589855,5310.779404183969,5255.585110841938,5284.082663475033
2025-08-20,1.0022851833739903,1.0071114850806053,0.9966446962149494,1.0020488394431295,6410.395530119699,6441.263494048833,6374.320215157649,6408.8839263335785,1.0022851833739903,1.0071114850806053,0.9966446962149494,1.0020488394431295,5287.743456528538,5313.205516321219,5257.9860086867475,5286.496579796616
2025-08-21,1.0022851833739903,1.0071114850806053,0.9966446962149494,1.0020488394431295,6384.727006573492,6415.47136891592,6348.796144487585,6383.22145555544,1.0022851833739903,1.0071114850806053,0.9966446962149494,1.0020488394431295,5290.157942198092,5315.631628458469,5260.3869065315575,5288.9104961182
2025-08-22,1.0022851833739903,1.0071114850806053,0.9966446962149494,1.0020488394431295,6481.688075213092,6512.8993339826175,6445.211552399419,6480.159660283169,1.0022851833739903,1.0071114850806053,0.9966446962149494,1.0020488394431295,5292.572427867645,5318.057740595719,5262.787804376368,5291.324412439783
2025-08-25,1.0022851833739903,1.0071114850806053,0.9966446962149494,1.0020488394431295,6454.035027003803,6485.113128109243,6417.714125230848,6452.513132802932,1.0022851833739903,1.0071114850806053,0.9966446962149494,1.0020488394431295,5294.986913537199,5320.48385273297,5265.188702221178,5293.7383287613675
2025-08-26,1.0022851833739903,1.0071114850806053,0.9966446962149494,1.0020488394431295,6480.7158585852185,6511.922435842089,6444.24480704409,6479.187672908908,1.0022851833739903,1.0071114850806053,0.9966446962149494,1.0020488394431295,5297.406916749262,5322.91550898134,5267.595086557825,5296.157761324396
2025-08-27,1.0022851833739903,1.0071114850806053,0.9966446962149494,1.0020488394431295,6496.211187520181,6527.492379401435,6459.652934047573,6494.679347966699,1.0022851833739903,1.0071114850806053,0.9966446962149494,1.0020488394431295,5299.826919961324,5325.34716522971,5270.001470894473,5298.577193887425
2025-08-28,1.0022851833739903,1.0071114850806053,0.9966446962149494,1.0020488394431295,6516.717942372013,6548.097880386184,6480.044284532131,6515.181267221706,1.0022851833739903,1.0071114850806053,0.9966446962149494,1.0020488394431295,5302.246923173386,5327.778821478079,5272.407855231119,5300.996626450452
2025-08-29,1.0022851833739903,1.0071114850806053,0.9966446962149494,1.0020488394431295,6475.0228787436545,6506.202042606832,6438.583865169589,6473.496035500872,1.0022851833739903,1.0071114850806053,0.9966446962149494,1.0020488394431295,5304.666926385448,5330.210477726449,5274.814239567768,5303.416059013481
2025-09-02,1.0022851833739903,1.0071114850806053,0.9966446962149494,1.0020488394431295,6430.200685343169,6461.1640169940265,6394.013914354857,6428.684411400975,1.0022851833739903,1.0071114850806053,0.9966446962149494,1.0020488394431295,5307.086929597511,5332.642133974819,5277.220623904415,5305.8354915765085
2025-09-03,1.0022851833739903,1.0071114850806053,0.9966446962149494,1.0020488394431295,6462.995456543167,6494.116704785864,6426.62412881501,6461.471449427554,1.0022851833739903,1.0071114850806053,0.9966446962149494,1.0020488394431295,5309.512462960678,5335.07934700362,5279.6325072705395,5308.260452986604
2025-09-04,1.0022851833739903,1.0071114850806053,0.9966446962149494,1.0020488394431295,6516.938445112355,6548.319444912902,6480.263546365299,6515.401717966383,1.0022851833739903,1.0071114850806053,0.9966446962149494,1.0020488394431295,5311.937996323845,5337.516560032419,5282.0443906366645,5310.685414396699
2025-09-05,1.0022851833739903,1.0071114850806053,0.9966446962149494,1.0020488394431295,6496.3114160385185,6527.593090549944,6459.752598517195,6494.779552850644,1.0022851833739903,1.0071114850806053,0.9966446962149494,1.0020488394431295,5314.363529687013,5339.953773061219,5284.45627400279,5313.110375806796
2025-09-08,1.0022851833739903,1.0071114850806053,0.9966446962149494,1.0020488394431295,6509.992608791573,6541.340162321293,6473.356798620529,6508.457519509042,1.0022851833739903,1.0071114850806053,0.9966446962149494,1.0020488394431295,5316.789063050181,5342.390986090019,5286.868157368915,5315.535337216891
2025-09-09,1.0022851833739903,1.0071114850806053,0.9966446962149494,1.0020488394431295,6527.492508093283,6558.9243288508005,6490.758215016442,6525.953292245719,1.0022851833739903,1.0071114850806053,0.9966446962149494,1.0020488394431295,5319.214596413348,5344.828199118819,5289.28004073504,5317.9602986269865
2025-09-10,1.0022851833739903,1.0071114850806053,0.9966446962149494,1.0020488394431295,6546.9669092062395,6578.492505005917,6510.123021463898,6545.423101196099,1.0022851833739903,1.0071114850806053,0.9966446962149494,1.0020488394431295,5321.64567256503,5347.2709816263105,5291.697435696933,5320.390801518579
2025-09-11,1.0022851833739903,1.0071114850806053,0.9966446962149494,1.0020488394431295,6602.52357692066,6634.316694623935,6565.3670369750935,6600.966668366433,1.0022851833739903,1.0071114850806053,0.9966446962149494,1.0020488394431295,5324.076748716712,5349.713764133803,5294.114830658827,5322.821304410172
2025-09-12,1.0022851833739903,1.0071114850806053,0.9966446962149494,1.0020488394431295,6599.336310037531,6631.114080101379,6562.19770684113,6597.780153057003,1.0022851833739903,1.0071114850806053,0.9966446962149494,1.0020488394431295,5326.507824868394,5352.156546641295,5296.532225620719,5325.2518073017645
2025-09-15,1.0022851833739903,1.0071114850806053,0.9966446962149494,1.0020488394431295,6630.39712787029,6662.324465024027,6593.0837259768305,6628.833646591345,1.0022851833739903,1.0071114850806053,0.9966446962149494,1.0020488394431295,5328.938901020077,5354.599329148788,5298.9496205826135,5327.682310193358
2025-09-16,1.0022851833739903,1.0071114850806053,0.9966446962149494,1.0020488394431295,6621.857658107944,6653.743875171141,6584.59231316508,6620.29619047929,1.0022851833739903,1.0071114850806053,0.9966446962149494,1.0020488394431295,5331.369977171758,5357.042111656279,5301.367015544506,5330.112813084949
2025-09-17,1.0022851833739903,1.0071114850806053,0.9966446962149494,1.0020488394431295,6615.433010082517,6647.288290551774,6578.203820662342,6613.87305741846,1.0022851833739903,1.0071114850806053,0.9966446962149494,1.0020488394431295,5333.806608778244,5359.490476369745,5303.789934697175,5332.548870121341
2025-09-18,1.0022851833739903,1.0071114850806053,0.9966446962149494,1.0020488394431295,6647.115244728969,6679.123084595171,6609.707759509696,6645.547821233257,1.0022851833739903,1.0071114850806053,0.9966446962149494,1.0020488394431295,5336.243240384728,5361.938841083209,5306.212853849844,5334.984927157731
2025-09-19,1.0022851833739903,1.0071114850806053,0.9966446962149494,1.0020488394431295,6679.589284670285,6711.753496711783,6641.99904766706,6678.0142036312145,1.0022851833739903,1.0071114850806053,0.9966446962149494,1.0020488394431295,5338.679871991213,5364.387205796674,5308.635773002513,5337.420984194123
2025-09-22,1.0022851833739903,1.0071114850806053,0.9966446962149494,1.0020488394431295,6709.046446209648,6741.352503258302,6671.290435288818,6707.464419022448,1.0022851833739903,1.0071114850806053,0.9966446962149494,1.0020488394431295,5341.116503597697,5366.835570510138,5311.05869215518,5339.8570412305135
2025-09-23,1.0022851833739903,1.0071114850806053,0.9966446962149494,1.0020488394431295,6672.132282905984,6704.260587262784,6634.584011127221,6670.558960265757,1.0022851833739903,1.0071114850806053,0.9966446962149494,1.0020488394431295,5343.553135204183,5369.283935223602,5313.48161130785,5342.293098266904
2025-09-24,1.0022851833739903,1.0071114850806053,0.9966446962149494,1.0020488394431295,6653.138978681047,6685.175824620506,6615.697594133948,6651.570134758311,1.0022851833739903,1.0071114850806053,0.9966446962149494,1.0020488394431295,5345.995334960703,5371.737894899404,5315.910067275083,5344.734722140333
2025-09-25,1.0022851833739903,1.0071114850806053,0.9966446962149494,1.0020488394431295,6619.8129963338615,6651.689367741576,6582.5591579848015,6618.252010846826,1.0022851833739903,1.0071114850806053,0.9966446962149494,1.0020488394431295,5348.437534717224,5374.191854575205,5318.338523242315,5347.176346013762
2025-09-26,1.0022851833739903,1.0071114850806053,0.9966446962149494,1.0020488394431295,6658.882072781779,6690.946573430017,6621.408368243259,6657.311874608319,1.0022851833739903,1.0071114850806053,0.9966446962149494,1.0020488394431295,5350.879734473744,5376.645814251006,5320.766979209548,5349.61796988719
2025-09-29,1.0022851833739903,1.0071114850806053,0.9966446962149494,1.0020488394431295,6676.432086342658,6708.581095533779,6638.859616873983,6674.857749786968,1.0022851833739903,1.0071114850806053,0.9966446962149494,1.0020488394431295,5353.321934230265,5379.099773926808,5323.195435176781,5352.059593760619
2025-09-30,1.0022851833739903,1.0071114850806053,0.9966446962149494,1.0020488394431295,6703.7443575895995,6736.024883502226,6666.018184845841,6702.163580661794,1.0022851833739903,1.0071114850806053,0.9966446962149494,1.0020488394431295,5355.764133986785,5381.553733602609,5325.623891144013,5354.501217634047
2025-10-01,1.0022851833739903,1.0071114850806053,0.9966446962149494,1.0020488394431295,6726.536322659524,6758.926598672958,6688.681885237768,6724.950171270731,1.0022851833739903,1.0071114850806053,0.9966446962149494,1.0020488394431295,5358.2119146175855,5384.0133010262625,5328.057896578448,5356.948421065757
2025-10-02,1.0022851833739903,1.0071114850806053,0.9966446962149494,1.0020488394431295,6730.695806170526,6763.106111336044,6692.817960727061,6729.10867395442,1.0022851833739903,1.0071114850806053,0.9966446962149494,1.0020488394431295,5360.659695248385,5386.472868449915,5330.491902012881,5359.395624497466
2025-10-03,1.0022851833739903,1.0071114850806053,0.9966446962149494,1.0020488394431295,6731.13681165121,6763.549240389479,6693.256484393395,6729.549575443774,1.0022851833739903,1.0071114850806053,0.9966446962149494,1.0020488394431295,5363.107475879186,5388.932435873568,5332.925907447315,5361.842827929177
2025-10-06,1.0022851833739903,1.0071114850806053,0.9966446962149494,1.0020488394431295,6755.682775792039,6788.213400659102,6717.664313003699,6754.089751521737,1.0022851833739903,1.0071114850806053,0.9966446962149494,1.0020488394431295,5365.555256509985,5391.39200329722,5335.359912881748,5364.290031360885
2025-10-07,1.0022851833739903,1.0071114850806053,0.9966446962149494,1.0020488394431295,6729.934069431161,6762.340706607381,6692.060510757938,6728.347116836443,1.0022851833739903,1.0071114850806053,0.9966446962149494,1.0020488394431295,5368.003037140786,5393.8515707208735,5337.793918316182,5366.737234792596
2025-10-08,1.0022851833739903,1.0071114850806053,0.9966446962149494,1.0020488394431295,6769.153488656586,6801.748979018586,6731.059217720828,6767.5572879238525,1.0022851833739903,1.0071114850806053,0.9966446962149494,1.0020488394431295,5370.456411399186,5396.31675870711,5340.233485899366,5369.1900305329
2025-10-09,1.0022851833739903,1.0071114850806053,0.9966446962149494,1.0020488394431295,6750.500961393996,6783.006634281235,6712.511659924267,6748.909159021816,1.0022851833739903,1.0071114850806053,0.9966446962149494,1.0020488394431295,5372.909785657587,5398.781946693347,5342.673053482551,5371.642826273205
2025-10-10,1.0022851833739903,1.0071114850806053,0.9966446962149494,1.0020488394431295,6567.483686909905,6599.108077105518,6530.524338395418,6565.935040939501,1.0022851833739903,1.0071114850806053,0.9966446962149494,1.0020488394431295,5375.363159915988,5401.247134679584,5345.112621065736,5374.0956220135095
2025-10-13,1.0022851833739903,1.0071114850806053,0.9966446962149494,1.0020488394431295,6669.927255502561,6702.044941995606,6632.391392795548,6668.354452818983,1.0022851833739903,1.0071114850806053,0.9966446962149494,1.0020488394431295,5377.816534174389,5403.7123226658205,5347.5521886489205,5376.548417753815
2025-10-14,1.0022851833739903,1.0071114850806053,0.9966446962149494,1.0020488394431295,6659.493466743638,6691.560911435917,6622.016321507951,6657.92312440038,1.0022851833739903,1.0071114850806053,0.9966446962149494,1.0020488394431295,5380.26990843279,5406.177510652057,5349.991756232105,5379.001213494119
2025-10-15,1.0022851833739903,1.0071114850806053,0.9966446962149494,1.0020488394431295,6686.304595398892,6718.501143661823,6648.676567131701,6684.7279308554835,1.0022851833739903,1.0071114850806053,0.9966446962149494,1.0020488394431295,5382.728889101256,5408.648332044893,5352.43689867457,5381.459614322469
2025-10-16,1.0022851833739903,1.0071114850806053,0.9966446962149494,1.0020488394431295,6644.218640549017,6676.212532403288,6606.827456337634,6642.651900087266,1.0022851833739903,1.0071114850806053,0.9966446962149494,1.0020488394431295,5385.187869769722,5411.119153437729,5354.882041117035,5383.918015150819
2025-10-17,1.0022851833739903,1.0071114850806053,0.9966446962149494,1.0020488394431295,6679.238484856105,6711.401007692005,6641.650222023385,6677.66348653741,1.0022851833739903,1.0071114850806053,0.9966446962149494,1.0020488394431295,5387.646850438188,5413.5899748305665,5357.3271835595015,5386.376415979169
2025-10-20,1.0022851833739903,1.0071114850806053,0.9966446962149494,1.0020488394431295,6750.521007097664,6783.026776510937,6712.531592818193,6748.929199998605,1.0022851833739903,1.0071114850806053,0.9966446962149494,1.0020488394431295,5390.1058311066545,5416.060796223403,5359.772326001967,5388.834816807519
2025-10-21,1.0022851833739903,1.0071114850806053,0.9966446962149494,1.0020488394431295,6750.741509838006,6783.248341037655,6712.75085465136,6749.149650743283,1.0022851833739903,1.0071114850806053,0.9966446962149494,1.0020488394431295,5392.564811775121,5418.53161761624,5362.217468444432,5391.293217635869
2025-10-22,1.0022851833739903,1.0071114850806053,0.9966446962149494,1.0020488394431295,6714.709357495711,6747.042683149007,6676.921477822432,6713.125994965301,1.0022851833739903,1.0071114850806053,0.9966446962149494,1.0020488394431295,5395.029411665328,5421.008085289043,5364.668198485754,5393.75723636092
2025-10-23,1.0022851833739903,1.0071114850806053,0.9966446962149494,1.0020488394431295,6753.838571054631,6786.360315526554,6715.830486762664,6752.245981657161,1.0022851833739903,1.0071114850806053,0.9966446962149494,1.0020488394431295,5397.494011555535,5423.484552961847,5367.118928527076,5396.2212550859695
2025-10-24,1.0022851833739903,1.0071114850806053,0.9966446962149494,1.0020488394431295,6807.210257069296,6839.989002107096,6768.90181683611,6805.605082357508,1.0022851833739903,1.0071114850806053,0.9966446962149494,1.0020488394431295,5399.958611445741,5425.96102063465,5369.569658568397,5398.685273811018
2025-10-27,1.0022851833739903,1.0071114850806053,0.9966446962149494,1.0020488394431295,6890.871001325523,6924.052597766774,6852.091749629171,6889.246098985826,1.0022851833739903,1.0071114850806053,0.9966446962149494,1.0020488394431295,5402.423211335948,5428.437488307453,5372.02038860972,5401.149292536068
2025-10-28,1.0022851833739903,1.0071114850806053,0.9966446962149494,1.0020488394431295,6906.636947259996,6939.894461427093,6867.768970700633,6905.008327230267,1.0022851833739903,1.0071114850806053,0.9966446962149494,1.0020488394431295,5404.887811226155,5430.913955980257,5374.471118651041,5403.613311261118
2025-10-29,1.0022851833739903,1.0071114850806053,0.9966446962149494,1.0020488394431295,6906.336261704984,6939.592327981569,6867.469977291768,6904.7077125784335,1.0022851833739903,1.0071114850806053,0.9966446962149494,1.0020488394431295,5407.358043179054,5433.396082835813,5376.927449059908,5406.082960720792
2025-10-30,1.0022851833739903,1.0071114850806053,0.9966446962149494,1.0020488394431295,6837.930297939709,6870.856969124817,6799.448976775098,6836.31787928644,1.0022851833739903,1.0071114850806053,0.9966446962149494,1.0020488394431295,5409.828275131953,5435.878209691367,5379.383779468774,5408.552610180464
2025-10-31,1.0022851833739903,1.0071114850806053,0.9966446962149494,1.0020488394431295,6855.831111314768,6888.843980248356,6817.249051049497,6854.214471558894,1.0022851833739903,1.0071114850806053,0.9966446962149494,1.0020488394431295,5412.298507084853,5438.3603365469235,5381.840109877641,5411.022259640138
2025-11-03,1.0022851833739903,1.0071114850806053,0.9966446962149494,1.0020488394431295,6867.628007923081,6900.697682427755,6828.979559123947,6866.00858639914,1.0022851833739903,1.0071114850806053,0.9966446962149494,1.0020488394431295,5414.768739037751,5440.842463402479,5384.296440286507,5413.49190909981
2025-11-04,1.0022851833739903,1.0071114850806053,0.9966446962149494,1.0020488394431295,6787.024233476144,6819.705776797573,6748.829392654341,6785.423818731124,1.0022851833739903,1.0071114850806053,0.9966446962149494,1.0020488394431295,5417.238970990651,5443.324590258035,5386.752770695373,5415.961558559484
2025-11-05,1.0022851833739903,1.0071114850806053,0.9966446962149494,1.0020488394431295,6811.820768912817,6844.621714938467,6773.4863824386985,6810.214507018946,1.0022851833739903,1.0071114850806053,0.9966446962149494,1.0020488394431295,5419.714847876539,5445.812389228613,5389.214714269652,5418.4368516210425
2025-11-06,1.0022851833739903,1.0071114850806053,0.9966446962149494,1.0020488394431295,6735.677163531895,6768.1114554168935,6697.771284867249,6734.088856686451,1.0022851833739903,1.0071114850806053,0.9966446962149494,1.0020488394431295,5422.190724762428,5448.300188199191,5391.67665784393,5420.912144682601
2025-11-07,1.0022851833739903,1.0071114850806053,0.9966446962149494,1.0020488394431295,6744.176541886906,6776.651760810378,6706.222831891152,6742.58623084493,1.0022851833739903,1.0071114850806053,0.9966446962149494,1.0020488394431295,5424.666601648315,5450.787987169769,5394.138601418207,5423.387437744158
2025-11-10,1.0022851833739903,1.0071114850806053,0.9966446962149494,1.0020488394431295,6848.043355439953,6881.018724009281,6809.5051217599075,6846.4285520764215,1.0022851833739903,1.0071114850806053,0.9966446962149494,1.0020488394431295,5427.142478534203,5453.275786140347,5396.600544992485,5425.862730805717
2025-11-11,1.0022851833739903,1.0071114850806053,0.9966446962149494,1.0020488394431295,6862.255759340195,6895.299564867723,6823.637543552235,6860.637604619725,1.0022851833739903,1.0071114850806053,0.9966446962149494,1.0020488394431295,5429.618355420092,5455.763585110925,5399.062488566763,5428.338023867275
2025-11-12,1.0022851833739903,1.0071114850806053,0.9966446962149494,1.0020488394431295,6866.575608480538,6899.64021536842,6827.933082192922,6864.956435117725,1.0022851833739903,1.0071114850806053,0.9966446962149494,1.0020488394431295,5432.099890138676,5458.257069158349,5401.530058133565,5430.818973427384
2025-11-13,1.0022851833739903,1.0071114850806053,0.9966446962149494,1.0020488394431295,6752.8864001304255,6785.403559615727,6714.88367430126,6751.294035259691,1.0022851833739903,1.0071114850806053,0.9966446962149494,1.0020488394431295,5434.581424857259,5460.750553205772,5403.997627700366,5433.299922987491
2025-11-14,1.0022851833739903,1.0071114850806053,0.9966446962149494,1.0020488394431295,6749.498676210622,6781.999522796154,6711.515015228053,6747.907110182373,1.0022851833739903,1.0071114850806053,0.9966446962149494,1.0020488394431295,5437.062959575843,5463.2440372531955,5406.465197267168,5435.7808725476
2025-11-17,1.0022851833739903,1.0071114850806053,0.9966446962149494,1.0020488394431295,6687.657680396446,6719.860744166682,6650.022037471591,6686.080696788732,1.0022851833739903,1.0071114850806053,0.9966446962149494,1.0020488394431295,5439.544494294426,5465.737521300618,5408.932766833969,5438.261822107707
2025-11-18,1.0022851833739903,1.0071114850806053,0.9966446962149494,1.0020488394431295,6632.441789644373,6664.378972453591,6595.116881157109,6630.877826223809,1.0022851833739903,1.0071114850806053,0.9966446962149494,1.0020488394431295,5442.02602901301,5468.231005348042,5411.40033640077,5440.742771667816
2025-11-19,1.0022851833739903,1.0071114850806053,0.9966446962149494,1.0020488394431295,6657.338553599383,6689.395621742993,6619.873535411089,6655.768719395577,1.0022851833739903,1.0071114850806053,0.9966446962149494,1.0020488394431295,5444.513234493475,5470.730187463754,5413.873544816521,5443.22939065261
2025-11-20,1.0022851833739903,1.0071114850806053,0.9966446962149494,1.0020488394431295,6553.702265638513,6585.260294185659,6516.820473822463,6552.156869397158,1.0022851833739903,1.0071114850806053,0.9966446962149494,1.0020488394431295,5447.000439973939,5473.229369579466,5416.34675323227,5445.7160096374055
2025-11-21,1.0022851833739903,1.0071114850806053,0.9966446962149494,1.0020488394431295,6618.079042966624,6649.947064872386,6580.8349626603485,6616.51846635459,1.0022851833739903,1.0071114850806053,0.9966446962149494,1.0020488394431295,5449.487645454404,5475.728551695178,5418.81996164802,5448.2026286222
2025-11-24,1.0022851833739903,1.0071114850806053,0.9966446962149494,1.0020488394431295,6720.44242874461,6752.803360843668,6682.622285484782,6718.857714326917,1.0022851833739903,1.0071114850806053,0.9966446962149494,1.0020488394431295,5451.974850934868,5478.22773381089,5421.293170063769,5450.689247606994
2025-11-25,1.0022851833739903,1.0071114850806053,0.9966446962149494,1.0020488394431295,6781.341276486413,6813.995454677166,6743.178417226803,6779.742201811481,1.0022851833739903,1.0071114850806053,0.9966446962149494,1.0020488394431295,5454.462056415333,5480.726915926602,5423.7663784795195,5453.175866591789
2025-11-26,1.0022851833739903,1.0071114850806053,0.9966446962149494,1.0020488394431295,6828.17806310548,6861.057774374983,6789.751623880927,6826.567944078658,1.0022851833739903,1.0071114850806053,0.9966446962149494,1.0020488394431295,5456.9549456164095,5483.231809131734,5426.245238630021,5455.668167956946
2025-11-28,1.0022851833739903,1.0071114850806053,0.9966446962149494,1.0020488394431295,6864.741426594964,6897.797201350723,6826.109222398848,6863.122685741544,1.0022851833739903,1.0071114850806053,0.9966446962149494,1.0020488394431295,5459.447834817485,5485.736702336864,5428.724098780523,5458.160469322102
2025-12-01,1.0022851833739903,1.0071114850806053,0.9966446962149494,1.0020488394431295,6828.198108809148,6861.077916604684,6789.771556774851,6826.5879850554475,1.0022851833739903,1.0071114850806053,0.9966446962149494,1.0020488394431295,5461.940724018562,5488.241595541996,5431.202958931025,5460.6527706872575
2025-12-02,1.0022851833739903,1.0071114850806053,0.9966446962149494,1.0020488394431295,6844.976362778828,6877.936962864934,6806.45538898949,6843.362282627725,1.0022851833739903,1.0071114850806053,0.9966446962149494,1.0020488394431295,5464.433613219638,5490.746488747127,5433.681819081527,5463.1450720524135
2025-12-03,1.0022851833739903,1.0071114850806053,0.9966446962149494,1.0020488394431295,6865.372866260489,6898.431681586324,6826.737108557464,6863.753976510393,1.0022851833739903,1.0071114850806053,0.9966446962149494,1.0020488394431295,5466.926502420714,5493.251381952258,5436.160679232028,5465.6373734175695
2025-12-04,1.0022851833739903,1.0071114850806053,0.9966446962149494,1.0020488394431295,6872.7897766174565,6905.88430657592,6834.112279309454,6871.169137922272,1.0022851833739903,1.0071114850806053,0.9966446962149494,1.0020488394431295,5469.425088330746,5495.761999297696,5438.645204032532,5468.135370148369
2025-12-05,1.0022851833739903,1.0071114850806053,0.9966446962149494,1.0020488394431295,6886.100123852662,6919.258747097791,6847.347720875188,6884.476346510077,1.0022851833739903,1.0071114850806053,0.9966446962149494,1.0020488394431295,5471.9236742407775,5498.272616643133,5441.129728833036,5470.633366879167
2025-12-08,1.0022851833739903,1.0071114850806053,0.9966446962149494,1.0020488394431295,6862.1555308218585,6895.198853719216,6823.5378790826135,6860.537399735781,1.0022851833739903,1.0071114850806053,0.9966446962149494,1.0020488394431295,5474.42226015081,5500.783233988571,5443.614253633541,5473.131363609967
2025-12-09,1.0022851833739903,1.0071114850806053,0.9966446962149494,1.0020488394431295,6856.141819721614,6889.156184808732,6817.558010905324,6854.525106699122,1.0022851833739903,1.0071114850806053,0.9966446962149494,1.0020488394431295,5476.9208460608415,5503.293851334008,5446.098778434045,5475.629360340765
2025-12-10,1.0022851833739903,1.0071114850806053,0.9966446962149494,1.0020488394431295,6902.417326637992,6935.654522074903,6863.573096529568,6900.7897016162115,1.0022851833739903,1.0071114850806053,0.9966446962149494,1.0020488394431295,5479.419431970873,5505.804468679446,5448.583303234549,5478.127357071564
2025-12-11,1.0022851833739903,1.0071114850806053,0.9966446962149494,1.0020488394431295,6916.770050463907,6950.076358541257,6877.845048579366,6915.139040997036,1.0022851833739903,1.0071114850806053,0.9966446962149494,1.0020488394431295,5481.923727607885,5508.320823245898,5451.07350562982,5480.63106218296
2025-12-12,1.0022851833739903,1.0071114850806053,0.9966446962149494,1.0020488394431295,6843.011883819415,6875.963024354175,6804.501965384908,6841.398266902416,1.0022851833739903,1.0071114850806053,0.9966446962149494,1.0020488394431295,5484.428023244896,5510.837177812352,5453.56370802509,5483.134767294356
2025-12-15,1.0022851833739903,1.0071114850806053,0.9966446962149494,1.0020488394431295,6832.086975320639,6864.985509166797,6793.638538196165,6830.475934552487,1.0022851833739903,1.0071114850806053,0.9966446962149494,1.0020488394431295,5486.932318881909,5513.353532378806,5456.053910420361,5485.6384724057525
2025-12-16,1.0022851833739903,1.0071114850806053,0.9966446962149494,1.0020488394431295,6815.799841090811,6848.619947534237,6777.443061882673,6814.192640911536,1.0022851833739903,1.0071114850806053,0.9966446962149494,1.0020488394431295,5489.436614518921,5515.869886945259,5458.544112815632,5488.142177517149
2025-12-17,1.0022851833739903,1.0071114850806053,0.9966446962149494,1.0020488394431295,6736.78970008544,6769.229349165334,6698.877560480048,6735.201130898235,1.0022851833739903,1.0071114850806053,0.9966446962149494,1.0020488394431295,5491.940910155932,5518.386241511713,5461.034315210902,5490.645882628545
2025-12-18,1.0022851833739903,1.0071114850806053,0.9966446962149494,1.0020488394431295,6790.241568914775,6822.938604664682,6752.028622129191,6788.640395505736,1.0022851833739903,1.0071114850806053,0.9966446962149494,1.0020488394431295,5491.940910155932,5518.386241511713,5461.034315210902,5490.645882628545
