,open_rel,high_rel,low_rel,close_rel,open,high,low,close,daisy_chained_open_rel,daisy_chained_high_rel,daisy_chained_low_rel,daisy_chained_close_rel,daisy_chained_open,daisy_chained_high,daisy_chained_low,daisy_chained_close
2022-12-20,1.0046365,1.0146745,0.9985758,1.0076737,3839.339040904045,3877.700532119274,3816.1772740864753,3850.946119737625,1.0046365,1.0146745,0.9985758,1.0076737,3835.3606802606582,3873.6822457428843,3812.2228509252536,3846.9555416311514
2022-12-21,1.0044376,1.0132335,0.99863344,1.0070549,3895.6508327150345,3929.7655003499985,3873.139895746708,3905.8021031808853,1.0044376,1.0132335,0.99863344,1.0070549,3830.2293140093443,3863.7710703301937,3808.0963664866285,3840.2101096997535
2022-12-22,0.99812233,1.0069165,0.99318266,0.9993607,3815.212830094099,3848.827648272514,3796.3314645051955,3819.946271842718,0.99812233,1.0069165,0.99318266,0.9993607,3825.0979477580304,3858.7999623615015,3806.167638784101,3829.8438626273705
2022-12-23,0.9914702,1.0002723,0.985744,0.9902537,3812.0245224356654,3845.8668445873263,3790.008244085312,3807.3471804857254,0.9914702,1.0002723,0.985744,0.9902537,3819.966581506717,3853.879305913194,3797.9043214840613,3815.2794014616547
2022-12-27,0.99517417,1.0030153,0.9903384,0.99547267,3810.770688712597,3840.79626005888,3792.2532611638308,3811.9137200713158,0.99517417,1.0030153,0.9903384,0.99547267,3814.835215255403,3844.892828336418,3796.298133412475,3815.9794009655448
2022-12-28,0.99331045,1.0008309,0.9884012,0.9928148,3757.9119663524625,3786.3634349298477,3739.3390915632244,3756.036729273796,0.99331045,1.0008309,0.9884012,0.9928148,3809.703849004089,3838.5475023437252,3790.8749304602993,3807.802768358536
2022-12-29,0.9981892,1.0089478,0.99239916,0.9996824,3842.309765701294,3883.7227772521974,3820.022223567963,3848.057570495606,0.9981892,1.0089478,0.99239916,0.9996824,3814.2071302905615,3855.3173745024847,3792.082649369622,3819.9130215752675
2022-12-30,1.0019575,1.0115342,0.9965534,1.0040202,3847.0159584879875,3883.7856147289276,3826.2668600082397,3854.935611963272,1.0019575,1.0115342,0.9965534,1.0040202,3818.7104115770344,3855.2095021745954,3798.1139498975044,3826.571705142966
2023-01-03,1.0001677,1.0080862,0.9948826,1.0015702,3824.7814133286474,3855.062778186798,3804.570283317566,3830.144759321213,1.0001677,1.0080862,0.9948826,1.0015702,3823.213692863507,3853.4827093913786,3803.010876738304,3828.574828187646
2023-01-04,1.0019375,1.0093205,0.99622154,1.0034825,3860.4351624453066,3888.8815973019596,3838.4117160606384,3866.3878176653384,1.0019375,1.0093205,0.99622154,1.0034825,3827.7169741499797,3855.9222102658086,3805.8800809045915,3833.6192071617775
2023-01-05,1.0059103,1.0120466,1.0001131,1.008204,3830.606927239895,3853.9745643377305,3808.530808889866,3839.341588830948,1.0059103,1.0120466,1.0001131,1.008204,3832.220255436452,3855.5979370650907,3810.134735152402,3840.9586193039722
2023-01-06,1.0010283,1.0094866,0.99550295,1.0026141,3899.085308160782,3932.0308947515487,3877.5636256599428,3905.2622864198684,1.0010283,1.0094866,0.99550295,1.0026141,3829.588695878607,3861.9470140601065,3808.4505606133853,3835.6554240150904
2023-01-09,0.9988706,1.0083845,0.9932184,1.0000794,3887.694317109585,3924.7230969405177,3865.6954878330234,3892.3990062069893,0.9988706,1.0083845,0.9932184,1.0000794,3826.957136320762,3863.40731032791,3805.302043143407,3831.5881122694286
2023-01-10,0.9954976,1.00558,0.99000096,0.9959831,3901.6039074361324,3941.1192128658295,3880.061275064945,3903.5068578720093,0.9954976,1.00558,0.99000096,0.9959831,3824.3255767629166,3863.058427433943,3803.2096538467763,3826.19064376027
2023-01-11,0.99807763,1.0061986,0.99314034,0.99914694,3961.9789447808266,3994.2162017416954,3942.3798244774343,3966.223677840233,0.99807763,1.0061986,0.99314034,0.99914694,3821.6940172050718,3852.7897276190442,3802.788754659491,3825.7883275045424
2023-01-12,0.99656653,1.0058311,0.9915814,0.9974935,3969.4939214015008,4006.396351803541,3949.637206837535,3973.1862062144282,0.99656653,1.0058311,0.9915814,0.9974935,3819.0624576472264,3854.5665109728343,3799.958285849114,3822.6149116845377
2023-01-13,0.998067,1.0056942,0.99324995,0.99894035,3991.35984449029,4021.861422021389,3972.0959537154436,3994.852358783484,0.998067,1.0056942,0.99324995,0.99894035,3821.2743303493758,3850.47617062455,3802.831230634518,3824.6179308114265
2023-01-17,1.0000563,1.0065407,0.995116,1.0011725,3991.194559049606,4017.07356223464,3971.4780841898914,3995.64958222866,1.0000563,1.0065407,0.995116,1.0011725,3823.4862030515255,3848.277808709625,3804.598283087766,3827.7538123281984
2023-01-18,1.0021864,1.0082048,0.9967778,1.0034744,3937.450128571987,3961.095580351353,3916.200320849419,3942.510253379345,1.0021864,1.0082048,0.9967778,1.0034744,3825.698075753675,3848.6724913258613,3805.051384039684,3830.614389074863
2023-01-19,1.0016991,1.0088034,0.99610674,1.0031272,3905.4744970619677,3933.1730098247526,3883.6707781136033,3911.042551141977,1.0016991,1.0088034,0.99610674,1.0031272,3827.9099484558246,3855.0583948337494,3806.5392284673526,3833.3675646638453
2023-01-20,1.0028958,1.0111756,0.99699694,1.0047457,3984.1140114068985,4017.006429333687,3960.6800105649236,3991.4629019474983,1.0028958,1.0111756,0.99699694,1.0047457,3830.121821157974,3861.742691596108,3807.5936346320514,3837.186577901736
2023-01-23,1.000259,1.0081991,0.9947525,1.0014157,4020.85129876256,4052.768806990385,3998.716152678728,4025.500963692665,1.000259,1.0081991,0.9947525,1.0014157,3829.206913928403,3859.603263262116,3808.12680441736,3833.634741175201
2023-01-24,0.99755955,1.005762,0.9928068,0.9984561,4007.1468240261074,4040.0955896198748,3988.0552441656587,4010.748313206434,0.99755955,1.005762,0.9928068,0.9984561,3828.292006698832,3859.769987451068,3810.0525762133775,3831.7325648270107
2023-01-25,1.0015548,1.0069133,0.99672675,1.0027878,4022.464606668949,4043.9853511118886,4003.073913216591,4027.416532359123,1.0015548,1.0069133,0.99672675,1.0027878,3827.3770994692613,3847.853999119857,3808.9269018741015,3832.0888851798604
2023-01-26,0.9972837,1.0058843,0.9923398,0.9981307,4049.4006423306464,4084.322746595144,4029.3262529712915,4052.839753462076,0.9972837,1.0058843,0.9923398,0.9981307,3826.4621922396905,3859.4618962234013,3807.4929730920817,3829.7118036957886
2023-01-27,0.99880564,1.0071747,0.99389464,1.0000905,4065.698294620514,4099.765170173645,4045.707752084732,4070.9283036613465,0.99880564,1.0071747,0.99389464,1.0000905,3825.5472850101196,3857.601934973031,3806.7374272461702,3830.4684210022347
2023-01-30,0.9990424,1.0059836,0.9943897,1.0000448,4013.9225504100323,4041.8106927323342,3995.2291564387083,4017.9500872707367,0.9990424,1.0059836,0.9943897,1.0000448,3821.8006364273356,3848.354029611627,3804.0019402117887,3825.6353722925483
2023-01-31,0.99972177,1.0094895,0.9940177,1.0011799,4075.465749311447,4115.285043621063,4052.212638258934,4081.410117101669,0.99972177,1.0094895,0.9940177,1.0011799,3818.053987844552,3855.358332367234,3796.269490465105,3823.622717548131
2023-02-01,1.0022812,1.0104328,0.99678254,1.0040636,4128.606696395874,4162.185056358576,4105.956611845493,4135.948847551346,1.0022812,1.0104328,0.99678254,1.0040636,3814.307339261768,3845.3293059839148,3793.3815506136198,3821.0905668112146
2023-02-02,0.9993142,1.0064399,0.99437207,1.0002373,4176.893474435807,4206.677337741852,4156.23660261631,4180.752048044205,0.9993142,1.0064399,0.99437207,1.0002373,3810.5606906789844,3837.7323618637215,3791.7154995801147,3814.080706728378
2023-02-03,0.9951031,1.0041349,0.99002767,0.9954071,4116.224157142638,4153.583903923034,4095.2296402359007,4117.481579589843,0.9951031,1.0041349,0.99002767,0.9954071,3806.8140420962004,3841.365591140223,3787.397657137205,3807.977150968363
2023-02-06,0.99802613,1.0053602,0.99332976,0.9988595,4102.965273141861,4133.116398911476,4083.65812376976,4106.391414914131,0.99802613,1.0053602,0.99332976,0.9988595,3804.903239826545,3832.8641673390844,3786.9986303265046,3808.0805664098093
2023-02-07,0.996896,1.0059143,0.99191195,0.9978316,4151.07506275177,4188.627272129059,4130.321350336075,4154.970711708069,0.996896,1.0059143,0.99191195,0.9978316,3802.9924375568894,3837.3959628031375,3783.979080235279,3806.5612247106637
2023-02-08,0.998044,1.006982,0.99288154,0.9991206,4109.805523395538,4146.6107703709595,4088.5471638250347,4114.238725383281,0.998044,1.006982,0.99288154,0.9991206,3801.081635287234,3835.1221407881844,3781.4201213344127,3805.18195654646
2023-02-09,0.99791455,1.0051454,0.99340165,0.9989338,4072.9882467985153,4102.501074850559,4054.568820655346,4077.1482725143433,0.99791455,1.0051454,0.99340165,0.9989338,3799.1708330175784,3826.6996911921574,3781.989753067084,3803.0512498516105
2023-02-10,0.9974903,1.0078897,0.9919323,0.9986843,4080.194118654728,4122.732697048187,4057.459285051823,4085.0781288933754,0.9974903,1.0078897,0.9919323,0.9986843,3797.260030747923,3836.8486219956117,3776.1016180855117,3801.805276868464
2023-02-13,1.0009924,1.0087638,0.9958592,1.0024967,4141.395918318033,4173.548341269493,4120.15833324492,4147.619652042389,1.0009924,1.0087638,0.9958592,1.0024967,3797.6149229855987,3827.0981780708717,3778.1402021788813,3803.3217975611133
2023-02-14,1.0004289,1.0074048,0.9955951,1.0018682,4137.904048297405,4166.75723291874,4117.910750795603,4143.857316541672,1.0004289,1.0074048,0.9955951,1.0018682,3797.969815223275,3824.4527130296638,3779.6190455168203,3803.434094600727
2023-02-15,0.9994285,1.0067017,0.99463713,1.0005476,4145.22969083786,4175.396003437043,4125.356967401505,4149.871422672272,0.9994285,1.0067017,0.99463713,1.0005476,3798.324707460951,3825.96651983511,3780.115080019157,3802.577816436502
2023-02-16,1.0008037,1.0062361,0.99612516,1.0019119,4093.6974994540215,4115.918109083175,4074.5603224557635,4098.230367286205,1.0008037,1.0062361,0.99612516,1.0019119,3798.679599698627,3819.2986676313612,3780.9215615947865,3802.886010917461
2023-02-17,1.0004673,1.0077546,0.99542004,1.0018426,4080.9961604499817,4110.721565630436,4060.4079256612063,4086.6062046110633,1.0004673,1.0077546,0.99542004,1.0018426,3799.034491936303,3826.7059252053027,3779.868828195489,3804.2571064345616
2023-02-21,0.99916744,1.0075699,0.99436635,1.0005677,3994.0119838905334,4027.599500424862,3974.820376673937,3999.6091885328296,0.99916744,1.0075699,0.99436635,1.0005677,3799.9705953154134,3831.926448500582,3781.7114020433028,3805.295966857215
2023-02-22,0.99906945,1.0073934,0.99412954,1.0004413,3987.336137545109,4020.5572699785234,3967.6206947743894,3992.811301410198,0.99906945,1.0073934,0.99412954,1.0004413,3800.9066986945236,3832.5745475293315,3782.1131029519283,3806.1259966116822
2023-02-23,1.002451,1.0095426,0.9971752,1.0043544,4022.1539675903323,4050.6079023170473,4000.9860653686524,4029.791076564789,1.002451,1.0095426,0.9971752,1.0043544,3801.842802073634,3828.7383918122723,3781.8342671622463,3809.061610265819
2023-02-24,1.0046887,1.0102141,0.99973893,1.0068574,3988.654484462738,4010.590347242355,3969.003548231125,3997.2641331291197,1.0046887,1.0102141,0.99973893,1.0068574,3802.7789054527443,3823.692673508679,3784.043824900101,3810.9872896853885
2023-02-27,1.001232,1.0078149,0.9962162,1.0026834,3987.146231212616,4013.360744400024,3967.1719124412534,3992.925947227478,1.001232,1.0078149,0.9962162,1.0026834,3803.715008831855,3828.723483883032,3784.6597234339497,3809.22881690435
2023-02-28,1.0013212,1.0069681,0.9966778,1.002767,3975.395348507166,3997.8145634114744,3956.9604308515786,3981.135273319483,1.0013212,1.0069681,0.9966778,1.002767,3801.6492352449577,3823.088384669002,3784.020070161665,3807.1382955917147
2023-03-01,0.99772143,1.0052376,0.9933603,0.9987428,3942.386495668888,3972.085718650818,3925.153880703449,3946.422386906147,0.99772143,1.0052376,0.9933603,0.9987428,3799.58346165806,3828.2069087515492,3782.9750772180737,3803.4733588577765
2023-03-02,0.9997606,1.0073612,0.9949584,1.001221,3980.3969752788544,4010.657408630848,3961.2776287317274,3986.2109956145287,0.9997606,1.0073612,0.9949584,1.001221,3797.517688071163,3826.3876859923153,3779.2768453754147,3803.0646136435507
2023-03-03,0.99678516,1.0057907,0.9921395,0.9977497,4032.6339303970335,4069.067129821777,4013.839320657253,4036.5360406446457,0.99678516,1.0057907,0.9921395,0.9977497,3795.451914484265,3829.742432016487,3777.7628070604023,3799.124476510035
2023-03-06,0.99728453,1.0052987,0.99279714,0.9982556,4037.4266433930397,4069.8714995312694,4019.259782567024,4041.3579785227776,0.99728453,1.0052987,0.99279714,0.9982556,3793.386140897368,3823.869857998469,3776.317366604751,3797.0797665857835
2023-03-07,1.0001624,1.0061345,0.9955131,1.0011687,3987.0172392010686,4010.8244267892837,3968.483482900858,3991.0289817380904,1.0001624,1.0061345,0.9955131,1.0011687,3796.8795293851435,3819.551431043548,3779.229709676247,3800.7001227550495
2023-03-08,1.0021154,1.0085526,0.99698323,1.0035539,4000.4545735752586,4026.1518701934815,3979.9670244473223,4006.1970739603044,1.0021154,1.0085526,0.99698323,1.0035539,3800.3729178729186,3824.784965101682,3780.910103453854,3805.8284226094643
2023-03-09,1.0011641,1.0081214,0.99597937,1.0024414,3922.8812329006196,3950.142131471634,3902.5658799123767,3927.8862109375,1.0011641,1.0081214,0.99597937,1.0024414,3803.866306360694,3830.3000820792627,3784.1672621234475,3808.719648068517
2023-03-10,1.0042123,1.0085158,0.99924064,1.0060718,3877.8560220444206,3894.474662537575,3858.6576507592204,3885.036825153828,1.0042123,1.0085158,0.99924064,1.0060718,3807.359694848469,3823.676416410593,3788.5103639312233,3814.410152504826
2023-03-13,1.0046046,1.0094743,0.9993813,1.0065027,3873.5141477394104,3892.29054019928,3853.3744558906556,3880.8330338382725,1.0046046,1.0094743,0.9993813,1.0065027,3810.8530833362447,3829.325840547894,3791.0392647349095,3818.0535653912984
2023-03-14,1.0019865,1.0081973,0.9968278,1.0034039,3927.0756836986543,3951.4176256513597,3906.857154580951,3932.630879280567,1.0019865,1.0081973,0.9968278,1.0034039,3809.1589484668625,3832.7701170711684,3789.5476063650667,3814.547146375563
2023-03-15,1.0012707,1.0067735,0.9968111,1.0026779,3896.875287927389,3918.291878228187,3879.518992897868,3902.3522673797606,1.0012707,1.0067735,0.9968111,1.0026779,3807.4648135974803,3828.3898279546265,3790.5067556734925,3812.816119815665
2023-03-16,0.9978163,1.0058074,0.99297416,0.99872303,3951.6320325374604,3983.2789290809633,3932.455714688301,3955.2228416061403,0.9978163,1.0058074,0.99297416,0.99872303,3805.7706787280986,3836.249571050595,3787.30214225701,3809.2291059050444
2023-03-17,0.9984838,1.0051334,0.99395347,0.9993843,3910.701500530243,3936.7456422805785,3892.9579047012326,3914.228462162018,0.9984838,1.0051334,0.99395347,0.9993843,3804.0765438587164,3829.4107280522335,3786.8168202791267,3807.507129607185
2023-03-20,0.9977772,1.0065482,0.9927452,0.99869967,3942.7865434098244,3977.445537407398,3922.902231608033,3946.4316354990005,0.9977772,1.0065482,0.9927452,0.99869967,3802.382408989334,3835.807224982509,3783.2062013272885,3805.897590004076
2023-03-21,1.0021803,1.008668,0.99703795,1.0035083,4011.597609193325,4037.5666604518888,3991.013287619948,4016.913386471271,1.0021803,1.008668,0.99703795,1.0035083,3804.001069389546,3828.6264272644316,3784.482035953931,3809.041867086534
2023-03-22,1.0008957,1.0077863,0.9958482,1.0021287,3940.496496002674,3967.6243269777297,3920.6244047403334,3945.3507078945636,1.0008957,1.0077863,0.9958482,1.0021287,3805.619729789758,3831.818896492429,3786.42787614145,3810.307906217557
2023-03-23,1.0032314,1.0109751,0.997618,1.0051326,3961.479918336868,3992.0576855278014,3939.3142262792585,3968.987026376724,1.0032314,1.0109751,0.997618,1.0051326,3807.2383901899702,3836.6257075809845,3785.9356486242245,3814.453373735375
2023-03-24,1.0044205,1.0117344,0.9990215,1.00657,3988.543836247921,4017.5870516979694,3967.104269326329,3997.0793311345574,1.0044205,1.0117344,0.9990215,1.00657,3808.857050590182,3836.591856558133,3788.3834305011087,3817.008176709342
2023-03-27,1.0021285,1.0080091,0.99701154,1.00337,3985.996100472212,4009.386340533495,3965.64331992507,3990.93446151495,1.0021285,1.0080091,0.99701154,1.00337,3810.475710990394,3832.8358769289503,3791.0190733541076,3815.1966699461973
2023-03-28,1.002031,1.0073113,0.997134,1.0035229,3979.3355249345304,4000.3053216695785,3959.888222076893,3985.260279560089,1.002031,1.0073113,0.997134,1.0035229,3809.6610696172256,3829.7366372897677,3791.0430867076066,3815.3333655165593
2023-03-29,0.9987316,1.006429,0.99371207,0.9997307,4022.7011787986753,4053.7046172356604,4002.483403016329,4026.7253357994555,0.9987316,1.006429,0.99371207,0.9997307,3808.8464282440573,3838.2016608736944,3789.703458416646,3812.656814809483
2023-03-30,1.0013695,1.0064895,0.996954,1.0027122,4056.3775157546997,4077.117923281193,4038.4912683838606,4061.8168626785277,1.0013695,1.0064895,0.996954,1.0027122,3808.0317868708894,3827.50227486731,3791.2405280870043,3813.138301511997
2023-03-31,0.99773335,1.0054106,0.9931457,0.99869204,4099.995651261807,4131.543635541201,4081.143574011326,4103.935169119835,0.99773335,1.0054106,0.9931457,0.99869204,3807.217145497721,3836.5121662080037,3789.711252252076,3810.8752220454285
2023-04-03,0.99893105,1.0057869,0.99432266,0.9999225,4120.1011062753205,4148.378109397889,4101.093744436503,4124.190408060551,0.99893105,1.0057869,0.99432266,0.9999225,3806.4025041245527,3832.5267444478536,3788.8422755731212,3810.1804977141137
2023-04-04,1.0004544,1.0055532,0.99597555,1.0014838,4102.463418483734,4123.371638679505,4084.0973566889766,4106.684462189674,1.0004544,1.0055532,0.99597555,1.0014838,3809.031036584991,3828.4439718308768,3791.97859402677,3812.9501310136216
2023-04-05,1.0017706,1.0077349,0.9967903,1.0032433,4097.622490546703,4122.018658797741,4077.251065914631,4103.646440470219,1.0017706,1.0077349,0.9967903,1.0032433,3811.659569045429,3834.353384934359,3792.7098874453986,3817.2630476923596
2023-04-06,1.0017028,1.0081319,0.9965261,1.0029198,4112.009968500138,4138.401454861165,4090.759661715031,4117.005809190274,1.0017028,1.0081319,0.9965261,1.0029198,3814.288101505868,3838.768618070353,3794.5764635930723,3818.9223893794397
2023-04-10,1.002507,1.008429,0.99736893,1.0040476,4119.41142108202,4143.745895476341,4098.298651226759,4125.74216602087,1.002507,1.008429,0.99736893,1.0040476,3816.916633966306,3839.4642946603767,3797.3543064807313,3822.7826476416494
2023-04-11,1.0034528,1.0090226,0.9982526,1.0051987,4123.127257070541,4146.013295328617,4101.759917560816,4130.301216711998,1.0034528,1.0090226,0.9982526,1.0051987,3819.5451664267443,3840.746021448121,3799.751038813738,3826.1910940048556
2023-04-12,1.000924,1.0069292,0.9960143,1.0020462,4095.7309258043765,4120.3037728428835,4075.64070264399,4100.3230604350565,1.000924,1.0069292,0.9960143,1.0020462,3820.301825953279,3843.221975553377,3801.5626180437653,3824.5850084161016
2023-04-13,1.0015212,1.007574,0.99669194,1.0029025,4152.527353188992,4177.623313601017,4132.504064650536,4158.254435815811,1.0015212,1.007574,0.99669194,1.0029025,3821.0584854798144,3844.1512562992843,3802.633508986883,3826.3282305458033
2023-04-14,0.9997746,1.0053797,0.99530804,1.0008787,4136.707273468972,4159.899165992737,4118.226365132332,4141.275709815026,0.9997746,1.0053797,0.99530804,1.0008787,3821.815145006349,3843.2418186892355,3804.7410064506043,3826.0357851296376
2023-04-17,0.9982971,1.0047193,0.99409264,0.9992658,4144.250697655678,4170.911147441864,4126.7966718220705,4148.272059283257,0.9982971,1.0047193,0.99409264,0.9992658,3822.5718045328845,3847.1629032505284,3806.4726435554917,3826.281089135157
2023-04-18,1.0009905,1.0066552,0.99629986,1.0022374,4158.985440229178,4182.521558203697,4139.496411207914,4164.166268824339,1.0009905,1.0066552,0.99629986,1.0022374,3823.3284640594193,3844.965075145052,3805.4123546651417,3828.091326080081
2023-04-19,0.999969,1.0059446,0.99547803,1.0011464,4154.391233081818,4179.2169996500015,4135.733401894569,4159.282890200615,0.999969,1.0059446,0.99547803,1.0011464,3824.352137561659,3847.2058635080652,3807.1766249580787,3828.8550450837056
2023-04-20,1.0008973,1.0075068,0.99597186,1.0021026,4133.495612341166,4160.791703248024,4113.154621520638,4138.4733519959445,1.0008973,1.0075068,0.99597186,1.0021026,3825.375811063899,3850.6370573939084,3806.5510637198076,3829.9825284648514
2023-04-21,1.0034037,1.0081506,0.99845344,1.0050437,4147.589111709595,4167.210575294495,4127.127256207466,4154.368421001434,1.0034037,1.0081506,0.99845344,1.0050437,3826.3994845661387,3844.5014942851535,3807.522260899348,3832.6536525202123
2023-04-24,1.0016705,1.0080826,0.9967913,1.0031601,4143.950841646194,4170.478156375885,4123.765492815971,4150.113538942337,1.0016705,1.0080826,0.9967913,1.0031601,3827.4231580683786,3851.9240998414493,3808.779738604526,3833.115056402036
2023-04-25,1.0013387,1.0072054,0.9966518,1.002733,4077.0807738232616,4100.967588797807,4057.9974836164715,4082.7577329182627,1.0013387,1.0072054,0.9966518,1.002733,3828.4468315706185,3850.8768552922184,3810.527274905819,3833.7774250365123
2023-04-26,1.0030541,1.0082673,0.99815834,1.0047437,4068.377569403648,4089.52201895833,4048.520227957964,4075.2303805339334,1.0030541,1.0082673,0.99815834,1.0047437,3825.874363836898,3845.7585294236746,3807.2006339459626,3832.3187709138547
2023-04-27,0.99933064,1.007415,0.99451864,1.0008049,4132.581961458922,4166.013852775097,4112.68264823556,4138.678547859192,0.99933064,1.007415,0.99451864,1.0008049,3823.301896103177,3854.2315704035323,3804.891853162883,3828.942088249988
2023-04-28,0.9974114,1.0063683,0.99266106,0.9985188,4158.686760144234,4196.032413830757,4138.8804318737975,4163.304268698692,0.9974114,1.0063683,0.99266106,0.9985188,3820.729428369457,3855.0401708154623,3802.532633129744,3824.9716427983385
2023-05-01,0.99862087,1.005444,0.994406,0.9997959,4162.121955982447,4190.5600919866565,4144.55487219572,4167.019394817352,0.99862087,1.005444,0.994406,0.9997959,3818.156960635736,3844.244898510029,3802.041573512119,3822.6498428109953
2023-05-02,0.9966403,1.0045619,0.99212176,0.99740887,4105.739548385143,4138.373116502762,4087.124943898916,4108.9056198310855,0.9966403,1.0045619,0.99212176,0.99740887,3815.5844929020154,3845.9118244526426,3798.285291744172,3818.526937713429
2023-05-03,0.99883187,1.0059503,0.99416447,0.99985707,4085.9714647233486,4115.091319352388,4066.878292798996,4090.1653011739254,0.99883187,1.0059503,0.99416447,0.99985707,3816.5805302567896,3843.7805675479435,3798.746088570453,3820.4978379156423
2023-05-04,1.0011234,1.0071834,0.9963275,1.0024108,4065.78248966217,4090.3935000586507,4046.305248405933,4071.0106651568412,1.0011234,1.0071834,0.9963275,1.0024108,3817.576567611564,3840.685157612453,3799.2882971445165,3822.4856298105396
2023-05-05,1.001462,1.0088536,0.99636304,1.0030798,4142.297126054764,4172.870515733957,4121.2066398561,4148.988706916571,1.001462,1.0088536,0.99636304,1.0030798,3818.5726049663376,3846.7564352590257,3799.1303869911485,3824.7411465610694
2023-05-08,1.001256,1.0084248,0.9962722,1.0028154,4143.3174335098265,4172.982663345337,4122.693942360878,4149.77032148838,1.001256,1.0084248,0.9962722,1.0028154,3819.568642321112,3846.916101187523,3800.5566466627383,3825.5175034804274
2023-05-09,1.0013052,1.007717,0.9964362,1.0027286,4124.546433411837,4150.957689918279,4104.490014150739,4130.409490762949,1.0013052,1.007717,0.9964362,1.0027286,3820.564679675886,3845.0294600462967,3801.986321486899,3825.9954273327626
2023-05-10,0.9989865,1.0071865,0.99416643,1.0002465,4133.446429948807,4167.375282349587,4113.502803194523,4138.660030918121,0.9989865,1.0071865,0.99416643,1.0002465,3821.5547299322193,3852.9235570414303,3803.1159714496866,3826.375061338504
2023-05-11,0.9982692,1.0053674,0.9938087,0.9992119,4123.470724246502,4152.790682609081,4105.04603759408,4127.36468888998,0.9982692,1.0053674,0.9938087,0.9992119,3822.5447801885525,3849.7248949947166,3805.464647856297,3826.1546997066243
2023-05-12,0.9990573,1.0053625,0.9946673,1.0001968,4120.192200660706,4146.195423049927,4102.087484111786,4124.8916788959505,0.9990573,1.0053625,0.9946673,1.0001968,3823.534830444886,3847.665840142015,3806.73378245008,3827.8959331758397
2023-05-15,1.0015478,1.0070142,0.9968053,1.0028943,4142.682189674377,4165.292510647773,4123.065868678093,4148.251562161446,1.0015478,1.0070142,0.9968053,1.0028943,3824.5248807012194,3845.3986713394306,3806.4150983572627,3829.6667339865976
2023-05-16,1.0012957,1.0065025,0.9966294,1.0024618,4115.225138938426,4136.624662220478,4096.047240692376,4120.017714989185,1.0012957,1.0065025,0.9966294,1.0024618,3825.5149309575527,3845.407717317733,3807.687079757935,3829.9699556005594
2023-05-17,1.0011214,1.0083988,0.99605227,1.002636,4163.433652108908,4193.698558061124,4142.352278809548,4169.732333946228,1.0011214,1.0083988,0.99605227,1.002636,3825.7431318308622,3853.553465850036,3806.371580269974,3831.5310415872923
2023-05-18,1.0006415,1.0065503,0.99605805,1.0018189,4200.742902928591,4225.548537468911,4181.50148344338,4205.685813581944,1.0006415,1.0065503,0.99605805,1.0018189,3825.971332704172,3848.5638164589855,3808.4464796549146,3830.4734101674558
2023-05-19,1.0005645,1.0061893,0.996058,1.0017582,4194.346188204288,4217.925615959167,4175.455161237716,4199.350413901805,1.0005645,1.0061893,0.996058,1.0017582,3826.199533577481,3847.7091711245503,3808.9666914089285,3830.7643678064787
2023-05-22,0.99992526,1.0061939,0.99520916,1.0009512,4192.316625121832,4218.59863145113,4172.543769870401,4196.617907739877,0.99992526,1.0061939,0.99520916,1.0009512,3826.4277344507905,3850.415982337333,3808.3805566473125,3830.3537807638877
2023-05-23,1.0002983,1.005949,0.9958204,1.0014234,4146.816467499733,4170.242139930725,4128.253146679402,4151.480648260116,1.0002983,1.005949,0.9958204,1.0014234,3826.6559353241,3848.273058387085,3809.5257292537613,3830.9599269696487
2023-05-24,1.0009677,1.0066767,0.99634063,1.0021851,4119.222486524582,4142.716115455627,4100.18082423687,4124.232236757278,1.0009677,1.0066767,0.99634063,1.0021851,3826.834025238082,3848.6601788863977,3809.1439559901605,3831.4881181132623
2023-05-25,1.0006343,1.0080605,0.9956465,1.0022343,4153.913209333419,4184.741206970215,4133.207305984497,4160.555369768143,1.0006343,1.0080605,0.9956465,1.0022343,3827.0121151520643,3855.4142608049433,3807.935696503222,3833.1313322498872
2023-05-26,0.99835014,1.0061436,0.9937521,0.9994539,4198.5116106987,4231.286476230621,4179.17486115098,4203.153413194418,0.99835014,1.0061436,0.9937521,0.9994539,3827.190205066047,3857.066404238609,3809.5637311650585,3831.42134352928
2023-05-30,1.0005054,1.0059054,0.9959622,1.0016912,4207.645669097901,4230.355234851838,4188.53896206379,4212.632468748093,1.0005054,1.0059054,0.9959622,1.0016912,3827.368294980029,3848.025369378454,3809.9885207561792,3831.9044105773596
2023-05-31,1.0002327,1.0054377,0.99578726,1.0013907,4180.802631950379,4202.558794270753,4162.221475156545,4185.642871072292,1.0002327,1.0054377,0.99578726,1.0013907,3827.546384894011,3847.4643358031226,3810.5351598975863,3831.9777673701133
2023-06-01,0.99865806,1.0061144,0.993991,0.9997611,4215.355648758412,4246.828851339817,4195.655964019299,4220.011617670059,0.99865806,1.0061144,0.993991,0.9997611,3828.0027552350944,3856.583834308748,3810.113341638452,3832.2306850092896
2023-06-02,0.999192,1.0056101,0.9947406,1.0002588,4278.90984262228,4306.394559804201,4259.847326151133,4283.478291777372,0.999192,1.0056101,0.9947406,1.0002588,3828.459125576177,3853.0506743842056,3811.403453648021,3832.5465355408173
2023-06-05,0.99816775,1.0054361,0.9938482,0.99928486,4265.959362032413,4297.022590888739,4247.498518391848,4270.733656657934,0.99816775,1.0054361,0.9938482,0.99928486,3828.91549591726,3856.7963606849444,3812.3459559083526,3833.2005761922796
2023-06-06,0.9971279,1.005218,0.9926226,0.9980562,4271.54631409049,4306.203253626823,4252.246384584904,4275.522938096524,0.9971279,1.005218,0.9926226,0.9980562,3829.371866258343,3860.441031633283,3812.0697283500126,3832.936648985538
2023-06-07,1.0005962,1.0060852,0.9961411,1.0017905,4270.064148864746,4293.488530883789,4251.051965026856,4275.161094970704,1.0005962,1.0060852,0.9961411,1.0017905,3829.828236599426,3850.837805265864,3812.7762811709604,3834.399682795633
2023-06-08,0.9990375,1.0064534,0.99429095,1.0002365,4289.797110393048,4321.640425919295,4269.415729976893,4294.945562667847,0.9990375,1.0064534,0.99429095,1.0002365,3829.9630104850867,3858.392991561792,3811.7662976616493,3834.559728747469
2023-06-09,1.0001469,1.0066082,0.99543726,1.0013065,4299.4913557052605,4327.267931952476,4279.245438621044,4304.476605949401,1.0001469,1.0066082,0.99543726,1.0013065,3830.0977843707474,3854.841856250872,3812.0622899740097,3834.5389695052268
2023-06-12,1.0012991,1.0070312,0.99668854,1.0026599,4344.56688983202,4369.4378946661955,4324.561827473045,4350.471193138361,1.0012991,1.0070312,0.99668854,1.0026599,3830.232558256408,3852.159369941087,3812.5957253144597,3835.437790300166
2023-06-13,1.0000969,1.0060636,0.9956024,1.0012978,4369.433432008028,4395.501843897105,4349.7969679456955,4374.6802389562135,1.0000969,1.0060636,0.9956024,1.0012978,3830.367332142069,3853.219561483542,3813.1533893693913,3834.9668187477923
2023-06-14,1.000176,1.0061752,0.99570274,1.0013099,4373.3593699407575,4399.591444648504,4353.7998593330385,4378.3175317811965,1.000176,1.0061752,0.99570274,1.0013099,3830.5021060277295,3853.477973295206,3813.370436177035,3834.8446709715586
2023-06-15,0.99958706,1.006082,0.995229,1.0008615,4424.012389297485,4452.758215370179,4404.724343090057,4429.652974176407,0.99958706,1.006082,0.995229,1.0008615,3830.8250357783368,3855.7167437023654,3814.123246395221,3835.709120689403
2023-06-16,0.9983623,1.004497,0.99418944,0.9992893,4402.368426716328,4429.420152173043,4383.96781803906,4406.455990688801,0.9983623,1.004497,0.99418944,0.9992893,3831.147965528944,3854.6894581140255,3815.1348546567497,3834.7052674678957
2023-06-20,1.0002035,1.0056708,0.9957187,1.0012447,4389.603059726954,4413.597434804439,4369.920693008899,4394.172470186949,1.0002035,1.0056708,0.9957187,1.0012447,3831.4708952795518,3852.4145687033365,3814.2910448777216,3835.459209414338
2023-06-21,1.0008622,1.0067663,0.99615604,1.0022167,4369.4542760002605,4395.229652395248,4348.908448532224,4375.367410787344,1.0008622,1.0067663,0.99615604,1.0022167,3831.793825030159,3854.397394732998,3813.776152547263,3836.97925311331
2023-06-22,1.0004215,1.0074413,0.9955454,1.0016924,4383.737072010041,4414.4968803763395,4362.370377016068,4389.3059732258325,1.0004215,1.0074413,0.9955454,1.0016924,3832.1167547807663,3859.005867289439,3813.438595334918,3836.985127251586
2023-06-23,1.0013822,1.0068614,0.9967289,1.0027857,4354.340399621725,4378.165841434002,4334.106165103913,4360.443067560196,1.0013822,1.0068614,0.9967289,1.0027857,3830.9171351778414,3851.8787889474133,3813.1152566246456,3836.286332636858
2023-06-26,1.0017288,1.0071998,0.997088,1.0031842,4336.303547644615,4359.986483488083,4316.214541436433,4342.603825757503,1.0017288,1.0071998,0.997088,1.0031842,3829.717515574916,3850.633799656383,3811.975311272482,3835.28179955145
2023-06-27,1.0017139,1.0087324,0.9967544,1.0033695,4385.9140341103075,4416.644194246531,4364.19946701765,4393.1628360664845,1.0017139,1.0087324,0.9967544,1.0033695,3828.517895971991,3855.3425061261137,3809.562903051174,3834.845354843565
2023-06-28,0.9985907,1.0051968,0.99421906,0.9995668,4370.69172524929,4399.60570880413,4351.55765557766,4374.963915543556,0.9985907,1.0051968,0.99421906,0.9995668,3827.3182763690656,3852.6375188976026,3810.562881864831,3831.059541888473
2023-06-29,0.9984348,1.0049276,0.9942388,0.9995507,4389.558613100052,4418.104052467345,4371.111202833652,4394.464680333137,0.9984348,1.0049276,0.9942388,0.9995507,3826.1186567661407,3850.9998526505174,3810.0392221249817,3830.395133688872
2023-06-30,0.99712014,1.0053328,0.9927782,0.998229,4437.563537478447,4474.1131091523175,4418.240165741444,4442.498496265412,0.99712014,1.0053328,0.9927782,0.998229,3826.238613403372,3857.7530766226887,3809.5773456375637,3830.4937866126147
2023-07-03,0.9974992,1.0052896,0.9930681,0.9984764,4444.447583162785,4479.158086562157,4424.704291321039,4448.801401010752,0.9974992,1.0052896,0.9930681,0.9984764,3826.358570040603,3856.2419613443376,3809.3610627361736,3830.107107906312
2023-07-05,0.9991429,1.0053697,0.99493295,1.0002685,4443.0085648012155,4470.697925882339,4424.2877386867995,4448.013790273666,0.9991429,1.0053697,0.99493295,1.0002685,3826.4785266778335,3850.3256859319304,3810.355385627023,3830.789161061644
2023-07-06,1.0000359,1.0062696,0.99550027,1.0011942,4411.748296655416,4439.2487906920915,4391.739020918012,4416.858491342068,1.0000359,1.0062696,0.99550027,1.0011942,3826.5984833150646,3850.4514079829646,3809.243188384582,3831.03104917848
2023-07-07,1.0001568,1.0065655,0.9955325,1.0013804,4399.639580351114,4427.8310934126375,4379.2977465868,4405.02250225544,1.0001568,1.0065655,0.9955325,1.0013804,3826.7184399522957,3851.239048089464,3809.0254836604354,3831.400219259331
2023-07-10,1.0009274,1.007891,0.996038,1.0023977,4413.619610981941,4444.325861047506,4392.059528818726,4420.102538005113,1.0009274,1.007891,0.996038,1.0023977,3825.7955870303304,3852.412310121298,3807.106963283991,3831.415286177482
2023-07-11,1.0015641,1.0073555,0.9970247,1.0030812,4446.203646724224,4471.912761998176,4426.051936074496,4452.93825904131,1.0015641,1.0073555,0.9970247,1.0030812,3824.8727341083645,3846.9890914310486,3807.5371211734414,3830.666166458473
2023-07-12,1.0007566,1.0070529,0.9961058,1.0021787,4475.54373178482,4503.70169013977,4454.744470424652,4481.9033562469485,1.0007566,1.0070529,0.9961058,1.0021787,3823.949881186399,3848.0082950352016,3806.1787832708555,3829.383617341878
2023-07-13,0.9990642,1.0052817,0.99476844,1.0001864,4505.819536485672,4533.8606186580655,4486.44545840025,4510.88086687088,0.9990642,1.0052817,0.99476844,1.0001864,3823.0270282644333,3846.818952503895,3806.588702216061,3827.3214694503054
2023-07-14,0.9987942,1.0046672,0.99464834,0.9997783,4499.987355716228,4526.447529051304,4481.3085121274,4504.421016473771,0.9987942,1.0046672,0.99464834,0.9997783,3822.104175342468,3844.5781410408017,3806.2391274840597,3825.869959964804
2023-07-17,1.0001423,1.0051936,0.99588025,1.0012922,4523.433755347729,4546.279521971941,4504.157218540907,4528.634479036331,1.0001423,1.0051936,0.99588025,1.0012922,3823.3895084845863,3842.6996900195877,3807.096158247061,3827.785540795231
2023-07-18,0.9995723,1.0052859,0.99534756,1.00072,4553.031730604172,4579.056982519626,4533.78822635293,4558.259695415496,0.9995723,1.0052859,0.99534756,1.00072,3824.674841626705,3846.537009778561,3808.509831392295,3829.0664246014426
2023-07-19,1.0006697,1.0060332,0.9962547,1.001909,4568.777743902207,4593.265820379257,4548.619929170609,4574.43603966713,1.0006697,1.0060332,0.9962547,1.001909,3825.9601747688234,3846.4668930918106,3809.0798279903865,3830.6984937194375
2023-07-20,1.0021636,1.0063376,0.9977552,1.0034988,4544.681865150928,4563.610385613441,4524.69025748074,4550.736569817066,1.0021636,1.0063376,0.9977552,1.0034988,3827.2455079109423,3843.1857334591373,3810.409905047551,3832.344482114578
2023-07-21,1.0016814,1.006964,0.9971555,1.0030208,4543.96761541605,4567.930927853585,4523.436324335336,4550.04320982933,1.0016814,1.006964,0.9971555,1.0030208,3828.5308410530606,3848.721363232348,3811.2320467276572,3833.64978354188
2023-07-24,1.0016041,1.0060816,0.9972248,1.0027604,4561.9460078430175,4582.339412612915,4541.999998321534,4567.212675209045,1.0016041,1.0060816,0.9972248,1.0027604,3828.2325403388404,3845.346073390177,3811.4945922928705,3832.6519391140178
2023-07-25,1.0024287,1.0065352,0.9980583,1.0038495,4578.5527656388285,4597.3091388154035,4558.591450119018,4585.042466402054,1.0024287,1.0065352,0.9980583,1.0038495,3827.93423962462,3843.6158592860347,3811.2455099794215,3833.3599476931267
2023-07-26,1.0011795,1.0055362,0.99700624,1.0025392,4572.136283934116,4592.032435029745,4553.078235134482,4578.345699191093,1.0011795,1.0055362,0.99700624,1.0025392,3827.6359389104005,3844.292340343628,3811.6810829846127,3832.8344481567506
2023-07-27,1.0008398,1.0053415,0.99660605,1.0020449,4541.220650521516,4561.646710939407,4522.010266050696,4546.688623001575,1.0008398,1.0053415,0.99660605,1.0020449,3827.3376381961803,3844.552565443559,3811.1472297565188,3831.9462618776565
2023-07-28,0.9996104,1.005131,0.9954331,1.0007949,4580.444873356819,4605.741450726986,4561.303377692699,4585.8723575448985,0.9996104,1.005131,0.9954331,1.0007949,3827.03933748196,3848.175034659235,3811.046364929768,3831.574150768571
2023-07-31,1.0000961,1.0049201,0.99597794,1.0013273,4589.40091960907,4611.538256855011,4570.5029191684725,4595.050817527771,1.0000961,1.0049201,0.99597794,1.0013273,3828.8515291657704,3847.320245241743,3813.085362774345,3833.5651300089253
2023-08-01,1.0007004,1.0053704,0.99644804,1.0018848,4579.935333799123,4601.3087723660465,4560.473638148307,4585.356303437948,1.0007004,1.0053704,0.99644804,1.0018848,3830.663720849581,3848.540682479427,3814.3859499734826,3835.1978056565376
2023-08-02,1.0018647,1.0059642,0.9974745,1.003346,4521.805990636349,4540.308579946756,4501.991395625472,4528.491651015282,1.0018647,1.0059642,0.9974745,1.003346,3832.4759125333917,3848.1578630665085,3815.6819483776208,3838.1424305949286
2023-08-03,1.0020885,1.0063107,0.9975659,1.003313,4511.292407741547,4530.300083391667,4490.932062644363,4516.804515613318,1.0020885,1.0063107,0.9975659,1.003313,3834.288104217202,3850.443237316216,3816.9831794333036,3838.9732025157787
2023-08-04,1.0023676,1.0065045,0.9978972,1.0037973,4488.632254132032,4507.157505888938,4468.613633162379,4495.034390671253,1.0023676,1.0065045,0.9978972,1.0037973,3836.1002959010125,3851.93243734145,3818.991833535117,3841.571875934369
2023-08-07,1.0025012,1.0070175,0.99805486,1.0040663,4529.741744947433,4550.148122191429,4509.651010756492,4536.813549799918,1.0025012,1.0070175,0.99805486,1.0040663,3835.5545555239287,3852.8334183165694,3818.5427172317086,3841.5424884991185
2023-08-08,1.0017705,1.0061371,0.99748886,1.003232,4507.346135950089,4526.993291878701,4488.081410329342,4513.922006320953,1.0017705,1.0061371,0.99748886,1.003232,3835.008815146845,3851.725187794827,3818.617718012032,3840.603645407094
2023-08-09,1.0016804,1.0058447,0.99736476,1.003118,4475.217424373627,4493.822479399442,4455.9365094208715,4481.640490345955,1.0016804,1.0058447,0.99736476,1.003118,3834.463074769761,3850.4041063770933,3817.942664325407,3839.966602341943
2023-08-10,1.000895,1.0056732,0.9965743,1.0022491,4472.829707179069,4494.1824326920505,4453.521051517725,4478.880942374468,1.000895,1.0056732,0.9965743,1.0022491,3833.9173343926773,3852.2199006316873,3817.3668254796735,3839.104265028609
2023-08-11,0.9992887,1.0044961,0.9952677,1.0004321,4460.874623781443,4484.120804333687,4442.924728098512,4465.979066330195,0.9992887,1.0044961,0.9952677,1.0004321,3833.3715940155935,3853.3477337828585,3817.9466818644714,3837.7580826834337
2023-08-14,0.9996232,1.0049919,0.995546,1.000894,4488.028181176186,4512.132183880806,4469.722712206841,4493.733587269783,0.9996232,1.0049919,0.995546,1.000894,3835.9959014561264,3856.598023208425,3820.34984912321,3840.8724030512813
2023-08-15,1.0021949,1.0060837,0.9979535,1.0037802,4447.600576543808,4464.858728184699,4428.777806440591,4454.636201541423,1.0021949,1.0060837,0.9979535,1.0037802,3838.6202088966593,3853.515520063875,3822.374751325374,3844.69255012086
2023-08-16,1.0020484,1.0062,0.9975508,1.0033661,4413.351711634397,4431.636651946306,4393.542851284146,4419.15547118783,1.0020484,1.0062,0.9975508,1.0033661,3841.2445163371917,3857.1592489323134,3824.0034415478026,3846.2957439377324
2023-08-17,1.0036776,1.0070626,0.99917495,1.005397,4386.432464704513,4401.225905070304,4366.754245438576,4393.946667571067,1.0036776,1.0070626,0.99917495,1.005397,3843.8688237777246,3856.8324636204134,3826.6246762969013,3850.453515182745
2023-08-18,1.003423,1.0069141,0.9988421,1.0049939,4384.667410447598,4399.922781429291,4364.650400930643,4391.531962752342,1.003423,1.0069141,0.9988421,1.0049939,3846.4931312182575,3859.8760129225566,3828.9329709445706,3852.5151070087927
2023-08-21,1.0045199,1.0080342,0.9998105,1.0063771,4419.656693873406,4435.11876095295,4398.936317651868,4427.827777422667,1.0045199,1.0080342,0.9998105,1.0063771,3847.8753473016345,3861.3368891709483,3829.835725266488,3854.9893641637054
2023-08-22,1.0039442,1.0074829,0.9992587,1.0056583,4404.855192863942,4420.381537848712,4384.297496166825,4412.3759378373625,1.0039442,1.0074829,0.9992587,1.0056583,3849.2575633850115,3862.825350511811,3831.2929101783625,3855.8299191418146
2023-08-23,1.0032884,1.0072303,0.99873036,1.004892,4450.5973231709,4468.083602499962,4430.377870747448,4457.710923725367,1.0032884,1.0072303,0.99873036,1.004892,3850.639779468388,3865.7690162251297,3833.1460687126178,3856.7944809591613
2023-08-24,1.0013986,1.005507,0.9971448,1.0026538,4382.430546927452,4400.410305647851,4363.814839800597,4387.924014294148,1.0013986,1.005507,0.9971448,1.0026538,3852.021995551765,3867.8257128072273,3835.6594357841022,3856.8504499607952
2023-08-25,1.0017967,1.006547,0.99733776,1.0032132,4413.625837898255,4434.554069623947,4393.980936182142,4419.866282823085,1.0017967,1.006547,0.99733776,1.0032132,3853.404211635142,3871.6762371399946,3836.2527987008475,3858.852699316794
2023-08-28,1.0033361,1.0072396,0.9987582,1.0048336,4448.099841216803,4465.405303094388,4427.804701591731,4454.738754397631,1.0033361,1.0072396,0.9987582,1.0048336,3855.781315931155,3870.782288562935,3838.1886352412707,3861.5360707218733
2023-08-29,1.0030041,1.0074873,0.99809736,1.0042821,4511.14121377945,4531.305091867447,4489.072629860044,4516.889377387763,1.0030041,1.0074873,0.99809736,1.0042821,3858.158420227168,3875.4034327449085,3839.284341584935,3863.0745940850725
2023-08-30,1.0034667,1.007186,0.99886155,1.0049576,4530.521814278364,4547.314104965925,4509.73005204916,4537.252724128962,1.0034667,1.007186,0.99886155,1.0049576,3860.5355245231813,3874.844426611403,3842.8185247116116,3866.271142904936
2023-08-31,1.002044,1.0062338,0.99749,1.0031815,4516.873487906456,4535.759902198314,4496.345722931624,4522.00092880249,1.002044,1.0062338,0.99749,1.0031815,3862.912628819194,3879.06449340219,3845.356945015065,3867.2979233715496
2023-09-01,1.0030844,1.006734,0.9986892,1.0044308,4529.698536531926,4546.179256402254,4509.8506142187125,4535.778342189789,1.0030844,1.006734,0.9986892,1.0044308,3865.289733115207,3879.353151973784,3848.35313027535,3870.477637604861
2023-09-05,1.0023307,1.0064055,0.9979053,1.003676,4507.310585495234,4525.63432205081,4487.410553013682,4513.360602778196,1.0023307,1.0064055,0.9979053,1.003676,3867.8051226355037,3883.529275927354,3850.728626687436,3872.9968643024017
2023-09-06,1.0024492,1.0065615,0.9979203,1.0039119,4476.416652016639,4494.780326128006,4456.193028421401,4482.948300604819,1.0024492,1.0065615,0.9979203,1.0039119,3870.3205121558003,3886.197918727286,3852.835202701636,3875.9677808169163
2023-09-07,1.0035352,1.0069349,0.99895304,1.0051146,4466.8754541659355,4482.008127150536,4446.479854115248,4473.905601940155,1.0035352,1.0069349,0.99895304,1.0051146,3872.835901676097,3885.9563292237585,3855.152710292497,3878.9309748484193
2023-09-08,1.0031086,1.00706,0.99828935,1.004611,4471.346645432711,4488.960106573105,4449.864779999256,4478.043554677963,1.0031086,1.00706,0.99828935,1.004611,3875.3512911963935,3890.6168880709038,3856.732889899998,3881.1555812076317
2023-09-11,1.0032538,1.0074137,0.99864334,1.0048374,4502.061376140117,4520.728883807659,4481.372036594153,4509.167611005306,1.0032538,1.0074137,0.99864334,1.0048374,3877.86668071669,3893.946087068181,3860.045874148827,3883.9877001658488
2023-09-12,1.002892,1.0069348,0.99816614,1.0044103,4474.803892278671,4492.842214572429,4453.717517441511,4481.578169775009,1.002892,1.0069348,0.99816614,1.0044103,3880.248428047402,3895.889950525794,3861.96382825298,3886.122498547272
2023-09-13,1.0041132,1.0073624,0.99946195,1.005789,4485.8154622650145,4500.330927124023,4465.036288866996,4493.302195644378,1.0041132,1.0073624,0.99946195,1.005789,3882.630175378114,3895.1936559317965,3864.6451530669324,3889.1100135652473
2023-09-14,1.0028937,1.00706,0.998163,1.0043275,4518.136346125603,4536.906235599518,4496.824063038826,4524.595980763435,1.0028937,1.00706,0.998163,1.0043275,3885.0119227088258,3901.1515230447194,3866.686119515301,3890.5662349366767
2023-09-15,1.0022302,1.0063701,0.9977318,1.0036405,4460.24495853424,4478.668839225768,4440.225805749893,4466.521534566879,1.0022302,1.0063701,0.9977318,1.0036405,3887.393670039538,3903.4514090661487,3869.945690700098,3892.8642656705197
2023-09-18,1.003071,1.0072455,0.998506,1.0046171,4467.206570216417,4485.798232512474,4446.876468839049,4474.0923710668085,1.003071,1.0072455,0.998506,1.0046171,3889.7754173702497,3905.9640197428043,3872.073074952862,3895.771024286987
2023-09-19,1.0028871,1.0070064,0.99834996,1.0043259,4456.780260401964,4475.086121428013,4436.617325267195,4463.173935317993,1.0028871,1.0070064,0.99834996,1.0043259,3893.4508681563925,3909.4431213542052,3875.836461344511,3899.0362749065225
2023-09-20,1.0033989,1.0071557,0.9988512,1.0048312,4417.162616729736,4433.700632429122,4397.142664933204,4423.467886090279,1.0033989,1.0071557,0.9988512,1.0048312,3897.1263189425354,3911.7171838749564,3879.46322839805,3902.689123944631
2023-09-21,1.0031819,1.0076638,0.9982881,1.0049162,4343.777775764465,4363.184453248978,4322.587451338768,4351.287107467651,1.0031819,1.0076638,0.9982881,1.0049162,3900.8017697286778,3918.2294822557014,3881.772324030211,3907.545370963186
2023-09-22,1.0042531,1.007985,0.9994072,1.0060048,4338.433859009743,4354.555661137105,4317.498948347569,4346.001140928269,1.0042531,1.007985,0.9994072,1.0060048,3904.4772205148206,3918.986226528439,3885.636271765133,3911.2876842640594
2023-09-25,1.0047245,1.0083047,0.9998377,1.006527,4357.932246398926,4373.461203708648,4336.736018533707,4365.7502410888665,1.0047245,1.0083047,0.9998377,1.006527,3908.1526713009634,3922.0789984878493,3889.1442037381194,3915.1638213690567
2023-09-26,1.0039244,1.007808,0.9992601,1.0058664,4290.300912122726,4306.897594234943,4270.368132864833,4298.600272067785,1.0039244,1.007808,0.9992601,1.0058664,3912.4844057087726,3927.619697696389,3894.306990458723,3920.05275130931
2023-09-27,1.004475,1.0081336,0.9998599,1.006479,4293.638421651125,4309.277367517949,4273.911265472174,4302.204656670094,1.004475,1.0081336,0.9998599,1.006479,3916.8161401165817,3931.0824403591396,3898.820309429976,3924.630527786263
2023-09-28,1.0034574,1.0074415,0.9988502,1.0051954,4314.56589897871,4331.69630651474,4294.756318461895,4322.038572192192,1.0034574,1.0074415,0.9988502,1.0051954,3921.1478745243903,3936.716339651013,3903.1445287502993,3927.9392703637195
2023-09-29,1.0032431,1.0072309,0.9986289,1.0048852,4301.956526595354,4319.05636587739,4282.17071620524,4308.997967648506,1.0032431,1.0072309,0.9986289,1.0048852,3925.4796089321994,3941.083054948539,3907.4252557508353,3931.9046123452376
2023-10-02,1.0055419,1.0092214,1.0003645,1.0075334,4312.155917147398,4327.935107895136,4289.953298299313,4320.6962903940685,1.0055419,1.0092214,1.0003645,1.0075334,3929.8113433400085,3944.191499021996,3909.5774205442517,3937.5945042241806
2023-10-03,1.0044587,1.0077006,0.99957454,1.0060915,4248.307704269886,4262.019143968821,4227.650546854734,4255.213590997458,1.0044587,1.0077006,0.99957454,1.0060915,3933.29825938028,3945.992870580906,3914.1728809263263,3939.691984664011
2023-10-04,1.0066717,1.0096172,1.0015739,1.0086205,4292.196320593357,4304.755376726389,4270.460802465677,4300.5056592822075,1.0066717,1.0096172,1.0015739,1.0086205,3936.7851754205512,3948.304177396886,3916.849488133784,3944.4066295698963
2023-10-05,1.0066919,1.0095782,1.0014629,1.0085535,4286.68552081108,4298.975914673805,4264.419461154937,4294.612449216842,1.0066919,1.0095782,1.0014629,1.0085535,3940.2720914608226,3951.569255909528,3919.8053458809627,3947.5583421334895
2023-10-06,1.0055441,1.0087142,1.0006063,1.0072837,4332.386610209942,4346.045126676559,4311.112236857414,4339.881767988205,1.0055441,1.0087142,1.0006063,1.0072837,3943.759007501094,3956.1921371350422,3924.3930658673344,3950.5820435132505
2023-10-09,1.0044365,1.0079027,0.99969727,1.0060736,4354.895124893188,4369.923599917888,4334.347457016706,4361.993038966655,1.0044365,1.0079027,0.99969727,1.0060736,3947.2459235413653,3960.867828658472,3928.6216185727976,3953.679261023181
2023-10-10,1.0048034,1.0078067,1.0000173,1.0063032,4379.174453315734,4392.263292407989,4358.3153336906435,4385.7108199501035,1.0048034,1.0078067,1.0000173,1.0063032,3951.1093139788068,3962.91892098743,3932.2892099927044,3957.0068168446373
2023-10-11,1.0045425,1.0077732,0.9999157,1.0061712,4396.832163971662,4410.972736752033,4376.581106418371,4403.961149835586,1.0045425,1.0077732,0.9999157,1.0061712,3954.9727044162482,3967.6920082172774,3936.756773609352,3961.385160899227
2023-10-12,1.0025178,1.0065589,0.9978882,1.0039045,4360.5615324604505,4378.138635764121,4340.424525943994,4366.592886353731,1.0025178,1.0065589,0.9978882,1.0039045,3958.8360948536892,3974.7939371692896,3940.5542330644043,3964.311899088264
2023-10-13,1.004447,1.0076172,0.9997601,1.0060271,4347.025565547943,4360.745718083382,4326.741727946996,4353.863973529338,1.004447,1.0076172,0.9997601,1.0060271,3962.6994852911307,3975.2064985610996,3944.2089366085593,3968.9331515213207
2023-10-16,1.0048938,1.0082959,0.99996364,1.0066158,4395.033581948281,4409.91316942811,4373.470979915857,4402.564877408743,1.0048938,1.0082959,0.99996364,1.0066158,3966.562875728572,3979.991848171997,3947.1024505385944,3973.3601109001997
2023-10-17,1.0043962,1.0077418,0.9995748,1.0060089,4392.4254626274105,4407.056478643417,4371.340429925918,4399.477961635589,1.0043962,1.0077418,0.9995748,1.0060089,3970.241468475786,3983.466128289685,3951.183040253537,3976.616206971005
2023-10-18,1.0045345,1.0077894,0.99979854,1.0062354,4334.164480161668,4348.208030462265,4313.7307647228245,4341.503088998795,1.0045345,1.0077894,0.99979854,1.0062354,3973.9200612229993,3986.7964670800975,3955.184822010334,3980.648896394414
2023-10-19,1.0051188,1.0085114,0.9999179,1.0069026,4299.8984270095825,4314.411872148514,4277.648880600929,4307.52921795845,1.0051188,1.0085114,0.9999179,1.0069026,3977.598653970213,3991.024210187468,3957.016736687446,3984.657573776891
2023-10-20,1.0054712,1.008541,1.0005279,1.0073026,4247.271349029541,4260.238499736785,4226.3897597503665,4255.007527675629,1.0054712,1.008541,1.0005279,1.0073026,3981.2772467174264,3993.432361316378,3961.7033404331246,3988.5287400584666
2023-10-23,1.004637,1.0079539,0.9997871,1.0063668,4236.594426898956,4250.581839466095,4216.14215932846,4243.889256677628,1.004637,1.0079539,0.9997871,1.0063668,3984.95583946464,3998.112651289655,3965.7184675818485,3991.8173714548375
2023-10-24,1.0055451,1.0091406,1.0004625,1.0074968,4271.233977355957,4286.506389236451,4249.644688110352,4279.524151000976,1.0055451,1.0091406,1.0004625,1.0074968,3987.625205330004,4001.883687551831,3967.469382536616,3995.3650488884564
2023-10-25,1.0042834,1.0076492,0.9994886,1.0060279,4204.703728652001,4218.795371053219,4184.628852946758,4212.007585523129,1.0042834,1.0076492,0.9994886,1.0060279,3990.294571195368,4003.667843802049,3971.2433421090095,3997.226182791888
2023-10-26,1.0035664,1.0080483,0.9986737,1.005397,4151.984952181578,4170.527651555538,4131.742698533534,4159.558473781347,1.0035664,1.0080483,0.9986737,1.005397,3992.9639370607324,4010.796264900358,3973.497030735634,4000.2471884894517
2023-10-27,1.004392,1.0082498,0.999506,1.0060265,4135.45360372901,4151.337312989235,4115.336005649567,4142.18335675478,1.004392,1.0082498,0.999506,1.0060265,3995.6333029260963,4010.9797476982176,3976.195774813469,4002.1355009329936
2023-10-30,1.0033493,1.0074,0.9985511,1.004831,4180.7759477233885,4197.654617414474,4160.782572373151,4186.949725992679,1.0033493,1.0074,0.9985511,1.004831,3998.3026687914603,4014.4448602592174,3979.181986330051,4004.207220948503
2023-10-31,1.0033835,1.0077939,0.9985683,1.0049992,4207.989794707299,4226.486071872711,4187.795721578598,4214.765480422974,1.0033835,1.0077939,0.9985683,1.0049992,3995.5881381614317,4013.1506855864977,3976.413277245537,4002.0216738543795
2023-11-01,1.0022069,1.0078192,0.99737734,1.0038096,4247.212624676227,4270.99657201767,4226.745517247915,4254.004429686069,1.0022069,1.0078192,0.99737734,1.0038096,3992.8736075314036,4015.2331262636876,3973.632045743363,3999.2585055468344
2023-11-02,0.9993135,1.0062866,0.9948785,1.000545,4314.815730478764,4344.924246826172,4295.666364072561,4320.133297491074,0.9993135,1.0062866,0.9948785,1.000545,3990.159076901375,4018.002070824374,3972.4505807749665,3995.0764916306134
2023-11-03,0.99906015,1.0050668,0.99495006,1.0000632,4354.243831415177,4380.422629802227,4336.330627398491,4358.615363945961,0.99906015,1.0050668,0.99495006,1.0000632,3987.444546271347,4011.4178655928185,3971.040310310613,3991.4478633853064
2023-11-06,0.9966054,1.0036107,0.9923254,0.99747396,4351.159228010177,4381.744375712871,4332.47295968771,4354.95133872509,0.9966054,1.0036107,0.9923254,0.99747396,3984.7300156413185,4012.7393832708813,3967.61729668026,3988.2028637162734
2023-11-07,0.9990163,1.005167,0.9945861,0.9999653,4374.072921667099,4401.003122062683,4354.675932805539,4378.2281144213675,0.9990163,1.005167,0.9945861,0.9999653,3986.0939789790873,4010.6355710683033,3968.4175417238202,3989.8806838672504
2023-11-08,1.0015683,1.0062922,0.9970514,1.0028317,4389.653590192795,4410.357433197498,4369.857013026475,4395.190707011223,1.0015683,1.0062922,0.9970514,1.0028317,3987.4579423168557,4006.2648496711827,3969.475278039804,3992.4875363195383
2023-11-09,1.001071,1.0058384,0.99665695,1.0022668,4352.005908632279,4372.731542873383,4332.816610226036,4357.2044192612175,1.001071,1.0058384,0.99665695,1.0022668,3988.8219056546245,4007.8178399394305,3971.2339405659764,3993.5864620023117
2023-11-10,1.0020926,1.0064898,0.997528,1.0034251,4424.479330644607,4443.893820228576,4404.325599868297,4430.362732601166,1.0020926,1.0064898,0.997528,1.0034251,3990.185868992393,4007.6947037897444,3972.010386582542,3995.4919368606984
2023-11-13,1.0017115,1.0059421,0.99745303,1.0031176,4419.100313872099,4437.763898813725,4400.313931807876,4425.303277730942,1.0017115,1.0059421,0.99745303,1.0031176,3991.5498323301617,4008.407531183153,3974.581027214266,3997.1527284573485
2023-11-14,1.0015682,1.006055,0.9969577,1.0026584,4502.750148665905,4522.9214520096775,4482.022818773985,4507.651221227646,1.0015682,1.006055,0.9969577,1.0026584,3993.059354850237,4010.947325952942,3974.678237627029,3997.4058000493856
2023-11-15,1.0020746,1.0063826,0.99749637,1.0034506,4512.221671543121,4531.62001241684,4491.6064387893675,4518.417782249451,1.0020746,1.0063826,0.99749637,1.0034506,3994.5688773703123,4011.7417071681293,3976.318668335672,4000.0541067311824
2023-11-16,1.0009825,1.005352,0.99661946,1.0021255,4512.669449329376,4532.368191833496,4492.999727725983,4517.82227148056,1.0009825,1.005352,0.99661946,1.0021255,3996.078399890388,4013.5221043580646,3978.6604193847315,4000.6415449309657
2023-11-17,1.0011272,1.0060372,0.99658847,1.0023432,4519.108397636414,4541.272200708389,4498.620278811455,4524.597151432038,1.0011272,1.0060372,0.99658847,1.0023432,3997.5879224104633,4017.194126717997,3979.464263958764,4002.4434864493887
2023-11-20,1.0018909,1.0067453,0.9972455,1.0031424,4555.9786306142805,4578.053617115021,4534.854198821783,4561.669490795136,1.0018909,1.0067453,0.9972455,1.0031424,3999.0974449305386,4018.474118110308,3980.555048489964,4004.092617315275
2023-11-21,1.001323,1.00636,0.99679375,1.0025412,4544.193955914974,4567.053133535384,4523.639414463043,4549.722377747297,1.001323,1.00636,0.99679375,1.0025412,3999.738550849893,4019.8588100596166,3981.6466243260347,4004.604355988412
2023-11-22,1.0015548,1.0076635,0.9966376,1.0028604,4563.704845860005,4591.539604458809,4541.298742442131,4569.653878433704,1.0015548,1.0076635,0.9966376,1.0028604,4000.379656769247,4024.778391860848,3980.739254432645,4005.5943659971394
2023-11-24,1.0018153,1.0066192,0.99725,1.0030208,4567.616656808853,4589.519251770973,4546.801908484697,4573.112687387466,1.0018153,1.0066192,0.99725,1.0030208,4001.0207626886013,4020.2064321321072,3982.7880570126063,4005.835185245786
2023-11-27,1.0009865,1.0056131,0.9966489,1.0021142,4554.918802939654,4575.971966793538,4535.181088889837,4560.050413309336,1.0009865,1.0056131,0.9966489,1.0021142,4001.6618686079555,4020.1579570688223,3984.321636602371,4006.1703289294073
2023-11-28,1.0008016,1.0073879,0.9960086,1.002208,4558.541032490731,4588.540964839459,4536.70949801147,4564.947171890736,1.0008016,1.0073879,0.9960086,1.002208,4002.3029745273097,4028.6424027151274,3983.1352507702636,4007.9276442897662
2023-11-29,1.0004435,1.0051346,0.99643344,1.0017554,4552.597993640899,4573.945328521729,4534.3500691545005,4558.567891495228,1.0004435,1.0051346,0.99643344,1.0017554,4001.492648025948,4020.256036815852,3985.4537309552134,4006.7398140788
2023-11-30,0.9982048,1.0040376,0.9942432,0.999179,4559.600010180474,4586.243034410477,4541.504109942914,4564.0498618841175,0.9982048,1.0040376,0.9942432,0.999179,4000.682321524586,4024.059435505138,3984.8045124543137,4004.5868532617133
2023-12-01,0.9980128,1.0035725,0.9941168,0.99917483,4585.499464623928,4611.044150218963,4567.59879532814,4590.838664314747,0.9980128,1.0035725,0.9941168,0.99917483,3999.8719950232235,4022.1543591770173,3984.257508302539,4004.529114509006
2023-12-04,0.9947182,1.0014273,0.9903811,0.9952296,4545.6433086133,4576.302414200306,4525.823842027187,4547.980329988002,0.9947182,1.0014273,0.9903811,0.9952296,3999.0616685218615,4026.0343092917365,3981.625440660673,4001.1177847423755
2023-12-05,0.9989877,1.0045514,0.9948388,1.000099,4562.556528196335,4587.96711180687,4543.6077527701855,4567.631893734932,0.9989877,1.0045514,0.9948388,1.000099,3998.2513420204996,4020.518958345861,3981.6460746740395,4002.698764438187
2023-12-06,0.9979445,1.0042378,0.9937122,0.99886036,4539.98871434927,4568.619061276913,4520.734599957466,4544.155386486053,0.9979445,1.0042378,0.9937122,0.99886036,3995.8114796953314,4021.0102281750987,3978.865284426505,3999.4788047845686
2023-12-07,0.9992746,1.0057106,0.99471736,1.0003678,4582.263665624857,4611.776478538513,4561.365976746082,4587.27639959693,0.9992746,1.0057106,0.99471736,1.0003678,3993.3716173701637,4019.0914843306027,3975.159487542935,3997.7403006287695
2023-12-08,0.99983954,1.0057701,0.9954119,1.0010111,4603.631202571392,4630.93761659503,4583.244565057755,4609.025631344318,0.99983954,1.0057701,0.9954119,1.0010111,3990.9317550449955,4014.603953261407,3973.2583659873103,3995.608437892983
2023-12-11,0.99904454,1.0052226,0.9948306,1.0002615,4618.023432126045,4646.580965509414,4598.544797344207,4623.64897690773,0.99904454,1.0052226,0.9948306,1.0002615,3988.491892719828,4013.1566543745435,3971.6685045438508,3993.350672466325
2023-12-12,0.99694884,1.0038744,0.99270564,0.9978132,4629.531320106983,4661.691649353504,4609.827195221185,4633.545271968841,0.99694884,1.0038744,0.99270564,0.9978132,3986.0520303946596,4013.7423451666955,3969.0866401097405,3989.5079740288193
2023-12-13,0.99752736,1.0045357,0.9933256,0.99855566,4695.451065294743,4728.4398306655885,4675.672956551313,4700.29136279583,0.99752736,1.0045357,0.9933256,0.99855566,3985.510331543712,4013.511405965101,3968.722562367952,3989.6186064609396
2023-12-14,0.9964123,1.002589,0.9922257,0.9972352,4702.617562961578,4731.768855249882,4682.858833476901,4706.501288801432,0.9964123,1.002589,0.9922257,0.9972352,3984.9686326927645,4009.6714622764875,3968.2251867684954,3988.2597463897323
2023-12-15,0.99689364,1.0033646,0.99266285,0.9977586,4704.530517399311,4735.068012008666,4684.564581132531,4708.612534658909,0.99689364,1.0033646,0.99266285,0.9977586,3984.4269338418167,4010.2901081580585,3967.5171457969227,3987.884318386599
2023-12-18,0.99872303,1.0041661,0.99473643,0.99971807,4734.506447525025,4760.309771461487,4715.607744960786,4739.223494062424,0.99872303,1.0041661,0.99473643,0.99971807,3983.8852349908693,4005.597450554323,3967.982668427541,3987.8545839929984
2023-12-19,0.9993205,1.0056118,0.994836,1.0004301,4765.129926199913,4795.129030550718,4743.746007553339,4770.420909872055,0.9993205,1.0056118,0.994836,1.0004301,3983.3435361399215,4008.420921504345,3965.4679868537683,3987.7663035043765
2023-12-20,1.0001425,1.0051157,0.9958676,1.0013326,4699.019303923846,4722.385572040082,4678.934585338831,4704.611212188006,1.0001425,1.0051157,0.9958676,1.0013326,3983.6783064847723,4003.487453985573,3966.651073160839,3988.4191479370893
2023-12-21,1.0003169,1.0062137,0.99581265,1.0016396,4748.254047095776,4776.244714379311,4726.873717725277,4754.532792985439,1.0003169,1.0062137,0.99581265,1.0016396,3984.013076829623,4007.4984329994695,3966.0739691805343,3989.2810155684692
2023-12-22,0.9997201,1.0050807,0.99539757,1.0007374,4753.299162840844,4778.7868482637405,4732.747137546539,4758.136200454235,0.9997201,1.0050807,0.99539757,1.0007374,3984.3478471744743,4005.7125301485453,3967.1206389872495,3988.402201987988
2023-12-26,1.0008405,1.006135,0.99631906,1.0020483,4778.763390809298,4804.043028593063,4757.174410521984,4784.5299008488655,1.0008405,1.006135,0.99631906,1.0020483,3984.682617519325,4005.761713816951,3966.681118682315,3989.4906807229613
2023-12-27,1.0004202,1.005615,0.9960719,1.0016842,4783.589280860424,4808.428552365303,4762.797356518507,4789.633083686828,1.0004202,1.005615,0.9960719,1.0016842,3985.017387864176,4005.710138365567,3967.69655001135,3990.052454384625
2023-12-28,0.9995382,1.0046554,0.9953561,1.0005178,4781.140968668461,4805.618221879005,4761.136519217492,4785.827034616471,0.9995382,1.0046554,0.9953561,1.0005178,3985.7429809015694,4006.1482398024264,3969.0666017998537,3989.6495621590284
2023-12-29,0.99998116,1.0051073,0.99571365,1.0011375,4769.740159928799,4794.190874496699,4749.384844809175,4775.255657970905,0.99998116,1.0051073,0.99571365,1.0011375,3986.468573938963,4006.9041601073145,3969.4560268657847,3991.078247578166
2024-01-02,1.0002666,1.0054561,0.99590224,1.0015056,4744.094210686683,4768.707307208776,4723.395022249818,4749.970868055821,1.0002666,1.0054561,0.99590224,1.0015056,3987.1941669763564,4007.880158900282,3969.797561948631,3992.133119254142
2024-01-03,1.000266,1.0053152,0.9959433,1.0014087,4706.061272095442,4729.816933625937,4685.724034330845,4711.437647849321,1.000266,1.0053152,0.9959433,1.0014087,3987.91976001375,4008.050449424649,3970.6859027182204,3992.4754902445834
2024-01-04,1.0009104,1.0057942,0.99644005,1.0022115,4692.94858057499,4715.846997361184,4671.988547635079,4699.048788561821,1.0009104,1.0057942,0.99644005,1.0022115,3988.6453530511435,4008.107371415303,3970.830885287551,3993.8300259944576
2024-01-05,1.0000807,1.005933,0.995644,1.0013189,4697.61908929348,4725.108942594528,4676.77869738102,4703.435338172912,1.0000807,1.005933,0.995644,1.0013189,3985.524659226716,4008.847410748396,3967.8433824054455,3990.459167921213
2024-01-08,1.0005255,1.0065755,0.9960296,1.0019414,4766.043119029999,4794.862491509914,4744.626914153099,4772.788138957024,1.0005255,1.0065755,0.9960296,1.0019414,3982.403965402288,4006.484654205611,3964.5091329018455,3988.040073309256
2024-01-09,0.99724436,1.0037441,0.9930179,0.99811053,4743.3927891254425,4774.308932304382,4723.289698004723,4747.51274907589,0.99724436,1.0037441,0.9930179,0.99811053,3979.28327157786,4005.219316374985,3962.4185570899335,3982.7395134140165
2024-01-10,0.996493,1.0029004,0.9923439,0.99746346,4766.674354320764,4797.323736679554,4746.827440834045,4771.316610395908,0.996493,1.0029004,0.9923439,0.99746346,3976.1625777534323,4001.7289478971875,3959.607099367211,3980.035121119417
2024-01-11,0.996088,1.0023844,0.99202925,0.9968585,4761.539834747315,4791.638119983673,4742.13790043354,4765.22276892662,0.996088,1.0023844,0.99202925,0.9968585,3973.0418839290046,3998.155770034463,3956.852959063928,3976.114753199202
2024-01-12,0.9970567,1.0031585,0.9930422,0.9979751,4769.749861471653,4798.939488469362,4750.5449289017915,4774.14327529192,0.9970567,1.0031585,0.9930422,0.9979751,3972.9960371741718,3997.3096926178846,3956.9991144247006,3976.6556837304593
2024-01-16,0.9971434,1.0031068,0.9930947,0.9981425,4752.365443360805,4780.787101578712,4733.069395823478,4757.12710088253,0.9971434,1.0031068,0.9930947,0.9981425,3972.950190419339,3996.7103858120618,3956.818709491779,3976.9309040669996
2024-01-17,0.9999448,1.0050777,0.99570644,1.001125,4738.9484245121475,4763.274379924535,4718.861912859678,4744.541507297754,0.9999448,1.0050777,0.99570644,1.001125,3972.9043436645065,3993.297865574005,3956.0647694653862,3977.5935276037994
2024-01-18,1.000522,1.0060452,0.9961349,1.0018984,4783.435734245777,4809.841845018863,4762.46107982397,4790.016174437999,1.000522,1.0060452,0.9961349,1.0018984,3972.8584969096737,3994.7900416039656,3955.4380078259273,3978.323859822607
2024-01-19,0.9999423,1.0056936,0.9954793,1.0011071,4839.5307560491565,4867.365723835231,4817.930601806045,4845.168137544394,0.9999423,1.0056936,0.9954793,1.0011071,3972.812650154841,3995.6627183359587,3955.0809726192924,3977.440631962706
2024-01-22,0.99948215,1.0047957,0.99526596,1.0005344,4847.918228330613,4873.691064108611,4827.467873725891,4853.022143737078,0.99948215,1.0047957,0.99526596,1.0005344,3972.9314280751655,3994.05255448451,3956.172016027352,3977.114354535999
2024-01-23,1.0000585,1.0047034,0.99596345,1.0012467,4864.884733605385,4887.4801718950275,4844.963819527627,4870.664651823045,1.0000585,1.0047034,0.99596345,1.0012467,3973.05020599549,3991.5035634686246,3956.7812046813333,3977.7703476868114
2024-01-24,0.99783313,1.0033921,0.993783,0.99868155,4858.00049842,4885.064610081911,4838.282210683823,4862.131037163735,0.99783313,1.0033921,0.993783,0.99868155,3973.168983915815,3995.303539032151,3957.0420614593895,3976.546974780722
2024-01-25,0.99969983,1.0048776,0.99559456,1.0008959,4892.690924930573,4918.0315947341915,4872.599077153206,4898.544471464157,0.99969983,1.0048776,0.99559456,1.0008959,3973.2877618361395,3993.866555527357,3956.9713697935344,3978.041341450038
2024-01-26,1.0001495,1.0046328,0.99614507,1.0014236,4891.701143519878,4913.629035576582,4872.115651057363,4897.932771861553,1.0001495,1.0046328,0.99614507,1.0014236,3973.406539756464,3991.2178388557263,3957.4977240450216,3978.4681450053727
2024-01-29,1.0007501,1.0053036,0.9965838,1.0020138,4931.626267075539,4954.0658744740485,4911.095301083326,4937.853877893686,1.0007501,1.0053036,0.9965838,1.0020138,3973.8703544541745,3991.9518594618185,3957.3265519080783,3978.8884943725893
2024-01-30,1.0007573,1.005177,0.99648803,1.0019199,4928.699860116244,4950.466673245431,4907.673676380516,4934.425280524492,1.0007573,1.005177,0.99648803,1.0019199,3974.3341691518845,3991.886206148317,3957.379328760683,3978.9511314033552
2024-01-31,1.0011936,1.0057006,0.9967629,1.0024786,4851.433974343538,4873.273055338859,4829.964009457826,4857.660425901413,1.0011936,1.0057006,0.9967629,1.0024786,3974.797983849595,3992.690859695758,3957.2076502741743,3979.8992682455428
2024-02-01,1.0010134,1.005893,0.9966509,1.0022538,4911.161923969984,4935.102138516902,4889.758554525971,4917.247427899837,1.0010134,1.005893,0.9966509,1.0022538,3975.261798547305,3994.640032154859,3957.9371591718336,3980.1873918202414
2024-02-02,1.0005836,1.0056663,0.99618626,1.0017374,4961.504086189269,4986.706753420829,4939.699132890701,4967.22487175703,1.0005836,1.0056663,0.99618626,1.0017374,3975.725613245015,3995.9208165619402,3958.25297793762,3980.3095940593894
2024-02-05,1.00034,1.0052437,0.996135,1.0015346,4944.4904807329185,4968.728410238028,4923.706021625996,4950.395143224001,1.00034,1.0052437,0.996135,1.0015346,3975.2565040421546,3994.743232078882,3958.546282889189,3980.0039090535097
2024-02-06,1.0003822,1.0052874,0.9961694,1.0016701,4956.123432304858,4980.425039441585,4935.252268568873,4962.504169242382,1.0003822,1.0052874,0.9961694,1.0016701,3974.787394839294,3994.277035447668,3958.048820392843,3979.9047759189993
2024-02-07,0.998476,1.0042778,0.99439645,0.999344,4987.447670631409,5016.427994320393,4967.069922223091,4991.783197081089,0.998476,1.0042778,0.99439645,0.999344,3974.3182856364338,3997.4115325966895,3958.080098690292,3977.7730577438992
2024-02-08,0.99938285,1.0043823,0.9953128,1.0005038,4994.825557376146,5019.812104557753,4974.483845947981,5000.427839391232,0.99938285,1.0043823,0.9953128,1.0005038,3973.849176433573,3993.7283514814308,3957.6654890548684,3978.30640543999
2024-02-09,0.99941003,1.0048368,0.99529105,1.0006341,5023.64446711421,5050.922695758342,5002.9399661976095,5029.79724377036,0.99941003,1.0048368,0.99529105,1.0006341,3973.3800672307125,3994.9554540007653,3957.004088157144,3978.2464892653015
2024-02-12,1.0002079,1.0052923,0.9958934,1.0013359,5022.884045562744,5048.417065801621,5001.2174062109,5028.548471660614,1.0002079,1.0052923,0.9958934,1.0013359,3973.3209539866093,3993.518625891161,3956.181683833563,3977.8017470126647
2024-02-13,1.0001237,1.0048163,0.9958589,1.0012047,4953.78290150404,4977.0259215474125,4932.658465850353,4959.137227938175,1.0001237,1.0048163,0.9958589,1.0012047,3973.261840742506,3991.9042201205607,3956.318679739379,3977.556422764936
2024-02-14,1.0007248,1.0060543,0.99631923,1.002026,5004.244411773681,5030.895164597035,4982.2138897812365,5010.751065475941,1.0007248,1.0060543,0.99631923,1.002026,3973.2027274984025,3994.362713976611,3955.711340354653,3978.368748147934
2024-02-15,0.999998,1.0047646,0.99601424,1.0011759,5029.71980696082,5053.694434700012,5009.682690297364,5035.644361085891,0.999998,1.0047646,0.99601424,1.0011759,3973.1436142542993,3992.0819348214254,3957.3156588532183,3977.823607890007
2024-02-16,0.9999256,1.0046979,0.99579835,1.0010948,5005.197652683258,5029.085761867761,4984.538343708515,5011.050188713073,0.9999256,1.0046979,0.99579835,1.0010948,3973.084501010196,3992.0466948667267,3956.6853482180727,3977.730323758191
2024-02-20,1.0014559,1.0054749,0.99723244,1.00295,4982.753860200643,5002.7505442917345,4961.739963283539,4990.187521045208,1.0014559,1.0054749,0.99723244,1.00295,3972.691578739655,3988.6347080405203,3955.9374407078312,3978.6184542245896
2024-02-21,1.0008013,1.0051546,0.99658245,1.0019861,4985.792040109634,5007.4792345047,4964.774441850185,4991.694582009316,1.0008013,1.0051546,0.99658245,1.0019861,3972.298656469114,3989.5774714615304,3955.553515309811,3977.0013315681763
2024-02-22,0.9996948,1.0050033,0.995519,1.0008681,5085.477561645507,5112.482105537652,5064.234929091334,5091.445959413051,0.9996948,1.0050033,0.995519,1.0008681,3971.9057341985736,3992.99725986408,3955.314712550367,3976.5672241565244
2024-02-23,0.9986222,1.0045344,0.99445975,0.99980676,5081.788544654846,5111.874470233917,5060.606766986847,5087.816649150848,0.9986222,1.0045344,0.99445975,0.99980676,3971.5128119280325,3995.0253232742275,3954.958939644447,3976.2240255157335
2024-02-26,0.9995055,1.0045897,0.99539757,1.0006189,5067.023218131065,5092.79750451684,5046.197831630707,5072.667707681656,0.9995055,1.0045897,0.99539757,1.0006189,3971.1198896574915,3991.3196278848213,3954.798671591786,3975.5437601457597
2024-02-27,1.0018194,1.0058718,0.99748814,1.0031896,5087.419099402428,5107.997919025422,5065.424328167439,5094.3771788501745,1.0018194,1.0058718,0.99748814,1.0031896,3971.66192622347,3987.727336894777,3954.4909887951926,3977.093921291014
2024-02-28,1.0005163,1.0051596,0.9962735,1.0016464,5072.377493934631,5095.9180171966555,5050.867628631592,5078.106850318909,1.0005163,1.0051596,0.9962735,1.0016464,3972.2039627894483,3990.638710542038,3955.3595440889526,3976.690599016511
2024-02-29,1.0018867,1.0058904,0.99757695,1.0033236,5105.885262185336,5126.2889129400255,5083.921493070126,5113.207733602524,1.0018867,1.0058904,0.99757695,1.0033236,3972.745999355426,3988.6216239394325,3955.656568142674,3978.443265740057
2024-03-01,1.0023346,1.0061579,0.99805,1.0038931,5149.07299987793,5168.713496818543,5127.062562704086,5157.079356107712,1.0023346,1.0061579,0.99805,1.0038931,3973.2880359214046,3988.4435059690427,3956.3035554168814,3979.4663636177947
2024-03-04,1.0006825,1.0049937,0.9966377,1.0018661,5134.451735776663,5156.5723077178,5113.698217016458,5140.524877178669,1.0006825,1.0049937,0.9966377,1.0018661,3973.830072487383,3990.950221482269,3957.767734580089,3978.530297122891
2024-03-05,1.0012665,1.0055878,0.99687064,1.002544,5085.0820060729975,5107.0285629391665,5062.757060295343,5091.570316416025,1.0012665,1.0055878,0.99687064,1.002544,3976.0176049729553,3993.177512954165,3958.561697584656,3981.0905940107104
2024-03-06,1.001548,1.0055304,0.9973409,1.0029986,5112.6624330806735,5132.991147041321,5091.186022462845,5120.067084684372,1.001548,1.0055304,0.9973409,1.0029986,3978.2051374585276,3994.0229053354856,3961.4941404097685,3983.9666671682226
2024-03-07,1.0003794,1.0048047,0.9963882,1.0017062,5159.316925020217,5182.13972445488,5138.732631397247,5166.159707136154,1.0003794,1.0048047,0.9963882,1.0017062,3980.3926699441004,3998.000407866326,3964.511873979618,3985.6719545221613
2024-03-08,1.0014477,1.0055523,0.9971819,1.002889,5131.107451305389,5152.138222332001,5109.250890245437,5138.492530664205,1.0014477,1.0055523,0.9971819,1.002889,3982.5802024296727,3998.9034198836216,3965.615820844156,3988.3124613889822
2024-03-11,1.0027524,1.00641,0.9983577,1.0044293,5132.0267372345925,5150.7460092616075,5109.53487480998,5140.609098215103,1.0027524,1.00641,0.9983577,1.0044293,3984.767734915245,3999.3024375921295,3967.303813202573,3991.4313341423626
2024-03-12,1.0011418,1.0053756,0.99686885,1.0023509,5181.179053809643,5203.09030408144,5159.065447132588,5187.436678866148,1.0011418,1.0053756,0.99686885,1.0023509,3986.3959180283664,4003.2541852393333,3969.3817801579153,3991.2103255016377
2024-03-13,1.0009816,1.0053535,0.9967288,1.002219,5170.380109670163,5192.962232823373,5148.413123699427,5176.771625139713,1.0009816,1.0053535,0.9967288,1.002219,3988.024101141488,4005.4421551282303,3971.080505855514,3992.9540978619016
2024-03-14,1.0021267,1.0057839,0.9979569,1.0037187,5161.433493499755,5180.269941205978,5139.956910028457,5169.633263998031,1.0021267,1.0057839,0.9979569,1.0037187,3989.6522842546096,4004.2124133046464,3973.0513400953514,3995.990653623194
2024-03-15,1.0018113,1.0058215,0.9975053,1.0032221,5126.358410856724,5146.878967735767,5104.324432407618,5133.577816048861,1.0018113,1.0058215,0.9975053,1.0032221,3991.280467367731,4007.2572786353144,3974.125343074025,3996.901541500827
2024-03-18,1.002043,1.0058439,0.9977846,1.0033559,5159.940310397148,5179.512581181526,5138.012049922943,5166.70073625803,1.002043,1.0058439,0.9977846,1.0033559,3992.9086504808524,4008.054233675305,3975.940018679129,3998.1402763927363
2024-03-19,1.0016288,1.0055583,0.99733233,1.0030785,5186.944531942606,5207.293465297223,5164.695467627049,5194.451839485168,1.0016288,1.0055583,0.99733233,1.0030785,3994.4488647585044,4010.119321369463,3977.31488302087,4000.2301104272774
2024-03-20,1.0013198,1.0052346,0.9973144,1.0027436,5231.515276072025,5251.968791220188,5210.588726674318,5238.95427683115,1.0013198,1.0052346,0.9973144,1.0027436,3995.9890790361565,4011.6122257876973,3980.004852148089,4001.671089416752
2024-03-21,1.0008131,1.0046017,0.99699795,1.0021366,5245.792027279138,5265.650037682056,5225.794677764177,5252.72899060607,1.0008131,1.0046017,0.99699795,1.0021366,3997.5292933138085,4012.66190443465,3982.290413187143,4002.815580675279
2024-03-22,1.0009471,1.0048298,0.99687696,1.0021774,5239.137385075092,5259.459856050014,5217.833420491219,5245.576681988239,1.0009471,1.0048298,0.99687696,1.0021774,3999.0695075914605,4014.581702547706,3982.8081373571263,4003.98455507291
2024-03-25,1.0019287,1.0052844,0.99781865,1.0033588,5228.254255715608,5245.765152457952,5206.807295060754,5235.7170702171325,1.0019287,1.0052844,0.99781865,1.0033588,4000.6097218691125,4014.0089808100042,3984.1987772714824,4006.3202403257696
2024-03-26,1.001565,1.0047995,0.99764466,1.0030736,5211.723496303558,5228.55450523138,5191.323814749718,5219.573583576679,1.001565,1.0047995,0.99764466,1.0030736,4001.901193723182,4014.825329079031,3986.2370424426235,4007.928894812885
2024-03-27,1.001139,1.0052621,0.99709517,1.0025272,5254.468265041112,5276.108270585537,5233.244016390443,5261.754177799225,1.001139,1.0052621,0.99709517,1.0025272,4003.1926655772513,4019.6795845285674,3987.0226192143245,4008.7436624871075
2024-03-28,1.0018462,1.0052676,0.99782944,1.0032576,5264.050550848246,5282.027919602395,5242.945103645325,5271.466740041971,1.0018462,1.0052676,0.99782944,1.0032576,4004.484137431321,4018.159882151915,3988.4286947411597,4010.1257162887623
2024-04-01,1.0016233,1.0052582,0.9974632,1.0029954,5252.282069712877,5271.3428048002725,5230.467742271424,5259.477040880919,1.0016233,1.0052582,0.9974632,1.0029954,4005.77560928539,4020.3129230892387,3989.1383763719787,4011.2628566959615
2024-04-02,1.0016141,1.0052042,0.9975498,1.0030906,5214.212665543557,5232.902080278397,5193.054579942227,5221.899180715084,1.0016141,1.0052042,0.9975498,1.0030906,4007.06708113946,4021.4294742717434,3990.8073445568343,4012.974067319452
2024-04-03,1.0016056,1.0052018,0.99749917,1.0029693,5219.857724276781,5238.599214978218,5198.456938619018,5226.964294772148,1.0016056,1.0052018,0.99749917,1.0029693,4008.6650150040327,4023.0579848015136,3992.229867297938,4014.122769513048
2024-04-04,1.0022749,1.005606,0.9981216,1.0038874,5158.919238103628,5176.065543693304,5137.541579688787,5167.219341013431,1.0022749,1.005606,0.9981216,1.0038874,4010.2629488686057,4023.5917563748576,3993.645084454674,4016.7148546863446
2024-04-05,1.001841,1.0059203,0.997642,1.003413,5213.920924823285,5235.151206986904,5192.068065565824,5222.102214446068,1.001841,1.0059203,0.997642,1.003413,4011.8608827331786,4028.1965050642634,3995.0460528143153,4018.156101773026
2024-04-08,1.0017124,1.0058098,0.99745053,1.0031705,5211.2987882459165,5232.61476184845,5189.12666551888,5218.884126849175,1.0017124,1.0058098,0.99745053,1.0031705,4013.4588165977516,4029.875103890602,3996.3829975949106,4019.300588218342
2024-04-09,1.0019939,1.0057884,0.99769276,1.0034522,5220.298011295796,5240.067279952765,5197.889507077336,5227.895556565523,1.0019939,1.0057884,0.99769276,1.0034522,4015.0567504623245,4030.261933831089,3997.8219278315587,4020.900369316179
2024-04-10,1.0013361,1.0055358,0.9970984,1.0028272,5167.535119323731,5189.208482437134,5145.665816211701,5175.229993743897,1.0013361,1.0055358,0.9970984,1.0028272,4017.366533070641,4034.215932486256,4000.364841098559,4023.348565532354
2024-04-11,1.0008247,1.0055614,0.9965809,1.0020733,5203.347612090111,5227.973801565171,5181.283887516261,5209.839148521423,1.0008247,1.0055614,0.9965809,1.0020733,4019.6763156789566,4038.7003503470173,4002.6317849834345,4024.690963239503
2024-04-12,1.0017502,1.0053661,0.99764043,1.0032492,5132.377149927616,5150.902663590908,5111.320960217118,5140.05682185173,1.0017502,1.0053661,0.99764043,1.0032492,4021.986098287273,4036.5036102594668,4005.4853078622577,4028.004256425751
2024-04-15,1.0030196,1.0064875,0.9985538,1.0047317,5077.104526419639,5094.658500287533,5054.499659208059,5085.770786523819,1.0030196,1.0064875,0.9985538,1.0047317,4024.2958808955887,4038.209590230155,4006.3785560298147,4031.1651842077167
2024-04-16,1.0028764,1.0066462,0.9983983,1.0045424,5065.939880510568,5084.982460451126,5043.319176735878,5074.355276098251,1.0028764,1.0066462,0.9983983,1.0045424,4026.605663503905,4041.741300999614,4008.6257338611445,4033.29458613814
2024-04-17,1.0022346,1.0061158,0.99800503,1.0037923,5033.432520643472,5052.924802697897,5012.190854469538,5041.255656266212,1.0022346,1.0061158,0.99800503,1.0037923,4029.1276297414556,4044.730481972976,4012.1241951763313,4035.3899042495227
2024-04-18,1.0030694,1.006743,0.99859565,1.0048733,5026.501135673523,5044.909752922058,5004.082658505439,5035.540569610595,1.0030694,1.006743,0.99859565,1.0048733,4031.649595979007,4046.4148989813248,4013.6682905992393,4038.9000797070507
2024-04-19,1.0039814,1.007708,0.9991919,1.0060574,4987.006290361881,5005.517177630662,4963.215883215666,4997.318407753705,1.0039814,1.007708,0.9991919,1.0060574,4034.1715622165575,4049.1456794875917,4014.926717244543,4042.513439667287
2024-04-22,1.0023178,1.0062712,0.9979173,1.0039324,5022.213499617577,5042.022690653801,5000.164395833016,5030.303467154503,1.0023178,1.0062712,0.9979173,1.0039324,4036.6935284541087,4052.6153689759167,4018.9712356001965,4043.1961376653153
2024-04-23,1.0031316,1.007194,0.9984386,1.0048203,5086.42907654047,5107.027750706673,5062.632826626301,5094.9918096303945,1.0031316,1.007194,0.9984386,1.0048203,4039.2154946916594,4055.573420677194,4020.3185558802174,4046.0154072893197
2024-04-24,1.0006734,1.00585,0.9963433,1.0020411,5075.04530297637,5101.298819783926,5053.084644866586,5081.9817113757135,1.0006734,1.00585,0.9963433,1.0020411,4041.1275788812436,4062.032683910058,4023.6409005210426,4046.650727381194
2024-04-25,1.0026317,1.0061281,0.9983696,1.0042914,5061.705746564865,5079.357084975242,5040.188927533627,5070.084866397381,1.0026317,1.0061281,0.9983696,1.0042914,4043.039663070828,4057.138669635899,4025.853170228935,4049.732269133884
2024-04-26,1.0008222,1.005546,0.9965625,1.0020859,5104.153118109703,5128.244244427681,5082.428790225983,5110.598129720688,1.0008222,1.005546,0.9965625,1.0020859,4044.9517472604125,4064.043326522345,4027.735668656154,4050.059165428836
2024-04-29,1.0028121,1.0064136,0.9984228,1.0042571,5130.557422835827,5148.982960406542,5108.10078432262,5137.949960020781,1.0028121,1.0064136,0.9984228,1.0042571,4046.8638314499967,4061.397329711718,4029.1506781712465,4052.694887464384
2024-04-30,1.0023669,1.0062286,0.99793994,1.0038912,5047.6089768970005,5067.055128375291,5025.316197947263,5055.2850261330605,1.0023669,1.0062286,0.99793994,1.0038912,4048.775915639581,4064.374253294844,4030.8943941153216,4054.933103382269
2024-05-01,1.0036231,1.0070623,0.99900633,1.0052782,5036.572269009352,5053.831455694437,5013.40338126123,5044.87821521163,1.0036231,1.0070623,0.99900633,1.0052782,4050.1087100452137,4063.9875830333135,4031.477773904488,4056.7879116356044
2024-05-02,1.0024931,1.0062594,0.9981885,1.0038861,5076.825775194168,5095.899063014984,5055.026179599762,5083.88000600338,1.0024931,1.0062594,0.9981885,1.0038861,4051.4415044508464,4066.6622870899646,4034.0449443791017,4057.070996516262
2024-05-03,1.003208,1.0069463,0.99859405,1.0047989,5144.240161539316,5163.409297420979,5120.580561287403,5152.397695846557,1.003208,1.0069463,0.99859405,1.0047989,4052.7742988564796,4067.876407788969,4034.1347241828053,4059.2008721000248
2024-05-06,1.0021104,1.00609,0.99782616,1.0037116,5191.673237102032,5212.2909396052355,5169.4778949797155,5199.968737342358,1.0021104,1.00609,0.99782616,1.0037116,4054.1070932621124,4070.207323920755,4036.7749634635024,4060.585075244115
2024-05-07,1.0016459,1.0054542,0.99724,1.0028536,5196.2385529875755,5215.994663202762,5173.381983917951,5202.503786587715,1.0016459,1.0054542,0.99724,1.0028536,4055.439887667745,4070.8589178307084,4037.601209735119,4060.329461602285
2024-05-08,1.002804,1.0059214,0.9984263,1.0042133,5202.216438901424,5218.388081502914,5179.50625797391,5209.5273818779,1.002804,1.0059214,0.9984263,1.0042133,4058.505806194348,4071.1221611257183,4040.7883837238096,4064.2094610735876
2024-05-09,1.001973,1.0061274,0.99750185,1.0033287,5224.367551651001,5246.028532104492,5201.054446716308,5231.436008987426,1.001973,1.0061274,0.99750185,1.0033287,4061.5717247209514,4078.411403555127,4043.4475240941633,4067.0671345762676
2024-05-10,1.0020466,1.0059991,0.9976032,1.0034015,5233.368658981323,5254.011318416596,5210.162165803909,5240.445039339066,1.0020466,1.0059991,0.9976032,1.0034015,4064.6376432475545,4080.6701876625248,4046.613628887422,4070.133809570663
2024-05-13,1.0038524,1.0073318,0.9991249,1.0054773,5241.534828195572,5259.7026585388185,5216.850654976368,5250.019331943989,1.0038524,1.0073318,0.9991249,1.0054773,4067.7035617741576,4081.802748285453,4048.547269191659,4074.288128208223
2024-05-14,1.00378,1.0069965,0.9992162,1.0053153,5266.512489027978,5283.3884617471695,5242.567646555901,5274.567698154449,1.00378,1.0069965,0.9992162,1.0053153,4070.7694803007607,4083.813632993375,4052.2611475739636,4076.996025062626
2024-05-15,1.0023593,1.0060407,0.99807507,1.0035285,5320.673364621401,5340.21490098834,5297.932172188162,5326.879678612947,1.0023593,1.0060407,0.99807507,1.0035285,4071.953062459142,4086.908201845951,4054.5490062556087,4076.702844629934
2024-05-16,1.0021379,1.0057306,0.9978513,1.0035086,5308.424666905404,5327.455714702606,5285.718185645343,5315.685234546661,1.0021379,1.0057306,0.9978513,1.0035086,4073.136644617523,4087.739247510664,4055.7139340698177,4078.707425457884
2024-05-17,1.0020629,1.0055364,0.99787897,1.0034655,5314.2102045428755,5332.63122043252,5292.02159842074,5321.648658553362,1.0020629,1.0055364,0.99787897,1.0034655,4074.3202267759043,4088.44331889729,4057.308695668142,4080.023278832074
2024-05-20,1.0019035,1.0056821,0.9977136,1.0032635,5318.234205589294,5338.291382728815,5295.993626559377,5325.452941646576,1.0019035,1.0056821,0.9977136,1.0032635,4075.503808934285,4090.8742630076254,4058.4603720053788,4081.0355594188145
2024-05-21,1.0014538,1.0056349,0.9971967,1.0027971,5329.146038559675,5351.395634003878,5306.492354836464,5336.294658365249,1.0014538,1.0056349,0.9971967,1.0027971,4076.6873910926665,4093.707833876289,4059.357865660202,4082.1561128653334
2024-05-22,1.0009027,1.005341,0.9966943,1.0022879,5311.800387120247,5335.35502172947,5289.46675715208,5319.151720762253,1.0009027,1.005341,0.9966943,1.0022879,4078.72655900861,4096.813048512232,4061.5775057048636,4084.371597535871
2024-05-23,1.0016454,1.0053967,0.9974048,1.0030386,5276.5079453277585,5296.2690772247315,5254.168974151611,5283.847094573975,1.0016454,1.0053967,0.9974048,1.0030386,4080.7657269245533,4096.048517117761,4063.489159178288,4086.4418026813123
2024-05-24,1.0020392,1.006441,0.997568,1.0035923,5315.5373537635805,5338.887686262131,5291.818980817795,5323.775894908906,1.0020392,1.006441,0.997568,1.0035923,4082.804894840496,4100.7400946227335,4064.5871609070086,4089.132589070316
2024-05-28,1.0016997,1.0060741,0.9972339,1.0030911,5315.058602170944,5338.2692633199695,5291.363107345104,5322.441483678817,1.0016997,1.0060741,0.9972339,1.0030911,4084.8440627564396,4102.682551877752,4066.633055845762,4090.5180199873935
2024-05-29,1.002501,1.006299,0.9980521,1.0040675,5280.122699332237,5300.126617383957,5256.690614533424,5288.373530691862,1.002501,1.006299,0.9980521,1.0040675,4086.883230672383,4102.366757373595,4068.746443016047,4093.2693754758657
2024-05-30,1.0031741,1.0065097,0.99868953,1.0048937,5252.0977619075775,5269.561203503608,5228.619072461128,5261.100661911964,1.0031741,1.0065097,0.99868953,1.0048937,4086.9193805003065,4100.508328197101,4068.649427157778,4093.9248114099655
2024-05-31,1.0020394,1.0065593,0.99762213,1.0035535,5288.273125548363,5312.126521922351,5264.960779441595,5296.263683041334,1.0020394,1.0065593,0.99762213,1.0035535,4086.9555303282295,4105.390319909118,4068.939004578812,4093.1308291795895
2024-06-03,1.0023086,1.0062613,0.99804485,1.0038787,5295.59729475975,5316.481209850311,5273.070152258872,5303.892790436745,1.0023086,1.0062613,0.99804485,1.0038787,4086.991680156153,4103.1094745223845,4069.6059285975475,4093.3940722656585
2024-06-04,1.0017989,1.0060035,0.99749213,1.0033804,5300.85842315197,5323.106554563045,5278.0700313413145,5309.226940047741,1.0017989,1.0060035,0.99749213,1.0033804,4087.027829984076,4104.181578953879,4069.4577586303067,4093.4799743151116
2024-06-05,1.0000442,1.0052205,0.99582213,1.0013689,5354.266790791749,5381.9808871781825,5331.661567431092,5361.3590260422225,1.0000442,1.0052205,0.99582213,1.0013689,4087.0639798119996,4108.218898244645,4069.8087381903833,4092.4779239304603
2024-06-06,1.0000981,1.0049703,0.99593496,1.0012367,5353.485174865723,5379.565881958008,5331.200020751953,5359.579883422852,1.0000981,1.0049703,0.99593496,1.0012367,4089.0140131039116,4108.934569133412,4071.992556763291,4093.669145853605
2024-06-07,1.0020198,1.0061766,0.99764645,1.0034837,5357.789652525186,5380.016169880629,5334.405597013235,5365.617058120965,1.0020198,1.0061766,0.99764645,1.0034837,4090.9640463958235,4107.935342326516,4073.1090726425327,4096.940576040382
2024-06-10,1.001592,1.0058414,0.9973686,1.0030489,5369.324592443704,5392.104381455183,5346.683478577137,5377.134495420456,1.001592,1.0058414,0.9973686,1.0030489,4092.9140796877355,4110.2784289554575,4075.6553636667036,4098.867598746005
2024-06-11,1.0018837,1.0056522,0.9976637,1.0032108,5385.445733213424,5405.702325944901,5362.761514847279,5392.57898610115,1.0018837,1.0056522,0.9976637,1.0032108,4094.8641129796474,4110.26657872329,4077.615967808479,4100.287901426946
2024-06-12,1.0023856,1.0060543,0.99817795,1.0039164,5433.962497544288,5453.850445371866,5411.152588511109,5442.260828593969,1.0023856,1.0060543,0.99817795,1.0039164,4096.814146271559,4111.808336954785,4079.6171252490503,4103.07027234322
2024-06-13,1.0010229,1.0051758,0.9969057,1.0023378,5439.2983623576165,5461.864108710289,5416.92629393816,5446.4430700612065,1.0010229,1.0051758,0.9969057,1.0023378,4098.056971379066,4115.058180716893,4081.201587189579,4103.440044442872
2024-06-14,1.0010211,1.0048585,0.99695593,1.0022337,5437.146460819245,5457.989394950867,5415.0658358335495,5443.732802104951,1.0010211,1.0048585,0.99695593,1.0022337,4099.299796486573,4115.014106125981,4082.6523626671583,4104.265707938377
2024-06-17,1.0014865,1.0053667,0.9972497,1.0028204,5481.366174452304,5502.603090430498,5458.177098573446,5488.666547824144,1.0014865,1.0053667,0.9972497,1.0028204,4100.54262159408,4116.429850529373,4083.195279036753,4106.003749610605
2024-06-18,1.0011678,1.004998,0.997097,1.0024755,5493.437612071037,5514.454004051685,5471.101236305237,5500.613143351078,1.0011678,1.004998,0.997097,1.0024755,4101.785446701586,4117.477990725695,4085.10762625556,4107.143101170541
2024-06-20,1.0015168,1.0053778,0.9973181,1.002877,5481.4718082475665,5502.603446531296,5458.491445217729,5488.9162936377525,1.0015168,1.0053778,0.9973181,1.002877,4103.028271809093,4118.845893908258,4085.826931817645,4108.600805547792
2024-06-21,1.003577,1.0083007,1.0006026,1.0038681,5484.166912636757,5509.979963800907,5467.912996180057,5485.757713165283,1.003577,1.0083007,1.0006026,1.0038681,4106.112363289475,4125.439257638588,4093.9427440181844,4107.303284522161
2024-06-24,1.0036528,1.0084258,1.000469,1.0037229,5467.770039737225,5493.7728362596035,5450.424884026051,5468.151908524036,1.0036528,1.0084258,1.000469,1.0037229,4109.196454769857,4128.738215950036,4096.160939597628,4109.483509442396
2024-06-25,1.0039703,1.0085375,1.0008076,1.0038881,5491.014572489262,5515.994317746163,5473.717241513729,5490.565350437165,1.0039703,1.0085375,1.0008076,1.0038881,4112.280546250239,4130.987909608433,4099.326428781088,4111.944008818165
2024-06-26,1.0037849,1.0084298,1.0006964,1.003845,5498.633276009559,5524.077413535118,5481.714922785759,5498.962396359443,1.0037849,1.0084298,1.0006964,1.003845,4115.364637730621,4134.407857910035,4102.702272415405,4115.610913757364
2024-06-27,1.0037583,1.0084635,1.0006195,1.0038869,5503.476332122087,5529.274280828237,5486.266806167364,5504.181576273441,1.0037583,1.0084635,1.0006195,1.0038869,4118.448729211003,4137.754154012119,4105.570181561584,4118.976508359094
2024-06-28,1.0037261,1.0085117,1.000584,1.0037922,5480.826429748535,5506.957762756348,5463.668954772948,5481.187050476074,1.0037261,1.0085117,1.000584,1.0037922,4121.538912944872,4141.189485342966,4108.636699388829,4121.810124745441
2024-07-01,1.0038193,1.0085489,1.0006644,1.0038095,5496.001265434027,5521.895754801035,5478.727394496203,5495.9470928621295,1.0038193,1.0085489,1.0006644,1.0038095,4124.629096678741,4144.0623227620235,4111.665335772464,4124.588531915138
2024-07-02,1.0033919,1.0083253,1.0004069,1.0036066,5527.695801211596,5554.874372298717,5511.251402999163,5528.878563239575,1.0033919,1.0083253,1.0004069,1.0036066,4127.719280412609,4148.01439751912,4115.439615121021,4128.602532569384
2024-07-03,1.0033196,1.0082127,1.0004117,1.0035541,5555.400808346272,5582.493804337979,5539.299861817361,5556.699154667855,1.0033196,1.0082127,1.0004117,1.0035541,4130.809464146478,4150.954810690056,4118.837238826489,4131.774628634999
2024-07-05,1.0037516,1.0084062,1.0006356,1.0036563,5588.076067925691,5613.988702483177,5570.728639197349,5587.545139313936,1.0037516,1.0084062,1.0006356,1.0036563,4133.8996478803465,4153.069045520921,4121.0664164693335,4133.506886885988
2024-07-08,1.0037994,1.0083927,1.0007893,1.0038809,5594.023700714111,5619.621211451293,5577.248565274477,5594.477441853285,1.0037994,1.0083927,1.0007893,1.0038809,4136.938346554639,4155.8683500108145,4124.532622914107,4137.273696361861
2024-07-09,1.0038899,1.0084817,1.0007766,1.0039911,5598.673996713161,5624.282499651908,5581.311353271007,5599.238435535431,1.0038899,1.0084817,1.0007766,1.0039911,4139.977045228931,4158.913550454284,4127.138025592822,4140.394566298012
2024-07-10,1.0040296,1.0084857,1.0009297,1.003901,5656.612581850291,5681.71752843976,5639.147920771837,5655.887909903526,1.0040296,1.0084857,1.0009297,1.003901,4143.015743903225,4161.403118321664,4130.22434439341,4142.485063435521
2024-07-11,1.0031831,1.0083224,1.0001675,1.003491,5602.316296982765,5631.016541879177,5585.475349309444,5604.035875108242,1.0031831,1.0083224,1.0001675,1.003491,4146.054442577517,4167.294264919356,4133.591232727771,4147.327131704204
2024-07-12,1.0036753,1.0084181,1.000553,1.0038216,5635.988329488039,5662.620483446121,5618.455355340243,5636.809685599805,1.0036753,1.0084181,1.000553,1.0038216,4149.093141251809,4168.699004706876,4136.1857870621625,4149.698049826838
2024-07-15,1.00397,1.0084901,1.000863,1.0038841,5653.576095273495,5679.029539842606,5636.079495351315,5653.092092490197,1.00397,1.0084901,1.000863,1.0038841,4151.316514127089,4170.006476846654,4138.469051470203,4150.961193523583
2024-07-16,1.0040718,1.0085407,1.0009347,1.0039203,5690.275884628296,5715.602135848999,5672.497245407104,5689.417218780517,1.0040718,1.0085407,1.0009347,1.0039203,4153.539887002369,4172.026454168355,4140.562501044128,4152.913039079931
2024-07-17,1.0031775,1.008336,1.0001302,1.0035362,5606.026859880686,5634.853528076411,5588.997461676598,5608.031376533509,1.0031775,1.008336,1.0001302,1.0035362,4155.763259877648,4177.132579819028,4143.139334741535,4157.248981229316
2024-07-18,1.0027943,1.0082222,0.9997867,1.0034804,5560.083057918549,5590.178851698637,5543.407200207114,5563.887581868172,1.0027943,1.0082222,0.9997867,1.0034804,4157.986632752928,4180.493053490049,4145.516055311065,4160.831782183203
2024-07-19,1.0026793,1.008191,0.999625,1.0033869,5519.749810695648,5550.091397166252,5502.935774624348,5523.644637465477,1.0026793,1.008191,0.999625,1.0033869,4160.210005628208,4183.078095729631,4147.537361218811,4163.145448913115
2024-07-22,1.0032833,1.0083308,1.0003301,1.003628,5582.679417312145,5610.766109194756,5566.246759005785,5584.597765829563,1.0032833,1.0083308,1.0003301,1.003628,4162.067582308044,4183.006901224382,4149.816470712133,4163.498003283704
2024-07-23,1.0028855,1.0081893,0.9997913,1.0033128,5571.770870282649,5601.237735831737,5554.580651170015,5574.145200791359,1.0028855,1.0081893,0.9997913,1.0033128,4163.925158987879,4185.946497421304,4151.078385477927,4165.699712339684
2024-07-24,1.0025262,1.0081631,0.9993294,1.0032763,5440.83982072711,5471.432175165415,5423.4905022650955,5444.911167140007,1.0025262,1.0081631,0.9993294,1.0032763,4165.782735667714,4189.205867883838,4152.49918225857,4168.8998938698605
2024-07-25,1.0023347,1.0085473,0.99894303,1.0036705,5411.825634176731,5445.368785829544,5393.513190940619,5419.037588782311,1.0023347,1.0085473,0.99894303,1.0036705,4167.640312347549,4193.472046337289,4153.538035752197,4173.194279233561
2024-07-26,1.0022326,1.0082458,0.99878937,1.0032501,5471.287722301484,5504.114787447453,5452.491050094366,5476.8427413940435,1.0022326,1.0082458,0.99878937,1.0032501,4169.497889027385,4194.514554277763,4155.173610235972,4173.731203246007
2024-07-29,1.002738,1.0084124,0.9994138,1.003258,5478.499166851044,5509.50127161026,5460.33720903039,5481.340158047676,1.002738,1.0084124,0.9994138,1.003258,4171.731500326627,4195.338765598827,4157.901581565572,4173.894795121952
2024-07-30,1.0034873,1.0088221,0.999914,1.0040694,5455.3987611866,5484.400727477073,5435.972414500713,5458.563307261466,1.0034873,1.0088221,0.999914,1.0040694,4173.965111625869,4196.154487283065,4159.1017875997695,4176.386313598016
2024-07-31,1.0025986,1.0083696,0.9991718,1.0034312,5536.650487911701,5568.519248855114,5517.72639502883,5541.2481211781505,1.0025986,1.0083696,0.9991718,1.0034312,4176.198722925111,4200.237008578278,4161.924606196363,4179.666688087375
2024-08-01,1.0017864,1.0080254,0.9987615,1.0029805,5456.409683375359,5490.391828107834,5439.93415112257,5462.913669919968,1.0017864,1.0080254,0.9987615,1.0029805,4178.432334224353,4204.455485964096,4165.815508904856,4183.412915616393
2024-08-02,1.0026785,1.008839,0.99901193,1.0036924,5360.880833282471,5393.81830368042,5341.277244796754,5366.301576843262,1.0026785,1.008839,0.99901193,1.0036924,4180.665945523595,4206.352152678856,4165.378067223416,4184.893155634013
2024-08-05,1.001031,1.008149,0.99752146,1.0032818,5191.677319623232,5228.59354747653,5173.475473933816,5203.350662415028,1.001031,1.008149,0.99752146,1.0032818,4183.888831911481,4213.638773862023,4169.220346920108,4193.296413139203
2024-08-06,1.000853,1.0082191,0.9970699,1.0029789,5244.49944411397,5283.098450499773,5224.676163298487,5255.63963507533,1.000853,1.0082191,0.9970699,1.0029789,4187.111718299367,4217.928284096229,4171.285153891067,4196.005940524124
2024-08-07,1.0048722,1.0111247,1.0000836,1.0057685,5224.833018839359,5257.343034207821,5199.9344999194145,5229.493510842323,1.0048722,1.0111247,1.0000836,1.0057685,4190.334604687253,4216.4079061248995,4170.36602040934,4194.072563815499
2024-08-08,1.0022098,1.0088166,0.99838525,1.0037344,5331.064518684149,5366.208227726222,5310.720647200942,5339.174166386128,1.0022098,1.0088166,0.99838525,1.0037344,4193.557491075138,4221.202569883977,4177.5543398485825,4199.936855463558
2024-08-09,1.0038545,1.0093323,0.9995472,1.0044466,5364.759135093689,5394.0333002662655,5341.740076246261,5367.923479251862,1.0038545,1.0093323,0.9995472,1.0044466,4196.780377463025,4219.681390572515,4178.772751775139,4199.25583814824
2024-08-12,1.0025243,1.0086766,0.99856085,1.003665,5357.8806122982505,5390.761391552687,5336.698598962426,5363.977031145097,1.0025243,1.0086766,0.99856085,1.003665,4199.995674700645,4225.770603906252,4183.391172910149,4204.774650987893
2024-08-13,1.0033685,1.009154,0.99928385,1.0041636,5452.7358605802065,5484.1765664470195,5430.538134004474,5457.056916958094,1.0033685,1.009154,0.99928385,1.0041636,4203.210971938265,4227.446829842423,4186.099962211001,4206.542030743426
2024-08-14,1.0030031,1.0082775,0.99956614,1.0036688,5471.59265255928,5500.365694099664,5452.843190537095,5475.223993139267,1.0030031,1.0082775,0.99956614,1.0036688,4206.426269175886,4228.54651630296,4192.012230147306,4209.217813975751
2024-08-15,1.0034271,1.0085179,0.99989134,1.0039392,5562.217434589863,5590.436379482747,5542.617677775622,5565.055584840775,1.0034271,1.0085179,0.99989134,1.0039392,4209.641566413506,4230.998378626381,4194.808021317393,4211.789391881599
2024-08-16,1.0038307,1.0086317,0.9999767,1.004037,5575.526506125927,5602.192654371262,5554.120555892587,5576.672632724047,1.0038307,1.0086317,0.9999767,1.004037,4212.856863651126,4233.005595999769,4196.682634488106,4213.722676576576
2024-08-19,1.0046042,1.009308,1.0006523,1.0048411,5634.071619004011,5660.451481848955,5611.90833568573,5635.400038778782,1.0046042,1.009308,1.0006523,1.0048411,4215.528931082188,4235.266810099317,4198.94593671688,4216.522935835501
2024-08-20,1.0044364,1.0085639,1.0011073,1.004489,5621.950916023255,5645.053042488098,5603.317887382507,5622.245163879395,1.0044364,1.0085639,1.0011073,1.004489,4218.200998513249,4235.53469757509,4204.220546302207,4218.42174911196
2024-08-21,1.0043111,1.0085495,1.0008413,1.0041912,5645.081960701943,5668.905186307431,5625.578596025705,5644.407882821561,1.0043111,1.0085495,1.0008413,1.0041912,4220.873065944311,4238.685690805014,4206.290271850559,4220.369143913917
2024-08-22,1.0036647,1.0085541,1.0003197,1.0037525,5591.054902553558,5618.29181714058,5572.421041202546,5591.543659572601,1.0036647,1.0085541,1.0003197,1.0037525,4223.545133375372,4244.120081194531,4209.468928709908,4223.914188477573
2024-08-23,1.0031713,1.0083117,1.0001583,1.0036443,5652.479178036451,5681.443461241722,5635.502014751434,5655.144475125074,1.0031713,1.0083117,1.0001583,1.0036443,4226.2172008064335,4247.873230790987,4213.523850208298,4228.2097470106655
2024-08-26,1.0039304,1.0085632,1.0006794,1.003963,5638.916705889702,5664.937904648781,5620.655933604241,5639.099501094818,1.0039304,1.0085632,1.0006794,1.003963,4229.039613535978,4248.55490420637,4215.344628491772,4229.176739835702
2024-08-27,1.0031369,1.0080805,1.0001799,1.0034378,5643.447421503067,5671.259178352356,5626.812007260322,5645.140136098862,1.0031369,1.0080805,1.0001799,1.0034378,4231.862026265522,4252.717116426586,4219.387564679705,4233.131291065843
2024-08-28,1.0031666,1.0083243,0.99960285,1.0035772,5609.887953135967,5638.730790932179,5589.959089490176,5612.184527263642,1.0031666,1.0083243,0.99960285,1.0035772,4234.684438995067,4256.456550073498,4219.640990036425,4236.417969321375
2024-08-29,1.0025431,1.0079222,0.9996944,1.0032713,5606.180867476463,5636.260471992493,5590.251136090756,5610.25320982933,1.0025431,1.0079222,0.9996944,1.0032713,4237.506851724611,4260.243156232972,4225.4660920040815,4240.585236929213
2024-08-30,1.0033392,1.0084484,0.99992067,1.0037521,5667.260975790024,5696.11972990036,5647.951891064644,5669.593431615829,1.0033392,1.0084484,0.99992067,1.0037521,4240.329264454155,4261.9216317289665,4225.881950822696,4242.074204332249
2024-09-03,1.0025634,1.0082312,0.9992803,1.0033268,5543.102623370886,5574.4395241832735,5524.950684853196,5547.323498600722,1.0025634,1.0082312,0.9992803,1.0033268,4242.174189589458,4266.156312319821,4228.282430076078,4245.404643166869
2024-09-04,1.0025991,1.008565,0.9990873,1.0037022,5534.417325111627,5567.34911822319,5515.031689000725,5540.506202754974,1.0025991,1.008565,0.9990873,1.0037022,4244.0191147247615,4269.272436147277,4229.153476272237,4248.688310425621
2024-09-05,1.0022196,1.0080696,0.9989093,1.0033038,5515.625136383772,5547.820506860017,5497.407401023507,5521.591980221271,1.0022196,1.0080696,0.9989093,1.0033038,4245.864039860065,4270.64750008514,4231.840240565545,4250.457318764232
2024-09-06,1.0017633,1.0084492,0.9983099,1.0031701,5417.956903934479,5454.116805040836,5399.27928505063,5425.565408756733,1.0017633,1.0084492,0.9983099,1.0031701,4247.708964995368,4276.058392470609,4233.065609184223,4253.673960809649
2024-09-09,1.0021755,1.0086292,0.9987083,1.0035262,5482.951997500658,5518.260800212622,5463.983087077737,5490.342075514794,1.0021755,1.0086292,0.9987083,1.0035262,4249.553890130671,4276.919682064787,4234.851995820861,4255.281354840169
2024-09-10,1.0027542,1.0085888,0.99905723,1.0036047,5510.65582397461,5542.719872131348,5490.339006929398,5515.329428901673,1.0027542,1.0085888,0.99905723,1.0036047,4251.754906287563,4276.494190442443,4236.0793436835875,4255.3606278093375
2024-09-11,1.001373,1.0080453,0.9981647,1.0026357,5561.75611262083,5598.814729524851,5543.936579540372,5568.76911703825,1.001373,1.0080453,0.9981647,1.0026357,4253.9559224444565,4282.300388216264,4240.32655195181,4259.319636160927
2024-09-12,1.001977,1.0081517,0.99848765,1.0029943,5606.822632064819,5641.374679403305,5587.297259907723,5612.515378208161,1.001977,1.0081517,0.99848765,1.0029943,4256.156938601349,4282.385608833763,4241.335291843163,4260.478238231283
2024-09-13,1.0018669,1.0079911,0.9987709,1.0029724,5636.523423120976,5670.977950673104,5619.105017298461,5642.7425817060475,1.0018669,1.0079911,0.9987709,1.0029724,4258.357954758242,4284.387997030588,4245.198511229447,4263.056631967767
2024-09-16,1.0025897,1.0081555,0.99932295,1.003343,5647.678027853966,5679.030469046831,5629.276121147275,5651.921341608763,1.0025897,1.0081555,0.99932295,1.003343,4260.5589709151345,4284.210774665838,4246.676843144646,4263.760253320234
2024-09-17,1.0030723,1.008635,0.99937373,1.0037992,5651.890904951096,5683.234846773147,5631.05125410676,5655.986896662712,1.0030723,1.008635,0.99937373,1.0037992,4263.690163367529,4287.335460667155,4247.969072502628,4266.779945665511
2024-09-18,1.0031896,1.008432,0.99961835,1.0035925,5636.179798440933,5665.633340675831,5616.115799270869,5638.443549327851,1.0031896,1.008432,0.99961835,1.0035925,4266.821355819922,4289.118815395465,4251.631952197989,4268.534979957295
2024-09-19,1.0037897,1.0086306,1.0003856,1.0040381,5735.2927719020845,5762.9523319578175,5715.843419852257,5736.712223825455,1.0037897,1.0086306,1.0003856,1.0040381,4269.952548272317,4290.5453808725415,4255.4725129505205,4271.009269660443
2024-09-20,1.0036547,1.0086747,0.9999202,1.003949,5723.391214406491,5752.018143099546,5702.094875952602,5725.069633036852,1.0036547,1.0086747,0.9999202,1.003949,4273.08374072471,4294.456779921837,4257.183856102481,4274.33684326594
2024-09-23,1.0036746,1.0088514,1.0001558,1.0039462,5739.583608008623,5769.187401727438,5719.460990613698,5741.136535795927,1.0036746,1.0088514,1.0001558,1.0039462,4276.214933177104,4298.270915708863,4261.222757933639,4277.372098692326
2024-09-24,1.0036125,1.0085324,1.0000643,1.0037644,5753.640314598084,5781.845680021048,5733.2983625781535,5754.510989782811,1.0036125,1.0085324,1.0000643,1.0037644,4279.254557200965,4300.23199540063,4264.125213732124,4279.901908231444
2024-09-25,1.003359,1.0083469,1.0002328,1.0036714,5741.4808433175085,5770.0232192301755,5723.592232210636,5743.268749423028,1.003359,1.0083469,1.0002328,1.0036714,4282.2941812248255,4303.5826038028545,4268.952034265462,4283.627579137967
2024-09-26,1.0034082,1.0084203,1.0002469,1.0036553,5764.951333196163,5793.748015750646,5746.788430956602,5766.371133955717,1.0034082,1.0084203,1.0002469,1.0036553,4285.333805248686,4306.7395089253305,4271.832508354265,4286.389224651005
2024-09-27,1.0032996,1.0082697,1.0000854,1.0035648,5757.103630875349,5785.622758678198,5738.65977490902,5758.625626926422,1.0032996,1.0082697,1.0000854,1.0035648,4288.373429272547,4309.616924957817,4274.634809977786,4289.507301813274
2024-09-30,1.0035541,1.0084206,1.0003743,1.0036459,5782.960463352203,5811.003461790085,5764.63699520111,5783.489408035278,1.0035541,1.0084206,1.0003743,1.0036459,4291.413053296407,4312.222954078753,4277.815610997269,4291.805432319468
2024-10-01,1.0034122,1.0082791,1.000336,1.0037526,5728.22966337204,5756.013227403164,5710.668431073427,5730.172593742609,1.0034122,1.0082791,1.000336,1.0037526,4294.315430283933,4315.144012560273,4281.150324712114,4295.7718492033955
2024-10-02,1.0038347,1.008797,1.0003878,1.0040492,5731.434512500763,5759.7671061301235,5711.754090063572,5732.658966243267,1.0038347,1.008797,1.0003878,1.0040492,4297.217807271459,4318.4605483832065,4282.462175546916,4298.135792032534
2024-10-03,1.0034205,1.0084702,1.0000231,1.0036972,5719.43648599863,5748.219504396915,5700.071820244789,5721.013572535515,1.0034205,1.0084702,1.0000231,1.0036972,4300.1201842589835,4321.760708372004,4285.560913701423,4301.305861070463
2024-10-04,1.0032889,1.0083514,1.000172,1.0037079,5769.984493349791,5799.099745935201,5752.05929333806,5772.394310455322,1.0032889,1.0083514,1.000172,1.0037079,4303.022561246509,4324.735656195636,4289.654560327004,4304.819461045861
2024-10-07,1.0033816,1.0087372,1.0000153,1.0037392,5715.201447188854,5745.7066037583345,5696.026913146972,5717.238474071026,1.0033816,1.0087372,1.0000153,1.0037392,4305.924938234035,4328.908225700731,4291.478447056755,4307.459723929745
2024-10-08,1.0032684,1.0084203,1.0000333,1.0036473,5769.926769524813,5799.556516956091,5751.321279085874,5772.106254162789,1.0032684,1.0084203,1.0000333,1.0036473,4308.8141338082405,4330.94066379296,4294.920139964155,4310.44189278685
2024-10-09,1.0034542,1.0086432,0.99998456,1.0037056,5812.046913070679,5842.101472434998,5791.950584785938,5813.503103699684,1.0034542,1.0086432,0.99998456,1.0037056,4311.703329382446,4333.999408424636,4296.794644780614,4312.783747062991
2024-10-10,1.0028466,1.0082202,0.99962884,1.0033041,5796.503482383489,5827.563142561913,5777.904687491059,5799.148001223803,1.0028466,1.0082202,0.99962884,1.0033041,4314.592524956651,4337.7115715737145,4300.748562716225,4316.560902259895
2024-10-11,1.003669,1.0085596,1.0002407,1.0037537,5836.3654818034165,5864.804241338968,5816.429582096338,5836.857657775879,1.003669,1.0085596,1.0002407,1.0037537,4317.481720530856,4338.519426110459,4302.733967242099,4317.845602068343
2024-10-14,1.0033549,1.0082631,1.0002445,1.0035751,5879.509251993895,5908.270591664314,5861.282723087073,5880.799471175671,1.0033549,1.0082631,1.0002445,1.0035751,4320.370916105062,4341.505104344919,4306.9776039282015,4321.3190832928185
2024-10-15,1.0028425,1.0082799,1.0000145,1.0034509,5831.790141198635,5863.409885394573,5815.344574427605,5835.327709264756,1.0028425,1.0082799,1.0000145,1.0034509,4323.882585389688,4347.32665997647,4311.689171841221,4326.505695025643
2024-10-16,1.0037591,1.0084908,1.0004818,1.0038079,5864.432696192265,5892.077249286175,5845.285158813,5864.717555161715,1.0037591,1.0084908,1.0004818,1.0038079,4327.394254674315,4347.793127885769,4313.265211900916,4327.60421197136
2024-10-17,1.003717,1.0085998,1.000297,1.0037876,5863.182426495552,5891.705229229928,5843.204626504183,5863.595366486311,1.003717,1.0085998,1.000297,1.0037876,4330.905923958941,4351.974450339589,4316.148972147088,4331.21104793196
2024-10-18,1.0037727,1.0085489,1.0005876,1.00383,5886.795849266053,5914.806218036413,5868.115977977514,5887.1314283752445,1.0037727,1.0085489,1.0005876,1.00383,4334.417593243567,4355.041270475443,4320.663738646266,4334.664577201999
2024-10-21,1.0040641,1.0086561,1.0007862,1.0039823,5877.771061182022,5904.652894685268,5858.582312815189,5877.292336907386,1.0040641,1.0086561,1.0007862,1.0039823,4337.929262528193,4357.768627552389,4323.767632634537,4337.576068567251
2024-10-22,1.0039474,1.0085812,1.000765,1.0038381,5874.296893501281,5901.410092163086,5855.67596912384,5873.657270050048,1.0039474,1.0085812,1.000765,1.0038381,4341.199745524649,4361.236749488504,4327.438601550197,4340.726998917878
2024-10-23,1.0033609,1.0084051,1.0002937,1.0036454,5816.904360463619,5846.147833263874,5799.122885971069,5818.5540312480925,1.0033609,1.0084051,1.0002937,1.0036454,4344.470228521105,4366.311158324619,4331.189687808037,4345.702315498307
2024-10-24,1.0034523,1.0084636,1.0003065,1.0037826,5829.9173856353755,5859.032453913688,5811.640647046565,5831.83655053854,1.0034523,1.0084636,1.0003065,1.0037826,4347.74071151756,4369.453479789436,4334.110692659665,4349.1717131932255
2024-10-25,1.0033039,1.0084149,1.0000402,1.003516,5827.309363217354,5856.994543032646,5808.353332686424,5828.5411105442045,1.0033039,1.0084149,1.0000402,1.003516,4351.011194514016,4373.175987692475,4336.8574286596695,4351.930815844262
2024-10-28,1.0037696,1.0084369,1.000666,1.0038476,5845.472551536561,5872.652562217713,5827.39859418869,5845.926569900513,1.0037696,1.0084369,1.000666,1.0038476,4354.281677510472,4374.528035050519,4340.818537515184,4354.620111688555
2024-10-29,1.0035998,1.0083631,1.000493,1.0037851,5853.91712911129,5881.701454873085,5835.795918998719,5854.998380088806,1.0035998,1.0083631,1.000493,1.0037851,4356.670545262576,4377.348688496784,4343.184178706395,4357.475027087762
2024-10-30,1.0038301,1.0087429,1.000456,1.0039895,5835.936793659926,5864.498501161337,5816.320891274214,5836.863392779827,1.0038301,1.0087429,1.000456,1.0039895,4359.059413014679,4380.393248640485,4344.407632980452,4359.751573995159
2024-10-31,1.0023692,1.0081154,0.99930054,1.0031915,5718.967154848576,5751.7520705759525,5701.459263053536,5723.658778786659,1.0023692,1.0081154,0.99930054,1.0031915,4361.448280766783,4386.450961351427,4348.096342927485,4365.026405655708
2024-11-01,1.0032012,1.0087004,0.9998053,1.0039593,5747.139299583435,5778.642684173584,5727.684440088272,5751.482027149201,1.0032012,1.0087004,0.9998053,1.0039593,4363.837148518886,4387.757961554892,4349.0650073498255,4367.134759241007
2024-11-04,1.0027431,1.0083827,0.99944896,1.0034935,5728.360622538327,5760.577640966177,5709.542051076292,5732.647553522586,1.0027431,1.0083827,0.99944896,1.0034935,4366.22601627099,4390.78243578918,4351.882223289318,4369.493682006491
2024-11-05,1.0040853,1.009064,1.000678,1.0042284,5806.384323034286,5835.174700250625,5786.680382990838,5807.211553487778,1.0040853,1.009064,1.000678,1.0042284,4369.197728719265,4390.861920242858,4354.370981880626,4369.820143223056
2024-11-06,1.0025033,1.008221,0.99910396,1.0032766,5943.882022771835,5977.7828171062465,5923.727363009452,5948.467012615204,1.0025033,1.008221,0.99910396,1.0032766,4372.16944116754,4397.105887684437,4357.344076378854,4375.5421471580685
2024-11-07,1.0034058,1.008284,1.0002095,1.0036266,5993.443240141869,6022.58099757433,5974.3510701060295,5994.761954903603,1.0034058,1.008284,1.0002095,1.0036266,4375.141153615814,4396.411310300542,4361.2040949397,4376.103948702862
2024-11-08,1.0035878,1.0085582,1.0002562,1.0038724,6017.051050150394,6046.850755269527,5997.075942013264,6018.75709649086,1.0035878,1.0085582,1.0002562,1.0038724,4378.112866064089,4399.795688651654,4363.578668364762,4379.353972144561
2024-11-11,1.0034031,1.0081639,1.0004653,1.00372,6021.772999674082,6050.344595217705,6004.142271262408,6023.675292599201,1.0034031,1.0081639,1.0004653,1.00372,4381.084578512364,4401.871809050965,4368.257464908945,4382.4685833595395
2024-11-12,1.002862,1.0081611,1.0000125,1.0035458,6001.116039495468,6032.825749077797,5984.06490145564,6005.207799015045,1.002862,1.0081611,1.0000125,1.0035458,4384.400340766609,4407.567300660846,4371.9427098793185,4387.389963115059
2024-11-13,1.0040151,1.0085431,1.0009003,1.0040377,6009.41182790041,6036.513901798725,5990.768449401856,6009.547395350934,1.0040151,1.0085431,1.0009003,1.0040377,4387.7161030208545,4407.504377262479,4374.1038186319465,4387.814960703019
2024-11-14,1.0037549,1.0085355,1.0005109,1.0039042,5971.508265974522,5999.949166361093,5952.209615466595,5972.396888974905,1.0037549,1.0085355,1.0005109,1.0039042,4391.031865275099,4411.945334603185,4376.841087273838,4391.685133107839
2024-11-15,1.004071,1.0086943,1.0007981,1.0041112,5894.519277806282,5921.660879304409,5875.305378181934,5894.755121338368,1.004071,1.0086943,1.0007981,1.0041112,4394.347627529345,4414.581744019345,4380.023815479319,4394.523640141074
2024-11-18,1.0037842,1.0085297,1.0006573,1.0039923,5915.9225170898435,5943.890592956543,5897.493994431496,5917.149211735726,1.0037842,1.0085297,1.0006573,1.0039923,4397.66338978359,4418.453792042467,4383.964413500703,4398.575047192642
2024-11-19,1.0037781,1.0086321,1.0004708,1.003868,5939.334942219257,5968.055749251842,5919.7654626202575,5939.86678289175,1.0037781,1.0086321,1.0004708,1.003868,4400.618334091734,4421.898513440016,4386.118802054341,4401.012304625213
2024-11-20,1.0030787,1.0083508,1.0002476,1.0034595,5935.327001302242,5966.522893023491,5918.575062793493,5937.579967389106,1.0030787,1.0083508,1.0002476,1.0034595,4403.573278399878,4426.718184663784,4391.144636968619,4405.244709144816
2024-11-21,1.0031524,1.008212,1.0000681,1.0034873,5967.462537636757,5997.560630017519,5949.114919792414,5969.455225231647,1.0031524,1.008212,1.0000681,1.0034873,4406.528222708023,4428.753627578864,4392.979971000949,4407.999585483803
2024-11-22,1.002936,1.0081068,1.0001478,1.0033153,5986.866015622616,6017.732411077022,5970.222384967804,5989.1303293061255,1.002936,1.0081068,1.0001478,1.0033153,4409.4831670161675,4432.217062495642,4397.224714577288,4411.151058767569
2024-11-25,1.0033597,1.0082978,1.0002729,1.0035424,6007.485619744062,6037.0520048797125,5989.003774033785,6008.57979868412,1.0033597,1.0082978,1.0002729,1.0035424,4412.438111324312,4434.154170463805,4398.8632730963245,4413.241844844117
2024-11-26,1.0034126,1.0081736,1.000326,1.0035641,6042.179440623522,6070.848304270506,6023.5932766306405,6043.091807935238,1.0034126,1.0081736,1.000326,1.0035641,4415.904790732444,4436.857235104709,4402.321129746013,4416.571760910316
2024-11-27,1.0035312,1.0084034,1.0002543,1.0037237,6019.9228561162945,6049.149934380054,6000.265320103168,6021.077751553058,1.0035312,1.0084034,1.0002543,1.0037237,4419.371470140576,4440.827680976083,4404.940275716444,4420.2191398249215
2024-11-29,1.0040971,1.0085455,1.0007963,1.0040996,6057.095288665295,6083.9298113989835,6037.183693103791,6057.1103900957105,1.0040971,1.0085455,1.0007963,1.0040996,4422.838149548709,4442.432623028675,4408.2988857266355,4422.849221659975
2024-12-02,1.0043476,1.0088519,1.0008987,1.004216,6073.440364325046,6100.678681188821,6052.584687596559,6072.644516718387,1.0043476,1.0088519,1.0008987,1.004216,4426.304828956841,4446.155799936792,4411.1051513818575,4425.7249342941
2024-12-03,1.0039283,1.0085908,1.0007273,1.0039504,6073.6457661008835,6101.853414683342,6054.280052771568,6073.779188451767,1.0039283,1.0085908,1.0007273,1.0039504,4429.771508364974,4450.3445841594785,4415.647222364932,4429.868673229221
2024-12-04,1.004199,1.0087929,1.0008105,1.0042137,6112.0473420238495,6140.007759132385,6091.423124245405,6112.136586660146,1.004199,1.0087929,1.0008105,1.0042137,4432.4821968494925,4452.759280282656,4417.52550307336,4432.546660802036
2024-12-05,1.0037255,1.0086313,1.0003732,1.0038278,6097.742996764183,6127.546392253637,6077.377500091791,6098.364368555545,1.0037255,1.0086313,1.0003732,1.0038278,4435.1928853340105,4456.870249242145,4420.38010811615,4435.644937678924
2024-12-06,1.003718,1.0084015,1.0006402,1.0037825,6112.913736723662,6141.43748318553,6094.168710000516,6113.306511790753,1.003718,1.0084015,1.0006402,1.0037825,4437.903573818529,4458.611231356753,4424.294830558489,4438.188726018548
2024-12-09,1.003354,1.0082225,1.0003783,1.003586,6073.150976604224,6102.619321531058,6055.139497023822,6074.5558460354805,1.003354,1.0082225,1.0003783,1.003586,4440.614262303047,4462.160902975555,4427.444518058865,4441.641225497521
2024-12-10,1.0030596,1.0081847,1.0001363,1.0034412,6053.374565284252,6084.303755290508,6035.732294012308,6055.677420169115,1.0030596,1.0081847,1.0001363,1.0034412,4443.324950787566,4466.027805744635,4430.3751969789655,4445.015177571076
2024-12-11,1.0032313,1.0083449,1.0001144,1.0036058,6103.849764068126,6134.961888301372,6084.886280288696,6106.128631429672,1.0032313,1.0083449,1.0001144,1.0036058,4446.473296120009,4469.137641050121,4432.658848354244,4448.133446929708
2024-12-12,1.0032032,1.0082188,1.000383,1.0036142,6070.633083283901,6100.983803272247,6053.567746430635,6073.120350539684,1.0032032,1.0082188,1.000383,1.0036142,4449.6216414524515,4471.868137133561,4437.113159385116,4451.444750790934
2024-12-13,1.0036358,1.0084237,1.0005646,1.0038599,6073.09033592105,6102.062482284307,6054.506295318603,6074.446466664076,1.0036358,1.0084237,1.0005646,1.0038599,4452.769986784894,4474.012534070587,4439.144319787965,4453.764196811784
2024-12-16,1.0036258,1.0083295,1.0004858,1.0038182,6096.10309885025,6124.674114284515,6077.030653553009,6097.27177488327,1.0036258,1.0083295,1.0004858,1.0038182,4455.918332117337,4476.80194346587,4441.977333011595,4456.772480586075
2024-12-17,1.0035428,1.0084983,1.0003029,1.00369,6072.0459853971,6102.029965778589,6052.4427951443195,6072.93677721262,1.0035428,1.0084983,1.0003029,1.00369,4459.0666774497795,4481.085577245789,4444.670910743468,4459.721030481885
2024-12-18,1.0013614,1.0077838,0.9985729,1.0027993,5880.154182968139,5917.867546138763,5863.779758195877,5888.597776222229,1.0013614,1.0077838,0.9985729,1.0027993,4461.925525116122,4490.54296880908,4449.500537644548,4468.33282831536
2024-12-19,1.0019685,1.0080689,0.998841,1.0032575,5878.629364571571,5914.420994353294,5860.279982011318,5886.1920896434785,1.0019685,1.0080689,0.998841,1.0032575,4464.784372782464,4491.967659004817,4450.84810182822,4470.528347581509
2024-12-20,1.0013016,1.0078448,0.99813944,1.0027503,5938.569868558646,5977.376365989447,5919.815303733945,5947.161483424902,1.0013016,1.0078448,0.99813944,1.0027503,4467.6432204488065,4496.837909056898,4453.533989907085,4474.106666842221
2024-12-23,1.0029379,1.0083691,0.9996744,1.0033486,5991.621297563314,6024.0675185811515,5972.124722284674,5994.074704749584,1.0029379,1.0083691,0.9996744,1.0033486,4470.502068115148,4494.711269146865,4455.955070603486,4472.332666779906
2024-12-24,1.0032057,1.0085802,0.9997191,1.0036156,6059.402296538353,6091.8647984695435,6038.3432519507405,6061.878475847244,1.0032057,1.0085802,0.9997191,1.0036156,4473.360915781491,4497.326431027422,4457.814073666721,4475.188952235131
2024-12-26,1.0030577,1.0082414,0.9998115,1.003503,6056.051249291897,6087.348284933567,6036.45173622787,6058.7394662940505,1.0030577,1.0082414,0.9998115,1.003503,4475.837510559203,4498.967931234511,4461.352118625831,4477.824493249218
2024-12-27,1.0019147,1.0080074,0.9988671,1.0030826,5982.272603845597,6018.650947136879,5964.075602624416,5989.2459085321425,1.0019147,1.0080074,0.9988671,1.0030826,4478.3141053369145,4505.546666546991,4464.6919523088045,4483.534155591019
2024-12-30,1.0024815,1.0084602,0.9990402,1.0033928,5921.59783870697,5956.91368155241,5901.270438684224,5926.981158120631,1.0024815,1.0084602,0.9990402,1.0033928,4480.790700114627,4507.513784318351,4465.409262693722,4484.864142320899
2024-12-31,1.0016252,1.0079343,0.99831647,1.002851,5891.18870888114,5928.296804497242,5871.728080673814,5898.398582234383,1.0016252,1.0079343,0.99831647,1.002851,4483.267294892338,4511.506945689564,4468.4574982758895,4488.75392891426
2025-01-02,1.0027682,1.0082167,0.99945,1.0035243,5884.795078986884,5916.770341902971,5865.322461482882,5889.232550930977,1.0027682,1.0082167,0.99945,1.0035243,4485.7438896700505,4510.117445627267,4470.9007791065915,4489.12613498443
2025-01-03,1.0035307,1.0085725,1.000189,1.0039785,5963.451320912838,5993.41158174634,5943.5928102386,5966.1120623993875,1.0035307,1.0085725,1.000189,1.0039785,4487.794091810024,4510.340573205416,4472.849504572467,4489.796547197812
2025-01-06,1.0036985,1.0088736,1.0002238,1.0040467,5997.479752962589,6028.403023731708,5976.717026150227,5999.5604420328145,1.0036985,1.0088736,1.0002238,1.0040467,4489.844293949996,4512.994111583855,4474.300913782697,4491.40181659206
2025-01-07,1.0036103,1.0087609,1.00026,1.0039899,5930.3630952584745,5960.798592925072,5910.566320976019,5932.6066451478,1.0036103,1.0087609,1.00026,1.0039899,4491.89449608997,4514.94778953814,4476.899574218069,4493.594095490799
2025-01-08,1.0028727,1.0086222,0.99920195,1.0038089,5935.2513890862465,5969.2781546115875,5913.526960775256,5940.791762083769,1.0028727,1.0086222,0.99920195,1.0038089,4493.944698229942,4519.708542294092,4477.495684879122,4498.13992119564
2025-01-10,1.0022852,1.008356,0.9988709,1.0032833,5840.356197013855,5875.730601444245,5820.460742826462,5846.1717004776,1.0022852,1.008356,0.9988709,1.0032833,4495.994900369916,4523.2267134303065,4480.67918287865,4500.471810651429
2025-01-13,1.0025961,1.008271,0.9993467,1.0034498,5851.371643652917,5884.49125263691,5832.407042747736,5856.353777925969,1.0025961,1.008271,0.9993467,1.0034498,4498.939274166459,4524.404063518482,4484.357932305445,4502.769638429051
2025-01-14,1.0028772,1.0081769,0.99963015,1.0036157,5859.721427564621,5890.6870239865775,5840.749018312096,5864.036425648927,1.0028772,1.0081769,0.99963015,1.0036157,4501.883647963002,4525.673530650398,4487.30752152814,4505.198636015068
2025-01-15,1.0029652,1.0083983,0.9995279,1.0035834,5967.552743747234,5999.879096124172,5947.100878563523,5971.231093392372,1.0029652,1.0083983,0.9995279,1.0035834,4504.828021759546,4529.230627071031,4489.389041512575,4507.604938466169
2025-01-16,1.0035453,1.0086855,0.99988097,1.003871,5958.3895581150055,5988.90858623743,5936.633275595904,5960.323229694367,1.0035453,1.0086855,0.99988097,1.003871,4507.772395556089,4530.86150122414,4491.312803156982,4509.235112190446
2025-01-17,1.0032744,1.0084597,0.99977976,1.0037847,6016.295707960128,6047.389868042469,5995.339300624132,6019.355298395157,1.0032744,1.0084597,0.99977976,1.0037847,4510.716769352632,4534.029591400734,4495.004610195775,4513.010680063212
2025-01-21,1.0033838,1.0083249,0.9999637,1.0037433,6069.709150233269,6099.5990853405,6049.020417253971,6071.884065051078,1.0033838,1.0083249,0.9999637,1.0037433,4513.55850852827,4535.785150711192,4498.174082214024,4515.175911186331
2025-01-22,1.003143,1.0082611,0.9999581,1.0036657,6105.499174357653,6136.650017212629,6086.114968526959,6108.680719192028,1.003143,1.0082611,0.9999581,1.0036657,4516.4002477039085,4539.44309512287,4502.061124002205,4518.753580400193
2025-01-23,1.0032766,1.0084125,1.0000216,1.0036868,6138.7584827828405,6170.183527668714,6118.8420226800445,6141.268372517824,1.0032766,1.0084125,1.0000216,1.0036868,4519.241986879548,4542.376372155458,4504.579758066982,4521.0898500786625
2025-01-24,1.0032548,1.0081466,1.0001767,1.0036399,6121.098140435219,6150.944628033638,6102.317894887924,6123.44812584877,1.0032548,1.0081466,1.0001767,1.0036399,4522.083726055186,4544.1334857586835,4508.209568524225,4523.820084659811
2025-01-27,1.00315,1.0081582,0.9999133,1.0035495,6031.218599433899,6061.329424419403,6011.758586471081,6033.62032690525,1.00315,1.0081582,0.9999133,1.0035495,4524.925465230825,4547.5160879520035,4510.325708913455,4526.727105151759
2025-01-28,1.0036024,1.0084177,1.000075,1.003881,6089.558194625378,6118.776233398914,6068.154972183705,6091.2486079692835,1.0036024,1.0084177,1.000075,1.003881,4527.645294215656,4549.369183977447,4511.731677337307,4528.902342571024
2025-01-29,1.0035028,1.008488,1.0000082,1.003778,6060.464771451951,6090.572019864321,6039.359675987959,6062.126397252083,1.0035028,1.008488,1.0000082,1.003778,4530.365123200487,4552.871110579935,4514.588573484313,4531.6072648982945
2025-01-30,1.0034325,1.0084286,1.0003521,1.0037348,6092.009365599156,6122.3413032341,6073.307927553654,6093.844769890308,1.0034325,1.0084286,1.0003521,1.0037348,4533.084952185318,4555.655247423565,4519.1692063135115,4534.450507194465
2025-01-31,1.0030589,1.0083646,0.999744,1.003564,6059.007439856529,6091.056364864111,6038.983612545132,6062.058449703455,1.0030589,1.0083646,0.999744,1.003564,4535.804781170149,4559.796627486641,4520.814946379205,4538.088740486839
2025-02-03,1.0030054,1.0083503,0.99978954,1.0035427,6012.585993150472,6044.62617675662,5993.308358815312,6015.80673334837,1.0030054,1.0083503,0.99978954,1.0035427,4538.52461015498,4562.709925182592,4523.97322229034,4540.955477239653
2025-02-04,1.0030828,1.0083685,0.99982065,1.0035117,6056.493288021088,6088.40795124054,6036.7971039509775,6059.083025465012,1.0030828,1.0083685,0.99982065,1.0035117,4541.544230758804,4565.476022681428,4526.774724615804,4543.486211973772
2025-02-05,1.0027992,1.0081592,0.99963063,1.0033252,6078.4470119142525,6110.9365888786315,6059.241071231365,6081.635778303146,1.0027992,1.0081592,0.99963063,1.0033252,4544.563851362627,4568.854485685217,4530.204384671337,4546.948111720228
2025-02-06,1.0031323,1.0081391,0.99997,1.0034138,6102.62582968235,6133.084988102913,6083.387607658505,6104.33806951642,1.0031323,1.0081391,0.99997,1.0034138,4547.58347196645,4570.281251191294,4533.247533140316,4548.859608781165
2025-02-07,1.0035058,1.0084211,1.0001673,1.0038059,6047.11607239604,6076.735243977308,6026.997850643396,6048.924169380664,1.0035058,1.0084211,1.0001673,1.0038059,4550.6030925702735,4572.892270925911,4535.463723665748,4551.963617767799
2025-02-10,1.0033267,1.0084013,0.99992687,1.0037711,6086.620949525833,6117.405828776359,6065.996331522464,6089.316949663162,1.0033267,1.0084013,0.99992687,1.0037711,4553.622713174097,4576.654079578934,4538.1926530709225,4555.639884795676
2025-02-11,1.0037689,1.0088731,1.000138,1.0040917,6091.371696472168,6122.346437990665,6069.337722182274,6093.330722093582,1.0037689,1.0088731,1.000138,1.0040917,4557.348292364954,4580.522369489445,4540.863328720286,4558.814057089305
2025-02-12,1.0031847,1.0084927,0.9997515,1.0036546,6071.243564642668,6103.367615282536,6050.46613529861,6074.087524658442,1.0031847,1.0084927,0.9997515,1.0036546,4561.073871555811,4585.207532928815,4545.464689590862,4563.210156770395
2025-02-13,1.0035554,1.0088803,0.99995357,1.0039585,6136.811624206304,6169.373396881819,6114.786064957976,6139.27628242731,1.0035554,1.0088803,0.99995357,1.0039585,4564.799450746668,4589.020301637869,4548.4159578640165,4566.632747683367
2025-02-14,1.0031879,1.0082191,1.0001322,1.0035738,6134.122797310352,6164.886895376444,6115.438373054266,6136.482313610315,1.0031879,1.0082191,1.0001322,1.0035738,4568.525029937525,4591.437343462546,4554.609411601032,4570.282488418313
2025-02-18,1.0040908,1.0089031,1.0006918,1.004125,6154.654799928665,6184.152544372082,6133.82026879549,6154.864511654377,1.0040908,1.0089031,1.0006918,1.004125,4572.250609128382,4594.164535221961,4556.772689484573,4572.406494785956
2025-02-19,1.0034337,1.0084106,1.0000844,1.0037255,6165.247194743156,6195.825822132825,6144.668567347526,6167.040207266808,1.0034337,1.0084106,1.0000844,1.0037255,4575.271411545888,4597.9639419810665,4559.999795620662,4576.602223790801
2025-02-20,1.0031343,1.0083941,0.9998148,1.0035672,6136.69384098053,6168.87120997429,6116.387086491585,6139.342532234193,1.0031343,1.0083941,0.9998148,1.0035672,4578.292213963395,4602.29812567499,4563.142319675653,4580.268465101457
2025-02-21,1.0025347,1.008165,0.99942523,1.0033689,6028.371763972044,6062.227217689752,6009.673847764135,6033.387360196114,1.0025347,1.008165,0.99942523,1.0033689,4581.3130163809,4607.041985658606,4567.103401064902,4585.12449303368
2025-02-24,1.00292,1.0085231,0.9994511,1.0038378,6000.721278756857,6034.245877414942,5979.965799018741,6006.2126596570015,1.00292,1.0085231,0.9994511,1.0038378,4584.333818798406,4609.945315296751,4568.477261220268,4588.529262276861
2025-02-25,1.0033034,1.0085808,0.999793,1.0039332,5974.9226242005825,6006.3508322536945,5954.017221972346,5978.673137485981,1.0033034,1.0085808,0.999793,1.0039332,4587.354621215913,4611.484063825048,4571.304145164344,4590.234361148369
2025-02-26,1.0034765,1.0088214,0.9999643,1.0041674,5976.766245634556,6008.600598385335,5955.847349704504,5980.881508114338,1.0034765,1.0088214,0.9999643,1.0041674,4590.504507659313,4614.95532618686,4574.437538312655,4593.665312650587
2025-02-27,1.0031624,1.0093427,0.9992675,1.0045321,5880.106535377502,5916.33271677494,5857.2765085333585,5888.135214188099,1.0031624,1.0093427,0.9992675,1.0045321,4593.654394102714,4621.955234092093,4575.819131471688,4599.926676396755
2025-02-28,1.003164,1.0090116,0.99949867,1.004162,5973.340353369713,6008.159728467464,5951.514802724123,5979.282354652882,1.003164,1.0090116,0.99949867,1.004162,4596.8042805461155,4623.5994932572285,4580.008365228476,4601.377188437527
2025-03-03,1.0023354,1.0087266,0.9985407,1.003651,5863.381606850624,5900.768148021698,5841.183500573636,5871.077461743355,1.0023354,1.0087266,0.9985407,1.003651,4599.954166989516,4629.2847005516915,4582.539162686974,4605.991580512541
2025-03-04,1.0034332,1.0094833,0.9994059,1.004605,5797.987703704834,5832.9461460113525,5774.717319568991,5804.758697712421,1.0034332,1.0094833,0.9994059,1.004605,4603.104053432917,4630.857859167376,4584.62931873665,4608.479439588454
2025-03-05,1.0017031,1.0085238,0.99794966,1.003433,5852.580835086107,5892.431537142992,5830.650620979667,5862.68768522501,1.0017031,1.0085238,0.99794966,1.003433,4608.305820541944,4639.6843067179025,4591.038012002423,4616.263746113907
2025-03-06,1.0015402,1.0085212,0.9976298,1.0033205,5747.358376808167,5787.419072184563,5724.918682129383,5757.574500589371,1.0015402,1.0085212,0.9976298,1.0033205,4613.507587650971,4645.665056703946,4595.494873204099,4621.708234485281
2025-03-07,1.0031544,1.0093511,0.9994188,1.0044785,5788.401501631736,5824.157915139198,5766.84633153677,5796.041578674316,1.0031544,1.0093511,0.9994188,1.0044785,4618.709354759999,4647.240536578759,4601.509928726026,4624.805521129426
2025-03-10,1.0086167,1.016341,1.0023575,1.0094256,5662.938899803162,5706.307362098694,5627.796229248047,5667.4808219146735,1.0086167,1.016341,1.0023575,1.0094256,4623.911121869026,4659.322157679867,4595.216342803572,4627.619684008052
2025-03-11,1.0056503,1.01316,0.99947137,1.0067687,5603.553766300678,5645.398387210369,5569.124416607022,5609.785689492225,1.0056503,1.01316,0.99947137,1.0067687,4629.112888978053,4663.680827972385,4600.670575072425,4634.260941448889
2025-03-12,1.0163175,1.0256356,1.0082979,1.0169386,5690.666503632069,5742.841415584087,5645.762544727326,5694.144119107724,1.0163175,1.0256356,1.0082979,1.0169386,4630.970690826945,4673.429771857099,4594.428532349889,4633.800523352339
2025-03-13,1.0165175,1.0246149,1.0093111,1.0165703,5612.72181675911,5657.431829137802,5572.931314325333,5613.013406658173,1.0165175,1.0246149,1.0093111,1.0165703,4632.828492675838,4669.732692459352,4599.984903602992,4633.069285096083
2025-03-14,1.0054592,1.0125383,0.9999878,1.0066401,5669.724041559696,5709.642799589634,5638.8710980618,5676.382993752956,1.0054592,1.0125383,0.9999878,1.0066401,4634.68629452473,4667.3179113468805,4609.465605071175,4640.129501475592
2025-03-17,1.0029851,1.0094508,0.9985705,1.0044589,5692.060913190841,5728.754385881424,5667.0074261999125,5700.424816780091,1.0029851,1.0094508,0.9985705,1.0044589,4636.544096373623,4666.433488642232,4616.136324381136,4643.356912341647
2025-03-18,1.0020066,1.0088562,0.998066,1.0036346,5625.926657326221,5664.384424607753,5603.8012929880615,5635.0668861889835,1.0020066,1.0088562,0.998066,1.0036346,4638.401898222515,4670.109170758051,4620.16011152521,4645.937925590926
2025-03-19,1.0039433,1.0098343,0.9993952,1.0051515,5697.669507769347,5731.102445144653,5671.857537329793,5704.526314542293,1.0039433,1.0098343,0.9993952,1.0051515,4641.686033592091,4668.92269927387,4620.658030675328,4647.27192108488
2025-03-20,1.0031296,1.0091468,0.9990218,1.0042547,5680.612588917017,5714.687376490831,5657.350720551611,5686.9838910233975,1.0031296,1.0091468,0.9990218,1.0042547,4644.970168961666,4672.832986479421,4625.949209790132,4650.18015425598
2025-03-21,1.0046722,1.0098242,1.0007308,1.0054111,5694.039802021981,5723.238997893334,5671.701586160661,5698.228006362915,1.0046722,1.0098242,1.0007308,1.0054111,4648.254304331242,4672.090673298467,4630.0189307267965,4651.673194456722
2025-03-24,1.0035164,1.0090215,0.9994698,1.0044833,5787.85128860712,5819.602251651287,5764.512130616307,5793.427989803552,1.0035164,1.0090215,0.9994698,1.0044833,4651.5384397008165,4677.05572408437,4632.781422442346,4656.020516489731
2025-03-25,1.0035402,1.0086374,0.99987537,1.0041131,5797.100255280733,5826.545400094986,5775.9300369769335,5800.409812706708,1.0035402,1.0086374,0.99987537,1.0041131,4654.822575070392,4678.465672981107,4637.823826915191,4657.479982033742
2025-03-26,1.003038,1.0086228,0.9994065,1.0040898,5729.5539420366285,5761.454961323738,5708.809903848171,5735.5619400978085,1.003038,1.0086228,0.9994065,1.0040898,4658.236752051828,4684.172831761517,4641.371581048896,4663.121215656642
2025-03-27,1.0035437,1.0087961,0.99971324,1.0042746,5713.485579353572,5743.388900452853,5691.677398118377,5717.646661098004,1.0035437,1.0087961,0.99971324,1.0042746,4661.650929033265,4686.048912868995,4643.857583451171,4665.045774223965
2025-03-28,1.0027688,1.0086353,0.9988434,1.0037401,5596.392255301475,5629.132993607521,5574.484927793741,5601.813118824958,1.0027688,1.0086353,0.9988434,1.0037401,4665.065106014701,4692.357206818884,4646.80354516709,4669.584129796892
2025-03-31,1.0022712,1.0082018,0.9987181,1.0036448,5624.595495581627,5657.877481997013,5604.65607354939,5632.304205721617,1.0022712,1.0082018,0.9987181,1.0036448,4668.479282996138,4696.103568952769,4651.929309875718,4674.87766355184
2025-04-01,1.0036674,1.0087646,0.9998966,1.0043802,5653.72846508503,5682.441743870973,5632.4874613684415,5657.744120435715,1.0036674,1.0087646,0.9998966,1.0043802,4671.893459977574,4695.6204808462835,4654.341156391013,4675.211667388689
2025-04-02,1.0034062,1.0089378,0.9995201,1.0041398,5690.286271044016,5721.656198081971,5668.2486319571735,5694.446573847533,1.0034062,1.0089378,0.9995201,1.0041398,4707.786795807228,4733.740041014551,4689.554142973506,4711.228708508202
2025-04-03,1.0013987,1.0081674,0.9974821,1.0032558,5404.068018593789,5440.59546219349,5382.93221556902,5414.090227890015,1.0013987,1.0081674,0.9974821,1.0032558,4743.680131636883,4775.744021991986,4725.127228747773,4752.477471053372
2025-04-04,1.0103369,1.0185032,1.0029523,1.0114491,5126.530135345459,5167.966661682129,5089.060395469665,5132.173642158508,1.0103369,1.0185032,1.0029523,1.0114491,4779.573467466537,4818.205552767774,4744.639756362465,4784.835289329241
2025-04-07,1.0305045,1.0395685,1.0173851,1.0300848,5216.671228468418,5262.555858999491,5150.25784984231,5214.547023832798,1.0305045,1.0395685,1.0173851,1.0300848,4815.466803296192,4857.822388706119,4754.161019906216,4813.505854042149
2025-04-08,1.0384141,1.0470048,1.026624,1.0368929,5174.178728071452,5216.984201551676,5115.431090643407,5166.598790140152,1.0384141,1.0470048,1.026624,1.0368929,4851.360139125846,4891.494889841943,4796.27765455022,4844.253076219853
2025-04-09,0.9853897,0.9919787,0.97668105,0.98817295,5377.1731056213375,5413.1285949289795,5329.650841599702,5392.360961908102,0.9853897,0.9919787,0.97668105,0.98817295,4851.3307601043125,4883.770092708217,4808.455865616875,4865.033561693076
2025-04-10,1.0023559,1.0117242,0.996386,1.0046326,5280.461173838377,5329.8138489604,5249.011222907901,5292.454727345706,1.0023559,1.0117242,0.996386,1.0046326,4851.30138108278,4896.642840700353,4822.407347698259,4862.320115682581
2025-04-11,1.0007973,1.0087874,0.99616975,1.0034955,5367.636055297851,5410.489955177307,5342.8169684886925,5382.107382392883,1.0007973,1.0087874,0.99616975,1.0034955,4851.272002061246,4890.003605659131,4828.840543495063,4864.3512122947695
2025-04-14,1.0185108,1.0289274,1.0093733,1.0193992,5506.038929386139,5562.350902072191,5456.641817675829,5510.84131000042,1.0185108,1.0289274,1.0093733,1.0193992,4851.242623039713,4900.85784625177,4807.719929247761,4855.474140625561
2025-04-15,0.9999697,1.0076846,0.99594504,1.0025004,5396.46659457922,5438.100880471468,5374.746861848235,5410.1238137829305,0.9999697,1.0076846,0.99594504,1.0025004,4851.2132440181795,4888.640868475016,4831.688063302719,4863.490758615418
2025-04-16,1.0028474,1.0102055,0.99775463,1.004507,5290.72220275402,5329.541194748878,5263.854119569063,5299.477292954922,1.0028474,1.0102055,0.99775463,1.004507,4863.178702709781,4898.860878581282,4838.481945782358,4871.226019210005
2025-04-17,1.0057632,1.0127243,0.99997956,1.0070512,5313.1451145529745,5349.91855584383,5282.591998404264,5319.949529957771,1.0057632,1.0127243,0.99997956,1.0070512,4875.144161401382,4908.885873359648,4847.109755498786,4881.387589837415
2025-04-21,1.0001739,1.0075839,0.996672,1.0031039,5159.09714691639,5197.319049024582,5141.033379685879,5174.210290789604,1.0001739,1.0075839,0.996672,1.0031039,4887.109620092982,4923.316352922737,4869.998111222076,4901.426158880367
2025-04-22,1.0064974,1.0133513,1.0012332,1.0083966,5322.116602554322,5358.358582296371,5294.280971918106,5332.159340553284,1.0064974,1.0133513,1.0012332,1.0083966,4899.075078784584,4932.436366473851,4873.451993284988,4908.319456328758
2025-04-23,1.0123324,1.0221726,1.0044204,1.012955,5442.157467794418,5495.056633388996,5399.6234497475625,5445.503999295234,1.0123324,1.0221726,1.0044204,1.012955,4911.040537476185,4958.77686445502,4872.6575190733365,4914.060245524564
2025-04-24,1.0033114,1.0100846,0.9988733,1.0051446,5502.932243492603,5540.0818709230425,5478.590273440481,5512.986926350594,1.0033114,1.0100846,0.9988733,1.0051446,4914.384228935572,4947.560362435268,4892.645747605773,4923.3634024858075
2025-04-25,1.00267,1.0087135,0.9981931,1.0040615,5539.962585122586,5573.353827884197,5515.226416242719,5547.650422141552,1.00267,1.0087135,0.9981931,1.0040615,4917.727920394958,4947.368742970419,4895.770051089067,4924.552326866368
2025-04-28,1.0040541,1.0082475,1.0007758,1.0044425,5551.163936853409,5574.348336309195,5533.039281964302,5553.311214148998,1.0040541,1.0082475,1.0007758,1.0044425,4921.071611854344,4941.624454938837,4905.004198717734,4922.975250381794
2025-04-29,1.0037004,1.008235,0.99991244,1.0038807,5581.407159408331,5606.623311166763,5560.343098044991,5582.410131032467,1.0037004,1.008235,0.99991244,1.0038807,4924.415303313731,4946.663382563624,4905.830622532371,4925.29996664072
2025-04-30,1.0034043,1.0081539,0.9996527,1.0038066,5588.018526422978,5614.4696441268925,5567.125774880648,5590.259133863449,1.0034043,1.0081539,0.9996527,1.0038066,4927.758994773118,4951.08484980943,4909.334988164087,4929.73512493183
2025-05-01,1.0061129,1.0100347,1.0015416,1.0059596,5638.397733232975,5660.375753629208,5612.779423666001,5637.53860093832,1.0061129,1.0100347,1.0015416,1.0059596,4931.3557396410615,4950.577697560037,4908.949913470536,4930.604450197657
2025-05-02,1.0036967,1.008102,1.0002097,1.0040222,5707.691799647808,5732.7437379252915,5687.8624329435825,5709.5431551730635,1.0036967,1.008102,1.0002097,1.0040222,4934.952484509006,4956.612814271362,4917.807591371517,4936.553227529821
2025-05-05,1.0048219,1.0091399,1.0007852,1.0052396,5677.625547845364,5702.023882391453,5654.816856873035,5679.985764405727,1.0048219,1.0091399,1.0007852,1.0052396,4938.54922937695,4959.771442003954,4918.709627889387,4940.602099312324
2025-05-06,1.0043876,1.0091321,1.0008099,1.0050948,5631.510974256992,5658.113125412464,5611.451080777645,5635.4758978915215,1.0043876,1.0091321,1.0008099,1.0050948,4942.145974244895,4965.491620671028,4924.541591747058,4945.6254924347895
2025-05-07,1.0036495,1.0087265,0.9998756,1.0045451,5651.831205387115,5680.421238908767,5630.5794975233075,5656.874688959121,1.0036495,1.0087265,0.9998756,1.0045451,4945.742719112839,4970.760892156904,4927.145940038455,4950.156303583025
2025-05-08,1.0033413,1.0091411,0.999937,1.0042105,5682.865020010471,5715.714571316242,5663.583159831762,5687.787861385345,1.0033413,1.0091411,0.999937,1.0042105,4948.618447086627,4977.223730406486,4931.827812388928,4952.905405096226
2025-05-09,1.0033283,1.0079046,1.0006195,1.0036986,5678.748010692596,5704.649600681067,5663.4164878785605,5680.843671910763,1.0033283,1.0079046,1.0006195,1.0036986,4951.494175060416,4974.078860162659,4938.126168791714,4953.321632722758
2025-05-12,1.003379,1.0081027,1.0002062,1.0037297,5863.937443860769,5891.543457725048,5845.395259406566,5865.98708153367,1.003379,1.0081027,1.0002062,1.0037297,4954.369903034204,4977.694151373216,4938.703759275558,4956.101562512832
2025-05-13,1.0005544,1.0069873,0.998591,1.0021143,5889.813752943278,5927.681286823749,5878.255885204673,5898.995908880234,1.0005544,1.0069873,0.998591,1.0021143,4957.245631007992,4989.11732278536,4947.51771203087,4964.974071574332
2025-05-14,1.0029073,1.0082384,1.0000844,1.0039208,5909.711357316971,5941.12563608408,5893.077334794998,5915.683589558601,1.0029073,1.0082384,1.0000844,1.0039208,4960.121358981781,4986.4876847796195,4946.160055095892,4965.133745871249
2025-05-15,1.003227,1.0080527,1.0004721,1.0038725,5936.0239062953,5964.577301963568,5919.723197965623,5939.843392907382,1.003227,1.0080527,1.0004721,1.0038725,4962.608926711401,4986.480137858916,4948.981376356055,4965.802324589379
2025-05-16,1.00318,1.0082147,1.0002029,1.0035226,5977.327809324264,6007.326376538277,5959.588920807839,5979.3691949892045,1.00318,1.0082147,1.0002029,1.0035226,4965.096494441022,4990.01487928103,4950.36150179038,4966.792246758519
2025-05-19,1.0026813,1.0081658,0.9996982,1.0036476,5979.58993434906,6012.2977815628055,5961.800314831734,5985.352623653413,1.0026813,1.0081658,0.9996982,1.0036476,4967.584062170642,4994.756340895873,4952.805267924021,4972.371262807337
2025-05-20,1.0036383,1.0086151,0.9999786,1.003955,5962.072982654571,5991.637871673107,5940.332885636091,5963.954558503628,1.0036383,1.0086151,0.9999786,1.003955,4970.071629900262,4994.71755919635,4951.9488911794415,4971.639921040383
2025-05-21,1.0025076,1.0082893,0.9991508,1.0031844,5859.265753535032,5893.057942848205,5839.646830981374,5863.221796728372,1.0025076,1.0082893,0.9991508,1.0031844,4972.559197629883,5001.237664186114,4955.909326430391,4975.916676641344
2025-05-22,1.0030049,1.0087148,0.99940735,1.0037256,5859.564705866575,5892.9219201958185,5838.547738714815,5863.7752724421025,1.0030049,1.0087148,0.99940735,1.0037256,4974.557442994932,5002.876800710804,4956.714854052305,4978.132128123427
2025-05-23,1.0009481,1.0079436,0.99761635,1.00252,5808.321488144397,5848.9154563045495,5788.988111883402,5817.442904298306,1.0009481,1.0079436,0.99761635,1.00252,4976.55568835998,5011.336253900948,4959.990915285545,4984.371185834466
2025-05-27,1.0018101,1.008056,0.99859947,1.0027652,5932.258424720764,5969.244190213681,5913.246703580618,5937.914116163253,1.0018101,1.008056,0.99859947,1.0027652,4978.553933725029,5009.593454314598,4962.598551860212,4983.300665764711
2025-05-28,1.0010309,1.0077041,0.9980882,1.0026344,5894.62063536644,5933.916206270456,5877.292158338428,5904.06283197999,1.0010309,1.0077041,0.9980882,1.0026344,4980.5521790900775,5013.754047434253,4965.910844468605,4988.530103392945
2025-05-29,1.0020093,1.0081539,0.9985593,1.0030247,5924.049161041975,5960.3773340415955,5903.652313807606,5930.052524658442,1.0020093,1.0081539,0.9985593,1.0030247,4982.550424455127,5013.105238666832,4965.395192903679,4987.59973193955
2025-05-30,1.0019548,1.0081986,0.99841315,1.0029961,5923.246135728359,5960.157693299055,5902.309008370042,5929.401937996148,1.0019548,1.0081986,0.99841315,1.0029961,4985.01621613738,5016.081170263092,4967.395508585806,4990.196976922994
2025-06-02,1.00046,1.0075191,0.99738055,1.0022335,5938.670702455043,5980.573080422878,5920.391129723787,5949.197953147887,1.00046,1.0075191,0.99738055,1.0022335,4987.4820078196335,5022.673075582108,4972.130321439377,4996.323028577342
2025-06-03,1.0017871,1.0081394,0.9983452,1.003032,5981.039447978735,6018.965061643124,5960.490209317803,5988.471977179051,1.0017871,1.0081394,0.9983452,1.003032,4989.947799501886,5021.588961343172,4972.8036814873785,4996.148496430626
2025-06-04,1.0028976,1.0085858,0.9990918,1.0037007,5988.111139672995,6022.074244154692,5965.38733440578,5992.906374707222,1.0028976,1.0085858,0.9990918,1.0037007,4992.4135911841395,5020.7292609402375,4973.468135864859,4996.4117556597685
2025-06-05,1.0024744,1.0084921,0.99872774,1.0033324,5953.996365606785,5989.7372017502785,5931.74365939498,5959.091983628273,1.0024744,1.0084921,0.99872774,1.0033324,4994.879382866393,5024.862563785591,4976.2112726851055,4999.154018072806
2025-06-06,1.0030861,1.0088137,0.9992767,1.0040902,6018.877651519775,6053.245605883598,5996.019925425052,6024.902612071037,1.0030861,1.0088137,0.9992767,1.0040902,4997.382357731092,5025.917439779623,4978.404046935041,5002.384739491912
2025-06-09,1.0020145,1.0082394,0.99833053,1.003077,6017.978952069283,6055.3647783994675,5995.853384563923,6024.360274028778,1.0020145,1.0082394,0.99833053,1.003077,4999.885332595792,5030.946388773117,4981.5027876628,5005.187044159074
2025-06-10,1.0018293,1.0081829,0.99841875,1.0028554,6049.856593123674,6088.224877275229,6029.2611218971015,6056.05333953023,1.0018293,1.0081829,0.99841875,1.0028554,5002.388307460492,5034.11372130093,4985.35858046761,5007.511984754472
2025-06-11,1.0014944,1.0078727,0.99831194,1.00279,6031.239681549072,6069.651293010711,6012.074078607559,6039.041894302368,1.0014944,1.0078727,0.99831194,1.00279,5004.891282325191,5036.766215181539,4988.987227150924,5011.365906028646
2025-06-12,1.0025055,1.0084212,0.9989365,1.0033476,6060.406645865441,6096.168238520622,6038.830710767508,6065.497325587273,1.0025055,1.0084212,0.9989365,1.0033476,5007.394257189891,5036.9421888289535,4989.567303564945,5011.60021125714
2025-06-13,1.0019583,1.0081364,0.9985605,1.00299,5988.674407476187,6025.600968738795,5968.366081300378,5994.841184532643,1.0019583,1.0081364,0.9985605,1.00299,5009.443868868191,5040.3326032228315,4992.456110024567,5014.602242717498
2025-06-16,1.0018619,1.0081369,0.99857074,1.0030689,6044.343227859735,6082.200622576474,6024.487118546366,6051.625155773162,1.0018619,1.0081369,0.99857074,1.0030689,5011.493480546492,5042.8817475233145,4995.030471922961,5017.53097247774
2025-06-17,1.0008527,1.0075732,0.99819285,1.0024757,5987.821489562989,6028.028616027832,5971.908308258057,5997.531650390625,1.0008527,1.0075732,0.99819285,1.0024757,5013.543092224793,5047.20813597208,5000.219138724223,5021.67307358565
2025-06-18,1.0025295,1.0081328,0.99925953,1.0032878,5995.998622118234,6029.5113114082815,5976.441354150176,6000.533857769966,1.0025295,1.0081328,0.99925953,1.0032878,5015.592703903094,5043.625491216852,4999.2331195992565,5019.386412669348
2025-06-20,1.0020466,1.0080256,0.99890536,1.0030397,5980.053692321778,6015.735772476197,5961.307367792129,5985.980548725129,1.0020466,1.0080256,0.99890536,1.0030397,5017.6423155813945,5047.5820944415,5001.913075265041,5022.615331153435
2025-06-23,1.0033184,1.0087055,0.9996558,1.003916,6045.16409881711,6077.622098082304,6023.096035121083,6048.76471732378,1.0033184,1.0087055,0.9996558,1.003916,5021.18862478557,5048.148921040797,5002.85854436498,5024.179092139561
2025-06-24,1.0017358,1.0078332,0.9987325,1.0027747,6102.754845430852,6139.901522784234,6084.458205889464,6109.08406580925,1.0017358,1.0078332,0.9987325,1.0027747,5024.7349339897455,5055.319622859402,5009.670207685948,5029.946191200204
2025-06-25,1.0031842,1.0084172,0.9996796,1.003585,6111.5586518096925,6143.439225997925,6090.208224449158,6114.000277633667,1.0031842,1.0084172,0.9996796,1.003585,5028.28124319392,5054.5111682209235,5010.715303549131,5030.289892357875
2025-06-26,1.0019152,1.0077486,0.9990211,1.0029104,6152.781382498742,6188.604331035614,6135.008634856939,6158.892674736977,1.0019152,1.0077486,0.9990211,1.0029104,5031.827552398096,5061.123766699578,5017.292815118423,5036.825424174507
2025-06-27,1.0035338,1.0082743,1.0003545,1.0037291,6194.884642796516,6224.147936732768,6175.258528797626,6196.090026175975,1.0035338,1.0082743,1.0003545,1.0037291,5035.373861602271,5059.15989673943,5019.42126306078,5036.353491374235
2025-06-30,1.0019602,1.0077552,0.999425,1.0029795,6217.11268454194,6253.0703821003435,6201.382116469741,6223.437753903866,1.0019602,1.0077552,0.999425,1.0029795,5038.6993205095505,5067.841530389087,5025.950316970726,5043.825350954796
2025-07-01,1.0037774,1.0084845,1.0005494,1.0039599,6221.422268503905,6250.596909023524,6201.41540743947,6222.553463728428,1.0037774,1.0084845,1.0005494,1.0039599,5042.02477941683,5065.6685268357005,5025.810687585438,5042.941390109404
2025-07-02,1.0020832,1.0076813,0.9996982,1.0031621,6240.392851336002,6275.254373438358,6225.540699676275,6247.112008843422,1.0020832,1.0076813,0.9996982,1.0031621,5045.35023832411,5073.535510882841,5033.342236816811,5050.782558364878
2025-07-03,1.0039365,1.0084385,1.0008485,1.0040035,6304.0688443779945,6332.338093906641,6284.678227674962,6304.489533329011,1.0039365,1.0084385,1.0008485,1.0040035,5048.67569723139,5071.315452683397,5033.14648729837,5049.012732695492
2025-07-07,1.0033021,1.0083405,1.0003465,1.0038393,6250.552000265121,6281.9410107779495,6232.138946020603,6253.898477997779,1.0033021,1.0083405,1.0003465,1.0038393,5052.001156138669,5077.371348750304,5037.118767240544,5054.7058405382995
2025-07-08,1.0039264,1.0085624,1.0005554,1.0039382,6249.963859128952,6278.825676584244,6228.9776294040685,6250.037330970765,1.0039264,1.0085624,1.0005554,1.0039382,5055.567653803914,5078.9139086024525,5038.591928881672,5055.627318196114
2025-07-09,1.0026556,1.0080668,0.99972624,1.0033529,6279.8928719878195,6313.784299256802,6261.5453440535075,6284.2599621820455,1.0026556,1.0080668,0.99972624,1.0033529,5059.1341514691585,5086.437503980721,5044.353178350462,5062.652612295993
2025-07-10,1.0031251,1.0084089,0.99999434,1.0036258,6300.086886713505,6333.271785690785,6280.424437264204,6303.231381247044,1.0031251,1.0084089,0.99999434,1.0036258,5062.700649134404,5089.367825724686,5046.900168965982,5065.22759134197
2025-07-11,1.0028092,1.0080813,1.0000049,1.0034058,6277.334682554007,6310.337023764849,6259.780595034361,6281.069515407085,1.0028092,1.0080813,1.0000049,1.0034058,5066.267146799648,5092.902378021343,5052.099779015907,5069.281441820905
2025-07-14,1.0035298,1.0083281,1.0004464,1.0038133,6290.686681995392,6320.765070276261,6271.358528337479,6292.463691444397,1.0035298,1.0083281,1.0004464,1.0038133,5069.833644464893,5094.074371608877,5054.256579431882,5071.26600436744
2025-07-15,1.0026203,1.0080223,0.99973804,1.0033858,6260.120770292282,6293.849367980957,6242.124369559288,6264.900011730194,1.0026203,1.0080223,0.99973804,1.0033858,5072.834589553545,5100.1665265023275,5058.251247174883,5076.707274117122
2025-07-16,1.0035381,1.008701,0.9999147,1.0039362,6285.86179561615,6318.200245964527,6263.165742427111,6288.354997622967,1.0035381,1.008701,0.9999147,1.0039362,5075.835534642197,5101.9486583372145,5057.508364676571,5077.848658252664
2025-07-17,1.0028663,1.0081098,0.999744,1.0034127,6315.409922447204,6348.430380306244,6295.747863564491,6318.8511487197875,1.0028663,1.0081098,0.999744,1.0034127,5078.836479730849,5105.391274996165,5063.024388747113,5081.603966487752
2025-07-18,1.0036037,1.0084336,1.0002879,1.0038605,6319.481722118854,6349.894484717845,6298.602785607576,6321.0985917663575,1.0036037,1.0084336,1.0002879,1.0038605,5081.8374248195005,5106.294266607481,5065.047616042064,5083.137476402989
2025-07-21,1.0029596,1.0082599,0.9998799,1.0035723,6324.262110710144,6357.683577919007,6304.8426762580875,6328.125777244568,1.0029596,1.0082599,0.9998799,1.0035723,5084.838369908152,5111.710047518597,5069.224598332311,5087.944939752134
2025-07-22,1.0032172,1.00835,0.99998385,1.0036784,6329.919437589645,6362.305419666767,6309.518081599474,6332.829565203189,1.0032172,1.00835,0.99998385,1.0036784,5088.211407674751,5114.244445028027,5071.812092350493,5090.550917567143
2025-07-23,1.002492,1.0079557,0.99959725,1.0032289,6374.756092061996,6409.499391788244,6356.348957996965,6379.442302410603,1.002492,1.0079557,0.99959725,1.0032289,5091.58444544135,5119.334240074873,5076.882559450554,5095.327593443383
2025-07-24,1.0032917,1.0082251,1.0002149,1.0036843,6384.296405357123,6415.6890841424465,6364.717702490092,6386.794377791882,1.0032917,1.0082251,1.0002149,1.0036843,5094.957483207948,5120.010126777342,5079.3326824383485,5096.950859279388
2025-07-25,1.003198,1.0083023,1.0000305,1.0035524,6409.071047115326,6441.680603733063,6388.834965820312,6411.335240020752,1.003198,1.0083023,1.0000305,1.0035524,5098.330520974547,5124.271290086208,5082.232864325935,5100.131946391513
2025-07-28,1.0033168,1.0082856,1.000279,1.0036879,6410.963333948851,6442.713344575167,6391.552424664498,6413.334568128586,1.0033168,1.0082856,1.000279,1.0036879,5101.703558741146,5126.969392195795,5086.256637310502,5103.590711668398
2025-07-29,1.0035213,1.0083939,1.0004736,1.0038865,6393.293857147693,6424.336257941723,6373.87735720396,6395.620100569725,1.0035213,1.0083939,1.0004736,1.0038865,5104.196327809216,5128.979822356583,5088.69470254011,5106.053370979248
2025-07-30,1.0036148,1.0084479,1.0003674,1.0038873,6385.900504577159,6416.653050732612,6365.237748742104,6387.634473955631,1.0036148,1.0084479,1.0003674,1.0038873,5106.689096877287,5131.2813676624455,5090.165394475584,5108.075863044294
2025-07-31,1.0034809,1.0084414,1.0001445,1.0037941,6361.456854000092,6392.903632378579,6340.30592558384,6363.442115145922,1.0034809,1.0084414,1.0001445,1.0037941,5109.181865945357,5134.4384464909035,5092.194519364961,5110.7763901053895
2025-08-01,1.0024011,1.0080587,0.9995678,1.00335,6252.9881700873375,6288.280046473742,6235.313974002004,6258.90745486021,1.0024011,1.0080587,0.9995678,1.00335,5111.674635013427,5140.524741681269,5097.226426033643,5116.513555639667
2025-08-04,1.0024431,1.0080478,0.99930316,1.0033092,6345.404519305229,6380.88221227169,6325.529057890177,6350.887353172302,1.0024431,1.0080478,0.99930316,1.0033092,5114.167404081498,5142.760892467035,5098.148380946081,5118.586192674883
2025-08-05,1.0028455,1.0082314,0.99967676,1.0034091,6317.114507296085,6351.0411616587635,6297.153875092864,6320.664866344929,1.0028455,1.0082314,0.99967676,1.0034091,5117.148379344497,5144.630622976126,5100.979411269829,5120.024584146129
2025-08-06,1.0027506,1.0081452,0.9997497,1.0033369,6362.512945046426,6396.741866004468,6343.471958996058,6366.23287153244,1.0027506,1.0081452,0.9997497,1.0033369,5120.129354607496,5147.674606172962,5104.806396688525,5123.123204657987
2025-08-07,1.0024931,1.0081236,0.9992294,1.0032445,6355.806527137756,6391.503853797913,6335.1142156124115,6360.570251941681,1.0024931,1.0081236,0.9992294,1.0032445,5123.110329870496,5151.884513047472,5106.431197329802,5126.94994123914
2025-08-08,1.0025519,1.0080487,0.9994574,1.0032774,6405.755322188139,6440.876469761133,6385.98320530951,6410.39091759324,1.0025519,1.0080487,0.9994574,1.0032774,5126.091305133495,5154.196601911816,5110.268975717438,5129.801157866328
2025-08-11,1.0029144,1.0082885,0.99974054,1.0035131,6392.024965667724,6426.2763574898245,6371.79635091722,6395.840552937984,1.0029144,1.0082885,0.99974054,1.0035131,5129.072280396494,5156.556196560394,5112.840566883634,5132.133725740935
2025-08-12,1.0030646,1.0082054,0.99985796,1.0035553,6465.513885040284,6498.650128173828,6444.844457988739,6468.6765966796875,1.0030646,1.0082054,0.99985796,1.0035553,5132.717399742493,5159.02281137333,5116.308640521942,5135.227892483499
2025-08-13,1.0031368,1.0082843,0.9999154,1.0035088,6486.864070913792,6520.1512850713725,6466.033063188791,6489.269976181984,1.0031368,1.0082843,0.9999154,1.0035088,5136.362519088494,5162.719676437685,5119.868324397407,5138.267391004893
2025-08-14,1.0032738,1.0082717,1.0001296,1.0037346,6489.716995518207,6522.045784692764,6469.3781966328625,6492.697335891724,1.0032738,1.0082717,1.0001296,1.0037346,5140.007638434494,5165.612677935076,5123.898791672976,5142.367900044435
2025-08-15,1.0036253,1.0085031,1.0001205,1.0038527,6473.1822903394705,6504.643161606788,6450.577333712578,6474.6493058919905,1.0036253,1.0085031,1.0001205,1.0038527,5143.6527577804945,5168.651747235564,5125.690520912778,5144.818396214492
2025-08-18,1.0035534,1.0083148,1.000419,1.0038085,6472.066348361968,6502.7737016320225,6451.852327042818,6473.71157734394,1.0035534,1.0083148,1.000419,1.0038085,5147.297877126494,5171.719998509149,5131.221407182886,5148.606084528013
2025-08-19,1.0033243,1.0083836,1.0001305,1.0037433,6432.683126542568,6465.120564812421,6412.206902874708,6435.369622985125,1.0033243,1.0083836,1.0001305,1.0037433,5150.088555954873,5176.058150185155,5133.695172854708,5152.239182162643
2025-08-20,1.0034099,1.0084232,1.000193,1.003748,6417.58873049736,6449.652992875575,6397.014384515285,6419.751762535572,1.0034099,1.0084232,1.000193,1.003748,5152.879234783252,5178.624563983071,5136.359335689071,5154.61577910583
2025-08-21,1.0030609,1.0081931,1.0000925,1.0035594,6389.668688589334,6422.361664448977,6370.759281549454,6392.843670752049,1.0030609,1.0081931,1.0000925,1.0035594,5155.669913611631,5182.049321060653,5140.412375578455,5158.231582031462
2025-08-22,1.003254,1.008234,1.0000919,1.0035195,6487.953687137365,6520.158692455291,6467.504376040697,6489.670516505241,1.003254,1.008234,1.0000919,1.0035195,5158.46059244001,5184.066545068766,5142.201673431741,5159.825751297739
2025-08-25,1.0027108,1.008082,0.9997681,1.0032691,6456.775832576752,6491.362791609764,6437.82658213377,6460.3706287050245,1.0027108,1.008082,0.9997681,1.0032691,5161.251271268389,5188.898388152912,5146.103961363414,5164.124577952504
2025-08-26,1.002973,1.0082029,0.9998742,1.0034735,6485.162984035015,6518.9795266222945,6465.126420480013,6488.399573712349,1.002973,1.0082029,0.9998742,1.0034735,5164.599811803214,5191.530373461107,5148.6432293019925,5167.177614868039
2025-08-27,1.0027462,1.0080038,0.9998285,1.003331,6499.199378848076,6533.276029658317,6480.288552916049,6502.989193201065,1.0027462,1.0080038,0.9998285,1.003331,5167.948352338038,5195.044847058125,5152.911069947677,5170.962154310861
2025-08-28,1.0029325,1.0080371,1.0002288,1.0035259,6520.927019939422,6554.116035947799,6503.3473825716965,6524.784603607654,1.0029325,1.0080371,1.0002288,1.0035259,5171.296892872862,5197.616935583311,5157.355808299132,5174.355800284251
2025-08-29,1.0027952,1.0079702,1.0002009,1.0034466,6478.317844219208,6511.7496539855,6461.557657263279,6482.525796318055,1.0027952,1.0079702,1.0002009,1.0034466,5174.645433407686,5201.349554140496,5161.257903257448,5178.006735183456
2025-09-02,1.0032439,1.0081443,1.0004383,1.0037,6436.351518964768,6467.789822289944,6418.352140057087,6439.277613024711,1.0032439,1.0081443,1.0004383,1.0037,5177.993973942511,5203.285789353163,5163.513554707911,5180.348222587413
2025-09-03,1.0027288,1.0080224,0.99974066,1.0034075,6465.856139867306,6499.990698730946,6446.587709480525,6470.232306232452,1.0027288,1.0080224,0.99974066,1.0034075,5181.099187165648,5208.451159924851,5165.659234788524,5184.606119565484
2025-09-04,1.0036436,1.0083865,1.0004678,1.0037236,6525.771186332702,6556.609646644592,6505.1215251159665,6526.291284027099,1.0036436,1.0083865,1.0004678,1.0037236,5184.204400388785,5208.703367421243,5167.799758080297,5184.617845950177
2025-09-05,1.0031867,1.0082313,1.0002813,1.0034789,6502.154613733292,6534.851055800915,6483.323465824127,6504.048391163349,1.0031867,1.0082313,1.0002813,1.0034789,5187.309613611923,5213.394547063455,5172.286490179776,5188.820304943078
2025-09-08,1.0037771,1.0084252,1.0006424,1.003865,6519.683132046461,6549.873169970512,6499.322606867551,6520.253778040409,1.0037771,1.0084252,1.0006424,1.003865,5190.41482683506,5214.4493834067325,5174.205546675754,5190.868986152422
2025-09-09,1.0029985,1.0080911,1.0001135,1.0034741,6532.13787391305,6565.304127384424,6513.3490981578825,6535.235564721823,1.0029985,1.0080911,1.0001135,1.0034741,5193.520040058197,5219.889421670278,5178.581703651663,5195.982882846816
2025-09-10,1.0034162,1.00835,1.0005044,1.0036438,6554.354628396034,6586.582629933358,6535.3345944356915,6555.841128225326,1.0034162,1.00835,1.0005044,1.0036438,5197.2682911418715,5222.823392203302,5182.186277295084,5198.447318884978
2025-09-11,1.003127,1.0080789,1.0004241,1.0034785,6608.06887952447,6640.6897272026545,6590.264053347111,6610.38469271183,1.003127,1.0080789,1.0004241,1.0034785,5201.016542225546,5226.691755089242,5187.002777796972,5202.839370117151
2025-09-12,1.0034627,1.0081718,1.0006901,1.0037578,6607.089238160848,6638.095479943752,6588.833835498094,6609.032671688795,1.0034627,1.0081718,1.0006901,1.0037578,5204.76479330922,5229.19029699448,5190.384167107957,5206.295459034105
2025-09-15,1.0034333,1.0081956,1.0005494,1.0036983,6637.992550077438,6669.49644449234,6618.914670438766,6639.74561416626,1.0034333,1.0081956,1.0005494,1.0036983,5208.513044392895,5233.232440188165,5193.543690599361,5209.888344847193
2025-09-16,1.0036086,1.0083212,1.0007161,1.0038204,6630.601051096916,6661.735946936607,6611.491036105156,6632.000593490601,1.0036086,1.0083212,1.0007161,1.0038204,5212.261295476569,5236.736270636789,5197.238917348906,5213.361706266332
2025-09-17,1.0035318,1.0082684,1.0006452,1.0038621,6623.661206036806,6654.924045658112,6604.6082862615585,6625.841492664815,1.0035318,1.0082684,1.0006452,1.0038621,5215.875812498707,5240.4939816924825,5200.872240588375,5217.592549425538
2025-09-18,1.0036935,1.0083529,1.0006715,1.0039597,6656.454888386726,6687.355937590599,6636.413400454521,6658.220278625488,1.0036935,1.0083529,1.0006715,1.0039597,5219.490329520846,5243.720498866249,5203.775438861091,5220.874750628995
2025-09-19,1.0035911,1.0082535,1.0006503,1.0037494,6688.292120876312,6719.363996443748,6668.693744502068,6689.347155284881,1.0035911,1.0082535,1.0006503,1.0037494,5223.104846542984,5247.369852009281,5207.7999796710965,5223.928602726605
2025-09-22,1.0037198,1.0084201,1.0007541,1.0038214,6718.649455904961,6750.1121096313,6698.797877132893,6719.329315423965,1.0037198,1.0084201,1.0007541,1.0038214,5226.719363565123,5251.195559944656,5211.275863744256,5227.248352968331
2025-09-23,1.0034673,1.0082155,1.0007286,1.0038539,6680.001681146622,6711.610236525536,6661.770279693604,6682.5752179670335,1.0034673,1.0082155,1.0007286,1.0038539,5230.333880587261,5255.082640181481,5216.059059421567,5232.349046762872
2025-09-24,1.0034324,1.0082988,1.0003688,1.0036846,6660.7541222536565,6693.056884683371,6640.418305985928,6662.428529320956,1.0034324,1.0082988,1.0003688,1.0036846,5234.132768110392,5259.516596902043,5218.1525990139135,5235.448693947902
2025-09-25,1.0026848,1.0080085,0.9998954,1.0033618,6622.4525610923765,6657.613768501282,6604.029105658531,6626.923887548447,1.0026848,1.0080085,0.9998954,1.0033618,5237.931655633524,5265.741633174328,5223.359796864165,5241.468314504401
2025-09-26,1.0032104,1.008257,1.0002218,1.0035826,6665.029103076457,6698.55723978281,6645.173894798755,6667.501698219776,1.0032104,1.008257,1.0002218,1.0035826,5241.730543156656,5268.099135799281,5226.115217434738,5243.67511673195
2025-09-29,1.0034997,1.0082186,1.0006338,1.0037503,6684.5225452017785,6715.9561272513865,6665.432113319635,6686.1916973924635,1.0034997,1.0082186,1.0006338,1.0037503,5245.529430679788,5270.196264492028,5230.548739178791,5246.839467357777
2025-09-30,1.0036316,1.0082928,1.0006803,1.0038468,6712.749756469727,6743.926022479534,6693.01034270525,6714.18893091917,1.0036316,1.0082928,1.0006803,1.0038468,5249.328318202919,5273.70826673278,5233.892168809686,5250.453450324498
2025-10-01,1.0036225,1.0083553,1.0005654,1.003762,6735.511536026001,6767.273820209503,6714.994577312469,6736.4475797653195,1.0036225,1.0083553,1.0005654,1.003762,5252.793449799153,5277.563948466769,5236.792939985607,5253.523577749162
2025-10-02,1.0034891,1.0082724,1.0006,1.0037489,6738.780774110556,6770.902124726773,6719.37907807231,6740.525133562089,1.0034891,1.0082724,1.0006,1.0037489,5256.2585813953865,5281.312976519953,5241.125375847032,5257.618918817306
2025-10-03,1.0034457,1.0082875,1.0004114,1.0036937,6738.930896552801,6771.447438825368,6718.552817298174,6740.5961124265195,1.0034457,1.0082875,1.0004114,1.0036937,5259.723712991619,5285.103112855191,5243.818716409874,5261.023500424413
2025-10-06,1.0037286,1.0083729,1.0006952,1.0038731,6765.411997804641,6796.715709757805,6744.966035270691,6766.385844640731,1.0037286,1.0083729,1.0006952,1.0038731,5263.188844587853,5287.541563395769,5247.282781031949,5263.946141738395
2025-10-07,1.0033005,1.0082892,1.000374,1.003675,6736.751823908091,6770.248699947596,6717.100984996558,6739.266010670662,1.0033005,1.0082892,1.000374,1.003675,5266.653976184087,5292.840935611282,5251.291504109668,5268.619724684843
2025-10-08,1.0038157,1.0084516,1.0006748,1.0039234,6779.489838066102,6810.799611639976,6758.277705988884,6780.217654037476,1.0038157,1.0084516,1.0006748,1.0039234,5268.510983822393,5292.842480063994,5252.026412390233,5269.0768617840795
2025-10-09,1.0037748,1.0085021,1.0005447,1.0039091,6760.533438328504,6792.372752093076,6738.77839380145,6761.4382927417755,1.0037748,1.0085021,1.0005447,1.0039091,5270.367991460699,5295.189323943829,5253.408286875446,5271.073546333976
2025-10-10,1.0019956,1.0079273,0.99908954,1.0030792,6565.585949835778,6604.453702994585,6546.544195527435,6572.686331198216,1.0019956,1.0079273,0.99908954,1.0030792,5272.224999099006,5303.43621953692,5256.934266476492,5277.9267347376035
2025-10-13,1.0016063,1.0078993,0.998545,1.0029631,6665.409777374268,6707.287525634766,6645.0373226165775,6674.438375244141,1.0016063,1.0078993,0.998545,1.0029631,5274.0820067373115,5307.218042904824,5257.961951346508,5281.226147200492
2025-10-14,1.001763,1.0078865,0.99883777,1.0029602,6656.023826726675,6696.710543292761,6636.58777715385,6663.978520202637,1.001763,1.0078865,0.99883777,1.0029602,5275.939014375618,5308.189847979853,5260.5327915402395,5282.2441473153285
2025-10-15,1.0026151,1.0082151,0.9996521,1.0033394,6688.505450212956,6725.86322334528,6668.739056094885,6693.337403328419,1.0026151,1.0082151,0.9996521,1.0033394,5279.01113929904,5308.496068015411,5263.410299964457,5282.824740733766
2025-10-16,1.0028431,1.0081333,0.9996578,1.0034453,6647.917384393215,6682.986163312196,6626.801596775651,6651.908920601606,1.0028431,1.0081333,0.9996578,1.0034453,5282.083264222462,5309.94694154832,5265.305931495319,5285.254929104393
2025-10-17,1.0026175,1.008091,0.9994609,1.0034045,6681.4529020369055,6717.9283243179325,6660.417272192836,6686.697609385252,1.0026175,1.008091,0.9994609,1.0034045,5285.155389145885,5314.008053502825,5268.515727785498,5289.304200037695
2025-10-20,1.0032979,1.0085146,0.9999288,1.0037563,6757.341953574419,6792.477225592136,6734.650273187756,6760.429065864087,1.0032979,1.0085146,0.9999288,1.0037563,5288.227514069307,5315.723925807842,5270.469296620408,5290.643229267099
2025-10-21,1.0029114,1.0082692,0.99969393,1.0035127,6754.959624511004,6791.045894175768,6733.288512429595,6759.009534269571,1.0029114,1.0082692,0.99969393,1.0035127,5291.299638992729,5319.567058571975,5274.324301024311,5294.471791736604
2025-10-22,1.0027124,1.0081226,0.9996999,1.0033591,6717.571244645118,6753.816300988197,6697.389447176456,6721.9038162708275,1.0027124,1.0081226,0.9996999,1.0033591,5295.2150935447935,5323.785594198648,5279.30661256827,5298.630095611415
2025-10-23,1.0031424,1.0082189,0.9999023,1.0037313,6759.6145832443235,6793.82245985508,6737.781708233356,6763.582809391021,1.0031424,1.0082189,0.9999023,1.0037313,5299.130548096858,5325.947713713347,5282.014801046165,5302.241698117145
2025-10-24,1.0036695,1.0085986,1.000189,1.0039792,6816.612108838558,6850.088795092105,6792.973267575502,6818.715534176826,1.0036695,1.0085986,1.000189,1.0039792,5303.046002648923,5329.089606804836,5284.655793005075,5304.682696853833
2025-10-27,1.0035923,1.0083092,1.0003842,1.0037006,6899.857312288284,6932.28738960743,6877.801515812874,6900.602313179969,1.0035923,1.0083092,1.0003842,1.0037006,5306.961457200987,5331.904519193282,5289.997555920331,5307.534628230104
2025-10-28,1.0036999,1.0083684,1.0004327,1.0038184,6916.3855950891975,6948.555537251234,6893.871892907619,6917.202124441862,1.0036999,1.0083684,1.0004327,1.0038184,5310.876911753051,5335.579436336722,5293.58932304318,5311.503686557958
2025-10-29,1.0035025,1.0082197,1.0005373,1.0037059,6914.724209727049,6947.228713083267,6894.292150479555,6916.125556236506,1.0035025,1.0082197,1.0005373,1.0037059,5313.5731830047025,5338.551121099488,5297.872420913169,5314.65000938771
2025-10-30,1.0030347,1.008254,1.0000739,1.0035868,6843.043829452991,6878.651943721771,6822.844237508774,6846.81015832901,1.0030347,1.008254,1.0000739,1.0035868,5316.269454256354,5343.93321896532,5300.576568830513,5319.1954720259655
2025-10-31,1.0036465,1.0083709,1.0006348,1.0038059,6865.142741131783,6897.458468151092,6844.542086911201,6866.232951498031,1.0036465,1.0083709,1.0006348,1.0038059,5318.965725508006,5344.003252545046,5303.004912314388,5319.810306914882
2025-11-03,1.0030798,1.0081584,1.0002291,1.0035391,6873.0725053203105,6907.871422841549,6853.53992511034,6876.219706907273,1.0030798,1.0081584,1.0002291,1.0035391,5321.661996759657,5348.605874495555,5306.538419502053,5324.098694687317
2025-11-04,1.0025384,1.0080131,0.99974173,1.0034386,6788.739191067219,6825.811305266619,6769.80113259852,6794.834597367048,1.0025384,1.0080131,0.99974173,1.0034386,5324.358268011309,5353.433834291117,5309.505349883565,5329.138926074561
2025-11-05,1.0032139,1.0082108,1.0001823,1.0035577,6818.13247713089,6852.0928300201895,6797.528766599894,6820.4690388536455,1.0032139,1.0082108,1.0001823,1.0035577,5326.073262446639,5352.602016576622,5309.978423569153,5327.89864999956
2025-11-06,1.0030909,1.0082465,0.9999936,1.0037117,6741.091557922363,6775.739394569397,6720.277139835357,6745.263814697265,1.0030909,1.0082465,0.9999936,1.0037117,5327.78825688197,5355.172170695051,5311.337648207011,5331.085809542641
2025-11-07,1.0033313,1.0083575,1.0000727,1.0037091,6751.215675640106,6785.036113357544,6729.289302635193,6753.757642936706,1.0033313,1.0083575,1.0000727,1.0037091,5329.503251317299,5356.201568264533,5312.194421702316,5331.509611760851
2025-11-10,1.0030731,1.0083214,0.9998103,1.0035233,6853.426715184451,6889.2854134547715,6831.133740555644,6856.503040614129,1.0030731,1.0083214,0.9998103,1.0035233,5331.21824575263,5359.112325440741,5313.876836228817,5333.611018986909
2025-11-11,1.0016105,1.0076652,0.99909097,1.0027653,6857.636585233211,6899.090342745781,6840.386223116517,6865.542916184663,1.0016105,1.0076652,0.99909097,1.0027653,5332.93324018796,5365.1700998366,5319.518274228431,5339.08143514067
2025-11-12,1.0030907,1.0083457,0.99984807,1.0036002,6872.094407343864,6908.0958816576,6849.879124381542,6875.584954533577,1.0030907,1.0083457,0.99984807,1.0036002,5336.014012883734,5363.968170690391,5318.764504980351,5338.7244453784815
2025-11-13,1.0029107,1.0081099,0.9997602,1.0035264,6757.10103598237,6792.1305532586575,6735.874420736432,6761.24941624403,1.0029107,1.0081099,0.9997602,1.0035264,5339.0947855795075,5366.772943259602,5322.32253614437,5342.372604515109
2025-11-14,1.0023298,1.0080341,0.9991103,1.0032032,6749.799306955337,6788.212580958604,6728.118537532687,6755.680388758182,1.0023298,1.0080341,0.9991103,1.0032032,5342.175558275282,5372.578154409475,5325.016304996318,5346.830199564449
2025-11-17,1.0024596,1.0082628,0.99901134,1.0033786,6688.821761704683,6727.542478991747,6665.813240163922,6694.953602492809,1.0024596,1.0082628,0.99901134,1.0033786,5345.256330971056,5376.199604597417,5326.869484898581,5350.156431343509
2025-11-18,1.0028884,1.0087341,0.99932057,1.0039238,6636.433738965988,6675.116381049156,6612.823972132206,6643.284866614342,1.0028884,1.0087341,0.99932057,1.0039238,5348.3371036668295,5379.511798088228,5329.309739609136,5353.8584725659075
2025-11-19,1.0034285,1.0090041,0.9999935,1.0043428,6664.932374343872,6701.966779518128,6642.1168465089795,6671.005535373688,1.0034285,1.0090041,0.9999935,1.0043428,5350.403600303745,5380.133564156789,5332.0880240142915,5355.27907965869
2025-11-20,1.0035588,1.0092455,0.99975914,1.0044926,6562.029844326973,6599.214202809334,6537.185058772564,6568.13629796505,1.0035588,1.0092455,0.99975914,1.0044926,5352.470096940661,5382.800476672087,5332.204860263267,5357.450825754872
2025-11-21,1.0023321,1.0088905,0.99865705,1.0038341,6618.388775740862,6661.693946019411,6594.122499713301,6628.3067113506795,1.0023321,1.0088905,0.99865705,1.0038341,5354.536593577577,5389.572180476892,5334.904077430838,5362.560794913229
2025-11-24,1.0022112,1.0085454,0.9985239,1.0034328,6719.946449260711,6762.417923812866,6695.222511835098,6728.137005386352,1.0022112,1.0085454,0.9985239,1.0034328,5356.603090214493,5390.458097223641,5336.894990911863,5363.131695436522
2025-11-25,1.0019319,1.0080563,0.99867946,1.0029886,6778.9510424518585,6820.387844004631,6756.945378701687,6786.100352602005,1.0019319,1.0080563,0.99867946,1.0029886,5358.669586851409,5391.424859446742,5341.274337065085,5364.321078712142
2025-11-26,1.0030767,1.0083183,0.9995832,1.0036054,6833.570170208215,6869.279367932081,6809.77040004909,6837.171950783729,1.0030767,1.0083183,0.9995832,1.0036054,5362.527574863583,5390.5496729571105,5343.851183695534,5365.3537570392755
2025-11-28,1.003158,1.0081042,0.99996847,1.003623,6870.719243277312,6904.596430324316,6848.87404232204,6873.904312849045,1.003158,1.0081042,0.99996847,1.003623,5366.385562875757,5392.84514630916,5349.3231906037145,5368.873445663226
2025-12-01,1.003002,1.0082172,0.999831,1.0036047,6833.0818391239645,6868.610849090815,6811.478807451129,6837.187150118351,1.003002,1.0082172,0.999831,1.0036047,5370.2435508879325,5398.1664092404835,5353.265259708622,5373.470072796749
2025-12-02,1.0031846,1.008357,0.99961513,1.0038478,6851.118517773151,6886.443373136521,6826.741599549651,6855.648305633068,1.0031846,1.008357,0.99961513,1.0038478,5374.101538900107,5401.810622428686,5354.979952138356,5377.654544015466
2025-12-03,1.0035998,1.0084183,1.0000035,1.0038362,6874.377368044853,6907.383145895004,6849.74367995739,6875.996587200165,1.0035998,1.0084183,1.0000035,1.0038362,5377.959526912281,5403.7805806444285,5358.687978715133,5379.2263459155265
2025-12-04,1.0035566,1.0083711,1.0004799,1.0039482,6881.508095760345,6914.521738243103,6860.410982856751,6884.193361206055,1.0035566,1.0083711,1.0004799,1.0039482,5381.312494213382,5407.129118380004,5364.814655231046,5383.412131697165
2025-12-05,1.0039568,1.0085367,1.0006558,1.0041621,6897.584762573242,6929.050519180298,6874.905404281616,6898.995107269287,1.0039568,1.0085367,1.0006558,1.0041621,5384.665461514483,5409.22977276627,5366.96051657493,5385.766323691675
2025-12-08,1.0038092,1.0085139,1.0004944,1.0039686,6872.589819266796,6904.8006894922255,6849.894647008181,6873.681035338641,1.0038092,1.0085139,1.0004944,1.0039686,5388.018428815582,5413.271168310301,5370.225704145907,5388.873974878431
2025-12-09,1.0031216,1.0083648,0.99990207,1.0036104,6861.863434903622,6897.729475053549,6839.840105904937,6865.2067894864085,1.0031216,1.0083648,0.99990207,1.0036104,5391.371396116683,5419.551288446153,5374.067620831994,5393.998117367209
2025-12-10,1.0031173,1.0082457,0.9999824,1.0034688,6908.148005418778,6943.4655424404145,6886.558908956051,6910.5681843853,1.0031173,1.0082457,0.9999824,1.0034688,5394.724363417784,5422.304403997763,5377.864820820089,5396.61443801706
2025-12-11,1.0031487,1.008161,1.0001618,1.0034864,6922.729005932808,6957.318707346916,6902.116354107857,6925.059611082077,1.0031487,1.008161,1.0001618,1.0034864,5398.713263284905,5425.688140131853,5382.638324447174,5400.5307240907405
2025-12-12,1.003223,1.0081078,1.0003302,1.0036935,6849.414348845482,6882.765147877932,6829.664477226734,6852.626775420904,1.003223,1.0081078,1.0003302,1.0036935,5402.702163152027,5429.008478795093,5387.12382644559,5405.235864847212
2025-12-15,1.0033469,1.0084416,0.9999754,1.0038857,6839.324313740731,6874.052028740644,6816.342199893594,6842.997226481438,1.0033469,1.0084416,0.9999754,1.0038857,5406.691063019149,5434.144080151221,5388.523113380259,5409.5946607601445
2025-12-16,1.0033625,1.0085021,0.9997913,1.0039574,6823.1261219859125,6858.076665585041,6798.840949887038,6827.171286261082,1.0033625,1.0085021,0.9997913,1.0039574,5410.679962886271,5438.39575530442,5391.422098929355,5413.887564368595
2025-12-17,1.003697,1.008869,1.0000235,1.004285,6746.27938008666,6781.042711735964,6721.587847608328,6750.231179093123,1.003697,1.008869,1.0000235,1.004285,5414.668862753392,5442.570330584691,5394.851049028078,5417.840745715568
2025-12-18,1.0036961,1.0089352,1.0002449,1.0043383,6799.8000821924215,6835.293924226761,6776.418839826584,6804.150700569153,1.0036961,1.0089352,1.0002449,1.0043383,5414.668862753392,5442.932444207358,5396.050348691025,5418.13314762478
