,open_rel,high_rel,low_rel,close_rel,open,high,low,close,daisy_chained_open_rel,daisy_chained_high_rel,daisy_chained_low_rel,daisy_chained_close_rel,daisy_chained_open,daisy_chained_high,daisy_chained_low,daisy_chained_close
2022-12-20,0.9899519052129725,1.0069865915921463,0.9893134478506118,1.0020776760246906,3783.22,3848.320098160378,3780.780058574855,3829.5600882494778,0.9899519052129725,1.0069865915921463,0.9893134478506118,1.0020776760246906,3779.2997904553563,3844.3324312576733,3776.8623773213667,3825.59186065242
2022-12-21,0.9924815131857139,0.9947788059223712,0.9811805577006711,0.9811805577006711,3849.28,3858.1899120415615,3805.449922208591,3805.449922208591,0.9924815131857139,0.9947788059223712,0.9811805577006711,0.9811805577006711,3784.2706342755164,3793.0300694147786,3741.180789867201,3741.180789867201
2022-12-22,1.0044762570015096,1.0045678482981197,0.9942313808613524,1.0017449968720487,3839.5,3839.8500976562495,3800.340087890625,3829.06005859375,1.0044762570015096,1.0045678482981197,0.9942313808613524,1.0017449968720487,3789.2414780956765,3789.5869930222157,3750.594163798652,3778.9381940729
2022-12-23,0.9946213346788666,1.0087494524802854,0.9868680938794283,1.002203002300034,3824.14,3878.460069885251,3794.3301847095036,3853.2901473032166,0.9946213346788666,1.0087494524802854,0.9868680938794283,1.002203002300034,3794.212321915836,3848.1072835244454,3764.6357979158684,3823.1343404830236
2022-12-27,1.0061944244956584,1.0114669821922748,0.996479741083833,1.0029013871183308,3852.9700000000003,3873.1599415597684,3815.7700485452674,3840.360136622868,1.0061944244956584,1.0114669821922748,0.996479741083833,1.0029013871183308,3799.183165735996,3819.091258996796,3762.502519550582,3786.7493339997955
2022-12-28,1.0065764084562885,1.014939625971194,1.0050749954706348,1.014939625971194,3808.0999999999995,3839.7398917667406,3802.419824364415,3839.7398917667406,1.0065764084562885,1.014939625971194,1.0050749954706348,1.014939625971194,3804.1540095561563,3835.761115757771,3798.4797197740886,3835.761115757771
2022-12-29,1.0118983290381578,1.0147845475149677,0.9896811825027161,0.9932688815832602,3895.0800000000004,3906.189863058415,3809.559982184055,3823.370040500812,1.0118983290381578,1.0147845475149677,0.9896811825027161,0.9932688815832602,3839.1317277070975,3850.0820105659964,3754.8401050058255,3768.4517979737097
2022-12-30,1.0136970959760385,1.0289282404344742,1.0132621002792268,1.0185753301330362,3892.0899999999997,3950.5699791481634,3890.4198340220914,3910.819980045793,1.0136970959760385,1.0289282404344742,1.0132621002792268,1.0185753301330362,3874.1094458580387,3932.319261050257,3872.4469956600306,3892.7528977350867
2023-01-03,1.024870951377303,1.0250226398941984,1.0138985599540027,1.0168482504195389,3919.25,3919.8300781249995,3877.2900390624995,3888.570068359375,1.024870951377303,1.0250226398941984,1.0138985599540027,1.0168482504195389,3909.0871640089804,3909.665737958731,3867.236007613471,3878.486787159063
2023-01-04,1.0302727506313312,1.0303921289096603,1.0196134236062115,1.0206022863512227,3969.6099999999997,3970.0699609250532,3928.5399327520245,3932.3499912426705,1.0302727506313312,1.0303921289096603,1.0196134236062115,1.0206022863512227,3944.0648821599216,3944.521883157922,3903.259107804082,3907.044647918081
2023-01-05,1.0459730574302146,1.0498043875362497,1.0339959916557255,1.044502546249978,3983.17,3997.7600881767926,3937.5601358241684,3977.570146374541,1.0459730574302146,1.0498043875362497,1.0339959916557255,1.044502546249978,3979.042600310863,3993.617570095669,3933.4799975221226,3973.4485493084685
2023-01-06,1.0267029175267262,1.0279506103018274,1.0135016059014115,1.0168212233411238,3999.0900000000006,4003.949863174442,3947.6698351144696,3960.6000106115443,1.0267029175267262,1.0279506103018274,1.0135016059014115,1.0168212233411238,3976.932788785907,3981.7657255808904,3925.7975205778785,3938.656055619369
2023-01-09,1.0254053734625868,1.0316796173917513,1.0237610377995547,1.0275404881836627,3990.9699999999993,4015.3899220542617,3984.570097609269,3999.280058654752,1.0254053734625868,1.0316796173917513,1.0237610377995547,1.0275404881836627,3974.822977260952,3999.1440990143606,3968.448968166696,3983.0994143384787
2023-01-10,1.002451999744849,1.0242163174983108,1.0018728023297356,1.021177493288644,3928.8599999999997,4014.1598023552547,3926.5899805308163,4002.249890571518,1.002451999744849,1.0242163174983108,1.0018728023297356,1.021177493288644,3972.7131657359964,4058.965067776639,3970.4178087541486,4046.922219890482
2023-01-11,0.9821745713054935,0.9882431380278192,0.9788215824072473,0.9854469305319689,3898.85,3922.939843146611,3885.539941739633,3911.839989909009,0.9821745713054935,0.9882431380278192,0.9788215824072473,0.9854469305319689,3970.6033542110413,3995.1365401505755,3957.0483413294587,3983.8324082920853
2023-01-12,0.9973488452664586,0.997436678200068,0.9785823858939706,0.9813891783076293,3972.61,3972.959853506165,3897.860002021287,3909.0399333595997,0.9973488452664586,0.997436678200068,0.9785823858939706,0.9813891783076293,3968.4935426860857,3968.843033670628,3893.821001385953,3904.98934797013
2023-01-13,1.0051811787181584,1.010057287961952,0.9931358970882164,0.9947612668361476,4019.81,4039.309999715763,3971.6398346865153,3978.1398345917696,1.0051811787181584,1.010057287961952,0.9931358970882164,0.9947612668361476,3988.063243336595,4007.409240314439,3940.273505584772,3946.7221712440537
2023-01-17,1.0065096956379025,1.008256130912497,0.9997043544703373,1.0026986018129966,4016.9499999999994,4023.9199707878483,3989.790087560482,4001.740038877615,1.0065096956379025,1.008256130912497,0.9997043544703373,1.0026986018129966,4007.6329439871047,4014.586748378001,3980.5360272098446,3992.458261386915
2023-01-18,1.0222354576136587,1.0230830516102105,1.0051414627654631,1.0137062633919078,4016.2199999999993,4019.550078149292,3949.0600874007177,3982.7099899899313,1.0222354576136587,1.0230830516102105,1.0051414627654631,1.0137062633919078,4027.202644637614,4030.5418291269293,3959.859078390382,3993.600999076768
2023-01-19,1.0414429895994972,1.0417354185818755,1.0293522722413662,1.0351975957203876,4060.43,4061.570136737945,4013.29010662825,4036.0801460744333,1.0414429895994972,1.0417354185818755,1.0293522722413662,1.0351975957203876,4046.7723452881237,4047.908647064282,3999.7910115730674,4022.5043944854283
2023-01-20,1.0246563342487685,1.0306095745626478,1.0191536276887967,1.0204172854500642,4070.56,4094.20990200332,4048.6998928927906,4053.7199123517794,1.0246563342487685,1.0306095745626478,1.0191536276887967,1.0204172854500642,4066.342045938633,4089.9674416823214,4044.5045904880885,4049.519408153844
2023-01-23,0.9994925133277444,1.0109557610685567,0.9989402557105104,1.0073287045524222,4017.77,4063.8500779009946,4015.5500293076666,4049.269999846872,0.9994925133277444,1.0109557610685567,0.9989402557105104,1.0073287045524222,4079.5123845489607,4126.300590065476,4077.2582988415384,4111.496455187301
2023-01-24,1.01484957492625,1.0149889379852164,1.0008687798193492,1.0009708862035895,4076.6,4077.159814439715,4020.4398450953345,4020.8500013355088,1.01484957492625,1.0149889379852164,1.0008687798193492,1.0009708862035895,4092.682723159288,4093.244746140595,4036.301009057273,4036.712783417759
2023-01-25,1.0256435155444672,1.0330485468069546,1.005223814795174,1.013408156663699,4119.21,4148.950234657027,4037.1999894566734,4070.070106955881,1.0256435155444672,1.0330485468069546,1.005223814795174,1.013408156663699,4105.853061769615,4135.4968608292165,4024.108976645265,4056.8725095981486
2023-01-26,1.0293885130392595,1.0332502165190625,1.0200594801692018,1.0241970453804738,4179.76,4195.440176660497,4141.880115063432,4158.680408974237,1.0293885130392595,1.0332502165190625,1.0200594801692018,1.0241970453804738,4119.023400379943,4134.475726491173,4081.693952646718,4098.2501194486085
2023-01-27,1.0161943319838056,1.027465479695455,1.0129711594352007,1.0162459123409289,4136.48,4182.359883029131,4123.35988275055,4136.689960938491,1.0161943319838056,1.027465479695455,1.0129711594352007,1.0162459123409289,4132.1937389902705,4178.026080836135,4119.087216934563,4132.4034823651855
2023-01-30,1.0232243259320468,1.0265967948463963,1.0188188485214102,1.0253373751938053,4111.08,4124.629804430006,4093.3798050238665,4119.569745932415,1.0232243259320468,1.0265967948463963,1.0188188485214102,1.0253373751938053,4122.999276265039,4136.588365715608,4105.2477630188005,4131.513636563312
2023-01-31,1.021439434823137,1.0245155372277144,1.0028920896281521,1.0070524696208238,4164.0,4176.5400390625,4088.389892578125,4105.35009765625,1.021439434823137,1.0245155372277144,1.0028920896281521,1.0070524696208238,4113.804813539808,4126.193687953182,4039.106152669401,4055.8619099434195
2023-02-01,0.9996722672551289,1.009137731669308,0.9981695661032661,1.0083172144039303,4117.86,4156.85023566953,4111.670058388235,4153.470352744814,0.9996722672551289,1.009137731669308,0.9981695661032661,1.0083172144039303,4104.610350814575,4143.475131285464,4098.440325993288,4140.1061234908
2023-02-02,0.9764914731946331,0.9943704854988683,0.9736611484570884,0.9915042968974295,4081.5,4156.22998046875,4069.669921875,4144.25,0.9764914731946331,0.9943704854988683,0.9736611484570884,0.9915042968974295,4095.4158880893438,4170.400660679893,4083.5454752728638,4158.379834427113
2023-02-03,0.9888745986926083,0.9898174647336917,0.9817018522612615,0.9836672631638013,4090.46,4094.3601465216207,4060.7900778416624,4068.9199607318,0.9888745986926083,0.9898174647336917,0.9817018522612615,0.9836672631638013,4086.2214253641123,4090.1175305157835,4056.5822474691363,4064.7037060951543
2023-02-06,1.0063754536520817,1.0067670449774877,0.9955218296004417,0.9964826951820417,4137.29,4138.8998632660505,4092.669883233784,4096.620078508988,1.0063754536520817,1.0067670449774877,0.9955218296004417,0.9964826951820417,4083.9497817051406,4085.538889728499,4039.904932026475,4043.804199211483
2023-02-07,0.993306916426513,0.9989841828502731,0.983431826558139,0.991042342034782,4136.13,4159.7701373885375,4095.0101257880906,4126.700312232832,0.993306916426513,0.9989841828502731,0.983431826558139,0.991042342034782,4081.6781380461684,4105.007054680607,4041.099604100195,4072.372591458452
2023-02-08,1.007222197937764,1.0073459917561545,0.9966292889606608,1.00039824156367,4147.6,4148.109765612998,4103.979883839546,4119.499903005374,1.007222197937764,1.0073459917561545,0.9966292889606608,1.00039824156367,4079.4064943871967,4079.9078785978913,4036.5035661513784,4051.7684101522686
2023-02-09,1.0021830209481808,1.0134852696176218,1.0019576327588469,1.0081465364237707,4090.41,4136.540127944323,4089.4900781052334,4114.75008841362,1.0021830209481808,1.0134852696176218,1.0019576327588469,1.0081465364237707,4077.1348507282246,4123.115266459252,4076.21791437781,4101.395945029523
2023-02-10,0.9972203615241317,0.9978119629144055,0.9896074925441674,0.9968047126054609,4079.09,4081.5099218228593,4047.949863952215,4077.3898047241337,0.9972203615241317,0.9978119629144055,0.9896074925441674,0.9968047126054609,4074.863207069253,4077.2806213454646,4043.7553387348325,4073.1647735523507
2023-02-13,0.9661735097128797,0.9794696549084316,0.9656538104805079,0.9794696549084316,3997.34,4052.350008556105,3995.1898535629007,4052.350008556105,0.9661735097128797,0.9794696549084316,0.9656538104805079,0.9794696549084316,4055.5132784525927,4111.3238475177895,4053.331840940078,4111.3238475177895
2023-02-14,0.9649237330548122,0.971287185856674,0.9615026253257861,0.9675300411652892,3991.05,4017.370068037365,3976.899853688744,4001.8300291649875,0.9649237330548122,0.971287185856674,0.9615026253257861,0.9675300411652892,4036.163349835933,4062.780930166322,4021.853255515814,4047.0652324547636
2023-02-15,0.9673835471115826,0.9712363728895008,0.9569847318405098,0.9688976828020732,4012.32,4028.299980196494,3969.1898737816987,4018.6000291898795,0.9673835471115826,0.9712363728895008,0.9569847318405098,0.9688976828020732,4016.8134212192726,4032.811297491378,3973.6349933140823,4023.1004834514856
2023-02-16,0.9705726320833364,0.9725797562730188,0.9639816153705295,0.9713549378033962,3970.04,3978.249960856719,3943.0800393277673,3973.2399511403896,0.9705726320833364,0.9725797562730188,0.9639816153705295,0.9713549378033962,3997.463492602613,4005.7301646765545,3970.3173030052153,4000.6855477612057
2023-02-17,0.9762569592727789,0.985035892486208,0.9741265965135458,0.9787379335126993,3982.24,4018.0500586815665,3973.55005857244,3992.3601172123167,0.9762569592727789,0.985035892486208,0.9741265965135458,0.9787379335126993,3978.1135639859526,4013.8865159346733,3969.4326271606433,3988.223194633891
2023-02-21,0.9931979766544752,1.0000400512163083,0.9929053015495861,0.9949591576487533,3970.15,3997.5000983289983,3968.9800780962228,3977.190039235668,0.9931979766544752,1.0000400512163083,0.9929053015495861,0.9949591576487533,3991.335848713372,4018.8318949399286,3990.1596837738252,3998.4134555991745
2023-02-22,0.9900627654376667,0.9951591908003125,0.9869708863368113,0.99305701397812,3951.39,3971.730088443587,3939.050155914531,3963.340195637376,0.9900627654376667,0.9951591908003125,0.9869708863368113,0.99305701397812,4004.558133440791,4025.1719090012075,3992.0522499421095,4016.6691255564424
2023-02-23,0.9922812736770745,0.9946464863225266,0.9790245582998854,0.9816464875760176,3981.35,3990.8399900016,3928.1598157577964,3938.679835031007,0.9922812736770745,0.9946464863225266,0.9790245582998854,0.9816464875760176,4017.7804181682104,4027.3572441184638,3964.103529503038,3974.7198097684395
2023-02-24,1.0190426292934076,1.0197101657803809,1.0063299180755787,1.0070478195909105,4045.64,4048.2901465547434,3995.1700279567704,3998.0201256886985,1.0190426292934076,1.0197101657803809,1.0063299180755787,1.0070478195909105,4031.0027028956297,4033.64326110774,3980.7153333517936,3983.5551193092488
2023-02-27,1.0166187874161277,1.0241698312858232,1.0156620860303134,1.0183087861602071,4048.42,4078.4900689396563,4044.610185473355,4055.149980598623,1.0166187874161277,1.0241698312858232,1.0156620860303134,1.0183087861602071,4044.224987623049,4074.2638976633375,4040.419120863457,4050.9479945499907
2023-02-28,1.0040854879538557,1.0201125602161052,1.002559082549626,1.019674292094441,3986.3700000000003,4049.9998809419703,3980.3099415843976,4048.2598907587453,1.0040854879538557,1.0201125602161052,1.002559082549626,1.019674292094441,4005.7329148580957,4069.6718639415353,3999.643421042584,4067.9234221389747
2023-03-01,1.0102799268105656,1.0124057362910779,1.0046489969490306,1.0091512199690262,3992.0100000000007,4000.409902323202,3969.7600000544303,3987.5500390734105,1.0102799268105656,1.0124057362910779,1.0046489969490306,1.0091512199690262,3967.240842093143,3975.5886256824124,3945.1288963513643,3962.808553811774
2023-03-02,0.9841686865008101,1.00915769487703,0.9817523912693769,1.004347731887019,3918.32,4017.809988498663,3908.6998829803333,3998.6598423483833,0.9841686865008101,1.00915769487703,0.9817523912693769,1.004347731887019,3928.7487693281896,4028.503554510257,3919.1030479726574,4009.3024394608565
2023-03-03,0.9545065799230777,0.9724172094621113,0.9507321414699031,0.9671572187529685,3861.59,3934.0499592882957,3846.319980816299,3912.7699304757593,0.9545065799230777,0.9724172094621113,0.9507321414699031,0.9671572187529685,3890.256696563237,3963.254565796892,3874.873319667698,3941.816563680917
2023-03-06,0.9524110640694394,0.964586193857767,0.9408263218181501,0.947312805359659,3855.76,3905.050038937661,3808.8600977750352,3835.1201074741507,0.9524110640694394,0.964586193857767,0.9408263218181501,0.947312805359659,3851.7646237982835,3901.0035879157917,3804.9133197104466,3831.146118530823
2023-03-07,0.9831726608418185,0.9876880469752178,0.9717185921540356,0.9768310445229831,3919.29,3937.289999820599,3873.6298442050825,3894.009970955084,0.9831726608418185,0.9876880469752178,0.9717185921540356,0.9768310445229831,3870.9067679465766,3888.6845596202197,3825.810282079993,3845.938818260829
2023-03-08,0.974929922520234,0.9755136079734084,0.9614805718549599,0.9711248364425309,3891.93,3894.260078165926,3838.240057650719,3876.7400583269477,0.974929922520234,0.9755136079734084,0.9614805718549599,0.9711248364425309,3890.04891209487,3892.3778640632913,3836.3849197244376,3874.8663121817062
2023-03-09,1.0107086710631088,1.0117754373327608,0.9861650091969094,0.9899471975095326,3960.2800000000007,3964.4599316097033,3864.1100788364342,3878.929902945552,1.0107086710631088,1.0117754373327608,0.9861650091969094,0.9899471975095326,3909.191056243163,3913.317065329479,3814.261759402479,3828.890402797002
2023-03-10,1.0142557858291532,1.0252020594342206,1.0102755928339298,1.025145095668218,3916.64,3958.910020690592,3901.270126531575,3958.690049981434,1.0142557858291532,1.0252020594342206,1.0102755928339298,1.025145095668218,3928.3332003914566,3970.729419002329,3912.917439884535,3970.5087915665936
2023-03-13,1.024848538290765,1.0261582797530868,1.015854157110062,1.016004601669621,3951.5700000000006,3956.6200487407623,3916.8898248186933,3917.469902933658,1.024848538290765,1.0261582797530868,1.015854157110062,1.016004601669621,3947.4753445397496,3952.520160370642,3912.831105294961,3913.4105823273126
2023-03-14,1.0213252910603705,1.0229097517039307,1.0132421497634048,1.0144413340631835,4002.8699999999994,4009.0799607556987,3971.189825146215,3975.889776180494,1.0213252910603705,1.0229097517039307,1.0132421497634048,1.0144413340631835,3952.661964538598,3958.7940336990578,3921.3791544112423,3926.020153916196
2023-03-15,1.0115726644621048,1.0379143561919537,1.0113670983717389,1.0282918934419665,3936.9699999999993,4039.4900202941503,3936.1699511659217,4002.0400688435925,1.0115726644621048,1.0379143561919537,1.0113670983717389,1.0282918934419665,3957.848584537447,4060.912290181116,3957.0442928752004,4023.2637337177484
2023-03-16,0.997081014473724,1.0119637858544206,0.9895891396327706,0.9997298146374003,3948.72,4007.659941843545,3919.050077904869,3959.209990312204,0.997081014473724,1.0119637858544206,0.9895891396327706,0.9997298146374003,3963.0352045362956,4022.188820006446,3933.257720749435,3973.5632239710767
2023-03-17,1.0138766902242737,1.0143235017781322,0.998090179777295,1.0057625849261025,3970.9899999999993,3972.7400000043035,3909.1599217229445,3939.20997062497,1.0138766902242737,1.0143235017781322,0.998090179777295,1.0057625849261025,3968.2218245351446,3969.9706046151796,3906.4348479797454,3936.463949005274
2023-03-20,1.0065695407141972,1.0132251354865052,1.004787960478836,1.0079360614398774,3977.5300000000007,4003.830048634409,3970.4899609893537,3982.929902303976,1.0065695407141972,1.0132251354865052,1.004787960478836,1.0079360614398774,3973.408444533993,3999.681240800926,3966.375700480585,3978.8027514064174
2023-03-21,0.9921056641859466,0.9940867256747346,0.9871742049736087,0.9928201173825743,3971.27,3979.1999316016245,3951.530009862709,3974.129863267185,0.9921056641859466,0.9940867256747346,0.9871742049736087,0.9928201173825743,4002.77398411145,4010.766823659193,3982.8773971334394,4005.6565346013444
2023-03-22,1.0230735819678585,1.0237797161920037,1.0158903855285977,1.0158903855285977,4027.8099999999995,4030.5900292564324,3999.529971114523,3999.529971114523,1.0230735819678585,1.0237797161920037,1.0158903855285977,1.0158903855285977,4032.1395236889066,4034.9225412199903,4003.8290963846907,4003.8290963846907
2023-03-23,1.0258590125407727,1.0276368087369732,1.021115708354221,1.024823211620033,4050.83,4057.8500193958603,4032.1000198924794,4046.7399121882568,1.0258590125407727,1.0276368087369732,1.021115708354221,1.024823211620033,4061.5050632663633,4068.5435823650455,4042.725724453929,4057.4041969361056
2023-03-24,1.0348326236026786,1.0351952388159422,1.0214530567451559,1.0214530567451559,4109.31,4110.749941385719,4056.1798738044463,4056.1798738044463,1.0348326236026786,1.0351952388159422,1.0214530567451559,1.0214530567451559,4090.87060284382,4092.304082889047,4037.978883460572,4037.978883460572
2023-03-27,1.0369525811244666,1.0377446281496356,1.0304863249242566,1.0313436802286242,4124.51,4127.660390804021,4098.790271975979,4102.20042841976,1.0369525811244666,1.0377446281496356,1.0304863249242566,1.0313436802286242,4120.236142421277,4123.383268759551,4094.543065430842,4097.949688237182
2023-03-28,1.0325664082270911,1.0407576881908178,1.0291090809383978,1.0394734396922796,4100.6,4133.129784381549,4086.870019858231,4128.029686846759,1.0325664082270911,1.0407576881908178,1.0291090809383978,1.0394734396922796,4117.125369178516,4149.786248203825,4103.340057380244,4144.6655973366915
2023-03-29,1.0155344964136839,1.0178459408116267,1.0111102994606798,1.016557413906202,4090.38,4099.6900588604785,4072.5601752707207,4094.500117305539,1.0155344964136839,1.0178459408116267,1.0111102994606798,1.016557413906202,4114.014595935755,4123.378449181915,4096.091806602423,4118.158519662146
2023-03-30,1.0133775053507554,1.013945242006344,1.0046928823294876,1.007484856912305,4105.02,4107.319804676558,4069.8400685267584,4081.149882926072,1.0133775053507554,1.013945242006344,1.0046928823294876,1.007484856912305,4110.903822692993,4113.206923734232,4075.673466988166,4086.9994920131567
2023-03-31,0.9999513300286421,1.0000462697464367,0.9910545041212399,0.9941328561474045,4109.11,4109.50013673173,4072.5501843304523,4085.2000870950915,0.9999513300286421,1.0000462697464367,0.9910545041212399,0.9941328561474045,4107.7930494502325,4108.183061144964,4071.2449510307333,4083.8907995606596
2023-04-03,0.9962250061219392,0.9999393441735408,0.9946902593968089,0.9965523414115862,4108.94,4124.259824437211,4102.609921784732,4110.290097675502,0.9962250061219392,0.9999393441735408,0.9946902593968089,0.9965523414115862,4104.682276207472,4119.986226092851,4098.358757281127,4106.030974898566
2023-04-04,0.9978905526020581,1.0082354207973987,0.99666877778242,1.0051505301729295,4091.95,4134.370166521813,4086.939990174592,4121.720264027115,0.9978905526020581,1.0082354207973987,0.99666877778242,1.0051505301729295,4113.8587575844795,4156.506046418398,4108.821923606587,4143.78841493209
2023-04-05,1.013651543377388,1.014639116798912,1.0022050982857527,1.0023615963826487,4146.22,4150.259550571934,4099.399689926077,4100.039826611658,1.013651543377388,1.014639116798912,1.0022050982857527,1.0023615963826487,4123.035238961487,4127.052201244638,4076.4767378848705,4077.113295065243
2023-04-06,1.0079463681053928,1.0141704069269495,1.0019926966010668,1.0085480037809544,4137.64,4163.189803843266,4113.200059401312,4140.109726480894,1.0079463681053928,1.0141704069269495,1.0019926966010668,1.0085480037809544,4132.211720338494,4157.728004716424,4107.803843146115,4134.678206719711
2023-04-10,1.0102722974074678,1.0103697371552365,1.0034241844026979,1.006828752955529,4151.32,4151.720390641954,4123.18035037097,4137.170097057094,1.0102722974074678,1.0103697371552365,1.0034241844026979,1.006828752955529,4141.388201715502,4141.787634445493,4113.315874606516,4127.272151615011
2023-04-11,1.0111780653891271,1.014733693572839,1.0076466793146186,1.0134632406831607,4154.87,4169.479862869181,4140.359746503009,4164.259648172666,1.0111780653891271,1.014733693572839,1.0076466793146186,1.0134632406831607,4150.56468309251,4165.159407078975,4136.069465262029,4159.944601619956
2023-04-12,1.0152909981793523,1.017258227654213,1.0103960739837767,1.0115788459451267,4154.52,4162.569804649657,4134.490214937915,4139.330058665161,1.0152909981793523,1.017258227654213,1.0103960739837767,1.0115788459451267,4133.933933912843,4141.943850967661,4114.003398458172,4118.819260271065
2023-04-13,0.9960373545060319,1.0005667294496232,0.9923664893083853,0.9962037570123448,4129.79,4148.5697849786175,4114.569785300214,4130.479941399724,0.9960373545060319,1.0005667294496232,0.9923664893083853,0.9962037570123448,4117.303184733175,4136.026187234771,4102.128989809038,4117.991040029053
2023-04-14,0.9990042632998521,1.0000918397875933,0.9942527247036707,0.9986707681659159,4133.52,4138.019999978738,4113.859843842896,4132.140117194021,0.9990042632998521,1.0000918397875933,0.9942527247036707,0.9986707681659159,4100.672435553508,4105.1366756860825,4081.168511432634,4099.303518169106
2023-04-17,0.9965601302718172,0.9978537229451825,0.9919182285756581,0.9953628689677451,4137.04,4142.410117136795,4117.769980650701,4132.069785203179,0.9965601302718172,0.9978537229451825,0.9919182285756581,0.9953628689677451,4084.041686373841,4089.3430086350186,4065.0185291600437,4079.1351434299854
2023-04-18,0.9799656788299033,0.9931550913857673,0.9799055084738644,0.9931550913857673,4071.63,4126.430294545983,4071.3799999928046,4126.430294545983,0.9799656788299033,0.9931550913857673,0.9799055084738644,0.9931550913857673,4067.4109371941736,4122.15444713928,4067.1611962394295,4122.15444713928
2023-04-19,0.9762836621318466,0.9843904787368253,0.9746854287392737,0.9839355783914965,4055.99,4089.669931721716,4049.3501074058877,4087.7800391390406,0.9762836621318466,0.9843904787368253,0.9746854287392737,0.9839355783914965,4076.990999942432,4110.845318742063,4070.3167274844677,4108.945640722534
2023-04-20,1.0013463154300826,1.00204614197102,0.9868031892238026,0.9868031892238026,4135.35,4138.240136650499,4075.289942824568,4075.289942824568,1.0013463154300826,1.00204614197102,0.9868031892238026,0.9868031892238026,4086.5710626906907,4089.427108443323,4027.2194499670586,4027.2194499670586
2023-04-21,1.0086996071145171,1.0088399422593133,0.9984662455036756,0.9990588897978183,4169.48,4170.060078127717,4127.180195114353,4129.6299021570785,1.0086996071145171,1.0088399422593133,0.9984662455036756,0.9990588897978183,4096.15112543895,4096.721001700665,4054.5952495531833,4057.0018734631317
2023-04-24,1.0074521880378242,1.0120568822520155,1.0065457428754467,1.0071911129467852,4167.87,4186.919804151878,4164.1200001054385,4166.789921905368,1.0074521880378242,1.0120568822520155,1.0065457428754467,1.0071911129467852,4105.731188187208,4124.49697863538,4102.037097075248,4104.667212986732
2023-04-25,1.0117766103501546,1.0227108108268577,1.0044429118422846,1.0227108108268577,4119.58,4164.100018686959,4089.7198931444013,4164.100018686959,1.0117766103501546,1.0227108108268577,1.0044429118422846,1.0227108108268577,4115.311250935467,4159.785137543883,4085.4820854144714,4159.785137543883
2023-04-26,1.008570040853158,1.0227588836973218,1.0081040898576858,1.0163363321901682,4090.75,4148.2998046875,4088.860107421875,4122.25,1.008570040853158,1.0227588836973218,1.0081040898576858,1.0163363321901682,4115.229335904669,4173.123522673742,4113.328134076347,4146.917834121621
2023-04-27,0.9820740687003517,0.9872465781307638,0.9789449643924705,0.9872320549116447,4061.22,4082.610136873054,4048.2800585004034,4082.5500782788704,0.9820740687003517,0.9872465781307638,0.9789449643924705,0.9872320549116447,4115.14742087387,4136.821589371339,4102.035654732581,4136.760733281552
2023-04-28,0.9920301812216392,0.9946132418266188,0.9796737196170147,0.9796737196170147,4136.25,4147.02001953125,4084.72998046875,4084.72998046875,0.9920301812216392,0.9946132418266188,0.9796737196170147,0.9796737196170147,4115.065505843072,4125.78036492323,4063.80935468359,4063.80935468359
2023-05-01,0.9928620614366571,0.9938648967893998,0.9894286390438035,0.9925885076342441,4138.12,4142.2996873816355,4123.809941811497,4136.979863313537,0.9928620614366571,0.9938648967893998,0.9894286390438035,0.9925885076342441,4114.983590812273,4119.13990937968,4100.753540782487,4113.849828679692
2023-05-02,0.9999004752911705,1.002614386901892,0.9992887576939774,1.001133629695588,4119.17,4130.350175993296,4116.649980420955,4124.25007822135,0.9999004752911705,1.002614386901892,0.9992887576939774,1.001133629695588,4114.901675781475,4126.070266767121,4112.384267471351,4119.976489976115
2023-05-03,1.0114624457617798,1.0155300734309556,1.0019971365729194,1.0129536386859834,4137.64,4154.279647887682,4098.91978643567,4143.740097454686,1.0114624457617798,1.0155300734309556,1.0019971365729194,1.0129536386859834,4113.049596914398,4129.590353731623,4074.5595014026544,4119.113440887565
2023-05-04,1.0170884611028213,1.0176251686533015,1.011836325655873,1.0174873848601005,4130.62,4132.7996874381615,4109.289922480144,4132.240117141537,1.0170884611028213,1.0176251686533015,1.011836325655873,1.0174873848601005,4111.19751804732,4113.366956433298,4089.967736135794,4112.8100172777595
2023-05-05,0.9970577213659716,1.001810856664265,0.9910232794283063,1.0005536320733939,4124.08,4143.7401558775655,4099.120039535332,4138.539960663576,0.9970577213659716,1.001810856664265,0.9910232794283063,1.0005536320733939,4109.345439180243,4128.935353025039,4084.474655951595,4123.753737128777
2023-05-08,0.9995553536388505,1.000756434105804,0.9932699469865589,0.9972282381098933,4136.28,4141.250215101909,4110.270233024019,4126.650116687311,0.9995553536388505,1.000756434105804,0.9932699469865589,0.9972282381098933,4107.493360313166,4112.42898496392,4081.6646095619753,4097.930496636756
2023-05-09,0.997749546631967,1.003974134917469,0.9977398264544917,1.0021315685921306,4109.9,4135.54013732799,4109.859960936548,4127.950293397646,0.997749546631967,1.003974134917469,0.9977398264544917,1.0021315685921306,4105.641281446088,4131.254850213149,4105.601283871506,4123.672870953276
2023-05-10,1.0051067758432344,1.0065326858586154,0.9941947820178393,0.996425517515708,4158.77,4164.669902316042,4113.620097868293,4122.850078293694,1.0051067758432344,1.0065326858586154,0.9941947820178393,0.996425517515708,4112.769887053135,4118.604530609276,4068.1193875326794,4077.2472752378617
2023-05-11,1.0163244258731134,1.017329212277599,1.0055391668175333,1.0065511640420979,4198.05,4202.200390818096,4153.500193239839,4157.68036921557,1.0163244258731134,1.017329212277599,1.0055391668175333,1.0065511640420979,4119.898492660181,4123.9716192011765,4076.1780315605065,4080.2803887743244
2023-05-12,1.0164642780935385,1.0215393920289537,1.0136079355368628,1.0194152203477387,4191.98,4212.910175878767,4180.200214788865,4204.149921931702,1.0164642780935385,1.0215393920289537,1.0136079355368628,1.0194152203477387,4127.027098267227,4147.632970199625,4115.429835690087,4139.008452566612
2023-05-15,1.0136233523842682,1.0176342830985727,1.0104925905902877,1.0131760669712975,4192.63,4209.220332494964,4179.680292606795,4190.779902292038,1.0136233523842682,1.0176342830985727,1.0104925905902877,1.0131760669712975,4134.155703874273,4150.514652246351,4121.386605078738,4132.33140934027
2023-05-16,1.0086814764349499,1.0184384284047174,1.0079417895799876,1.016277701640953,4145.58,4185.680096900548,4142.539960994791,4176.799725974152,1.0086814764349499,1.0184384284047174,1.0079417895799876,1.016277701640953,4141.28430948132,4181.342854269484,4138.2474205942435,4172.471685270248
2023-05-17,0.9895329628712334,0.9937937720896584,0.9868253706588854,0.9937937720896584,4115.24,4132.959725553309,4103.979746735054,4132.959725553309,0.9895329628712334,0.9937937720896584,0.9868253706588854,0.9937937720896584,4148.127211444362,4165.988545351256,4136.7769711239725,4165.988545351256
2023-05-18,0.9888591131596812,0.9923036766992127,0.9837258237032,0.9899144069295334,4151.28,4165.74044996713,4129.730194197219,4155.710176010528,0.9888591131596812,0.9923036766992127,0.9837258237032,0.9899144069295334,4154.970113407403,4169.443417409988,4133.401151771404,4159.404227444731
2023-05-19,1.0032132786893069,1.0049833065831417,0.9914551031318525,0.9914551031318525,4205.45,4212.869921530398,4156.1599632266625,4156.1599632266625,1.0032132786893069,1.0049833065831417,0.9914551031318525,0.9914551031318525,4161.813015370445,4169.155945615303,4113.034426498538,4113.034426498538
2023-05-22,1.0030744425336842,1.00917564345201,0.9998927060847137,1.0081285353841956,4205.52,4231.100078006201,4192.180156311953,4226.7099413078395,1.0030744425336842,1.00917564345201,0.9998927060847137,1.0081285353841956,4168.655917333486,4194.011769534022,4155.4330059393,4189.66011520221
2023-05-23,1.0082618113750066,1.0120272345460675,1.004961868899996,1.0108935676180604,4179.83,4195.439862989486,4166.149824474445,4190.7401560460785,1.0082618113750066,1.0120272345460675,1.004961868899996,1.0108935676180604,4175.498819296528,4191.092507193401,4161.832819302576,4186.397670132266
2023-05-24,1.0257044546612106,1.0284771134119042,1.0137051830308776,1.0164728583997014,4221.02,4232.430156197204,4171.640117415988,4183.029765800787,1.0257044546612106,1.0284771134119042,1.0137051830308776,1.0164728583997014,4193.018646249496,4204.353109884233,4143.9663393605515,4155.280431227372
2023-05-25,1.0315782120213526,1.033577548240633,1.0216149355305666,1.0216149355305666,4282.37,4290.669804460375,4241.009649569331,4241.009649569331,1.0315782120213526,1.033577548240633,1.0216149355305666,1.0216149355305666,4210.538473202464,4218.699058579361,4169.871892137897,4169.871892137897
2023-05-26,1.0162503418183548,1.0223114639005988,1.0145929175759927,1.0184380257114958,4273.79,4299.279745860773,4266.819785219958,4282.99019522841,1.0162503418183548,1.0223114639005988,1.0145929175759927,1.0184380257114958,4228.058300155431,4253.27529293128,4221.16267017487,4237.1600486733805
2023-05-30,1.0186255207441648,1.0196907826776764,1.0136890911390288,1.0156507985644911,4283.85,4288.329980366622,4263.089746567009,4271.339746378939,1.0186255207441648,1.0196907826776764,1.0136890911390288,1.0156507985644911,4245.5781271084,4250.018083375404,4225.003345571153,4233.17963996759
2023-05-31,1.0209793221255412,1.0285561665737737,1.020127598831183,1.025273801860446,4267.52,4299.189921730056,4263.959941422544,4285.470195230348,1.0209793221255412,1.0285561665737737,1.020127598831183,1.025273801860446,4263.097954061367,4294.735059108955,4259.541584451407,4281.029549123955
2023-06-01,1.0172730761759006,1.018239569979944,1.009488144994032,1.0112934235465036,4293.93,4298.009589676743,4261.069649782709,4268.689766658264,1.0172730761759006,1.018239569979944,1.009488144994032,1.0112934235465036,4284.090179149157,4288.16042017989,4251.305130569115,4258.9077854495
2023-06-02,1.0038506714739734,1.0093990604879794,1.00217877759361,1.0052564397104191,4298.86,4322.620254661909,4291.700331803548,4304.880019722707,1.0038506714739734,1.0093990604879794,1.00217877759361,1.0052564397104191,4305.082404236947,4328.877050786305,4297.91237274657,4311.111137664271
2023-06-05,1.015241740937201,1.0155224536026914,1.0071552282181313,1.00807939783602,4338.93,4340.129706982647,4304.369942806367,4308.3196496776045,1.015241740937201,1.0155224536026914,1.0071552282181313,1.00807939783602,4326.074629324737,4327.270781818612,4291.616966579915,4295.554971269765
2023-06-06,1.0198793141683298,1.0213640421358592,1.0152807152239134,1.0160510047682527,4369.01,4375.370351903701,4349.310291911962,4352.61009677648,1.0198793141683298,1.0213640421358592,1.0152807152239134,1.0160510047682527,4347.0668544125265,4353.39526175034,4327.4660871743845,4330.749318925416
2023-06-07,1.0246208570785842,1.0291269826868799,1.0164803568969474,1.023144635546496,4372.59,4391.819981155914,4337.850252664862,4366.290195087383,1.0246208570785842,1.0291269826868799,1.0164803568969474,1.023144635546496,4368.059079500316,4387.269134361785,4333.355329830944,4361.76580250713
2023-06-08,1.0307201095499927,1.0338315603734047,1.0159924012905732,1.0166281779718722,4425.84,4439.200352034174,4362.600251673632,4365.330232238762,1.0307201095499927,1.0338315603734047,1.0159924012905732,1.0166281779718722,4369.917152150135,4383.108689013849,4307.4764717574735,4310.171957562789
2023-06-09,1.0257579916536013,1.0348023365430468,1.0252578817593665,1.0330530309602375,4409.59,4448.470372471442,4407.44009758007,4440.950352673726,1.0257579916536013,1.0348023365430468,1.0252578817593665,1.0330530309602375,4371.775224799953,4410.32217567331,4369.643759032118,4402.8666443786415
2023-06-12,1.0114728746488189,1.0141094559045831,1.0065131219626053,1.0131783417592848,4388.71,4400.149941508073,4367.189980277208,4396.109902409614,1.0114728746488189,1.0141094559045831,1.0065131219626053,1.0131783417592848,4373.633297449773,4385.033938891242,4352.187206270046,4381.00777869291
2023-06-13,0.9992401024488384,1.00393917013535,0.9979698364705079,1.0025176926605666,4365.69,4386.220273713046,4360.140195238014,4380.009824410942,0.9992401024488384,1.00393917013535,0.9979698364705079,1.0025176926605666,4375.491370099591,4396.067736139602,4369.929105522444,4389.843343815412
2023-06-14,1.0021268858960022,1.0022091856931528,0.9952498835788902,0.9960686381415861,4381.89,4382.249863270023,4351.81968843822,4355.399766451518,1.0021268858960022,1.0022091856931528,0.9952498835788902,0.9960686381415861,4377.34944274941,4377.708933125595,4347.310290338404,4350.88665863987
2023-06-15,0.9824869403322307,0.9866036111190535,0.9809075261985502,0.9838064285299687,4348.33,4366.549726235152,4341.339765750591,4354.169843645077,0.9824869403322307,0.9866036111190535,0.9809075261985502,0.9838064285299687,4380.256427378965,4398.60992698608,4373.214869240586,4386.139148483673
2023-06-16,0.9816831043248918,0.9892212735707384,0.9815153458430853,0.9853160997239604,4328.82,4362.060235724793,4328.080253876211,4344.8400201817785,0.9816831043248918,0.9892212735707384,0.9815153458430853,0.9853160997239604,4383.163412008519,4416.820941089296,4382.414379213446,4399.38454532439
2023-06-20,0.9976530688972386,0.999022438349887,0.9877617444076174,0.9882994566731885,4378.41,4384.419765410533,4334.999845299155,4337.359708496189,0.9976530688972386,0.999022438349887,0.9877617444076174,0.9882994566731885,4386.070396638074,4392.090676638777,4342.584292219608,4344.948284195834
2023-06-21,1.0025585875314098,1.0056486454137583,0.9987471284133166,1.0004100421455724,4376.86,4390.35023479639,4360.220351042732,4367.480116894503,1.0025585875314098,1.0056486454137583,0.9987471284133166,1.0004100421455724,4388.9773812676285,4402.5049639157705,4372.291665273586,4379.571529860694
2023-06-22,1.0033204849962,1.0037655430278922,0.9977361990171771,0.9984139263453573,4396.44,4398.390195338491,4371.970273111378,4374.939999713458,1.0033204849962,1.0037655430278922,0.9977361990171771,0.9984139263453573,4391.884365897184,4393.832540424202,4367.439994778754,4370.4066441211
2023-06-23,1.0234687799684017,1.02533158657911,1.0170433379844757,1.0170433379844757,4450.38,4458.480097869541,4422.440057858035,4422.440057858035,1.0234687799684017,1.02533158657911,1.0170433379844757,1.0170433379844757,4392.385845719877,4400.380388934415,4364.809996827288,4364.809996827288
2023-06-26,1.0292851169602804,1.0294861225964613,1.026212731147541,1.0281046882382627,4455.59,4456.460117218014,4442.2901948460985,4450.480136539556,1.0292851169602804,1.0294861225964613,1.026212731147541,1.0281046882382627,4392.88732554257,4393.745197765719,4379.77468602844,4387.849372223113
2023-06-27,1.0156243933299987,1.0172780152295475,1.0132925054206672,1.014532721845329,4446.82,4454.060234661203,4436.610038658903,4442.040214654807,1.0156243933299987,1.0172780152295475,1.0132925054206672,1.014532721845329,4393.388805365263,4400.542044288527,4383.301522799477,4388.666451991927
2023-06-28,1.0079349122430237,1.010455046272481,1.001871195331243,1.010455046272481,4411.59,4422.620273828171,4385.049959997504,4422.620273828171,1.0079349122430237,1.010455046272481,1.001871195331243,1.010455046272481,4393.890285187956,4404.876304518076,4367.456726326985,4404.876304518076
2023-06-29,1.0005709164687793,1.0099967108766013,1.0002182918679847,1.001842364163235,4398.95,4440.389939566325,4397.399707100082,4404.539843501812,1.0005709164687793,1.0099967108766013,1.0002182918679847,1.001842364163235,4394.391765010649,4435.788764106523,4392.843078539388,4399.9758162619855
2023-06-30,0.9908210085430906,0.9915109075291532,0.9864146737499508,0.9873831435893234,4409.53,4412.6003126495925,4389.9201357633065,4394.230194567053,0.9908210085430906,0.9915109075291532,0.9864146737499508,0.9873831435893234,4415.663699959702,4418.73828344464,4396.026558207383,4400.342612345669
2023-07-03,0.9963349410515779,0.9973180591852068,0.989422319757068,0.9910135442917122,4439.26,4443.640371325016,4408.460193686395,4415.55003781071,0.9963349410515779,0.9973180591852068,0.989422319757068,0.9910135442917122,4436.935634908755,4441.313712702372,4406.151955155569,4413.238087087721
2023-07-05,1.0056984541762428,1.0093369389664317,1.0036902380871624,1.0046931931835406,4472.16,4488.339686934708,4463.229824530756,4467.689785312432,1.0056984541762428,1.0093369389664317,1.0036902380871624,1.0046931931835406,4458.207569857808,4474.336778734558,4449.3052551201545,4453.751301531316
2023-07-06,1.0223162170555287,1.0239799808428318,1.0176285249531043,1.0181136418157806,4510.04,4517.379843686429,4489.359824397866,4491.499961098079,1.0223162170555287,1.0239799808428318,1.0176285249531043,1.0181136418157806,4479.479504806861,4486.769612957087,4458.939460202918,4461.065095116598
2023-07-07,1.0242035031086965,1.0292819523152976,1.0228713980875297,1.026292624732176,4505.42,4527.759844137378,4499.560136617139,4514.609941565605,1.0242035031086965,1.0292819523152976,1.0228713980875297,1.026292624732176,4500.751439755914,4523.0681351284275,4494.89764842077,4509.931858614238
2023-07-10,1.0256852771157017,1.0279667126670786,1.0216281244113918,1.022526170439721,4522.79,4532.850058506863,4504.899863435764,4508.8598243390625,1.0256852771157017,1.0279667126670786,1.0216281244113918,1.022526170439721,4506.929031834667,4516.95381073144,4489.101634174187,4493.047707894171
2023-07-11,1.0260674076310015,1.0277162915103273,1.0169690135536242,1.0185886396708326,4554.98,4562.299824250135,4514.589863108062,4521.77980454514,1.0260674076310015,1.0277162915103273,1.0169690135536242,1.0185886396708326,4513.106623913418,4520.35915791119,4473.087788628131,4480.211633809719
2023-07-12,1.020920539515581,1.0237625577661402,1.0190779770877498,1.0205068473468768,4565.72,4578.429960339421,4557.4797660127515,4563.869902430808,1.020920539515581,1.0237625577661402,1.0190779770877498,1.0205068473468768,4519.28421599217,4531.864909321554,4511.127789537053,4517.452934892476
2023-07-13,1.005505494408032,1.0121285213469533,1.003884653261424,1.0098313463119706,4534.87,4564.740116415614,4527.559941595153,4554.37976512084,1.005505494408032,1.0121285213469533,1.003884653261424,1.0098313463119706,4525.4618080709215,4555.269954950873,4518.166915356047,4544.9310975850185
2023-07-14,1.0068628451953425,1.011004558263765,1.0067408133522653,1.0099303312401569,4536.34,4555.000156892732,4535.790195293564,4550.160312976028,1.0068628451953425,1.011004558263765,1.0067408133522653,1.0099303312401569,4531.639400149674,4550.280221205432,4531.090165156248,4545.445392382303
2023-07-17,1.007042113385764,1.008981186229738,1.0040903740267593,1.0045547107731503,4554.64,4563.410019267996,4541.289902744486,4543.390000337697,1.007042113385764,1.008981186229738,1.0040903740267593,1.0045547107731503,4540.807889816359,4549.55127517414,4527.498335834563,4529.592055584231
2023-07-18,1.002739858352836,1.0056290381873356,0.99943796916976,1.0000460990748177,4567.46,4580.62015636255,4552.419960808873,4555.1899803638125,1.002739858352836,1.0056290381873356,0.99943796916976,1.0000460990748177,4549.976379483045,4563.086160542956,4534.99391153234,4537.753327826227
2023-07-19,1.0002255942107707,1.0036686907746752,0.9960269307195798,0.9985193925465206,4566.75,4582.470214843751,4547.580078125,4558.9599609375,1.0002255942107707,1.0036686907746752,0.9960269307195798,0.9985193925465206,4559.144869149732,4574.838904699481,4540.0068714580675,4551.36780304752
2023-07-20,1.000560104258777,1.0159210000661436,0.9986085384252495,1.0139782633856287,4537.41,4607.069665569952,4528.5599026485115,4598.259607279586,1.000560104258777,1.0159210000661436,0.9986085384252495,1.0139782633856287,4568.313358816417,4638.447461926759,4559.402985286665,4629.577400155874
2023-07-21,1.0101160847731872,1.011864228830963,1.0060995836023288,1.00648320440289,4582.23,4590.160175815051,4564.009785078588,4565.750019461006,1.0101160847731872,1.011864228830963,1.0060995836023288,1.00648320440289,4577.481848483103,4585.403806972457,4559.280513526493,4561.018944661034
2023-07-24,1.0075351729225581,1.0086900949254007,1.0040618304951845,1.006626179730123,4588.96,4594.220253951027,4573.1401756465875,4584.819863246008,1.0075351729225581,1.0086900949254007,1.0040618304951845,1.006626179730123,4556.6634430948125,4561.8866760016235,4540.954956791297,4552.5524441328835
2023-07-25,1.002029574424297,1.003757041496241,1.0000152830343862,1.0024893699485515,4576.73,4584.620136752421,4567.529804648238,4578.830097665211,1.002029574424297,1.003757041496241,1.0000152830343862,1.0024893699485515,4535.845037706522,4543.664690086123,4526.727029776795,4537.92637472519
2023-07-26,0.9883155416871956,0.9965358379428139,0.9866425496277843,0.9965358379428139,4513.39,4550.9300379253455,4505.749863512684,4550.9300379253455,0.9883155416871956,0.9965358379428139,0.9866425496277843,0.9965358379428139,4515.02663231823,4552.58028290264,4507.383725386903,4552.58028290264
2023-07-27,0.9921717455552839,0.9960506317749003,0.9885683468851812,0.9904923476264913,4501.89,4519.49009712175,4485.53990284029,4494.269883043918,0.9921717455552839,0.9960506317749003,0.9885683468851812,0.9904923476264913,4494.20822692994,4511.7782922312535,4477.886028660708,4486.60111251484
2023-07-28,0.9772599804025551,0.9908581763864359,0.9765005290795727,0.9851011794486708,4478.03,4540.340061583218,4474.55001936429,4513.960177505082,0.9772599804025551,0.9908581763864359,0.9765005290795727,0.9851011794486708,4473.389821541649,4535.635316829979,4469.913446895891,4509.282767845587
2023-07-31,0.9846326836581708,0.984937742399564,0.9786857938582185,0.9787795353131077,4518.44,4519.839902361903,4491.149960583611,4491.580136370439,0.9846326836581708,0.984937742399564,0.9786857938582185,0.9787795353131077,4470.59671878418,4471.981798348309,4443.595638617043,4444.021259508566
2023-08-01,0.9830992870455545,0.9839580171615134,0.9754541458628615,0.982804295273828,4499.38,4503.310175883613,4464.390252994934,4498.029902308586,0.9830992870455545,0.9839580171615134,0.9754541458628615,0.982804295273828,4467.803616026711,4471.706210167332,4433.059425006371,4466.462993241418
2023-08-02,0.9898790044733559,0.997573881444414,0.988465458808505,0.9973810957123795,4467.71,4502.439980772404,4461.330117131719,4501.569863577297,0.9898790044733559,0.997573881444414,0.988465458808505,0.9973810957123795,4465.0105132692415,4499.7195094382905,4458.634485263775,4498.849917986758
2023-08-03,0.9926564176379253,1.005659853536868,0.9902329563673775,0.9967280581721344,4468.83,4527.370038039091,4457.919843940734,4487.16007780455,0.9926564176379253,1.005659853536868,0.9902329563673775,0.9967280581721344,4462.217410511773,4520.670826047842,4451.323398361152,4480.520365046964
2023-08-04,0.9968780914821921,0.9995980769030492,0.9923962489985886,0.9938946671045583,4464.05,4476.230176314161,4443.980174903149,4450.690136134225,0.9968780914821921,0.9995980769030492,0.9923962489985886,0.9938946671045583,4459.424307754303,4471.591862850708,4439.375279206398,4446.078287510057
2023-08-07,0.9936438239746462,0.9937787960561758,0.9856144439892082,0.9866523998283528,4489.72,4490.329863252066,4453.439728298597,4458.129669480422,0.9936438239746462,0.9937787960561758,0.9856144439892082,0.9866523998283528,4440.5758589603365,4441.179046694626,4404.69270841336,4409.331313847987
2023-08-08,0.9863270050540296,0.9954416508873816,0.9850668487547893,0.9954416508873816,4437.86,4478.870255169667,4432.190077950324,4478.870255169667,0.9863270050540296,0.9954416508873816,0.9850668487547893,0.9954416508873816,4421.72741016637,4462.58858410643,4416.078099521023,4462.58858410643
2023-08-09,0.9858137614124461,0.9960248351791591,0.9856391141270003,0.9924077347041175,4404.33,4449.950116378281,4403.549726576341,4433.7899604149325,0.9858137614124461,0.9960248351791591,0.9856391141270003,0.9924077347041175,4402.878961372402,4448.484047870756,4402.098945015511,4432.329215988603
2023-08-10,0.9779651497148023,0.9893350295677504,0.9767277373878085,0.9882497124247899,4370.36,4421.17006018325,4364.83021467076,4416.3199623752735,0.9779651497148023,0.9893350295677504,0.9767277373878085,0.9882497124247899,4384.030512578435,4434.999506938011,4378.4834300471575,4430.134237994685
2023-08-11,0.9788667241630358,0.9815794767956237,0.971160739093141,0.9733044929275062,4369.71,4381.8198633895045,4335.310097348736,4344.879921653034,0.9788667241630358,0.9815794767956237,0.971160739093141,0.9733044929275062,4365.1820637844685,4377.279378815156,4330.817806648588,4340.377714607398
2023-08-14,0.9799653430503462,0.9816981426729761,0.9711741011313544,0.9756242629187389,4399.77,4407.549785121714,4360.299785331465,4380.279765711521,0.9799653430503462,0.9816981426729761,0.9711741011313544,0.9756242629187389,4372.3746030740895,4380.105946958783,4333.150151751727,4353.00572574393
2023-08-15,0.988663454908447,0.995657826169427,0.9875864075547623,0.9949232906567904,4387.55,4418.590040444253,4382.7702146309775,4415.330274674144,0.988663454908447,0.995657826169427,0.9875864075547623,0.9949232906567904,4379.5671423637095,4410.550707503091,4374.796053498688,4407.296872661647
2023-08-16,1.0071929215113309,1.008820958133268,0.9982086205371971,0.9982086205371971,4436.01,4443.180410535097,4396.440173690593,4396.440173690593,1.0071929215113309,1.008820958133268,0.9982086205371971,0.9982086205371971,4386.7596816533305,4393.850483485668,4347.629175034966,4347.629175034966
2023-08-17,1.0013614439085112,1.020121853805179,1.0011874870957838,1.019403457976125,4376.31,4458.299744996002,4375.5497461039295,4455.160096600538,1.0013614439085112,1.020121853805179,1.0011874870957838,1.019403457976125,4393.952220942951,4476.272491243666,4393.188902234924,4473.120185981875
2023-08-18,1.008238532991892,1.011156346785724,0.9969288757576192,1.004501424975619,4405.71,4418.460000113047,4356.290077686826,4389.379921730212,1.008238532991892,1.011156346785724,0.9969288757576192,1.004501424975619,4401.144760232572,4413.881548670871,4351.776047325974,4384.831603349512
2023-08-21,1.0076231257543007,1.0090436545358952,1.0034569811870309,1.0059684316813653,4433.31,4439.5599999173955,4414.979922117263,4426.029726658721,1.0076231257543007,1.0090436545358952,1.0034569811870309,1.0059684316813653,4423.1339511830065,4429.369605091604,4404.845947454199,4415.870388700414
2023-08-22,1.0250891727729599,1.0256613039103042,1.0100580714180818,1.010301903225497,4497.63,4500.1402539716555,4431.680291250405,4432.75011549703,1.0250891727729599,1.0256613039103042,1.0100580714180818,1.010301903225497,4445.123142133441,4447.604090548949,4379.943352648805,4381.000687404373
2023-08-23,1.0177772367510443,1.0193055888017102,1.0129800715315898,1.0145017091800168,4514.87,4521.6497849802745,4493.589727114848,4500.339726939646,1.0177772367510443,1.0193055888017102,1.0129800715315898,1.0145017091800168,4467.1123330838755,4473.820402441585,4446.057159965568,4452.735759231034
2023-08-24,1.0300138701326003,1.0356349546815236,1.0299521698595642,1.0321502839266212,4507.66,4532.259608522299,4507.3899804781095,4517.009609050912,1.0300138701326003,1.0356349546815236,1.0299521698595642,1.0321502839266212,4489.10152403431,4513.599853568503,4488.832616209133,4498.412639832656
2023-08-25,1.0249812175563078,1.030764616908182,1.0217082100699701,1.0283473215579009,4515.77,4541.249980358547,4501.350078187368,4530.600078060859,1.0249812175563078,1.030764616908182,1.0217082100699701,1.0283473215579009,4511.090714984745,4536.544292738579,4496.6857352360485,4525.905425973755
2023-08-28,1.0143278949588455,1.0182662526721933,1.0141428610934609,1.0173121167342012,4496.83,4514.289960634162,4496.009687514252,4510.0599802389015,1.0143278949588455,1.0182662526721933,1.0141428610934609,1.0173121167342012,4505.434582004491,4522.92795187651,4504.612699869444,4518.6898775099
2023-08-29,0.9928517908320603,0.9983813958231951,0.98771573078326,0.9983813958231951,4465.48,4490.350117296277,4442.379902242714,4490.350117296277,0.9928517908320603,0.9983813958231951,0.98771573078326,0.9983813958231951,4499.778449024237,4524.839588663087,4476.500924086585,4524.839588663087
2023-08-30,0.9858844219213401,0.9873617450048684,0.9813039633154336,0.9822098240875884,4451.14,4457.80992167013,4430.459824853951,4434.54966847833,0.9858844219213401,0.9873617450048684,0.9813039633154336,0.9822098240875884,4494.122316043981,4500.856645636848,4473.242443331921,4477.371780423419
2023-08-31,0.988870056747847,0.9924283441825447,0.9868489746157701,0.9874967434629037,4457.49,4473.529549937889,4448.3796489165225,4451.2995706379925,0.988870056747847,0.9924283441825447,0.9868489746157701,0.9874967434629037,4488.466183063727,4504.617195738523,4479.292521932905,4482.232734901192
2023-09-01,0.9937308587461273,0.9944638585717526,0.9893971959623494,0.9922958918356876,4487.46,4490.770058622564,4467.890175610899,4480.980019474843,0.9937308587461273,0.9944638585717526,0.9893971959623494,0.9922958918356876,4482.810050083473,4486.116678790936,4463.260504137697,4476.336784177477
2023-09-05,0.9922323058688008,0.9978384687633871,0.9911048840339278,0.9947607798018502,4461.9,4487.109961489262,4456.830175670288,4473.270117436354,0.9922323058688008,0.9978384687633871,0.9911048840339278,0.9947607798018502,4476.031081803005,4501.3208846217585,4470.945201061824,4487.437209024339
2023-09-06,1.0004389225794315,1.0031150504468134,0.9973216939595363,0.9993662407791939,4467.439999999999,4479.390195469236,4453.520077942429,4462.649960874674,1.0004389225794315,1.0031150504468134,0.9973216939595363,0.9993662407791939,4469.252113522537,4481.207156311672,4455.326545171119,4464.460131428829
2023-09-07,1.012122737096564,1.0136706858398958,1.0061893906555373,1.0082315289735775,4505.1,4511.990136569394,4478.689844322488,4487.77968787545,1.012122737096564,1.0136706858398958,1.0061893906555373,1.0082315289735775,4462.47314524207,4469.298087953214,4436.312880104213,4445.316716367458
2023-09-08,0.9983914714334748,1.009083622875768,0.9976938000076084,1.009083622875768,4450.32,4497.980158132507,4447.210136595914,4497.980158132507,0.9983914714334748,1.009083622875768,0.9976938000076084,1.009083622875768,4455.694176961602,4503.411889185461,4452.5805581070645,4503.411889185461
2023-09-11,0.9924389298177587,0.9952980257749237,0.9898940776238871,0.9905670685089177,4453.53,4466.360078743939,4442.110077574089,4445.130097251028,0.9924389298177587,0.9952980257749237,0.9898940776238871,0.9905670685089177,4448.915208681135,4461.731992772066,4437.50711969047,4440.5240099935
2023-09-12,0.9959770501355925,0.9972993348314503,0.9898495414891331,0.9963042562301563,4443.95,4449.849902084447,4416.609669170362,4445.409960873334,0.9959770501355925,0.9972993348314503,0.9898495414891331,0.9963042562301563,4425.721267399688,4431.596968550853,4398.49308445198,4427.175239628603
2023-09-13,0.9853965582078327,0.9985650813964276,0.9852129379547111,0.9967251627410422,4402.2,4461.0295872336565,4401.379687536394,4452.809861035841,0.9853965582078327,0.9985650813964276,0.9852129379547111,0.9967251627410422,4402.527326118242,4461.361287633037,4401.706952660204,4453.140950256477
2023-09-14,0.9611329382255666,0.9712770405346165,0.9609486852400612,0.9709795261550798,4330.0,4375.700195312501,4329.169921875,4374.35986328125,0.9611329382255666,0.9712770405346165,0.9609486852400612,0.9709795261550798,4379.3333848367965,4425.554260362338,4378.493849306811,4424.198657403626
2023-09-15,0.9707301946826297,0.9791205673397765,0.9699280446866,0.9756017939130666,4320.06,4357.399843243554,4316.490175829669,4341.740175487198,0.9707301946826297,0.9791205673397765,0.9699280446866,0.9756017939130666,4356.13944355535,4393.791134497008,4352.539805616309,4378.000683349007
2023-09-18,0.9739330373883189,0.9741732567723136,0.9661325405772403,0.9679108876372103,4337.44,4338.5098242332015,4302.700253436957,4310.620175418945,0.9739330373883189,0.9741732567723136,0.9661325405772403,0.9679108876372103,4332.945502273904,4334.0142179447785,4298.241753375827,4306.153468657242
2023-09-19,0.961651233699749,0.9705352180950579,0.9599523385575778,0.9705059912092854,4273.53,4313.009982453533,4265.980194932948,4312.8800996345035,0.961651233699749,0.9705352180950579,0.9599523385575778,0.9705059912092854,4323.145667491796,4363.084012395574,4315.508209215844,4362.952621637497
2023-09-20,0.9709940484303303,0.9749829765927452,0.9628436043842116,0.9728386074309967,4274.51,4292.070059556583,4238.630115220176,4282.630117632733,0.9709940484303303,0.9749829765927452,0.9628436043842116,0.9728386074309967,4313.345832709688,4331.0654332511585,4277.1399631496315,4321.53972523825
2023-09-21,0.9930023094688222,0.9970600054089253,0.9848451937885483,0.9860622883132275,4299.7,4317.269823420646,4264.379689104414,4269.649708396275,0.9930023094688222,0.9970600054089253,0.9848451937885483,0.9860622883132275,4303.54599792758,4321.131537213162,4268.194093701644,4273.468826923146
2023-09-22,0.9925903806891571,1.0030300735893654,0.9895371957780617,1.0018796898472733,4288.05,4333.150099710474,4274.860057992973,4328.180372921612,0.9925903806891571,1.0030300735893654,0.9895371957780617,1.0018796898472733,4293.746163145472,4338.906172960965,4280.538699873173,4333.929844482622
2023-09-25,0.988691486222288,0.9915018861396635,0.9821945260608024,0.9877992278707912,4288.39,4300.579941017621,4260.2098251171665,4284.519882935884,0.988691486222288,0.9915018861396635,0.9821945260608024,0.9877992278707912,4283.946328363364,4296.123638044947,4255.795354053203,4280.08022155238
2023-09-26,0.9896853420942406,1.0017830001529884,0.9866433605474466,0.9991154391864544,4229.45,4281.1497046438,4216.450000600329,4269.749802826488,0.9896853420942406,1.0017830001529884,0.9866433605474466,0.9991154391864544,4293.390532036152,4345.87182923242,4280.193999546344,4334.299584489348
2023-09-27,0.997482752409048,0.9985939908901839,0.9873599501390218,0.9904831379795579,4263.75,4268.5,4220.47998046875,4233.830078125,0.997482752409048,0.9985939908901839,0.9873599501390218,0.9904831379795579,4302.83473570894,4307.628277777452,4259.168070671387,4272.640545352224
2023-09-28,0.9903458380817266,0.9924250393118742,0.9828383874222789,0.9906063486296516,4258.19,4267.129941529265,4225.910214399572,4259.310117202913,0.9903458380817266,0.9924250393118742,0.9828383874222789,0.9906063486296516,4312.2789393817275,4321.3324390085545,4279.589125255895,4313.413284684253
2023-09-29,1.0047690675248655,1.008407107579494,0.9840253272903767,0.9875794449837338,4308.5,4324.10009765625,4219.5498046875,4234.7900390625,1.0047690675248655,1.008407107579494,0.9840253272903767,0.9875794449837338,4321.723143054515,4337.371118701475,4232.499952231433,4247.786960146952
2023-10-02,1.0110227847747055,1.0124381933546163,0.9989273094755405,1.000146876791076,4335.66,4341.729824000003,4283.789884681813,4289.0198649620825,1.0110227847747055,1.0124381933546163,0.9989273094755405,1.000146876791076,4331.167346727303,4337.230881116346,4279.350979729636,4284.575540653215
2023-10-03,1.0304507678303325,1.0368865278224575,1.026053010047173,1.0260789858301569,4358.24,4385.459725098693,4339.639903344016,4339.749766619357,1.0304507678303325,1.0368865278224575,1.026053010047173,1.0260789858301569,4338.753477750272,4365.851498266664,4320.236545673874,4320.345917729558
2023-10-04,1.0265493990032248,1.0269457499456676,1.0191356551974313,1.0241195306713127,4376.95,4378.63994133084,4345.339649848048,4366.58964889981,1.0265493990032248,1.0269457499456676,1.0191356551974313,1.0241195306713127,4346.339608773242,4348.017731425484,4314.950326987382,4336.051713241523
2023-10-05,1.021469215793565,1.0299799293864573,1.015790819982193,1.0288268205762967,4349.61,4385.850235514118,4325.430311739974,4380.9400791097805,1.021469215793565,1.0299799293864573,1.015790819982193,1.0288268205762967,4353.925739796211,4390.201933344873,4329.722060133994,4385.286905019283
2023-10-06,1.0044748752466055,1.0159220877215749,1.0008054842526786,1.0120669492497603,4327.78,4377.100314948405,4311.970428902666,4360.4904508425925,1.0044748752466055,1.0159220877215749,1.0008054842526786,1.0120669492497603,4361.51187081918,4411.216601447819,4345.57907571093,4394.477275634076
2023-10-09,1.008757605531799,1.0109949109414502,1.001547684444219,1.001547684444219,4373.63,4383.330195572408,4342.370233537423,4342.370233537423,1.008757605531799,1.0109949109414502,1.001547684444219,1.001547684444219,4369.09800184215,4378.788145977087,4337.870627055143,4337.870627055143
2023-10-10,1.0034325782884834,1.008106397994722,0.99525034081249,0.9970148010218423,4373.2,4393.569627996517,4337.539845342626,4345.2297864054335,1.0034325782884834,1.008106397994722,0.99525034081249,0.9970148010218423,4337.81245385988,4358.017252635099,4302.440858008027,4310.06857275048
2023-10-11,0.9857549206639328,0.9970870347007863,0.9832965298523625,0.9955219956893273,4314.6,4364.2000965336065,4303.839746337298,4357.349999032401,0.9857549206639328,0.9970870347007863,0.9832965298523625,0.9955219956893273,4306.526905877611,4356.0341951410655,4295.786785840412,4349.196914930426
2023-10-12,0.9835364549925166,0.9976848588867738,0.9816259254062434,0.9935051333984541,4278.0,4339.5400390625,4269.68994140625,4321.35986328125,0.9835364549925166,0.9976848588867738,0.9816259254062434,0.9935051333984541,4275.241357895342,4336.741713240479,4266.9366579919915,4318.573260834259
2023-10-13,0.9760570084431279,0.988164809765168,0.9757958188604925,0.987538631716085,4224.16,4276.559900405498,4223.029628948062,4273.849939568238,0.9760570084431279,0.988164809765168,0.9757958188604925,0.987538631716085,4243.955809913073,4296.601273570885,4242.820141568779,4293.8786129614555
2023-10-16,0.9641967884800497,0.9730680931693119,0.957835979732841,0.962678567538351,4217.04,4255.839804328098,4189.220176038945,4210.399863342758,0.9641967884800497,0.9730680931693119,0.957835979732841,0.962678567538351,4212.6702619308035,4251.429861522392,4184.879265143273,4206.037005848073
2023-10-17,0.971297905423946,0.9739732247660943,0.9648381050875942,0.9685790413823514,4247.68,4259.3797065470835,4219.430001169067,4235.789863773299,0.971297905423946,0.9739732247660943,0.9648381050875942,0.9685790413823514,4202.636669621783,4214.212309914504,4174.6862399746215,4190.872619007534
2023-10-18,0.9703726880823251,0.9809530204725336,0.9691326895584083,0.9809530204725336,4186.77,4232.419902130794,4181.419902368709,4232.419902130794,0.9703726880823251,0.9809530204725336,0.9691326895584083,0.9809530204725336,4192.603077312762,4238.3165796433395,4187.245525836833,4238.3165796433395
2023-10-19,0.9670944366526413,0.9779336412824698,0.9649134927141079,0.9761548046024382,4137.23,4183.600117406406,4127.899921830954,4175.990254089231,0.9670944366526413,0.9779336412824698,0.9649134927141079,0.9761548046024382,4182.569485003741,4229.447767835509,4173.137159451971,4221.754508796136
2023-10-20,0.9747192341199197,0.9840299792161276,0.9715019479270564,0.9831374894846904,4117.37,4156.700077005597,4103.779668355554,4152.93005758165,0.9747192341199197,0.9840299792161276,0.9715019479270564,0.9831374894846904,4172.53589269472,4212.392927153199,4158.763473266767,4208.572395755102
2023-10-23,0.9880911729554379,0.9906167337929679,0.9800571291138439,0.9815866843432485,4166.82,4177.470391074297,4132.940115758244,4139.390311342852,0.9880911729554379,0.9906167337929679,0.9800571291138439,0.9815866843432485,4162.5023003856995,4173.141655420659,4128.657522811168,4135.101034640062
2023-10-24,0.987315428657526,0.9877274182804497,0.9777385091639382,0.9820255462725643,4193.8,4195.550000081501,4153.120310605477,4171.3302723910465,0.987315428657526,0.9877274182804497,0.9777385091639382,0.9820255462725643,4202.293026077945,4204.046570152084,4161.530954675966,4179.777794157258
2023-10-25,1.0122027242958174,1.014061024056373,1.0026202465861367,1.0034633273548736,4237.86,4245.640273688501,4197.74036979944,4201.270155069565,1.0122027242958174,1.014061024056373,1.0026202465861367,1.0034633273548736,4242.083751770191,4249.871779831127,4201.924135501408,4205.45743880582
2023-10-26,1.0436403100625298,1.0441093267195811,1.031670943603507,1.031670943603507,4317.78,4319.720429784052,4268.259978004737,4268.259978004737,1.0436403100625298,1.0441093267195811,1.031670943603507,1.031670943603507,4281.8744774624365,4283.798771142902,4232.76625094212,4232.76625094212
2023-10-27,1.0585252236257612,1.0622363970168605,1.0526695769033125,1.0526695769033125,4358.34,4373.620273985311,4334.230135854392,4334.230135854392,1.0585252236257612,1.0622363970168605,1.0526695769033125,1.0526695769033125,4321.665203154683,4336.8168958580945,4297.758220007232,4297.758220007232
2023-10-30,1.0477966410836081,1.049291781381634,1.0433687571349284,1.0473862655585915,4365.98,4372.20998049662,4347.529804604962,4364.27003905485,1.0477966410836081,1.049291781381634,1.0433687571349284,1.0473862655585915,4361.455928846928,4367.67945377686,4343.024851724708,4359.747739780024
2023-10-31,1.04401259001383,1.0458915263063104,1.038535522157164,1.0411107057559426,4378.38,4386.259883023405,4355.410272822714,4366.210077799272,1.04401259001383,1.0458915263063104,1.038535522157164,1.0411107057559426,4370.5604848310395,4378.42629487201,4347.631780162099,4358.412297356684
2023-11-01,1.0341965048397068,1.0361834535753938,1.0287645130656295,1.034571772571347,4382.78,4391.200410569018,4359.759979340309,4384.370332109208,1.0341965048397068,1.0361834535753938,1.0287645130656295,1.034571772571347,4379.665040815151,4388.079466772749,4356.661381100976,4381.254242632715
2023-11-02,1.0068484267378144,1.0175135842152834,1.0060586328684196,1.0170527580386246,4347.35,4393.399803653066,4343.939843826604,4391.410057604012,1.0068484267378144,1.0175135842152834,1.0060586328684196,1.0170527580386246,4388.769596799263,4435.258142283558,4385.326950190609,4433.2494388284795
2023-11-03,1.01305542936072,1.0136954782401493,0.9988526853482907,1.0013330007940606,4415.24,4418.029550633172,4353.3396126608695,4364.149670680787,1.01305542936072,1.0136954782401493,0.9988526853482907,1.0013330007940606,4397.8741527833745,4400.652731666404,4336.2172295977625,4346.984769925328
2023-11-06,1.010437519182406,1.0127760460170516,1.0063765795414297,1.0093175762019113,4411.55,4421.759961389526,4393.820018746291,4406.66035134602,1.010437519182406,1.0127760460170516,1.0063765795414297,1.0093175762019113,4406.978708767486,4417.178090495218,4389.26709949366,4402.094126815236
2023-11-07,1.0267952987177906,1.0297575189908228,1.0184063560328154,1.0184063560328154,4495.7,4508.669725999039,4458.970021126958,4458.970021126958,1.0267952987177906,1.0297575189908228,1.0184063560328154,1.0184063560328154,4434.11655909274,4446.9086219125975,4397.889718436984,4397.889718436984
2023-11-08,1.02740269874372,1.0315758581399246,1.0256755245721314,1.027954841889846,4502.88,4521.170039538499,4495.310175584245,4505.299921937979,1.02740269874372,1.0315758581399246,1.0256755245721314,1.027954841889846,4461.254409417995,4479.375371899685,4453.754562086219,4463.651961077434
2023-11-09,1.037008752458394,1.0378713468676424,1.032313902678893,1.034441635555038,4508.24,4511.989999805045,4487.829844811085,4497.079844330196,1.037008752458394,1.0378713468676424,1.032313902678893,1.034441635555038,4488.39225974325,4492.125749996432,4468.071961229844,4477.28123718769
2023-11-10,1.0223725097616438,1.0237541102250063,1.0191201694088845,1.021360058609632,4514.02,4520.120097629857,4499.660136780883,4509.549785175592,1.0223725097616438,1.0237541102250063,1.0191201694088845,1.021360058609632,4515.530110068505,4521.6322484112625,4501.1654429331375,4511.058399788512
2023-11-13,1.030789631762079,1.03299520139622,1.0223980187269173,1.022701842114568,4547.38,4557.109980719495,4510.359979514732,4511.700311580523,1.030789631762079,1.03299520139622,1.0223980187269173,1.022701842114568,4542.667960393759,4552.387858812122,4505.686300415586,4507.025243616188
2023-11-14,1.0094512534199345,1.0103299142210338,1.006630741387333,1.009580282966499,4538.19,4542.140195363501,4525.509824055032,4538.770078132489,1.0094512534199345,1.0103299142210338,1.006630741387333,1.009580282966499,4544.1684040066775,4548.123803176937,4531.471523777695,4544.749246307576
2023-11-15,1.0119345840884055,1.014557362907743,1.0093650481020071,1.011139520033195,4556.62,4568.430058290018,4545.049687797566,4553.039921967073,1.0119345840884055,1.014557362907743,1.0093650481020071,1.011139520033195,4545.668847619595,4557.450522206791,4534.12634292624,4542.097373766976
2023-11-16,1.0113348002768265,1.011550009510807,1.0098841145798299,1.0105584440668762,4559.34,4560.310214877,4552.799960713372,4555.839999880054,1.0113348002768265,1.011550009510807,1.0098841145798299,1.0105584440668762,4547.169291232513,4548.136916216522,4540.646709936183,4543.6786340179315
2023-11-17,1.0080659810988875,1.0103012045494333,1.0071554066212116,1.0090472987113224,4550.43,4560.519843360234,4546.319648596282,4554.859687328883,1.0080659810988875,1.0103012045494333,1.0071554066212116,1.0090472987113224,4548.669734845431,4558.755675102071,4544.560973469105,4553.0977086166395
2023-11-20,1.0016515004244202,1.0045652660657984,0.9984891584468175,0.9995974975148564,4554.89,4568.139999602291,4540.509629337889,4545.5496682491075,1.0016515004244202,1.0045652660657984,0.9984891584468175,0.9995974975148564,4550.170178458349,4563.406448281534,4535.804708876885,4540.839525250518
2023-11-21,1.0027301633470613,1.0108964274209538,1.0019743166940211,1.0074147986884658,4550.58,4587.640057957497,4547.14982427764,4571.839765260009,1.0027301633470613,1.0108964274209538,1.0019743166940211,1.0074147986884658,4552.625631454723,4589.7023490952215,4549.193913758514,4573.894953660117
2023-11-22,1.0024535730431767,1.0029123192455438,0.9957469414567854,0.9996160118568469,4567.8,4569.89033212063,4537.240428380817,4554.870311947146,1.0024535730431767,1.0029123192455438,0.9957469414567854,0.9996160118568469,4555.081084451096,4557.165596098476,4524.606605132504,4542.1873987649
2023-11-24,1.0077401553733654,1.008784221845193,0.9989845190546942,1.0000198037590902,4594.63,4599.390254027662,4554.71007710683,4559.430292070971,1.0077401553733654,1.008784221845193,0.9989845190546942,1.0000198037590902,4557.536537447469,4562.258360893232,4517.938896906727,4522.621004533168
2023-11-27,1.0042523453827439,1.0048215953553907,0.9991847866253027,1.0030635196623,4569.78,4572.370332153031,4546.720428603377,4564.37033177692,1.0042523453827439,1.0048215953553907,0.9991847866253027,1.0030635196623,4559.991990443842,4562.576774365697,4536.981810331962,4554.593909186494
2023-11-28,1.0026981990783532,1.0051965870470005,0.9992952630242581,1.0005180859693519,4567.18,4578.559882374512,4551.680000596563,4557.249824600942,1.0026981990783532,1.0051965870470005,0.9992952630242581,1.0005180859693519,4562.4474434402155,4573.815533869374,4546.963505287671,4552.527557785971
2023-11-29,0.9997275072628105,1.0088253348027996,0.9991034453086122,1.007834196516876,4549.34,4590.740392046923,4546.500156152464,4586.230137985765,0.9997275072628105,1.0088253348027996,0.9991034453086122,1.007834196516876,4577.73558528582,4619.394385885024,4574.878016003788,4614.855980201027
2023-11-30,1.0038946538815186,1.005061534722759,0.999435257760776,1.000227680596624,4585.590000000001,4590.920078306618,4565.220370399673,4568.839999429259,1.0038946538815186,1.005061534722759,0.999435257760776,1.000227680596624,4593.0237271314245,4598.362446059581,4572.6210762038045,4576.246573035467
2023-12-01,1.002119866017503,1.0031775927893127,0.995523021914209,0.9959888127753405,4604.37,4609.22986315756,4574.059942177682,4576.200078841963,1.002119866017503,1.0031775927893127,0.995523021914209,0.9959888127753405,4608.31186897703,4613.175892735023,4577.975862267759,4580.11783113456
2023-12-04,1.011523530673249,1.0118014476730497,1.005166593346784,1.005166593346784,4622.44,4623.710019547349,4593.390194944266,4593.390194944266,1.011523530673249,1.0118014476730497,1.005166593346784,1.005166593346784,4623.600010822634,4624.870349084001,4594.54291565859,4594.54291565859
2023-12-05,1.016754321047123,1.0168046760712468,1.008957310623899,1.0111928171088795,4643.7,4643.929980459077,4608.089649935259,4618.299610443332,1.016754321047123,1.0168046760712468,1.008957310623899,1.0111928171088795,4638.888152668239,4639.1178948193165,4603.314702396323,4613.514083243517
2023-12-06,1.0346753595026972,1.0352468924596885,1.0206381880885902,1.0212910772862198,4707.09,4709.690097742559,4643.230134598947,4646.200349541291,1.0346753595026972,1.0352468924596885,1.0206381880885902,1.0212910772862198,4663.796315813711,4666.372499033599,4600.52380456243,4603.466700811552
2023-12-07,1.0292132528202478,1.033361033218925,1.0237156043211926,1.029538234869814,4719.55,4738.57002031837,4694.340038019218,4721.040234436671,1.0292132528202478,1.033361033218925,1.0237156043211926,1.029538234869814,4688.704478959184,4707.600190299595,4663.659281503137,4690.184973683876
2023-12-08,1.0249371792449347,1.0263140980913166,1.021787997015871,1.023859950221402,4719.19,4725.5298438287155,4704.689999819966,4714.230039000917,1.0249371792449347,1.0263140980913166,1.021787997015871,1.023859950221402,4713.612642104656,4719.944993211519,4699.129778698196,4708.658543017817
2023-12-11,1.0255536037244402,1.0274919654612618,1.022312895292617,1.022312895292617,4740.56,4749.519960826754,4725.580019716404,4725.580019716404,1.0255536037244402,1.0274919654612618,1.022312895292617,1.022312895292617,4738.520805250128,4747.476911868714,4723.547268740505,4723.547268740505
2023-12-12,1.0268471262140104,1.0269159989256176,1.0215388802597167,1.0215388802597167,4768.37,4768.68982421089,4743.720098262046,4743.720098262046,1.0268471262140104,1.0269159989256176,1.0215388802597167,1.0215388802597167,4763.4289683956,4763.748461201517,4738.804609126778,4738.804609126778
2023-12-13,0.9981432264945009,1.0150665626348778,0.9980305723012567,1.0122453323460523,4698.35,4778.009666313007,4697.8197265735225,4764.72988143278,0.9981432264945009,1.0150665626348778,0.9980305723012567,1.0122453323460523,4766.0682307293755,4846.876047278786,4765.53031436905,4833.404858280825
2023-12-14,1.0057632613278809,1.006178546882118,0.9976269130862582,1.0010043413169687,4746.75,4748.7099609375,4708.35009765625,4724.2900390625,1.0057632613278809,1.006178546882118,0.9976269130862582,1.0010043413169687,4768.70749306315,4770.676520378422,4730.129960637904,4746.143636947583
2023-12-15,1.0075097633280288,1.0113896789586856,1.003725244433591,1.0073593220542088,4754.63,4772.940059045039,4736.770136278557,4753.920039045001,1.0075097633280288,1.0113896789586856,1.003725244433591,1.0073593220542088,4771.346755396925,4789.721190592866,4753.424098361754,4770.634298297405
2023-12-18,1.007212228091196,1.0093154004682465,1.0037738569520267,1.0038602745838572,4774.75,4784.720214843751,4758.4501953125,4758.85986328125,1.007212228091196,1.0093154004682465,1.0037738569520267,1.0038602745838572,4773.986017730699,4783.954637293574,4757.688821087971,4758.098423507936
2023-12-19,1.002770338711132,1.003569366163175,1.0001111122723128,1.0010653781733236,4781.58,4785.390058531499,4768.899824425928,4773.450117320331,1.002770338711132,1.003569366163175,1.0001111122723128,1.0010653781733236,4776.625280064474,4780.43139057608,4763.95824381228,4768.503821648707
2023-12-20,1.018091457639384,1.0202091599876804,1.0175870003002943,1.0187491020649628,4783.35,4793.299706828118,4780.979882860888,4786.439843686919,1.018091457639384,1.0202091599876804,1.0175870003002943,1.0187491020649628,4758.064532842092,4767.961644107429,4755.706944478646,4761.138043176638
2023-12-21,1.004862274187602,1.0087807652291776,1.001103946182588,1.0076114824824896,4769.83,4788.430097351598,4751.990156542199,4782.879804473757,1.004862274187602,1.0087807652291776,1.001103946182588,1.0076114824824896,4739.5037856197105,4757.985624974739,4721.77736652236,4752.470620434571
2023-12-22,0.9975182085672282,0.9999369035677999,0.9932780982078695,0.9980166947056782,4742.83,4754.329999810569,4722.669844082083,4745.200117148459,0.9975182085672282,0.9999369035677999,0.9932780982078695,0.9980166947056782,4720.943038397328,4732.38996861563,4700.87591650308,4723.302218054242
2023-12-26,0.9853521126760564,0.9904790785201062,0.9842839734870448,0.9895952176287104,4704.81,4729.289980163877,4699.709902407267,4725.069765372685,0.9853521126760564,0.9904790785201062,0.9842839734870448,0.9895952176287104,4702.382291174946,4726.849639529274,4697.284825261692,4722.631602393012
2023-12-27,0.9805712756034617,0.9885392711084253,0.9803306876426054,0.9823990701329042,4688.68,4726.779607946624,4687.529609418129,4697.419745766092,0.9805712756034617,0.9885392711084253,0.9803306876426054,0.9823990701329042,4683.821543952564,4721.881672713013,4682.672345416659,4692.5522335086625
2023-12-28,0.9819979721325012,0.9870676406263422,0.9788348395290328,0.9806034662269284,4697.24,4721.489998790014,4682.1096296611995,4690.5695901765785,0.9819979721325012,0.9870676406263422,0.9788348395290328,0.9806034662269284,4702.114568879166,4726.389733147083,4686.968496972554,4695.437236826491
2023-12-29,0.9986812947211955,0.9988909457971877,0.9853222831167516,0.9861358070918051,4763.54,4764.5399999918,4699.819785678776,4703.700156740705,0.9986812947211955,0.9988909457971877,0.9853222831167516,0.9861358070918051,4720.407593805768,4721.398539101723,4657.264346649065,4661.109582130979
2024-01-02,1.0028822454104407,1.0047735665928887,0.9973686802302106,0.9998102769404027,4756.5,4765.47021484375,4730.35009765625,4741.93017578125,1.0028822454104407,1.0047735665928887,0.9973686802302106,0.9998102769404027,4738.700618732369,4747.637265979344,4712.648572392387,4724.1853165058965
2024-01-03,1.016714808887075,1.0182769567899466,1.0109228642841348,1.0117177414292382,4783.45,4790.799609074909,4756.200001112641,4759.939747053694,1.016714808887075,1.0182769567899466,1.0109228642841348,1.0117177414292382,4756.9936436589705,4764.302603437524,4729.894359356453,4733.61342147072
2024-01-04,1.0195278841806221,1.0234223202969117,1.0108559009664906,1.0220637040392073,4780.24,4798.499764729724,4739.579845743566,4792.129647854551,1.0195278841806221,1.0234223202969117,1.0108559009664906,1.0220637040392073,4775.286668585572,4793.527512368596,4734.668646778428,4787.163996270796
2024-01-05,1.0184342294624078,1.0223875773678768,1.0152727777559307,1.0199989988879032,4783.83,4802.399823915485,4768.979902586268,4791.180097536215,1.0184342294624078,1.0223875773678768,1.0152727777559307,1.0199989988879032,4787.188323182314,4805.771183403468,4772.327800768863,4794.543580601498
2024-01-08,1.0005122241022433,1.003946616035195,0.996553012390252,1.0018494895001626,4765.98,4782.339863348293,4747.120136641461,4772.350117213605,1.0005122241022433,1.003946616035195,0.996553012390252,1.0018494895001626,4799.0899777790555,4815.563495551399,4780.099092121489,4805.504349152223
2024-01-09,0.996364974245769,0.9974203762372811,0.9912372254977856,0.9963481387310711,4739.21,4744.2300195726275,4714.819863080217,4739.12992187434,0.996364974245769,0.9974203762372811,0.9912372254977856,0.9963481387310711,4810.991632375798,4816.087686814886,4786.232074425512,4810.910341360525
2024-01-10,0.9994752741222339,1.000489207102759,0.9910357341077541,0.9951186185691484,4780.94,4785.790097715691,4740.569882317736,4760.100155994593,0.9994752741222339,1.000489207102759,0.9910357341077541,0.9951186185691484,4822.8932869725395,4827.785944841949,4782.168916960768,4801.8705709888145
2024-01-11,1.0124617174033104,1.0129344479770142,1.001177777527233,1.0033554229681991,4839.81,4842.069765597642,4785.87005924678,4796.279727089504,1.0124617174033104,1.0129344479770142,1.001177777527233,1.0033554229681991,4834.794941569281,4837.0523655757215,4780.910893909928,4791.3097751530795
2024-01-12,1.013921899398599,1.0176803899421905,1.012588162442536,1.0145468685102526,4850.429999999999,4868.409979817149,4844.049629137477,4853.419745985401,1.013921899398599,1.0176803899421905,1.012588162442536,1.0145468685102526,4845.016339070864,4862.976251076656,4838.643089466549,4848.002748141594
2024-01-16,1.0206924913658892,1.0210869291887004,1.0164478281355283,1.0190558305296793,4864.6,4866.479882774762,4844.370019937364,4856.799707187841,1.0206924913658892,1.0210869291887004,1.0164478281355283,1.0190558305296793,4855.237736572447,4857.114001381137,4835.046690523395,4847.452455970154
2024-01-17,1.027291468409292,1.0347041748525772,1.0267407725367836,1.03151374484545,4868.550000000001,4903.680372503082,4865.94013661405,4888.560254709006,1.027291468409292,1.0347041748525772,1.0267407725367836,1.03151374484545,4865.459134074031,4900.567203576971,4862.850927595745,4885.456684997628
2024-01-18,1.023681535430271,1.0245160462098195,1.0184900225253628,1.0221128063183065,4894.16,4898.149745966374,4869.339688292408,4886.660000239443,1.023681535430271,1.0245160462098195,1.0184900225253628,1.0221128063183065,4875.680531575614,4879.655212978385,4850.953936903526,4868.208850466013
2024-01-19,1.0105706628979236,1.0138186676485206,1.0086077760113108,1.0101450142664157,4890.97,4906.689725871986,4881.470000417303,4888.909941496741,1.0105706628979236,1.0138186676485206,1.0086077760113108,1.0101450142664157,4885.901929077197,4901.605366015576,4876.411773486928,4883.844005226696
2024-01-22,1.0159779648402307,1.0162624515276542,1.0076219485712052,1.0087662373808095,4927.93,4929.30988276328,4887.399728008231,4892.950020779,1.0159779648402307,1.0162624515276542,1.0076219485712052,1.0087662373808095,4899.415911231362,4900.787809688938,4859.120156323518,4864.638333877399
2024-01-23,1.0124100645479588,1.0136680567033858,1.0106215937727732,1.012599169887528,4924.97,4931.089628639291,4916.269805067032,4925.88992183487,1.0124100645479588,1.0136680567033858,1.0106215937727732,1.012599169887528,4912.929893385526,4919.034561328353,4904.2509678764445,4913.847566281423
2024-01-24,0.9952963407996219,1.0078462989776469,0.9951936408150113,1.006293463175178,4845.65,4906.750098887623,4845.149999989923,4899.190040141513,0.9952963407996219,1.0078462989776469,0.9951936408150113,1.006293463175178,4926.443875539691,4988.562726046806,4925.935538786643,4980.8766147699935
2024-01-25,1.002458031613188,1.0026174611060568,0.9916962415401156,0.9932470375583585,4906.19,4906.970273446818,4853.520077495972,4861.109921336616,1.002458031613188,1.0026174611060568,0.9916962415401156,0.9932470375583585,4939.957857693856,4940.743501532509,4886.925423658912,4894.567506154547
2024-01-26,1.013829567549995,1.01723997003481,1.0034799579016156,1.00512990145908,4958.61,4975.290176241155,4907.9903696980655,4916.060194139317,1.013829567549995,1.01723997003481,1.0034799579016156,1.00512990145908,4953.471839848021,4970.134731927508,4902.904662101808,4910.9661245120915
2024-01-29,1.003019523410438,1.0059375605258265,0.9980031748521777,1.0059375605258265,4942.81,4957.1898826420365,4918.089785449292,4957.1898826420365,1.003019523410438,1.0059375605258265,0.9980031748521777,1.0059375605258265,4967.057747395082,4981.508172858282,4942.216263866206,4981.508172858282
2024-01-30,1.005941152941033,1.006659946979668,1.0020121751538515,1.0051147876566162,4954.23,4957.770039076456,4934.879902267465,4950.160175765205,1.005941152941033,1.006659946979668,1.0020121751538515,1.0051147876566162,4980.643654942143,4984.202567863909,4961.190391469503,4976.5521322934665
2024-01-31,1.0308338406612119,1.0318306270713615,1.0254660873977401,1.0262915700374435,4995.060000000001,4999.8900780683425,4969.0497463988595,4973.049746351938,1.0308338406612119,1.0318306270713615,1.0254660873977401,1.0262915700374435,4994.229562489204,4999.058837548571,4968.223633138473,4972.222968084524
2024-02-01,1.0186947509166993,1.0192022212788159,1.016489310001911,1.0181342345253597,4997.91,5000.3997460159135,4987.0896878382755,4995.160000085974,1.0186947509166993,1.0192022212788159,1.016489310001911,1.0181342345253597,5007.815470036266,5010.310150535704,4996.973712854942,5005.06001983567
2024-02-02,1.0137135205228884,1.014409319427489,1.0084156607908732,1.0091880704438152,5026.61,5030.060195406341,5000.3399797542315,5004.170057983406,1.0137135205228884,1.014409319427489,1.0084156607908732,1.0091880704438152,5021.401377583326,5024.847997863463,4995.158578589324,4998.984688053999
2024-02-05,1.0159888808188053,1.0213603787713543,1.0149753347223796,1.0169984754684616,5021.839999999999,5048.390293794839,5016.8302342191255,5026.830234530267,1.0159888808188053,1.0213603787713543,1.0149753347223796,1.0169984754684616,5017.197737954059,5043.7234882705725,5012.192603273647,5022.183359438837
2024-02-06,0.9997860414231879,1.0034455168812224,0.9931533530337632,1.0027673361479412,4953.17,4971.299883098458,4920.31013620046,4967.940019764214,0.9997860414231879,1.0034455168812224,0.9931533530337632,1.0027673361479412,5012.9940983247925,5031.342953093736,4979.737355007109,5027.942509526133
2024-02-07,1.0011130997425455,1.0014934559943676,0.9922703789664395,0.9962722819716684,5000.62,5002.5199022992265,4956.450079160104,4976.439824785402,1.0011130997425455,1.0014934559943676,0.9922703789664395,0.9962722819716684,5008.790458695525,5010.693465224478,4964.5483691017935,4984.570775755316
2024-02-08,1.0063666612644084,1.0069649582298623,1.0003061201221868,1.0010464686532463,5029.73,5032.720234386611,4999.439960819878,5003.140156146746,1.0063666612644084,1.0069649582298623,1.0003061201221868,1.0010464686532463,5004.586819066258,5007.562105532361,4974.448197146227,4978.12989551986
2024-02-09,0.995814276420888,1.002405273585417,0.9946107207641032,1.0008992262163459,5005.57,5038.700372257193,4999.520195100048,5031.1300594913455,0.995814276420888,1.002405273585417,0.9946107207641032,1.0008992262163459,5000.383179436991,5033.4792216786045,4994.339643404013,5025.916753344844
2024-02-12,0.9907742978669173,0.9943985065573243,0.9866941704516803,0.9935242977164311,4975.51,4993.710196169834,4955.020252941066,4989.320059244283,0.9907742978669173,0.9943985065573243,0.9866941704516803,0.9935242977164311,5013.16192424155,5031.499849489883,4992.517122041738,5027.076490421692
2024-02-13,1.0057801367609027,1.0060648345009935,0.9985524813218528,1.0019906402834686,4981.8,4983.210156305286,4946.000193908962,4963.029979732868,1.0057801367609027,1.0060648345009935,0.9985524813218528,1.0019906402834686,5025.940669046109,5027.363319880034,4989.823662868239,5007.004339161449
2024-02-14,1.017279857297695,1.0187517451582713,1.007641110688895,1.007641110688895,5087.03,5094.390351873354,5038.830290933101,5038.830290933101,1.017279857297695,1.0187517451582713,1.007641110688895,1.007641110688895,5038.719413850668,5046.009865819115,4990.977448535478,4990.977448535478
2024-02-15,1.0117441691701146,1.0161699046987847,1.010284877313154,1.0141538646513195,5088.8,5111.060254760618,5081.46015596829,5100.920117652681,1.0117441691701146,1.0161699046987847,1.010284877313154,1.0141538646513195,5051.498158655228,5073.595241648165,5044.212117032252,5063.529433613017
2024-02-16,1.0127777655691559,1.018397579553557,1.01265397768236,1.0174665853915548,5069.53,5097.660372285897,5068.910371067491,5093.000215838404,1.0127777655691559,1.018397579553557,1.01265397768236,1.0174665853915548,5064.276903459787,5092.378126778951,5063.657916592834,5087.722799231121
2024-02-20,1.0206350705756797,1.0211394943509557,1.0164364786734148,1.0199155306690015,5078.18,5080.689765538124,5057.289864004362,5074.599921998924,1.0206350705756797,1.0211394943509557,1.0164364786734148,1.0199155306690015,5076.548174658912,5079.057133707505,5055.664751511834,5072.969247082201
2024-02-21,1.0176562688184994,1.0191838997780573,1.0153659985354253,1.017142484557624,5069.76,5077.370351914326,5058.350331503782,5067.200429569171,1.0176562688184994,1.0191838997780573,1.0153659985354253,1.017142484557624,5088.819445858037,5096.4584084147355,5077.366883426216,5086.250252882148
2024-02-22,1.0018163840197523,1.0035305895208662,0.9950580431645302,0.9996716834364674,5096.27,5104.990214810331,5061.89011731926,5085.359843791813,1.0018163840197523,1.0035305895208662,0.9950580431645302,0.9996716834364674,5101.090717057162,5109.819180584354,5066.678313397968,5090.170240599826
2024-02-23,1.0094875019650997,1.010126159399185,1.0010533089879203,1.0019080506379852,5137.08,5140.329999950573,5094.160078777729,5098.509688086579,1.0094875019650997,1.010126159399185,1.0010533089879203,1.0019080506379852,5113.361988256287,5116.596982885356,5070.640229257612,5074.96975632428
2024-02-26,1.0121155215572253,1.0158081174881937,1.0113718590504954,1.012123419540071,5130.95,5149.6697258499225,5127.179980612258,5130.9900390609755,1.0121155215572253,1.0158081174881937,1.0113718590504954,1.012123419540071,5125.633259455412,5144.333587742425,5121.867146598612,5125.673257027522
2024-02-27,1.0000925528437352,1.0071600725868073,0.9957937531665348,1.0063684465301197,5078.65,5114.540137408873,5056.819921455234,5110.5201178003235,1.0000925528437352,1.0071600725868073,0.9957937531665348,1.0063684465301197,5123.033955673247,5159.237748535413,5101.013097051399,5155.182596682642
2024-02-28,1.0069036798586126,1.0114818946625506,1.0044302784832064,1.007548684687517,5104.76,5127.970450284412,5092.220448643021,5108.030019681387,1.0069036798586126,1.0114818946625506,1.0044302784832064,1.007548684687517,5120.434651891081,5143.716372074262,5107.856596647064,5123.714712479422
2024-02-29,1.0119871984804572,1.0136080415922282,1.006267347860985,1.0070855780539578,5157.36,5165.620254125225,5128.210096883502,5132.380018869044,1.0119871984804572,1.0136080415922282,1.006267347860985,1.0070855780539578,5117.835348108915,5126.032297816991,5088.908842190468,5093.046806989602
2024-03-01,0.9973934608766069,1.010157487321318,0.9961885075807583,1.0053298800091668,5123.69,5189.259824968596,5117.500058522962,5164.46001999749,0.9973934608766069,1.010157487321318,0.9961885075807583,1.0053298800091668,5115.236044326749,5180.697680783982,5109.0563160926795,5155.938794848168
2024-03-04,0.997464407176059,0.998774148046792,0.9922412409019143,0.9962989347903969,5117.94,5124.660214920687,5091.140195005677,5111.9600194627865,0.997464407176059,0.998774148046792,0.9922412409019143,0.9962989347903969,5112.6367405445835,5119.34999191288,5085.864705770162,5106.662956521657
2024-03-05,1.0190247408267947,1.0199305125651286,1.007055016818824,1.010957594106873,5175.27,5179.87009763889,5114.47996116692,5134.29978531087,1.0190247408267947,1.0199305125651286,1.007055016818824,1.010957594106873,5118.926216567841,5123.476232393581,5058.798006157788,5078.402049505909
2024-03-06,1.0118614783065218,1.014570729665668,1.0092305660542509,1.013463938694171,5165.31,5179.140077968116,5151.879824371098,5173.4901756884565,1.0118614783065218,1.014570729665668,1.0092305660542509,1.013463938694171,5125.215692591098,5138.938418358175,5111.889765030602,5133.332371901077
2024-03-07,0.9986659841469279,1.0037790879999648,0.9933958118331239,1.0034475305860973,5150.48,5176.8501172874985,5123.299824115679,5175.140156343514,0.9986659841469279,1.0037790879999648,0.9933958118331239,1.0034475305860973,5131.505168614355,5157.778136018901,5104.425126941689,5156.074474724773
2024-03-08,0.9987118658622985,1.0025704170500025,0.996225426112283,0.9999258766696824,5117.09,5136.860020134927,5104.350253517243,5123.3102150336845,0.9987118658622985,1.0025704170500025,0.996225426112283,0.9999258766696824,5137.794644637612,5157.644657745375,5125.003350903644,5144.040027753515
2024-03-11,1.0061509122811132,1.0112662860796426,1.0053791746110403,1.0071962738401428,5149.42,5175.6001761784455,5145.470292908827,5154.77009773742,1.0061509122811132,1.0112662860796426,1.0053791746110403,1.0071962738401428,5144.084120660869,5170.23716868485,5140.138506294792,5149.428674574717
2024-03-12,1.0006260542928194,1.0009739188583842,0.9915598753304549,0.9930090751479416,5178.509999999999,5180.31029305023,5131.590076001444,5139.090076340888,1.0006260542928194,1.0009739188583842,0.9915598753304549,0.9930090751479416,5157.823868631625,5159.616970212005,5111.091371462723,5118.561412220688
2024-03-13,1.0114823698868025,1.011786286628206,1.0012079988791303,1.003171121419947,5224.62,5226.189824183539,5171.549688690361,5181.6898251816665,1.0114823698868025,1.011786286628206,1.0012079988791303,1.003171121419947,5171.5636166023805,5173.117499110974,5119.032238035003,5129.069400727375
2024-03-14,1.0176779639955889,1.0214776706835407,1.0175091197438113,1.0199885042001489,5241.53,5261.100313302162,5240.660371058105,5253.430391112783,1.0176779639955889,1.0214776706835407,1.0175091197438113,1.0199885042001489,5185.303364573137,5204.663744349929,5184.443064264193,5197.076098503277
2024-03-15,1.0228821459071464,1.0252095756707003,1.0220398588946054,1.024504123321803,5234.18,5246.089667568784,5229.869941550996,5242.479804408766,1.0228821459071464,1.0252095756707003,1.0220398588946054,1.024504123321803,5199.043112543892,5210.872830884907,5194.76198738313,5207.287200623945
2024-03-18,1.0133549021054797,1.0154716264096035,1.0129470702176493,1.0136131987951915,5218.19,5229.08990246614,5216.089902320167,5219.520078139935,1.0133549021054797,1.0154716264096035,1.0129470702176493,1.0136131987951915,5212.782860514648,5223.671468395308,5210.68493897656,5214.111560414613
2024-03-19,1.00484116087446,1.0109394551040485,1.004810233783927,1.0097209465950348,5203.580000000001,5235.160077650867,5203.419843752405,5228.850019151853,1.00484116087446,1.0109394551040485,1.004810233783927,1.0097209465950348,5210.309426170051,5241.930344127204,5210.149062803578,5235.612125270747
2024-03-20,1.0045687533256007,1.0047160427391153,0.997951944647412,1.0003234350458448,5248.49,5249.259531215636,5213.9196890437615,5226.309825209221,1.0045687533256007,1.0047160427391153,0.997951944647412,1.0003234350458448,5207.835991825454,5208.5995623689105,5173.533457259036,5185.827621307382
2024-03-21,1.0024458507344232,1.004449082577959,1.0008184111740357,1.001240036328604,5254.35,5264.849999804849,5245.8197267210435,5248.029687617468,1.0024458507344232,1.004449082577959,1.0008184111740357,1.001240036328604,5205.362557480857,5215.76466351447,5196.911813786324,5199.101170738896
2024-03-22,1.0018321876588119,1.0056876484389314,0.9990485951640024,1.0045451618514474,5243.77,5263.950175706086,5229.200175835518,5257.970195259609,1.0018321876588119,1.0056876484389314,0.9990485951640024,1.0045451618514474,5202.8891231362595,5222.911972476367,5188.432886560019,5216.978612466003
2024-03-25,0.9976275298523053,0.998112331120135,0.9934574529364918,0.9973362373707855,5205.81,5208.339785127777,5184.049746338672,5204.289980485859,0.9976275298523053,0.998112331120135,0.9934574529364918,0.9973362373707855,5200.415688791662,5202.9428525313615,5178.6779833178825,5198.897244336599
2024-03-26,1.001520107310736,1.0048370092991328,0.9982300423136452,0.9982300423136452,5211.49,5228.7497648487815,5194.369883582438,5194.369883582438,1.001520107310736,1.0048370092991328,0.9982300423136452,0.9982300423136452,5201.234839099647,5218.460640213369,5184.148411617206,5184.148411617206
2024-03-27,0.9807030212499215,1.0015432788559357,0.9804839292153598,0.9991540127703251,5147.21,5256.58988364259,5146.060097647523,5244.049844484924,0.9807030212499215,1.0015432788559357,0.9804839292153598,0.9991540127703251,5202.053989407631,5312.599325631309,5200.891834741291,5299.925671219023
2024-03-28,0.9904821719146992,0.993877517212761,0.9815124831373089,0.9818436819396815,5204.34,5222.180332566871,5157.210115772519,5158.950350199766,0.9904821719146992,0.993877517212761,0.9815124831373089,0.9818436819396815,5202.873139715616,5220.708443926287,5155.756539200456,5157.496283136927
2024-04-01,0.9921087309321347,0.9953849400428544,0.9911475829546209,0.9938212355295438,5202.39,5219.569687048519,5197.349961069953,5211.3699802327565,0.9921087309321347,0.9953849400428544,0.9911475829546209,0.9938212355295438,5203.6922900236,5220.876277583047,5198.650989444115,5212.674518172923
2024-04-02,1.0007875815675178,1.0036497493947893,0.9913499782703776,1.0021552128665328,5209.91,5224.809901896889,5160.779630379715,5217.029628692725,1.0007875815675178,1.0036497493947893,0.9913499782703776,1.0021552128665328,5204.511440331585,5219.395902804482,5155.431980080545,5211.623691595465
2024-04-03,0.9902427136960832,0.9936563321797023,0.9860327966042335,0.9916319029494349,5160.64,5178.4300385911965,5138.700059174997,5167.879745901951,0.9902427136960832,0.9936563321797023,0.9860327966042335,0.9916319029494349,5172.84428818145,5190.676398057937,5150.852462055299,5180.101155205072
2024-04-04,1.0100734184150248,1.0125446069655497,0.9983602692753886,1.0050007940249204,5199.06,5211.779726419147,5138.769961616973,5172.95013701301,1.0100734184150248,1.0125446069655497,0.9983602692753886,1.0050007940249204,5141.177136031314,5153.755249506191,5081.558326695536,5115.357962832
2024-04-05,0.9844495171337767,0.9943680903499755,0.9814769568529438,0.9936917280400768,5123.41,5175.029627331992,5107.939785628049,5171.509607908093,0.9844495171337767,0.9943680903499755,0.9814769568529438,0.9936917280400768,5109.509983881179,5160.989565100922,5094.081740819183,5157.47909563042
2024-04-08,0.9729797266256469,0.9934722993210322,0.9711825507699955,0.9898662154715449,5061.82,5168.430355264745,5052.470390300317,5149.6701007070105,0.9729797266256469,0.9934722993210322,0.9711825507699955,0.9898662154715449,5077.842831731044,5184.790654504154,5068.463626505844,5165.971015692928
2024-04-09,0.9695772095871138,0.975034057521265,0.9673545075122593,0.9721069437077277,5051.41,5079.839686620614,5039.829922233194,5064.589687092327,0.9695772095871138,0.975034057521265,0.9673545075122593,0.9721069437077277,5046.175679580909,5074.575907082349,5034.60760120388,5059.341709752641
2024-04-10,0.973175807651764,0.9839787314041709,0.9702769499415076,0.9822367485951257,5022.21,5077.960000433621,5007.250038946142,5068.97025426995,0.973175807651764,0.9839787314041709,0.9702769499415076,0.9822367485951257,5049.99971296989,5106.058198415114,5034.956973015164,5097.018708719101
2024-04-11,0.9638511577092781,0.9726104407330409,0.9620758405840858,0.9677749250569695,5011.12,5056.660037997524,5001.8900197470975,5031.519901866688,0.9638511577092781,0.9726104407330409,0.9620758405840858,0.9677749250569695,5053.823746358872,5099.75186730628,5044.5151100898265,5074.3974920439205
2024-04-12,0.9695163963063662,0.9796249059251827,0.9668482666956675,0.9769743122427723,4967.23,5019.02003926614,4953.560078071249,5005.439961087742,0.9695163963063662,0.9796249059251827,0.9668482666956675,0.9769743122427723,5057.647779747855,5110.38054571751,5043.729026178507,5096.553271311497
2024-04-15,0.989881109956498,0.9954600806712526,0.981741706637235,0.9852839454825106,5010.6,5038.83974554336,4969.399805490489,4987.329980922282,0.989881109956498,0.9954600806712526,0.981741706637235,0.9852839454825106,5061.471813136836,5089.99827225907,5019.853319701789,5037.965537310981
2024-04-16,1.0037890410796195,1.0048917654109573,0.995357762408809,0.9955339779116166,5070.550000000001,5076.120312714564,5027.960154609482,5028.850291362519,1.0037890410796195,1.0048917654109573,0.995357762408809,0.9955339779116166,5065.295846525818,5070.860387227897,5022.750133149405,5023.639347534037
2024-04-17,1.0098402894343328,1.0133945211507889,1.0049400833796482,1.0124745840525282,5071.63,5089.480098068703,5047.020136150103,5084.859980774448,1.0098402894343328,1.0133945211507889,1.0049400833796482,1.0124745840525282,5058.331070980368,5076.134362167021,5033.785739604749,5071.526359836192
2024-04-18,1.0074434457765928,1.0093053206208162,0.9959011469202336,1.0017481043151708,5048.42,5057.750078269384,4990.580155354921,5019.8799604958385,1.0074434457765928,1.0093053206208162,0.9959011469202336,1.0017481043151708,5051.366295434919,5060.701818807328,4993.492695026604,5022.809599751577
2024-04-19,1.0267211302879071,1.0296725048693713,1.0213217780484953,1.0236389177245637,5099.96,5114.620156362287,5073.140175575827,5084.649941288984,1.0267211302879071,1.0296725048693713,1.0213217780484953,1.0236389177245637,5044.4015198894695,5058.9019699000055,5017.873868086618,5029.258247504697
2024-04-22,1.0210693330140101,1.0225302982899815,1.0155769728273087,1.0206621883419846,5116.17,5123.4903126117815,5088.6499800485135,5114.129960906349,1.0210693330140101,1.0225302982899815,1.0155769728273087,1.0206621883419846,5037.436744344021,5044.6444039273965,5010.340232752596,5035.428099617545
2024-04-23,0.9931250061630394,1.0079439385457312,0.9930500867130941,1.0065534990370417,5035.69,5110.830137593058,5035.3101171830795,5103.779844542272,0.9931250061630394,1.0079439385457312,0.9930500867130941,1.0065534990370417,5030.471968798571,5105.534245446566,5030.092479619939,5098.491257978357
2024-04-24,0.9895023887783613,1.0048288180232214,0.9885283545385471,0.9916002642439686,5018.39,5096.119978351111,5013.450058728332,5029.029648147639,0.9895023887783613,1.0048288180232214,0.9885283545385471,0.9916002642439686,5060.842465948994,5139.229991692628,5055.860735838948,5071.572118919035
2024-04-25,1.0031257304265493,1.0049104007347878,0.9925976070582216,1.0001782002052415,5064.2,5073.209765277517,5011.049611424867,5049.3196294801455,1.0031257304265493,1.0049104007347878,0.9925976070582216,1.0001782002052415,5091.212963099417,5100.270787390594,5037.779064890917,5076.25321915439
2024-04-26,1.0054569055443572,1.0076785068978364,1.0002470952681302,1.0044744951199454,5127.79,5139.12007803869,5101.2201759836535,5122.779746131917,1.0054569055443572,1.0076785068978364,1.0002470952681302,1.0044744951199454,5121.583460249841,5132.899824665368,5095.045795637236,5116.57927065892
2024-04-29,1.0126207690518492,1.012671542504109,1.0051307304553208,1.0051307304553208,5180.739999999999,5180.999765613248,5142.419689233599,5142.419689233599,1.0126207690518492,1.012671542504109,1.0051307304553208,1.0051307304553208,5151.953957400264,5152.212279662947,5113.84656797293,5113.84656797293
2024-04-30,1.030186528559145,1.0326747247516257,1.0284508708745104,1.0300872373038898,5187.7,5200.229784684514,5178.959765954062,5187.2000000188245,1.030186528559145,1.0326747247516257,1.0284508708745104,1.0300872373038898,5182.324454550687,5194.841255749832,5173.5932772207025,5181.824972674379
2024-05-01,1.033731933946943,1.0345848516161478,1.0293859068501643,1.0300076435494818,5187.67,5191.9502735019605,5165.859941077796,5168.980058312284,1.033731933946943,1.0345848516161478,1.0293859068501643,1.0300076435494818,5194.108231420182,5198.39381701627,5172.271104815063,5175.395094315292
2024-05-02,1.02959598752024,1.029836840279654,1.0229473714761448,1.024649442637848,5214.08,5215.299726544224,5180.410078629492,5189.02970740659,1.02959598752024,1.029836840279654,1.0229473714761448,1.024649442637848,5205.8920082896775,5207.10981942201,5172.274960875279,5180.881053717184
2024-05-03,1.0185050479836344,1.0218164121185247,1.0159698428440995,1.0190530537520397,5222.68,5239.659979897249,5209.6800004375455,5225.490058499172,1.0185050479836344,1.0218164121185247,1.0159698428440995,1.0190530537520397,5217.675785159172,5234.639495350562,5204.6882418051655,5220.483151144836
2024-05-06,1.0078521601161226,1.0109096082773894,1.0058717932614818,1.0101028340400144,5221.420000000001,5237.259843987003,5211.160234221489,5233.080156424464,1.0078521601161226,1.0109096082773894,1.0058717932614818,1.0101028340400144,5229.459562028667,5245.323795053184,5219.183999010444,5241.137671912312
2024-05-07,1.0113692002236059,1.0120804867827025,1.0058368459334681,1.0064382910985636,5246.68,5250.369941282625,5217.979805649053,5221.099922732018,1.0113692002236059,1.0120804867827025,1.0058368459334681,1.0064382910985636,5241.243338898163,5244.929456627562,5212.572883969144,5215.689767956289
2024-05-08,1.0232242991554974,1.0239201536234306,1.0145710622409265,1.0145710622409265,5308.15,5311.759863347662,5263.2598624553875,5263.2598624553875,1.0232242991554974,1.0239201536234306,1.0145710622409265,1.0145710622409265,5256.173851706867,5259.748368127131,5211.723267763024,5211.723267763024
2024-05-09,1.015922272001964,1.0213671704683003,1.0157477146048353,1.0184097149110474,5297.1,5325.490136195355,5296.18984376678,5310.069726323394,1.015922272001964,1.0213671704683003,1.0157477146048353,1.0184097149110474,5271.1043645155705,5299.355175489221,5270.198674894207,5284.010441619987
2024-05-10,1.0154307750044038,1.015848218878664,1.0116625610397783,1.0153982396251782,5303.27,5305.4501757732205,5283.589824291229,5303.100078125626,1.0154307750044038,1.015848218878664,1.0116625610397783,1.0153982396251782,5286.034877324275,5288.207967733766,5266.418660313179,5285.865507679818
2024-05-13,1.0166065936086353,1.0198987903263388,1.015509194702734,1.0160742125288487,5308.13,5325.319941785752,5302.400019404749,5305.350214782381,1.0166065936086353,1.0198987903263388,1.015509194702734,1.0160742125288487,5300.965390132978,5318.132129919809,5295.243143537367,5298.189356910242
2024-05-14,1.0142432929014156,1.0147978660568806,1.0097566387941888,1.0099128945968445,5321.409999999999,5324.319667883315,5297.869961628695,5298.689785823372,1.0142432929014156,1.0147978660568806,1.0097566387941888,1.0099128945968445,5315.895902941683,5318.802555798697,5292.38025698824,5293.199231673074
2024-05-15,0.9997852359108165,1.0028315723689778,0.995829055145874,1.0020967794943878,5307.01,5323.180410870389,5286.009999072571,5319.280020073134,0.9997852359108165,1.0028315723689778,0.995829055145874,1.0020967794943878,5305.015189338551,5321.179522039122,5284.023081937937,5317.280597329391
2024-05-16,0.9944762228389118,1.008453689992375,0.9924166679329552,1.0081478401432964,5267.84,5341.880041258611,5256.930331707657,5340.259924023056,0.9944762228389118,1.008453689992375,0.9924166679329552,1.0081478401432964,5294.134475735419,5368.544088596114,5283.170351725326,5366.91588452927
2024-05-17,1.0002734162130158,1.0015800981694962,0.9953085403800638,0.995885553896218,5304.720000000001,5311.649687219345,5278.389922941381,5281.449981411197,1.0002734162130158,1.0015800981694962,0.9953085403800638,0.995885553896218,5283.253762132288,5290.155407473041,5257.030233147311,5260.077908693428
2024-05-20,0.999606264352983,1.0014656982995587,0.9948682677028257,1.0014656982995587,5306.04,5315.910117114837,5280.8900978414,5315.910117114837,0.999606264352983,1.0014656982995587,0.9948682677028257,1.0014656982995587,5272.373048529156,5282.18053951341,5247.382723104895,5282.18053951341
2024-05-21,0.9897658703238428,0.9926447734060428,0.988967209848067,0.9919795288691201,5266.95,5282.26982365065,5262.700000157602,5278.729784719424,0.9897658703238428,0.9926447734060428,0.988967209848067,0.9919795288691201,5261.492334926024,5276.796284025658,5257.246738975006,5273.259913317376
2024-05-22,0.9865216006753331,0.9911814714049918,0.9840004290810805,0.9910985732367407,5235.48,5260.209980561006,5222.100117137586,5259.770039153115,0.9865216006753331,0.9911814714049918,0.9840004290810805,0.9910985732367407,5278.890288296584,5303.825318936231,5265.399465353713,5303.381729728454
2024-05-23,1.0018356669906452,1.0023710501126175,0.9855425385631578,0.9953244961481824,5277.51,5280.330312625251,5191.680406344545,5243.210193789241,1.0018356669906452,1.0023710501126175,0.9855425385631578,0.9953244961481824,5296.288241667145,5299.118589424883,5210.1532523133665,5261.866391149475
2024-05-24,0.9959809377309263,0.9995079780428234,0.9867287851136013,0.9985729690264801,5283.4,5302.109961283327,5234.319920967823,5297.15000025415,0.9959809377309263,0.9995079780428234,0.9867287851136013,0.9985729690264801,5313.686195037704,5332.503408003012,5264.324772770861,5327.515014837879
2024-05-28,0.9972295723364317,0.9986355099391991,0.9908764423312049,0.9947607613659484,5291.34,5298.799961157788,5257.630038067066,5278.240390238177,0.9972295723364317,0.9986355099391991,0.9908764423312049,0.9947607613659484,5331.084148408265,5338.600142594241,5297.120985257889,5317.886145265093
2024-05-29,1.0165332877661644,1.0165580404406689,1.0058269680364775,1.0090242348466316,5354.029999999999,5354.160371098981,5297.640349299725,5314.480193725466,1.0165332877661644,1.0165580404406689,1.0058269680364775,1.0090242348466316,5348.4821017788245,5348.612337785999,5292.15088258581,5308.9732774001495
2024-05-30,1.0224392032822207,1.0242327612343614,1.0190775062105701,1.0233636350029642,5352.96,5362.350136787274,5335.359902215316,5357.799843785318,1.0224392032822207,1.0242327612343614,1.0190775062105701,1.0233636350029642,5361.868216567841,5371.273980105941,5344.238829290486,5366.716114658926
2024-05-31,1.0131652995446716,1.0184878555452734,1.0101979616213768,1.0125627093758507,5346.99,5375.079842518736,5331.329844436433,5343.809824358146,1.0131652995446716,1.0184878555452734,1.0101979616213768,1.0125627093758507,5375.254331356857,5403.492657530268,5359.511395794458,5372.057345221975
2024-06-03,1.0146477646969756,1.0155941249883722,1.009107767854418,1.010943743786927,5360.790000000001,5365.789999963566,5331.519980682032,5341.220175923851,1.0146477646969756,1.0155941249883722,1.009107767854418,1.010943743786927,5388.640446145873,5393.6664221744795,5359.2183628416815,5368.968952664371
2024-06-04,1.0158712159868766,1.015990348591163,1.0067865936056446,1.0116530359136546,5375.32,5375.950371114364,5327.250174209292,5353.0001750513575,1.0158712159868766,1.015990348591163,1.0067865936056446,1.0116530359136546,5402.026560934889,5402.660063964112,5353.717906622045,5379.595842911035
2024-06-05,1.0125139380989647,1.017411224046727,1.010291331424112,1.010291331424112,5421.03,5447.2502158828975,5409.130097184638,5409.130097184638,1.0125139380989647,1.017411224046727,1.010291331424112,1.010291331424112,5415.4126757239055,5441.605721962805,5403.525103704162,5403.525103704162
2024-06-06,1.0150907161645146,1.0166206997722738,1.0092564735393263,1.0166206997722738,5433.740000000001,5441.92994105299,5402.509532597072,5441.92994105299,1.0150907161645146,1.0166206997722738,1.0092564735393263,1.0166206997722738,5425.829870128373,5434.0078887306445,5394.644866264943,5434.0078887306445
2024-06-07,1.0158238560386312,1.0159716100176541,1.0106152999808256,1.0144174536709354,5431.6,5432.390039048296,5403.7499028444745,5424.079980603955,1.0158238560386312,1.0159716100176541,1.0106152999808256,1.0144174536709354,5436.24706453284,5437.037779507647,5408.373139923391,5428.720611302303
2024-06-10,1.020974520546412,1.0238229849678386,1.0111196151474828,1.0131174477385225,5473.2300000000005,5488.500019585739,5420.399921686474,5431.109882662194,1.020974520546412,1.0238229849678386,1.0111196151474828,1.0131174477385225,5446.664258937307,5461.860161523334,5394.09060510819,5404.748582511125
2024-06-11,1.0207820185588952,1.0214052554615207,1.017859409011441,1.0187579747366668,5487.03,5490.380097787422,5471.3200384473785,5476.1501167615,1.0207820185588952,1.0214052554615207,1.017859409011441,1.0187579747366668,5457.081453341774,5460.413266089767,5441.457237723941,5446.260953174044
2024-06-12,1.0096180984056535,1.0155874185797091,1.0063696634158794,1.0145655554171142,5473.17,5505.529863743161,5455.560136467385,5499.990312882838,1.0096180984056535,1.0155874185797091,1.0063696634158794,1.0145655554171142,5467.498647746242,5499.824979882277,5449.907031726354,5494.291169158705
2024-06-13,1.0056830102286822,1.0082024427213434,1.0033659446787564,1.0060786681544656,5464.62,5478.309941112672,5452.029668238745,5466.769902297646,1.0056830102286822,1.0082024427213434,1.0033659446787564,1.0060786681544656,5469.436637499279,5483.138645230257,5456.835208339836,5471.588434768583
2024-06-14,1.0029954341262242,1.0108734144896634,1.002943833597564,1.0051513293846397,5447.87,5490.660038142056,5447.589726568529,5459.579960685609,1.0029954341262242,1.0108734144896634,1.002943833597564,1.0051513293846397,5471.374627252315,5514.349281381287,5471.093144591818,5483.135110116512
2024-06-17,0.9992819596472285,0.9999360666832653,0.9951272380466741,0.9977161886993997,5469.3,5472.880078252848,5446.560253094198,5460.730175475215,0.9992819596472285,0.9999360666832653,0.9951272380466741,0.9977161886993997,5473.312617005352,5476.895321825197,5450.55618681373,5464.736505126862
2024-06-18,0.9983360761650656,0.9992910981839754,0.9935922009501877,0.9952032444304659,5477.9,5483.140234468418,5451.870214379708,5460.710058287299,0.9983360761650656,0.9992910981839754,0.9935922009501877,0.9952032444304659,5475.250606758388,5480.4883067808,5449.2334104767315,5458.068978982671
2024-06-20,1.0017722818768648,1.0032229843466485,0.9989713314592195,1.0000766880547929,5482.870000000001,5490.809941236546,5467.539922202656,5473.589726760851,1.0017722818768648,1.0032229843466485,0.9989713314592195,1.0000766880547929,5477.188596511425,5485.120310303249,5461.874403890545,5467.91793958212
2024-06-21,0.9992423992885141,1.0108004136565605,0.9975295879100964,1.0043662688531225,5460.48,5523.6401564759135,5451.120136685271,5488.48000010015,0.9992423992885141,1.0108004136565605,0.9975295879100964,1.0043662688531225,5494.0351218697815,5557.583402969879,5484.617741385461,5522.207184392231
2024-06-24,1.0049964481531315,1.0058151095868257,0.9997540214049148,1.0042604236629304,5475.09,5479.54996106478,5446.529940591193,5471.080234260568,1.0049964481531315,1.0058151095868257,0.9997540214049148,1.0042604236629304,5510.881647228137,5515.370763859873,5482.134885578604,5506.845668929494
2024-06-25,1.0072605269412904,1.0073848894392676,0.9980126173375742,0.9986360368087699,5509.01,5509.690175810187,5458.430408004395,5461.840076118206,1.0072605269412904,1.0073848894392676,0.9980126173375742,0.9986360368087699,5527.728172586493,5528.4106594558725,5476.976724389442,5480.39797766215
2024-06-26,1.010792456963435,1.0112031983044716,1.005388908605152,1.0053925632047573,5537.02,5539.269999992064,5507.419902448161,5507.4399219793395,1.010792456963435,1.0112031983044716,1.005388908605152,1.0053925632047573,5544.574697944849,5546.827767831968,5514.934214084826,5514.954260930609
2024-06-27,1.0153788070846108,1.0159515247948243,1.008893141918737,1.0100385773391645,5567.19,5570.330136751798,5531.629941031985,5537.910214535585,1.0153788070846108,1.0159515247948243,1.008893141918737,1.0100385773391645,5561.421223303205,5564.558106214607,5525.898012015889,5532.171777838695
2024-06-28,1.0205787769573373,1.0224576896985635,1.0186851097614038,1.0205604456651256,5572.850000000001,5583.109765445211,5562.50966814995,5572.749902345505,1.0205787769573373,1.0224576896985635,1.0186851097614038,1.0205604456651256,5571.043242530653,5581.299681687186,5560.706263089478,5570.943177328525
2024-07-01,1.0186097397485703,1.0211247704749098,1.0181695357960432,1.0199357917279306,5576.98,5590.750019579474,5574.5698437415585,5584.240253931675,1.0186097397485703,1.0211247704749098,1.0181695357960432,1.0199357917279306,5580.665261758101,5594.444380550153,5578.253512871268,5587.930313256949
2024-07-02,1.022671950132601,1.0229405973900398,1.0140551181560356,1.0149300165652013,5633.91,5635.389980427703,5586.439786472782,5591.25961055786,1.022671950132601,1.0229405973900398,1.0140551181560356,1.0149300165652013,5590.287280985549,5591.75580209453,5543.18462387763,5547.967128617571
2024-07-03,1.0085822337647325,1.0190409562986829,1.0071355613939952,1.017733351427406,5584.54,5642.450155844934,5576.529746149779,5635.209921520576,1.0085822337647325,1.0190409562986829,1.0071355613939952,1.017733351427406,5599.909300212998,5657.978831507039,5591.877001217393,5650.718671220124
2024-07-05,1.0086506837381157,1.0158733508714832,1.004176226100279,1.004233674150945,5615.35,5655.559960238213,5590.439844183211,5590.759668396399,1.0086506837381157,1.0158733508714832,1.004176226100279,1.004233674150945,5609.531319440445,5649.69961372481,5584.646975770608,5584.96646857882
2024-07-08,1.0104739944552608,1.0168835919143189,1.007518556175857,1.0117193072021453,5631.22,5666.9397251997125,5614.749785784626,5638.159941141475,1.0104739944552608,1.0168835919143189,1.007518556175857,1.0117193072021453,5587.484188590178,5622.926490573438,5571.141893046565,5594.37022951874
2024-07-09,1.0161772141911931,1.0166200571774302,1.0111242689035898,1.012033331522431,5667.2,5669.669726477384,5639.019825189942,5644.089649233967,1.0161772141911931,1.0166200571774302,1.0111242689035898,1.012033331522431,5565.4370577399095,5567.862436632435,5537.762899569828,5542.741687438765
2024-07-10,0.9918990541204955,0.9979730266767042,0.9912849227400852,0.9957684458238256,5588.27,5622.49021472415,5584.810039074593,5610.069804611309,0.9918990541204955,0.9979730266767042,0.9912849227400852,0.9957684458238256,5543.389926889642,5577.335314925269,5539.957753329429,5565.014654630158
2024-07-11,0.9928463221679852,1.0052842244652065,0.9889463078839049,1.004301198782079,5544.59,5614.049962894925,5522.810214229982,5608.5602166464705,0.9928463221679852,1.0052842244652065,0.9889463078839049,1.004301198782079,5521.342796039374,5590.511529118475,5499.654327954165,5585.044800126614
2024-07-12,0.9803485089976581,0.9896978816992709,0.9789309729691826,0.9871815856870008,5505.0,5557.500000000001,5497.0400390625,5543.3701171875,0.9803485089976581,0.9896978816992709,0.9789309729691826,0.9871815856870008,5499.295665189106,5551.741264175924,5491.343952440938,5537.626022886112
2024-07-15,0.9881357858510234,0.9891923431981311,0.9818547106676175,0.9846072224794019,5564.41,5570.35970686418,5529.039883805702,5544.539883370458,0.9881357858510234,0.9891923431981311,0.9818547106676175,0.9846072224794019,5490.12517759484,5495.995455927016,5455.2272521269515,5470.520326839846
2024-07-16,0.9803324392998306,0.9855554079838912,0.979478343480545,0.9820192634650655,5555.74,5585.339608126308,5550.899668172944,5565.299569909219,0.9803324392998306,0.9855554079838912,0.979478343480545,0.9820192634650655,5480.9546900005735,5510.155860498485,5476.179513439277,5490.385579410144
2024-07-17,0.9711646001356412,0.9856431700682117,0.9698851518451798,0.985249453343714,5427.13,5508.040157997086,5419.980097501863,5505.839962637077,0.9711646001356412,0.9856431700682117,0.9698851518451798,0.985249453343714,5471.7842024063075,5553.360085855323,5464.575470804512,5551.141787378392
2024-07-18,0.9737816502212067,0.9904410651158538,0.9722901027484139,0.9790985409733982,5399.22,5491.589625230712,5390.949980797828,5428.699979295694,0.9737816502212067,0.9904410651158538,0.9722901027484139,0.9790985409733982,5462.613714812041,5556.06787700905,5454.246595058531,5492.439826586155
2024-07-19,0.9916621253405995,0.996969977482252,0.9865031967600886,0.9870426566164693,5459.1,5488.319726039797,5430.700098164288,5433.669824673663,0.9916621253405995,0.996969977482252,0.9865031967600886,0.9870426566164693,5453.443227217775,5482.632675491829,5425.072753637951,5428.039402887688
2024-07-22,0.9818722919411043,0.9862213954650138,0.978439745180587,0.9842103233823506,5463.54,5487.740195139477,5444.43990248031,5476.549765531985,0.9818722919411043,0.9862213954650138,0.978439745180587,0.9842103233823506,5430.9585502273885,5455.014429146535,5411.97235484221,5443.890732906089
2024-07-23,0.9785267129131312,0.9880699996944958,0.9722737661466927,0.9861386673095394,5436.44,5489.460020102698,5401.700253531826,5478.7300395183,0.9785267129131312,0.9880699996944958,0.9722737661466927,0.9861386673095394,5408.473873237002,5461.221147829188,5373.912834922225,5450.54636439535
2024-07-24,1.0175359720515262,1.0229181836386076,1.012275400497639,1.0144570036965215,5522.299999999999,5551.509961970597,5493.750194302752,5505.590038471502,1.0175359720515262,1.0229181836386076,1.012275400497639,1.0144570036965215,5385.989196246615,5414.478148240606,5358.144105425705,5369.691698417417
2024-07-25,1.0087901585784613,1.030919276601576,1.0020743268961037,1.0256740168073806,5446.68,5566.159976612761,5410.419747263981,5537.839665026746,1.0087901585784613,1.030919276601576,1.0020743268961037,1.0256740168073806,5363.504519256229,5481.15993402691,5327.797991716699,5453.272097917878
2024-07-26,0.9793848802916232,0.9862230180278606,0.9712278080728534,0.9848930819895606,5346.56,5383.890077715894,5302.029727050514,5376.6298238892105,0.9793848802916232,0.9862230180278606,0.9712278080728534,0.9848930819895606,5341.019842265843,5378.311238190309,5296.535712020466,5371.05850750961
2024-07-29,0.9492618339025614,0.9610783590165424,0.9369858532215968,0.9428209657335426,5186.33,5250.89005762124,5119.259688510323,5151.140059123839,0.9492618339025614,0.9610783590165424,0.9369858532215968,0.9428209657335426,5340.540339646535,5407.020026063739,5271.475759470712,5304.3040610451135
2024-07-30,0.9638715777236574,0.9771725727789689,0.9553237544297773,0.9576892479896273,5240.03,5312.340061558497,5193.560271532218,5206.420135340729,0.9638715777236574,0.9771725727789689,0.9553237544297773,0.9576892479896273,5340.060837027227,5413.751279229191,5292.704013288033,5305.809368618696
2024-07-31,0.9415460949242164,0.9652934713287489,0.9408290094820093,0.9585009656868515,5199.5,5330.64013671875,5195.5400390625,5293.1298828125,0.9415460949242164,0.9652934713287489,0.9408290094820093,0.9585009656868515,5339.581334407919,5474.254558028486,5335.514686940497,5435.733728793615
2024-08-01,0.9766151123253064,0.9782160373780816,0.9609248276021111,0.9643617334523348,5319.31,5328.02972646645,5233.8500400038665,5252.569766360163,0.9766151123253064,0.9782160373780816,0.9609248276021111,0.9643617334523348,5339.10183178861,5347.854002192236,5253.323896500022,5272.113274310205
2024-08-02,0.9995511132391668,1.0022649638647598,0.9914486489942277,0.9940335469652463,5344.16,5358.669765200771,5300.839688766579,5314.660000862507,0.9995511132391668,1.0022649638647598,0.9914486489942277,0.9940335469652463,5338.622329169302,5353.11705920954,5295.346906865833,5309.152898219276
2024-08-05,1.030476271274678,1.0356456411196169,1.0266161198729924,1.0319204034263438,5344.39,5371.200057907902,5324.369980980897,5351.87974590215,1.030476271274678,1.0356456411196169,1.0266161198729924,1.0319204034263438,5380.5967897069795,5407.588478470546,5360.441140500229,5388.13727660199
2024-08-06,1.0370990242422278,1.037494026589886,1.0261353096348256,1.0261353096348256,5434.43,5436.4998241518,5376.979806545774,5376.979806545774,1.0370990242422278,1.037494026589886,1.0261353096348256,1.0261353096348256,5422.571250244658,5424.6365577265115,5365.246421818148,5365.246421818148
2024-08-07,1.0491797288200788,1.0507203104074638,1.0416213472509068,1.046708318540578,5455.21,5463.220253963608,5415.91019503109,5442.359902251736,1.0491797288200788,1.0507203104074638,1.0416213472509068,1.046708318540578,5464.545710782335,5472.569673001775,5425.178650544976,5451.67362216734
2024-08-08,1.0420938053995725,1.042659624182149,1.0341810628822317,1.0341810628822317,5543.22,5546.229765508348,5501.1296696000845,5501.1296696000845,1.0420938053995725,1.042659624182149,1.0341810628822317,1.0341810628822317,5506.520171320013,5509.510010165063,5464.708507095129,5464.708507095129
2024-08-09,1.0393120714948654,1.0407585065695544,1.033870603027417,1.0348679680249095,5554.25,5561.97998046875,5525.169921875,5530.5,1.0393120714948654,1.0407585065695544,1.033870603027417,1.0348679680249095,5548.49463185769,5556.216602445119,5519.4446867939,5524.769241839846
2024-08-12,1.0493713969227545,1.0493807159820856,1.0386106242948212,1.03982493427103,5608.25,5608.299804687499,5550.740234375,5557.22998046875,1.0493713969227545,1.0493807159820856,1.0386106242948212,1.03982493427103,5564.549977894188,5564.599394498782,5507.4883338809395,5513.927511250443
2024-08-13,1.0299369023062215,1.0342408767704778,1.02779866205946,1.0309967679231138,5597.12,5620.509647947788,5585.499883055791,5602.879765504407,1.0299369023062215,1.0342408767704778,1.02779866205946,1.0309967679231138,5580.605323930685,5603.925959161355,5569.019492916959,5586.348094862609
2024-08-14,1.0303636340305873,1.0325322174434102,1.0249962379214024,1.0271079841843513,5620.85,5632.6800779194655,5591.5697270712135,5603.0897464023155,1.0303636340305873,1.0325322174434102,1.0249962379214024,1.0271079841843513,5596.660669967183,5608.439837141991,5567.506404703665,5578.9768476273575
2024-08-15,1.0049465833937676,1.0180400699130987,1.0031985125669858,1.0170568516430791,5570.640000000001,5643.220076343688,5560.950058831567,5637.76988116495,1.0049465833937676,1.0180400699130987,1.0031985125669858,1.0170568516430791,5612.71601600368,5685.844302329305,5602.952885018694,5680.352940875317
2024-08-16,1.0144682000270062,1.0157662980802886,1.0055651603310793,1.0086853077039017,5634.61,5641.819961112443,5585.160291768898,5602.490370314396,1.0144682000270062,1.0157662980802886,1.0055651603310793,1.0086853077039017,5628.771362040177,5635.97385212044,5579.372894080111,5596.685015028821
2024-08-19,1.0015316720902243,1.0077332990514014,0.9989461952653031,1.0056007334078934,5616.84,5651.6202744050215,5602.3399995966365,5639.660313134818,1.0015316720902243,1.0077332990514014,0.9989461952653031,1.0056007334078934,5631.526504173618,5666.397719507207,5616.988590225194,5654.406486201282
2024-08-20,1.0051240638042422,1.0060853387600304,0.9993496967474691,1.0010309464931766,5625.8,5631.180371280541,5593.480174659194,5602.890331235889,1.0051240638042422,1.0060853387600304,0.9993496967474691,1.0010309464931766,5634.2816463070585,5639.670129217271,5601.913094504727,5611.337438151666
2024-08-21,0.9948993479633863,1.0010994081463762,0.989343252446323,1.000651073917205,5592.18,5627.029608279559,5560.950020512915,5624.509588827522,0.9948993479633863,1.0010994081463762,0.989343252446323,1.000651073917205,5637.0367884405,5672.165937347476,5605.556302606542,5669.625703957506
2024-08-22,1.0038272083638504,1.0136986476884402,1.0023462295072685,1.0065809034253075,5591.96,5646.950234759133,5583.709999942371,5607.299843857155,1.0038272083638504,1.0136986476884402,1.0023462295072685,1.0065809034253075,5639.79193057394,5695.252535130288,5631.471362516899,5655.262986805002
2024-08-23,1.0024473743524396,1.002974511970678,0.9906258171492117,0.996118689920815,5648.4,5651.370214895102,5581.790135567119,5612.740331414723,1.0024473743524396,1.002974511970678,0.9906258171492117,0.996118689920815,5642.547072707381,5645.514209836776,5576.006230067132,5606.924355019263
2024-08-26,0.9843488509553414,1.0012551466515762,0.9799691469092695,1.0012551466515762,5528.93,5623.88995791844,5504.329903125861,5623.88995791844,0.9843488509553414,1.0012551466515762,0.9799691469092695,1.0012551466515762,5607.113827068097,5703.416600491216,5582.165863659228,5703.416600491216
2024-08-27,0.9812062284475096,0.9870579137553002,0.9782893688913042,0.9788261849223434,5520.07,5552.990411204568,5503.6603315086995,5506.6803511361195,0.9812062284475096,0.9870579137553002,0.9782893688913042,0.9788261849223434,5571.680581428814,5604.908786114831,5555.117488699798,5558.165744376561
2024-08-28,0.9841260474448247,0.9917956230342725,0.9800363871445154,0.9871069817855855,5503.41,5546.299647219798,5480.539883461816,5520.079921401716,0.9841260474448247,0.9917956230342725,0.9800363871445154,0.9871069817855855,5536.24733578953,5579.392893753331,5513.240759547943,5553.016722033344
2024-08-29,0.967177876808847,0.9875732828232346,0.9661407083077707,0.9848657997694483,5408.42,5522.470294616215,5402.620195228721,5507.330157678764,0.967177876808847,0.9875732828232346,0.9661407083077707,0.9848657997694483,5500.814090150247,5616.812749206063,5494.915205114326,5601.413967567002
2024-08-30,0.9686017279229517,0.9709298900740847,0.9621291743471337,0.9634710747285402,5471.05,5484.2003910944595,5434.49042838235,5442.070018496686,0.9686017279229517,0.9709298900740847,0.9621291743471337,0.9634710747285402,5465.380844510963,5478.517609041626,5428.859156278789,5436.430892347759
2024-09-03,0.9939572394658641,0.9943895358975889,0.9842266397844984,0.9930510507659812,5495.52,5497.910136710257,5441.720195503707,5490.5097461115565,0.9939572394658641,0.9943895358975889,0.9842266397844984,0.9930510507659812,5497.755263024577,5500.146371905658,5443.933575846805,5492.742971251591
2024-09-04,1.0061702116096354,1.0073079279012782,0.9795093314069999,0.99571564089674,5554.13,5560.410273570009,5406.960075019838,5496.420037844868,1.0061702116096354,1.0073079279012782,0.9795093314069999,0.99571564089674,5530.129681538192,5536.382817002736,5383.59570225385,5472.66909371714
2024-09-05,1.016780505177699,1.0176799830504788,1.005830972406391,1.0098248564508958,5595.76,5600.710195519835,5535.500231851056,5557.480213240425,1.016780505177699,1.0176799830504788,1.005830972406391,1.0098248564508958,5562.504100051806,5567.424876295809,5502.602458916969,5524.451812105352
2024-09-06,1.0402335617426162,1.0421287547868725,1.0357276030517422,1.03604006794914,5626.02,5636.269999964417,5601.649882897103,5603.339824297487,1.0402335617426162,1.0421287547868725,1.0357276030517422,1.03604006794914,5594.878518565421,5605.0717821187345,5570.6432963881225,5572.323883524081
2024-09-09,1.029617715063836,1.0301587375402534,1.0243974996781338,1.0263496251526762,5633.09,5636.049961019604,5604.529940614054,5615.21011669155,1.029617715063836,1.0301587375402534,1.0243974996781338,1.0263496251526762,5627.252937079035,5630.209830958098,5598.722471905797,5609.391581080444
2024-09-10,1.0253042478236818,1.0318968869126872,1.0215684278916566,1.02911274769445,5634.58,5670.809979966411,5614.049726847157,5655.509687209804,1.0253042478236818,1.0318968869126872,1.0215684278916566,1.02911274769445,5644.331222036723,5680.6239017214875,5623.765419127983,5665.29713022966
2024-09-11,1.0115463627966936,1.0244179083596052,1.01097387212171,1.015763118820278,5618.26,5689.750237357334,5615.080312367354,5641.680411133271,1.0115463627966936,1.0244179083596052,1.01097387212171,1.015763118820278,5661.4095069944115,5733.448805537394,5658.205398641872,5685.009792180148
2024-09-12,1.021065949933521,1.0246275192329752,1.0162015143264882,1.0190983434524012,5713.64,5733.569687023114,5686.4197858075895,5702.629746357209,1.021065949933521,1.0246275192329752,1.0162015143264882,1.0190983434524012,5678.487791952099,5698.294864931527,5651.435045544218,5667.545277040958
2024-09-13,1.0136028666801753,1.0158407422054079,1.0086154028472096,1.014863141665706,5702.55,5715.140332462469,5674.490428726459,5709.640332274095,1.0136028666801753,1.0158407422054079,1.0086154028472096,1.014863141665706,5695.566076909787,5708.140989969778,5667.540870242907,5702.647725641381
2024-09-16,1.0151746199687914,1.016380004450704,1.0126272419194282,1.0139905589862712,5718.57,5725.360039271217,5704.220390183912,5711.900077919975,1.0151746199687914,1.016380004450704,1.0126272419194282,1.0139905589862712,5712.644361867475,5719.427365233627,5698.3096212573455,5705.981351225907
2024-09-17,1.0174547171217732,1.0178788212012662,1.0114312086498738,1.0165194177082122,5732.93,5735.3196483642305,5698.990059634406,5727.659980630338,1.0174547171217732,1.0178788212012662,1.0114312086498738,1.0165194177082122,5721.417261873232,5723.802111400596,5687.545478915013,5716.157825635219
2024-09-18,1.0185110692634374,1.0218519648966125,1.016695612618673,1.020538411747636,5722.26,5741.030020300042,5712.060292550987,5733.650137185274,1.0185110692634374,1.0218519648966125,1.016695612618673,1.020538411747636,5730.190161878988,5748.986194506232,5719.976319222698,5741.596084021901
2024-09-19,1.005553377531661,1.0094038125522904,1.001289834314793,1.0085024778096907,5745.37,5767.369999551269,5721.009648934373,5762.220097312562,1.005553377531661,1.0094038125522904,1.001289834314793,1.0085024778096907,5738.963061884745,5760.938528179555,5714.629876216951,5755.794368844254
2024-09-20,1.0062463283969452,1.0107372778195591,1.0043471642909836,1.0092607590709928,5738.17,5763.779863629927,5727.339921727548,5755.35994164029,1.0062463283969452,1.0107372778195591,1.0043471642909836,1.0092607590709928,5747.735961890501,5773.388519093381,5736.887829061279,5764.954560459156
2024-09-23,1.007678493049836,1.008143671627525,0.9973699376745753,1.0013902145012856,5762.48,5765.140156259015,5703.529804487695,5726.520038940616,1.007678493049836,1.008143671627525,0.9973699376745753,1.0013902145012856,5756.508861896258,5759.166261675355,5697.619751152776,5720.58616290003
2024-09-24,0.9957822614265306,1.0043258823095258,0.9909906077967549,1.0043258823095258,5708.75,5757.72998046875,5681.27978515625,5757.72998046875,0.9957822614265306,1.0043258823095258,0.9909906077967549,1.0043258823095258,5743.214651775943,5792.490332349067,5715.5785947795675,5792.490332349067
2024-09-25,0.9977771020540834,0.9995403640661153,0.9915662624873129,0.9957848992765522,5709.54,5719.629843680969,5673.999961180652,5698.140097734244,0.9977771020540834,0.9995403640661153,0.9915662624873129,0.9957848992765522,5729.920441655628,5740.046301455314,5694.253541182346,5718.479846962285
2024-09-26,0.9920927633903474,0.9953718984057891,0.9881644133535766,0.991788170297476,5699.94,5718.779843943668,5677.370175549238,5698.18999998201,0.9920927633903474,0.9953718984057891,0.9881644133535766,0.991788170297476,5716.6262315353115,5735.521227989029,5693.9903352809,5714.87110849752
2024-09-27,1.00224810348944,1.0026210685260566,0.9938412860601556,0.999879779761601,5751.07,5753.210136784162,5702.830252431803,5737.480155834626,1.00224810348944,1.0026210685260566,0.9938412860601556,0.999879779761601,5703.332021414996,5705.454393539023,5655.492698121997,5689.854982638836
2024-09-30,0.9884528883397427,0.995984350972186,0.9868754696166395,0.9957170981438305,5695.94,5739.339902790201,5686.850156156493,5737.79986371186,0.9884528883397427,0.995984350972186,0.9868754696166395,0.9957170981438305,5690.037811294681,5733.392742681381,5680.957386436216,5731.8542994065865
2024-10-01,1.0074236917013357,1.0085570772893524,1.001017766592702,1.0018200575002256,5751.13,5757.6002149755905,5714.5601750360875,5719.140253254413,1.0074236917013357,1.0085570772893524,1.001017766592702,1.0018200575002256,5722.78584226584,5729.224169109212,5686.396249862674,5690.95375539364
2024-10-02,1.0144495003100074,1.0152831516361913,1.0062141574953256,1.0074016060657052,5792.039999999999,5796.799765592899,5745.019980785862,5751.799765896386,1.0144495003100074,1.0152831516361913,1.0062141574953256,1.0074016060657052,5755.533873236999,5760.263638932438,5708.810212263106,5715.547265677256
2024-10-03,1.0140545339073745,1.0166826284092352,1.0113720425865602,1.0137580498280063,5780.05,5795.029980974936,5764.759960420838,5778.360058536646,1.0140545339073745,1.0166826284092352,1.0113720425865602,1.0137580498280063,5788.281904208158,5803.2832195605515,5772.97008866838,5786.5895559427445
2024-10-04,1.0111214087117701,1.0123559786124272,1.0041766240226806,1.0041766240226806,5815.03,5822.130097918572,5775.090057118117,5775.090057118117,1.0111214087117701,1.0123559786124272,1.0041766240226806,1.0041766240226806,5821.029935179317,5828.137358963324,5781.048782352111,5781.048782352111
2024-10-07,1.0287766373943548,1.0308061634078132,1.0234605222434103,1.0235026986657387,5859.85,5871.410058401099,5829.56972706713,5829.809961438127,1.0287766373943548,1.0308061634078132,1.0234605222434103,1.0235026986657387,5853.7779661504765,5865.326045906061,5823.529069932406,5823.7690553702005
2024-10-08,1.0111508520934147,1.0207315953346514,1.0092764751291115,1.0201022183161987,5815.26,5870.360099876973,5804.480214409286,5866.7404708248405,1.0111508520934147,1.0207315953346514,1.0092764751291115,1.0201022183161987,5852.605182660752,5908.059131427462,5841.75617006008,5904.416257377148
2024-10-09,1.0087067768869,1.0094059786428577,1.0028141432312827,1.0042368257528094,5842.47,5846.519804538578,5808.339630161318,5816.579864233302,1.0087067768869,1.0094059786428577,1.0028141432312827,1.0042368257528094,5851.432399171027,5855.488416144557,5817.249673051809,5825.502547713648
2024-10-10,1.0106262056556605,1.0170257601116428,1.0104150976550599,1.0165344419317737,5841.470000000001,5878.459744733301,5840.249785201129,5875.619901087749,1.0106262056556605,1.0170257601116428,1.0104150976550599,1.0165344419317737,5850.259615681303,5887.3050186034425,5849.0375648344625,5884.460901866658
2024-10-11,1.0085364993817745,1.0098262605867743,1.0053447602435424,1.0076354298836723,5864.67,5872.17000009991,5846.109941159006,5859.430253836451,1.0085364993817745,1.0098262605867743,1.0053447602435424,1.0076354298836723,5849.086832191579,5856.566903845366,5830.576089767613,5843.861008694393
2024-10-14,0.9989982678737509,1.0012065055333197,0.9940169216782613,0.9996535480878881,5853.98,5866.919941449424,5824.79005849636,5857.819843762812,0.9989982678737509,1.0012065055333197,0.9940169216782613,0.9996535480878881,5847.914048701854,5860.840581657462,5818.754354100929,5851.749913581025
2024-10-15,1.0061802911649693,1.0082162866930777,1.0010162447706392,1.0029990061695484,5851.2,5863.039843354787,5821.169727564908,5832.7000006175285,1.0061802911649693,1.0082162866930777,1.0010162447706392,1.0029990061695484,5841.828361291803,5853.6492412315165,5811.846187172197,5823.3579926364155
2024-10-16,0.9922892201414812,0.9986957872758699,0.9862969315894158,0.9986358643903492,5797.42,5834.850176285652,5762.410233903214,5834.500078624684,0.9922892201414812,0.9986957872758699,0.9862969315894158,0.9986358643903492,5835.742673881752,5873.420274787171,5800.50148279785,5873.067862876333
2024-10-17,0.9945886908603484,0.9959479277635757,0.9903192275243831,0.9959479277635757,5809.86,5817.799941593094,5784.920058006858,5817.799941593094,0.9945886908603484,0.9959479277635757,0.9903192275243831,0.9959479277635757,5829.6569864717,5837.623983263424,5804.632062104759,5837.623983263424
2024-10-18,0.9903575137219996,0.9996845015879157,0.9889695180539552,0.9935341430015013,5808.12,5862.819705927602,5799.979863445489,5826.749882436615,0.9903575137219996,0.9996845015879157,0.9889695180539552,0.9935341430015013,5823.571299061649,5878.416522215974,5815.409507361531,5842.25074243795
2024-10-21,0.9947967024144259,0.9981106703949597,0.9947215498849032,0.9965750064426403,5823.52,5842.919902278686,5823.080058595226,5833.930156215087,0.9947967024144259,0.9981106703949597,0.9947215498849032,0.9965750064426403,5817.485611651598,5836.86541156191,5817.046126118408,5827.884980761058
2024-10-22,0.9968758545255675,0.9993146738655969,0.991620522215638,0.9946131141866489,5832.92,5847.19001972238,5802.169999588141,5819.6802537289195,0.9968758545255675,0.9993146738655969,0.991620522215638,0.9946131141866489,5795.342580277469,5809.520668253733,5764.79068058908,5782.18812842199
2024-10-23,1.0028029709767448,1.0092316961738308,1.0023906950417827,1.0060768377526221,5813.67,5850.940020032091,5811.279863249132,5832.649980723807,1.0028029709767448,1.0092316961738308,1.0023906950417827,1.0060768377526221,5773.19954890334,5810.210122746865,5770.826050508706,5792.047405103102
2024-10-24,0.9820288268564131,0.9940583156986561,0.9815829758475116,0.9940583156986561,5705.45,5775.339646044994,5702.859668057424,5775.339646044994,0.9820288268564131,0.9940583156986561,0.9815829758475116,0.9940583156986561,5751.0565175292095,5821.5048264960515,5748.445479766909,5821.5048264960515
2024-10-25,0.9863432573707155,0.9938706873023125,0.9853826040037095,0.9853826040037095,5728.8,5772.520216334307,5723.220409966025,5723.220409966025,0.9863432573707155,0.9938706873023125,0.9853826040037095,0.9853826040037095,5728.91348615508,5772.634568576395,5723.333785590764,5723.333785590764
2024-10-28,0.9809685551006949,0.9859037548887581,0.9781901365587811,0.9831081478324619,5712.69,5741.430234669781,5696.509824052793,5725.149961065299,0.9809685551006949,0.9859037548887581,0.9781901365587811,0.9831081478324619,5706.770454780951,5735.480908538635,5690.607044890221,5719.217504712799
2024-10-29,0.9914005335235183,0.9915171433533835,0.9810009959973249,0.9810575848307699,5782.76,5783.440175808818,5722.100329572717,5722.430407711095,0.9914005335235183,0.9915171433533835,0.9810009959973249,0.9810575848307699,5764.442632318225,5765.120653614253,5703.975106383652,5704.304138972393
2024-10-30,1.0198446076230676,1.0210658839613314,1.008810286459137,1.008810286459137,5929.04,5936.140097609474,5864.890098078891,5864.890098078891,1.0198446076230676,1.0210658839613314,1.008810286459137,1.008810286459137,5822.1148098555,5829.08686324754,5759.121796817021,5759.121796817021
2024-10-31,1.0469112865768695,1.0487936527211985,1.042373496166742,1.042373496166742,5973.099999999999,5983.8397459181615,5947.209863704537,5947.209863704537,1.0469112865768695,1.0487936527211985,1.042373496166742,1.042373496166742,5879.786987392775,5890.358954762736,5854.301312200348,5854.301312200348
2024-11-01,1.0465612344644601,1.0495130142682283,1.0432830133160274,1.0432830133160274,5995.539999999999,6012.4501561398265,5976.759726684858,5976.759726684858,1.0465612344644601,1.0495130142682283,1.0432830133160274,1.0432830133160274,5937.45916493005,5954.205506636188,5918.860822509704,5918.860822509704
2024-11-04,1.0505296103937025,1.053323383673505,1.0479633664680836,1.0518441864520565,6001.35,6017.309960677795,5986.689843988556,6008.859765502798,1.0505296103937025,1.053323383673505,1.0479633664680836,1.0518441864520565,5995.131342467324,6011.074765277858,5980.486377452841,6002.633326277701
2024-11-05,1.0347982624214043,1.0392822262180017,1.0306635317195403,1.0381893529237234,5983.99,6009.919686484412,5960.079844686489,6003.599862513191,1.0347982624214043,1.0392822262180017,1.0306635317195403,1.0381893529237234,5973.607668643134,5999.492366650449,5949.738997883451,5993.183507688626
2024-11-06,1.0095023814985224,1.0133495572707127,1.0062185907088337,1.0095648059710758,5985.379999999999,6008.190059040347,5965.910273056304,5985.750117194747,1.0095023814985224,1.0133495572707127,1.0062185907088337,1.0095648059710758,5952.083994818945,5974.767164030411,5932.722575807108,5952.452053092784
2024-11-07,0.9959937051112487,1.0034789240971413,0.9948401773268098,1.0027758206690385,5949.17,5993.879961524635,5942.279863190768,5989.680254438234,0.9959937051112487,1.0034789240971413,0.9948401773268098,1.0027758206690385,5930.560320994755,5975.130424685052,5923.691737315509,5970.9438547590935
2024-11-08,0.979164512287467,0.9866200052270468,0.9762272704025046,0.9861980607306795,5870.62,5915.319706138968,5853.009648789032,5912.789921033218,0.979164512287467,0.9866200052270468,0.9762272704025046,0.9861980607306795,5909.036647170566,5954.028862931919,5891.311055891424,5951.482523209821
2024-11-11,0.9820490389662325,0.9844651619571738,0.9774384228007335,0.9788080690301754,5893.62,5908.1199997116855,5865.950078675182,5874.169805074243,0.9820490389662325,0.9844651619571738,0.9774384228007335,0.9788080690301754,5887.5129733463755,5901.997948016623,5859.871723864505,5868.082932902725
2024-11-12,0.9888017860992414,0.9898929953388632,0.9784926208750547,0.9809591633782542,5916.98,5923.509785177804,5855.290058390118,5870.049824063839,0.9888017860992414,0.9898929953388632,0.9784926208750547,0.9809591633782542,5906.243544413096,5912.761481190441,5844.665540196657,5859.398524037648
2024-11-13,0.9885938737390106,0.9891886661625506,0.979145884472812,0.988131076122944,5917.11,5920.670058676007,5860.56019400588,5914.339980404747,0.9885938737390106,0.9891886661625506,0.979145884472812,0.988131076122944,5924.974115479817,5928.538905640035,5868.3491521530295,5922.200414399181
2024-11-14,0.9999226782895765,1.002378460083875,0.9895934734230127,0.9985561207923315,5948.71,5963.319863377186,5887.2598042839845,5940.5801171341145,0.9999226782895765,1.002378460083875,0.9895934734230127,0.9985561207923315,5943.704686546536,5958.302257015561,5882.306195736515,5935.581644258202
2024-11-15,1.0168159410760704,1.0174223606172665,1.012560857094717,1.012560857094717,5969.34,5972.900058686937,5944.360018877388,5944.360018877388,1.0168159410760704,1.0174223606172665,1.012560857094717,1.012560857094717,5962.435257613257,5965.9911983762495,5937.484170863301,5937.484170863301
2024-11-18,1.0159070316715364,1.0215707633269833,1.0119264627718905,1.0167400795899049,5987.37,6020.749882159175,5963.910039521669,5992.279667872655,1.0159070316715364,1.0215707633269833,1.0119264627718905,1.0167400795899049,5981.1658286799775,6014.511122278973,5957.730177642013,5986.070409106792
2024-11-19,1.0176863873124466,1.0183269233859602,1.012724419576773,1.0140358598344745,6021.63,6025.420039136258,5992.270136147375,6000.029901923389,1.0176863873124466,1.0183269233859602,1.012724419576773,1.0140358598344745,5993.6548739853715,5997.427305460176,5964.431409395246,5972.155125061003
2024-11-20,1.0137955860208785,1.0174155831204945,1.0114515165941507,1.0163930750494325,5998.74,6020.159921038109,5984.869883354415,6014.109628305748,1.0137955860208785,1.0174155831204945,1.0114515165941507,1.0163930750494325,6006.143919290766,6027.590277775169,5992.256683512796,6021.532517494776
2024-11-21,1.0140652343113046,1.0160471832198137,1.0092911063246555,1.0092911063246555,6032.380000000001,6044.170039291538,6003.9800971045415,6003.9800971045415,1.0140652343113046,1.0160471832198137,1.0092911063246555,1.0092911063246555,6018.6329645961605,6030.396135870836,5990.297781507903,5990.297781507903
2024-11-22,1.0130349418863727,1.01411214236165,1.011054852896697,1.0118555754612417,6047.15,6053.580175885091,6035.330175590369,6040.109960823809,1.0130349418863727,1.01411214236165,1.011054852896697,1.0118555754612417,6031.1220099015545,6037.535142585234,6019.333513973705,6024.100630371347
2024-11-25,1.0104403101862756,1.0108060703528712,1.007686221761281,1.009286269580368,6049.880000000001,6052.06994144867,6033.390253586841,6042.970331897407,1.0104403101862756,1.0108060703528712,1.007686221761281,1.009286269580368,6043.611055206949,6045.798727416883,6027.138395630208,6036.708546969985
2024-11-26,1.0107711699323936,1.0113274328123805,1.0065480318780795,1.0079313911685424,6086.489999999999,6089.839609246014,6061.059825198,6069.389903002229,1.0107711699323936,1.0113274328123805,1.0065480318780795,1.0079313911685424,6040.620157619014,6043.944523079505,6015.381633195129,6023.648932722241
2024-11-27,1.0127310068447708,1.0159716776929388,1.0123626026486838,1.0150514811757576,6075.110000000001,6094.549941843739,6072.900039012766,6089.029922188264,1.0127310068447708,1.0159716776929388,1.0123626026486838,1.0150514811757576,6037.629260031081,6056.949266037403,6035.4329335250495,6051.4633024601435
2024-11-29,1.0095965439842982,1.0112045652431365,1.0078907431180562,1.0081228077988722,6090.270000000001,6099.970195281392,6079.9799609705,6081.37986330976,1.0095965439842982,1.0112045652431365,1.0078907431180562,1.0081228077988722,6034.638362443146,6044.249951185233,6024.442317887081,6025.829432803199
2024-12-02,1.0009425927916458,1.0068395305877016,1.0002447078746748,1.005930011242016,6052.85,6088.5096673934195,6048.62978522434,6083.009667482156,1.0009425927916458,1.0068395305877016,1.0002447078746748,1.005930011242016,6031.647464855213,6067.182219959189,6027.442033074686,6061.701486003866
2024-12-03,0.9975255707551224,1.0025652980396866,0.9966957990239018,1.0012743536917756,6034.91,6065.399745304339,6029.889980598723,6057.5896869128,0.9975255707551224,1.0025652980396866,0.9966957990239018,1.0012743536917756,6028.656567267279,6059.114718799499,6023.641749659176,6051.312753266808
2024-12-04,0.9996221138948721,1.0010022036386563,0.995672376148812,0.995672376148812,6084.19,6092.5899024246455,6060.149960705982,6060.149960705982,0.9996221138948721,1.0010022036386563,0.995672376148812,0.995672376148812,6031.793313568585,6040.1208765276,6007.960305679026,6007.960305679026
2024-12-05,0.9960724990987818,1.0007522786881637,0.9960724990987818,0.999865029450084,6051.25,6079.68017578125,6051.25,6074.2900390625,0.9960724990987818,1.0007522786881637,0.9960724990987818,0.999865029450084,6034.930059869892,6063.283560787826,6034.930059869892,6057.907961017399
2024-12-06,0.9935667876793639,0.9980805834691806,0.9910513286579518,0.9963712739445112,6051.09,6078.580235084847,6035.7701753856645,6068.170078566039,0.9935667876793639,0.9980805834691806,0.9910513286579518,0.9963712739445112,6038.0668061711995,6065.497876599777,6022.77995297943,6055.110124885083
2024-12-09,1.0035074386446055,1.0053429150133169,1.0010391896025685,1.0018074066051281,6074.080000000001,6085.189863138356,6059.140058785907,6063.7899610698505,1.0035074386446055,1.0053429150133169,1.0010391896025685,1.0018074066051281,6041.203552472506,6052.253282581249,6026.344474894287,6030.969209207368
2024-12-10,1.0026015300973834,1.0037730989624964,1.0000464096028894,1.0029229833502213,6050.61,6057.68031265976,6035.190077776573,6052.549941450084,1.0026015300973834,1.0037730989624964,1.0000464096028894,1.0029229833502213,6044.340298773813,6051.403285106483,6028.936354824523,6046.278230037603
2024-12-11,0.9651506609754134,0.9977778077842625,0.9644323867152049,0.9939942278962711,5872.16,6070.669760342932,5867.789882928782,6047.649741424213,0.9651506609754134,0.9977778077842625,0.9644323867152049,0.9939942278962711,6042.228489321277,6246.487455247343,6037.731805670052,6222.800734494605
2024-12-12,0.9695649659161331,0.9808750159875919,0.9693980162953443,0.9771055372369181,5867.08,5935.519940494915,5866.069746107202,5912.7098822049,0.9695649659161331,0.9808750159875919,0.9693980162953443,0.9771055372369181,6040.116679868741,6110.575106573773,6039.076630749112,6087.092315552295
2024-12-13,0.9801291998631652,0.9885921313505976,0.9638428297470308,0.9654458789749845,5930.85,5982.059960094288,5832.299708653961,5841.999903806739,0.9801291998631652,0.9885921313505976,0.9638428297470308,0.9654458789749845,6038.004870416205,6090.14005988536,5937.674034342402,5947.549486524881
2024-12-16,0.9835349550878486,0.9842231541079879,0.9717636247622984,0.9779670624664368,5974.07,5978.250175904247,5902.569997896181,5940.250174786134,0.9835349550878486,0.9842231541079879,0.9717636247622984,0.9779670624664368,6035.893060963669,6040.116495696448,5963.653136329823,6001.723249037901
2024-12-17,0.9982530686988585,0.9982629947382763,0.988568078709871,0.9890952885921175,6040.04,6040.100058593362,5981.439902722732,5984.629844108352,0.9982530686988585,0.9982629947382763,0.988568078709871,0.9890952885921175,6033.781251511134,6033.841247871193,5975.241876227476,5978.42851216465
2024-12-18,1.0281719162965588,1.0302427312206581,1.0230256451894069,1.0260228554343138,6037.59,6049.7501565647,6007.3702726554275,6024.97037076716,1.0281719162965588,1.0302427312206581,1.0230256451894069,1.0260228554343138,5999.518791433994,6011.602269745157,5969.489620510533,5986.978737749766
2024-12-19,1.017685117639439,1.0237068659451631,1.0112271096645984,1.0237068659451631,5970.84,6006.170079049548,5932.950350570972,6006.170079049548,1.017685117639439,1.0237068659451631,1.0112271096645984,1.0237068659451631,5965.2563313568535,6000.553371260393,5927.402114672199,6000.553371260393
2024-12-20,0.9959685373934595,1.00167599888583,0.9895984916949497,0.998283547991425,5906.94,5940.790097992025,5869.160214468993,5920.669980604944,0.9959685373934595,1.00167599888583,0.9895984916949497,0.998283547991425,5930.993871279714,5964.981811521687,5893.0602412711705,5944.779762252148
2024-12-23,0.9845264618593355,0.9925796571719224,0.9823888873438571,0.9909057564310133,5881.63,5929.740352521067,5868.859980214316,5919.740352321824,0.9845264618593355,0.9925796571719224,0.9823888873438571,0.9909057564310133,5896.731411202573,5944.965289721794,5883.9286036829035,5934.939613967469
2024-12-24,0.9716078039218283,0.9826242940902764,0.9651475783554606,0.9773544483302578,5868.55,5935.090041277033,5829.529979170116,5903.25996209269,0.9716078039218283,0.9826242940902764,0.9651475783554606,0.9773544483302578,5862.468951125434,5928.940042961272,5823.489363222551,5897.1429464161165
2024-12-26,0.9842453694272052,0.985383179158884,0.9753328635021086,0.975731974386026,5942.47,5949.339628657886,5888.659943351696,5891.069611233327,0.9842453694272052,0.985383179158884,0.9753328635021086,0.975731974386026,5854.175553738985,5860.943112035832,5801.16501802306,5803.538882561758
2024-12-27,1.0007603620261136,1.0084075535679191,0.9981861651812921,1.0020047725155872,5975.38,6021.040157145474,5960.009882511066,5982.810175926968,1.0007603620261136,1.0084075535679191,0.9981861651812921,1.0020047725155872,5845.882156352536,5890.552771093854,5830.845138527795,5853.151306242589
2024-12-30,1.0003538210985723,1.015869535488303,0.9972473717284812,1.014613316460169,5909.030000000001,6000.680393957276,5890.680389957834,5993.25998353123,1.0003538210985723,1.015869535488303,0.9972473717284812,1.014613316460169,5837.588758966088,5928.131083090319,5819.460999026884,5920.800386767911
2024-12-31,1.0062261651957025,1.007865189874023,0.9988353203374319,1.0049357331641058,5918.25,5927.89013671875,5874.77978515625,5910.66015625,1.0062261651957025,1.007865189874023,0.9988353203374319,1.0049357331641058,5829.295361579639,5838.790601601538,5786.478528604428,5821.819597465755
2025-01-02,0.9929267025074336,1.0037147264945072,0.9896447582831983,1.0037147264945072,5827.04,5890.350058169341,5807.779746222864,5890.350058169341,0.9929267025074336,1.0037147264945072,0.9896447582831983,1.0037147264945072,5821.00196419319,5884.246419861405,5801.761668079285,5884.246419861405
2025-01-03,0.9821202294668715,0.9825223599529374,0.9715336966052597,0.972999410461092,5836.22,5838.609648349532,5773.3098460658575,5782.019806682725,0.9821202294668715,0.9825223599529374,0.9715336966052597,0.972999410461092,5854.8908118127865,5857.288104952034,5791.779400276084,5800.517225167357
2025-01-06,0.9778306986333923,0.9826855806407672,0.9715565816111371,0.9805685768677067,5842.91,5871.919764849227,5805.419766627557,5859.269862843757,0.9778306986333923,0.9826855806407672,0.9715565816111371,0.9805685768677067,5888.779659432383,5918.017164916644,5850.99510965992,5905.2679550839375
2025-01-07,1.00691822515709,1.0087289634255143,0.9993534989433744,0.9993534989433744,5949.91,5960.609706750267,5905.209805861367,5905.209805861367,1.00691822515709,1.0087289634255143,0.9993534989433744,0.9993534989433744,5922.668507051978,5933.319225500576,5878.17297147514,5878.17297147514
2025-01-08,1.003225615680311,1.0078469308285405,1.0021071044514078,1.0076644312461596,5937.34,5964.69009837601,5930.720370919545,5963.610020222583,1.003225615680311,1.0078469308285405,1.0021071044514078,1.0076644312461596,5956.557354671574,5983.99597695573,5949.916299875253,5982.912402919476
2025-01-10,1.0291091188665258,1.0322496163078814,1.025982280133824,1.0288928420135415,5996.660000000001,6014.959804210677,5978.439785630998,5995.399746126586,1.0291091188665258,1.0322496163078814,1.025982280133824,1.0288928420135415,5990.44620229117,6008.727044065845,5972.244867886398,5989.187254305139
2025-01-13,1.036499652172125,1.0368885222219293,1.0292414696633663,1.0304820387465197,6049.24,6051.509531162068,6006.879650078732,6014.119884173213,1.036499652172125,1.0368885222219293,1.0292414696633663,1.0304820387465197,5993.5669651718335,5995.8156091336205,5951.596470709516,5958.770070680553
2025-01-14,1.0416675937161448,1.0441389549262647,1.0399150022543846,1.0408152820473249,6086.37,6100.809941128221,6076.1297658221665,6081.390019627135,1.0416675937161448,1.0441389549262647,1.0399150022543846,1.0408152820473249,5996.687728052497,6010.914897573478,5986.598383069099,5991.781127371319
2025-01-15,1.028370177027888,1.0283735417059043,1.020968377783251,1.0212456764910103,6118.71,6118.730019531377,6074.6699606563425,6076.319863010627,1.028370177027888,1.0283735417059043,1.020968377783251,1.0212456764910103,5999.80849093316,5999.8281214360495,5956.624257329164,5958.242098043047
2025-01-16,1.0276049544071924,1.0321423297926968,1.0254996345973413,1.0310054570953773,6101.24,6128.17994037137,6088.740000480178,6121.429940630667,1.0276049544071924,1.0321423297926968,1.0254996345973413,1.0310054570953773,6002.929253813823,6029.4351044525965,5990.630669789888,6022.793869079672
2025-01-17,1.0026047833293867,1.0034202600937012,0.9943735571059418,0.9953941448007915,6012.28,6017.170136893495,5962.920134954917,5969.040252361114,1.0026047833293867,1.0034202600937012,0.9943735571059418,0.9953941448007915,6006.050016694487,6010.93508638033,5956.741298824051,5962.855074504769
2025-01-21,1.0030516230138,1.004182317701039,0.9909723684052959,0.9963185492462364,6067.7,6074.539843529833,5994.629689852052,6026.970020842303,1.0030516230138,1.004182317701039,0.9909723684052959,0.9963185492462364,6002.51168694951,6009.278046645067,5930.226407414912,5962.219290175892
2025-01-22,0.9922679692493227,0.9961323447807243,0.9879386075114397,0.9952894971124543,6039.31,6062.830019303057,6012.959902599401,6057.7001365403285,0.9922679692493227,0.9961323447807243,0.9879386075114397,0.9952894971124543,5998.9733572045325,6022.336285943076,5972.799252502847,6017.240665744876
2025-01-23,0.9922303884315485,0.9947587342826877,0.9850867320889585,0.9888930963981349,6071.17,6086.640215042824,6027.460038500031,6050.7500778622325,0.9922303884315485,0.9947587342826877,0.9850867320889585,0.9888930963981349,5995.4350274595545,6010.712258891071,5952.270327043354,5975.269834186632
2025-01-24,0.9900495636952489,1.0032239960979474,0.9884761770203385,0.9992706820100931,6040.53,6120.910373952641,6030.93039028357,6096.79025590726,0.9900495636952489,1.0032239960979474,0.9884761770203385,0.9992706820100931,5991.896697714577,6071.62991603282,5982.374376037635,6047.703993031923
2025-01-27,0.997054362072292,1.001638323464959,0.9853051337414598,0.9929095247384125,5994.57,6022.130059401904,5923.930349491104,5969.650077394263,0.997054362072292,1.001638323464959,0.9853051337414598,0.9929095247384125,5988.3583679696,6015.889869368555,5917.791914957058,5963.464267631257
2025-01-28,0.9950854524778747,0.9958435812161993,0.9873379094982614,0.9885360603086758,6037.88,6042.4800977455325,5990.8702334626005,5998.140253134952,0.9950854524778747,0.9958435812161993,0.9873379094982614,0.9885360603086758,6002.717473490296,6007.29078185629,5955.981475587265,5963.209157177466
2025-01-29,1.0036709491647222,1.0038994326863409,0.9946599988988225,0.9968771622439555,6061.479999999999,6062.859882816945,6007.060077949648,6020.450214711544,1.0036709491647222,1.0038994326863409,0.9946599988988225,0.9968771622439555,6017.076579010991,6018.44635348515,5963.0553105417775,5976.347357748029
2025-01-30,1.0020424399250885,1.002118201425885,0.9959909297293068,1.0001730128290032,6083.57,6084.02996095079,6046.830252844676,6072.22039029706,1.0020424399250885,1.002118201425885,0.9959909297293068,1.0001730128290032,6031.435684531686,6031.891703759226,5995.010785659266,6020.183337477601
2025-01-31,0.9975929264485071,1.0100569896768887,0.9965946244447161,1.0070523027309042,6025.99,6101.279547852936,6019.959726797041,6083.129646215109,0.9975929264485071,1.0100569896768887,0.9965946244447161,1.0070523027309042,6045.794790052381,6121.331781676112,6039.744697982357,6103.122229260335
2025-02-03,1.011989183544441,1.013146888179349,1.0083859062676925,1.0086461515578165,6066.44,6073.37994147328,6044.8399021351215,6046.399960743939,1.011989183544441,1.013146888179349,1.0083859062676925,1.0086461515578165,6060.153895573077,6067.086645811166,6038.5761799407455,6040.134622001583
2025-02-04,1.0050713164223204,1.0063598125759787,1.0007386439859685,1.0018946756508493,6068.5,6076.279785156251,6042.339843749999,6049.31982421875,1.0050713164223204,1.0063598125759787,1.0007386439859685,1.0018946756508493,6072.768810316039,6080.5540680647155,6046.590252031784,6053.575142480371
2025-02-05,0.9984310762388064,1.0002507283311495,0.9903521560567193,0.9939948435424757,6051.97,6062.9997847646955,6002.999786894683,6025.079864235845,0.9984310762388064,1.0002507283311495,0.9903521560567193,0.9939948435424757,6085.383725059001,6096.474406721002,6036.143140944446,6058.345125306554
2025-02-06,1.0051778807509406,1.0054803893247142,0.9946380775187258,0.996222615662381,6115.07,6116.910332084151,6050.950369250594,6060.590017965191,1.0051778807509406,1.0054803893247142,0.9946380775187258,0.996222615662381,6097.998639801965,6099.83383425533,6034.058010979322,6043.670748813849
2025-02-07,1.0147096161792504,1.016840441533646,1.0135463607209203,1.0148573324442638,6114.630000000001,6127.470332277336,6107.620234240659,6115.520136735809,1.0147096161792504,1.016840441533646,1.0135463607209203,1.0148573324442638,6110.613554544927,6123.445452543455,6103.608393208391,6111.5031065870335
2025-02-10,1.0104080811810552,1.0104162910515668,1.0054512511264042,1.0090926506539188,6129.58,6129.629804686867,6099.509687883263,6121.600019632959,1.0104080811810552,1.0104162910515668,1.0054512511264042,1.0090926506539188,6123.228469287889,6123.278222366654,6093.189316322502,6115.256757854509
2025-02-11,1.0124660130180438,1.0130065540890891,1.0070280958186524,1.0081173045829777,6144.149999999999,6147.430273489637,6111.149999475492,6117.7598628618,1.0124660130180438,1.0130065540890891,1.0070280958186524,1.0081173045829777,6088.398597777901,6091.649106394169,6055.698035955667,6062.247922103093
2025-02-12,1.010831183895492,1.013636878638615,1.0053899514247238,1.013636878638615,6117.52,6134.499980414539,6084.589824323885,6134.499980414539,1.010831183895492,1.013636878638615,1.0053899514247238,1.013636878638615,6053.568726267913,6070.371201520971,6020.982795756294,6070.371201520971
2025-02-13,0.9833297084088981,0.9999591081358097,0.982582403094681,0.9998414109423962,6013.13,6114.819943388045,6008.560175692191,6114.100216811518,0.9833297084088981,0.9999591081358097,0.982582403094681,0.9998414109423962,6018.738854757926,6120.523651262868,6014.164767864606,6119.803253348479
2025-02-14,0.9785138266747129,0.9883917591651089,0.9776274407650176,0.9856180899590407,5983.25,6043.64990234375,5977.830078125,6026.689941406249,0.9785138266747129,0.9883917591651089,0.9776274407650176,0.9856180899590407,5983.908983247938,6044.315537916732,5978.488464433528,6027.353709042885
2025-02-18,0.9715592259175996,0.9776607699620121,0.9639306827506942,0.9760424010240099,5955.25,5992.64990234375,5908.490234375,5982.72998046875,0.9715592259175996,0.9776607699620121,0.9639306827506942,0.9760424010240099,5949.0791117379495,5986.44025993731,5902.3677990391625,5976.530617182323
2025-02-19,0.9693871406134291,0.978136888763479,0.9655835035020969,0.9717975730488441,5956.06,6009.819765096129,5932.689883042408,5970.870058448055,0.9693871406134291,0.978136888763479,0.9655835035020969,0.9717975730488441,5913.695814288177,5967.073197629865,5890.491923992992,5928.400531946097
2025-02-20,0.958161150270044,0.9797581570881041,0.957705076706546,0.9778276265875223,5861.57,5993.690121149619,5858.77996085383,5981.8800622017,0.958161150270044,0.9797581570881041,0.957705076706546,0.9778276265875223,5878.312516838404,6010.810015269714,5875.514508448945,5998.96622301983
2025-02-21,0.9902496703048163,0.991064537494408,0.9708188840504031,0.9739919533379454,5954.5,5959.39990234375,5837.66015625,5856.740234375,0.9902496703048163,0.991064537494408,0.9708188840504031,0.9739919533379454,5842.929219388631,5847.7373111807965,5728.278629576611,5747.001200066959
2025-02-24,0.9776826975306063,1.000474595562241,0.971196246660533,0.9975063483767258,5849.72,5986.089623897778,5810.909942831634,5968.329858925044,0.9776826975306063,1.000474595562241,0.971196246660533,0.9975063483767258,5807.545921938859,5942.932376870697,5769.0156693390145,5925.300652507481
2025-02-25,0.9702615339406405,0.9848587678519712,0.9626111314615241,0.9759422490570103,5778.15,5865.080177250452,5732.589940636241,5811.980078696761,0.9702615339406405,0.9848587678519712,0.9626111314615241,0.9759422490570103,5772.162624489086,5859.002723840136,5726.6497749041855,5805.957648127615
2025-02-26,0.9809555310053961,0.9839709407389663,0.9641189331256579,0.9706685257099218,5842.63,5860.589961297728,5742.350212832406,5781.359979239837,0.9809555310053961,0.9839709407389663,0.9641189331256579,0.9706685257099218,5730.989332911168,5748.606116211972,5632.625686648426,5670.89005648878
2025-02-27,0.9790073308004512,0.9915568795294413,0.9744215487111794,0.9870853879583614,5738.52,5812.080058343387,5711.640117278987,5785.8700974950925,0.9790073308004512,0.9915568795294413,0.9744215487111794,0.9870853879583614,5689.816041333252,5762.7517808555685,5663.164293514096,5736.764269149181
2025-02-28,0.9690486186917457,0.9711998605892879,0.951597925479419,0.9616272687561136,5770.2,5783.009569878915,5666.2898472672005,5726.009571808278,0.9690486186917457,0.9711998605892879,0.951597925479419,0.9616272687561136,5648.642749755334,5661.182468313446,5546.921608224695,5605.383254102886
2025-03-03,0.9597997852888686,0.9753236150868851,0.9511600489365197,0.9753236150868851,5614.56,5705.370057646054,5564.019961464938,5705.370057646054,0.9597997852888686,0.9753236150868851,0.9511600489365197,0.9753236150868851,5607.469458177417,5698.164833192659,5556.993245882871,5698.164833192659
2025-03-04,0.9643346053667696,0.9754506169786185,0.9567786109142069,0.9698000361917313,5572.07,5636.299982495004,5528.410330653925,5603.650079121252,0.9643346053667696,0.9754506169786185,0.9567786109142069,0.9698000361917313,5566.2961665995,5630.4595933588,5522.681737829571,5597.843522134074
2025-03-05,0.9583526596755229,0.9656935555075072,0.9492454660326688,0.9627239855943945,5599.3,5642.190138214827,5546.090037206452,5624.8400399533775,0.9583526596755229,0.9656935555075072,0.9492454660326688,0.9627239855943945,5574.8053401646375,5617.507851471482,5521.828149313739,5600.233652832311
2025-03-06,0.9621853718380349,0.9754744717026771,0.9592455690443137,0.9748942541845763,5521.52,5597.779765355247,5504.649882872175,5594.450175523275,0.9621853718380349,0.9754744717026771,0.9592455690443137,0.9748942541845763,5583.314513729774,5660.427746086367,5566.255593394775,5657.060892894925
2025-03-07,0.9772520883158295,0.9783491175679828,0.9642387015129021,0.9642387015129021,5638.94,5645.270078190774,5563.850155469748,5563.850155469748,0.9772520883158295,0.9783491175679828,0.9642387015129021,0.9642387015129021,5591.823687294912,5598.1008743495,5517.361257951888,5517.361257951888
2025-03-10,1.0107862414864208,1.0158445010396737,1.0029494743859841,1.0037473962848045,5675.119999999999,5703.51990175731,5631.1200009085715,5635.599981284812,1.0107862414864208,1.0158445010396737,1.0029494743859841,1.0037473962848045,5600.332860860049,5628.358506671356,5556.9126969182225,5561.333639791161
2025-03-11,1.0076434789943414,1.0147987422621614,1.0046104248233279,1.0147987422621614,5614.66,5654.529627796721,5597.7596098453205,5654.529627796721,1.0076434789943414,1.0147987422621614,1.0046104248233279,1.0147987422621614,5608.842034425186,5648.670348923863,5591.959156619985,5648.670348923863
2025-03-12,1.0135713392745522,1.0207222400633842,1.0040898249094374,1.0059061094101787,5675.290000000001,5715.330038786908,5622.200156615413,5632.370078420414,1.0135713392745522,1.0207222400633842,1.0040898249094374,1.0059061094101787,5641.206463300899,5681.006037524509,5588.435456420762,5598.544301716357
2025-03-13,1.0256034570190817,1.0343437612215238,1.0200687387067437,1.022711098672434,5662.89,5711.1497644598685,5632.329942144061,5646.919785541818,1.0256034570190817,1.0343437612215238,1.0200687387067437,1.022711098672434,5673.570892176611,5721.921680361232,5642.953194373069,5657.570555971641
2025-03-14,1.0050754219764708,1.0056570534750047,0.9936442025857547,0.9985440388186018,5667.56,5670.839785122343,5603.100039728915,5630.729922255766,1.0050754219764708,1.0056570534750047,0.9936442025857547,0.9985440388186018,5705.935321052323,5709.237313757303,5641.038899293328,5668.855865082219
2025-03-17,1.0162904044319767,1.0176243520367365,1.007569928459297,1.007569928459297,5767.57,5775.140312730724,5718.0802523979255,5718.0802523979255,1.0162904044319767,1.0176243520367365,1.007569928459297,1.007569928459297,5738.299749928035,5745.831643541739,5689.061161356248,5689.061161356248
2025-03-18,1.028851257244428,1.0306857927537696,1.0259606136893198,1.02872837510768,5776.65,5786.95029314288,5760.420019256876,5775.960058582086,1.028851257244428,1.0306857927537696,1.0259606136893198,1.02872837510768,5770.664178803748,5780.953798682189,5754.451015725317,5769.974952309875
2025-03-19,1.0065036324134977,1.0190879971654307,1.0033689840599829,1.0169806228235798,5712.2,5783.619919432997,5694.40996154578,5771.6599589044345,1.0065036324134977,1.0190879971654307,1.0033689840599829,1.0169806228235798,5741.977934603644,5813.770169027412,5724.0951559439545,5801.747860730478
2025-03-20,1.0053718154511213,1.0122534123321194,1.0014215149937091,1.0057832799332178,5693.31,5732.279726161436,5670.939883042726,5695.64007810102,1.0053718154511213,1.0122534123321194,1.0014215149937091,1.0057832799332178,5713.29169040354,5752.398187793535,5690.843061517118,5715.62994633068
2025-03-21,0.9847165270416192,1.0032342306767572,0.9832132311575525,1.0020538388544409,5580.94,5685.890196414362,5572.419980379299,5679.200254937876,0.9847165270416192,1.0032342306767572,0.9832132311575525,1.0020538388544409,5684.605446203437,5791.505082844793,5675.927168003422,5784.6908763218735
2025-03-24,0.9730007611524438,0.9757246051047702,0.9516537961316484,0.9584469820139949,5611.85,5627.559960664119,5488.729884955011,5527.910060054456,0.9730007611524438,0.9757246051047702,0.9516537961316484,0.9584469820139949,5655.919202003333,5671.752531151994,5531.832239088107,5571.320091522296
2025-03-25,0.9751447638337098,0.9781742014049822,0.962239393590776,0.9689924021411138,5633.07,5650.57000054609,5558.520192986156,5597.529959828465,0.9751447638337098,0.9781742014049822,0.962239393590776,0.9689924021411138,5627.2329578032295,5644.714824677694,5552.760400028132,5591.729744568721
2025-03-26,0.9927821154721475,0.997043143242164,0.9753649678572478,0.9769895231607539,5670.97,5695.309842827889,5571.479769394171,5580.7595541988585,0.9927821154721475,0.997043143242164,0.9753649678572478,0.9769895231607539,5497.307727246555,5520.902210387486,5400.864188752264,5409.859798447606
2025-03-27,0.9478703952533764,0.9659635195083677,0.9468709869327937,0.9647709705769589,5396.52,5499.529765252185,5390.830058614344,5492.740214495507,0.9478703952533764,0.9659635195083677,0.9468709869327937,0.9647709705769589,5367.38249668988,5469.836079925504,5361.723277081584,5463.0831880819105
2025-03-28,0.9091801739491914,0.9482524548259443,0.9084311646932437,0.9482524548259443,5074.08,5292.140055236306,5069.899824283111,5292.140055236306,0.9091801739491914,0.9482524548259443,0.9084311646932437,0.9482524548259443,5237.457266133206,5462.53850662425,5233.14249543938,5462.53850662425
2025-03-31,0.902064381621034,0.9349091341035042,0.8615768488221353,0.8827374286665716,5062.25,5246.56982421875,4835.0400390625,4953.7900390625,0.902064381621034,0.9349091341035042,0.8615768488221353,0.8827374286665716,5107.532035576531,5293.500608244633,4878.289672143201,4998.101895803572
2025-04-01,0.8845567337171384,0.9350975922892037,0.8717129207745236,0.9219785665474096,4982.77,5267.470194196545,4910.419902627345,5193.569803861216,0.8845567337171384,0.9350975922892037,0.8717129207745236,0.9219785665474096,4977.606805019856,5262.011990092255,4905.331677525314,5188.188176063762
2025-04-02,0.9622516077496441,0.9665612658581556,0.8725897446711877,0.8755609488349443,5456.9,5481.339941843625,4948.430264337965,4965.2798740145045,0.9622516077496441,0.9665612658581556,0.8725897446711877,0.8755609488349443,5060.293035864367,5082.956685098956,4588.778831404255,4604.403813079422
2025-04-03,0.9761939175616878,0.9919633580180056,0.9478831189691602,0.9919633580180056,5268.05,5353.150100811328,5115.270209179453,5353.150100811328,0.9761939175616878,0.9919633580180056,0.9478831189691602,0.9919633580180056,5142.979266708878,5226.05897439341,4993.826677693551,5226.05897439341
2025-04-04,1.0570113202787499,1.0605784887344394,1.028909704343488,1.0357661275668788,5363.359999999999,5381.4600981176445,5220.770152615206,5255.560192564549,1.0570113202787499,1.0605784887344394,1.028909704343488,1.0357661275668788,5225.665497553389,5243.300908608345,5086.7363848740015,5120.633253893009
2025-04-07,1.0678986616623043,1.0784650588113909,1.0584265507616442,1.0750080981112051,5405.97,5459.459743967964,5358.019806593134,5441.959744663448,1.0678986616623043,1.0784650588113909,1.0584265507616442,1.0750080981112051,5308.3517283979,5360.875581627552,5261.267395327543,5343.691588457948
2025-04-08,1.083058218621369,1.093851467076613,1.0810131831034697,1.0861409119618302,5396.63,5450.410274605336,5386.440058372476,5411.990351896049,1.083058218621369,1.093851467076613,1.0810131831034697,1.0861409119618302,5391.037959242411,5444.762506201503,5380.858576532008,5406.382394591679
2025-04-09,0.966794333779252,0.9835694324018367,0.9567318158263551,0.9777987140069246,5275.7,5367.2400356735825,5220.789845782837,5335.749802464386,0.966794333779252,0.9835694324018367,0.9567318158263551,0.9777987140069246,5386.8882636578155,5480.35755566169,5330.82084790103,5448.203648560364
2025-04-10,1.0027809151393778,1.011438741392917,0.9976328781646316,1.007099400947008,5282.7,5328.309861594956,5255.579883815188,5305.4499991588855,1.0027809151393778,1.011438741392917,0.9976328781646316,1.007099400947008,5382.73856807322,5429.212144292133,5355.104877846894,5405.919384302832
2025-04-11,0.9617478595507294,0.9756831059753158,0.951200309067824,0.9756831059753158,5158.2,5232.93974326377,5101.629689642004,5232.93974326377,0.9617478595507294,0.9756831059753158,0.951200309067824,0.9756831059753158,5378.588872488625,5456.521940506765,5319.601543225561,5456.521940506765
2025-04-14,0.9781334339628226,0.9821752800375761,0.963318359646852,0.963318359646852,5287.76,5309.610098624736,5207.670152700092,5207.670152700092,0.9781334339628226,0.9821752800375761,0.963318359646852,0.963318359646852,5374.43917690403,5396.6474514981865,5293.036463278434,5293.036463278434
2025-04-15,0.9961513018309573,1.0135380933121754,0.9925027393193522,0.9998684473650995,5375.86,5469.6900805112855,5356.1700580929955,5395.920059103917,0.9961513018309573,1.0135380933121754,0.9925027393193522,0.9998684473650995,5370.289481319435,5464.022334184115,5350.619942322703,5390.328753994024
2025-04-16,1.0396288644160965,1.040506450858846,1.0182459089425038,1.0200314391738392,5484.77,5489.399882796013,5371.959941807967,5381.379863649423,1.0396288644160965,1.040506450858846,1.0182459089425038,1.0200314391738392,5408.889442173733,5413.455271583874,5297.640085732917,5306.929685076984
2025-04-17,1.0459064493535504,1.0464553925765712,1.0327786741350928,1.0391901904860037,5525.21,5528.109902364252,5455.859901853455,5489.730019280411,1.0459064493535504,1.0464553925765712,1.0327786741350928,1.0391901904860037,5447.48940302803,5450.348513794694,5379.114820930289,5412.508502937428
2025-04-21,1.0718370749486255,1.0766663092260866,1.0601838115464213,1.071928233655878,5528.75,5553.66015625,5468.64013671875,5529.22021484375,1.0718370749486255,1.0766663092260866,1.0601838115464213,1.071928233655878,5486.089363882328,5510.807309757213,5426.4433170160955,5486.5559504802095
2025-04-22,1.0516419050788992,1.0537448970889887,1.0412159625175932,1.0418154454423978,5560.83,5571.950117031271,5505.700117962028,5508.870039792494,1.0516419050788992,1.0537448970889887,1.0412159625175932,1.0418154454423978,5524.689324736625,5535.737170445356,5469.9177401405905,5473.067060169617
2025-04-23,1.0359384358967683,1.038315689958777,1.0106736740187154,1.0229879281724217,5569.06,5581.839785021791,5433.240177210251,5499.439883544995,1.0359384358967683,1.038315689958777,1.0106736740187154,1.0229879281724217,5563.289285590923,5576.055828074553,5427.610200629176,5493.741310181118
2025-04-24,1.0217639025884404,1.031749739404766,1.0205259219808944,1.0255926865643743,5604.14,5658.91001819508,5597.349961103151,5625.139999487684,1.0217639025884404,1.031749739404766,1.0205259219808944,1.0255926865643743,5575.720390996484,5630.212660508942,5568.964785616742,5596.613895683089
2025-04-25,1.029222418695398,1.0317617382199504,1.0211883100681072,1.021839886696997,5686.67,5700.700273630252,5642.279862671407,5645.879960377116,1.029222418695398,1.0317617382199504,1.0211883100681072,1.021839886696997,5588.151496402044,5601.938703076921,5544.530394361963,5548.068122308432
2025-04-28,1.0219995478182229,1.0279683473993964,1.019123689319736,1.0228930484302425,5650.38,5683.380000684412,5634.48009732649,5655.319941508704,1.0219995478182229,1.0279683473993964,1.019123689319736,1.0228930484302425,5600.582601807606,5633.291769986164,5584.822826662626,5605.479007087887
2025-04-29,1.0082865327657922,1.0159598334575777,1.0045334749298387,1.0080995033055287,5606.91,5649.579920685902,5586.039883394094,5605.869960966483,1.0082865327657922,1.0159598334575777,1.0045334749298387,1.0080995033055287,5613.0137072131665,5655.730078564886,5592.1208713053165,5611.972535988522
2025-04-30,1.0111724420279184,1.0153832417332849,1.001720281260069,1.0081019759120242,5631.28,5654.730196207168,5578.6403495542,5614.180389972618,1.0111724420279184,1.0153832417332849,1.001720281260069,1.0081019759120242,5625.444812618727,5648.8707095033615,5572.859707893267,5608.3629213744025
2025-05-01,1.010670682745256,1.020691873656079,1.005574439808926,1.0106100411921335,5663.94,5720.100156830979,5635.379941110795,5663.6001562464835,1.010670682745256,1.020691873656079,1.005574439808926,1.0106100411921335,5677.650660295891,5733.946763629212,5649.021466270109,5677.309993884956
2025-05-02,0.9952942583269294,1.00088272825378,0.9925228203023623,0.9987654893898898,5659.91,5691.689784278923,5644.149746528835,5679.649745548805,0.9952942583269294,1.00088272825378,0.9925228203023623,0.9987654893898898,5729.856507973053,5762.029034351135,5713.901485557669,5749.840201971466
2025-05-05,1.0343003479412003,1.0345092145648755,1.0240161079672767,1.0277539304498797,5844.19,5845.370175793081,5786.080136136141,5807.200253535391,1.0343003479412003,1.0345092145648755,1.0240161079672767,1.0277539304498797,5782.062355650217,5783.229985386114,5724.570238463887,5745.465834904304
2025-05-06,1.049874173118527,1.0534573111924104,1.0424672793866523,1.0440956064180162,5886.55,5906.640332697837,5845.020213465815,5854.150096581239,1.049874173118527,1.0534573111924104,1.0424672793866523,1.0440956064180162,5834.2682033273795,5854.180102360473,5793.107266434399,5802.156061868128
2025-05-07,1.0464015286045092,1.0488822659106432,1.0427664377242205,1.0471402871451685,5892.58,5906.549726377286,5872.109785427649,5896.7401561948445,1.0464015286045092,1.0488822659106432,1.0427664377242205,1.0471402871451685,5886.474051004543,5900.429301814804,5866.025047868626,5890.629896404873
2025-05-08,1.0446667867244357,1.0459520731045848,1.0355265031068028,1.0363491932889586,5916.93,5924.209784939982,5865.159982006744,5869.8196498370635,1.0446667867244357,1.0459520731045848,1.0355265031068028,1.0363491932889586,5876.889992401124,5884.120514861354,5825.470303364582,5830.0984391106385
2025-05-09,1.052734054075065,1.0527764989866844,1.043719772834781,1.047559053123006,5958.380000000001,5958.620234379724,5907.359979465305,5929.0899603614325,1.052734054075065,1.0527764989866844,1.043719772834781,1.047559053123006,5867.305933797704,5867.542496185744,5817.065756228348,5838.463593535326
2025-05-12,1.0204322583625791,1.0212894799010581,1.0088121441743092,1.0100424158267558,5963.600000000001,5968.609765542965,5895.689844862056,5902.879786150567,1.0204322583625791,1.0212894799010581,1.0088121441743092,1.0100424158267558,5857.721875194285,5862.642697048636,5791.017401168632,5798.079691792933
2025-05-13,1.0091581656488096,1.0112986550252872,1.0038579141402584,1.0098716897571784,5940.46,5953.060097739104,5909.259804482338,5944.660195340119,1.0091581656488096,1.0112986550252872,1.0038579141402584,1.0098716897571784,5848.1378165908645,5860.542093040971,5817.422511161341,5852.272735638483
2025-05-14,0.9918592535018617,1.0077708331663746,0.9895343453374045,1.0029868604302086,5844.61,5938.370256099515,5830.910292648283,5910.180314033838,0.9918592535018617,1.0077708331663746,0.9895343453374045,1.0029868604302086,5838.553757987445,5932.216858793093,5824.8682464063995,5904.0561274209385
2025-05-15,0.9873380283356402,0.9934341481050311,0.9846018218813182,0.9872112734086613,5842.01,5878.080313947102,5825.820057944228,5841.2599999699105,0.9873380283356402,0.9934341481050311,0.9846018218813182,0.9872112734086613,5852.051756720967,5888.184071472159,5835.833985979614,5851.300467525361
2025-05-16,0.973892232452445,0.9783716282302826,0.9679493974802893,0.9703795850325071,5802.82,5829.509942214751,5767.410330958606,5781.89031186599,0.973892232452445,0.9783716282302826,0.9679493974802893,0.9703795850325071,5865.549755454488,5892.528221791688,5829.757300133373,5844.393812806572
2025-05-19,0.9929472130927627,0.9934150578583564,0.9816335410827904,0.9816335410827904,5921.54,5924.3300390440945,5854.069785601329,5854.069785601329,0.9929472130927627,0.9934150578583564,0.9816335410827904,0.9816335410827904,5879.04775418801,5881.817772253628,5812.061697784594,5812.061697784594
2025-05-20,0.991261619470546,0.9999091179624733,0.9901388239132611,0.9974884496490002,5888.55,5939.920118891354,5881.880077903771,5925.540235601899,0.991261619470546,0.9999091179624733,0.9901388239132611,0.9974884496490002,5892.545752921531,5943.95072968157,5885.871304862086,5929.561088733496
2025-05-21,1.0115593683753066,1.016856550111404,1.0049943250799398,1.01631418339799,5912.17,5943.129961346613,5873.799882305467,5939.960039429727,1.0115593683753066,1.016856550111404,1.0049943250799398,1.01631418339799,5906.043751655053,5936.971631987088,5867.713393451539,5933.804994774277
2025-05-22,1.0119274016990727,1.013716203056153,1.0002824736981744,1.010554583163887,5911.69,5922.140195416077,5843.660214169472,5903.669980389259,1.0119274016990727,1.013716203056153,1.0002824736981744,1.010554583163887,5911.464129180814,5921.913925321184,5843.436942597447,5903.444415994869
2025-05-23,1.0229405702744527,1.0231921653526925,1.0101003018600463,1.016174934598603,5935.94,5937.3999609519105,5861.430233639514,5896.680233987466,1.0229405702744527,1.0231921653526925,1.0101003018600463,1.016174934598603,5916.884506706575,5918.339780906914,5842.613930828671,5877.750771989498
2025-05-27,1.0082461656933839,1.010100409733487,1.001259787762055,1.00287424251641,5970.37,5981.349980253232,5928.9998836245195,5938.5599420306235,1.0082461656933839,1.010100409733487,1.001259787762055,1.00287424251641,5922.304884232337,5933.196468955308,5881.267822497173,5890.75091660893
2025-05-28,1.013969483149502,1.0173098507581615,1.013171290849806,1.0153501087250203,5970.81,5990.479921681972,5966.109804733625,5978.939882732719,1.013969483149502,1.0173098507581615,1.013171290849806,1.0153501087250203,5927.725261758098,5947.2532473498395,5923.058982607416,5935.796480110359
2025-05-29,1.0045888396307954,1.014805121065743,1.0015274239458267,1.0124320035980647,5939.299999999999,5999.700392611254,5921.200390029799,5985.670118712371,1.0045888396307954,1.014805121065743,1.0015274239458267,1.0124320035980647,5933.145639283859,5993.4834444178805,5915.064784306431,5979.467708825956
2025-05-30,1.0149990950134395,1.0177919096370815,1.0113233303904856,1.012749348326699,6000.36,6016.8702542824385,5978.63001903613,5987.060195009462,1.0149990950134395,1.0177919096370815,1.0113233303904856,1.012749348326699,5954.315679926309,5970.6992412382115,5932.752445990733,5941.117932225317
2025-06-02,1.0117824641084647,1.0143819135776855,1.0098114692433657,1.0115718824610103,6005.88,6021.310176082326,5994.180292740464,6004.629999975609,1.0117824641084647,1.0143819135776855,1.0098114692433657,1.0115718824610103,5975.4857205687595,5990.837808330387,5963.845222646026,5974.242046486616
2025-06-03,1.0114632761453646,1.0121667010571374,1.0050096940284028,1.0066227215292625,6038.81,6043.009706990501,6000.2797269363555,6009.910097936663,1.0114632761453646,1.0121667010571374,1.0050096940284028,1.0066227215292625,5996.655761211209,6000.826151920635,5958.394450796053,5967.95759647237
2025-06-04,1.0086135716929527,1.0148371270434933,1.0052772723665662,1.0131589595685129,6022.24,6059.39966652256,6002.319590619018,6049.379647381273,1.0086135716929527,1.0148371270434933,1.0052772723665662,1.0131589595685129,6017.82580185366,6054.958230980986,5997.919993789491,6044.945556341067
2025-06-05,1.0178404862525887,1.0178691782134017,1.0108733547022712,1.0118869454898467,6045.26,6045.430410162857,6003.8801155832,6009.900135347847,1.0178404862525887,1.0178691782134017,1.0108733547022712,1.0118869454898467,6038.99584249611,6039.166076078289,5997.658836320026,6003.672618081348
2025-06-06,0.9961019005526336,1.004299731955767,0.9938086625783064,1.0000333051520336,5976.97,6026.159939638105,5963.209746588366,6000.559842902056,0.9961019005526336,1.004299731955767,0.9938086625783064,1.0000333051520336,6023.527887168264,6073.100994140233,6009.660447619549,6047.301484254154
2025-06-09,1.0045338901210146,1.0074843678603826,0.9996869960870145,0.9996869960870145,6033.109999999999,6050.830215245315,6004.000136059079,6004.000136059079,1.0045338901210146,1.0074843678603826,0.9996869960870145,0.9996869960870145,6008.059931840419,6025.706571003134,5979.070934927588,5979.070934927588
2025-06-10,0.9907117461884046,0.9974232975869081,0.9894001616424721,0.9955851709928213,5982.72,6023.249783700797,5974.799590128177,6012.149686443159,0.9907117461884046,0.9974232975869081,0.9894001616424721,0.9955851709928213,5992.591976512574,6033.188637665892,5984.65849731773,6022.070224341413
2025-06-11,0.9931304630835038,0.9993374362496494,0.9916393268463565,0.9943027940526145,5980.87,6018.249882080088,5971.890019707202,5987.930058455417,0.9931304630835038,0.9993374362496494,0.9916393268463565,0.9943027940526145,5977.124021184729,6014.480491245096,5968.149665293721,5984.179657736742
2025-06-12,0.9871932720842445,0.9955238241003754,0.9846657074209701,0.9924585673665608,5967.84,6018.2003528810355,5952.560214443694,5999.670078958376,0.9871932720842445,0.9955238241003754,0.9846657074209701,0.9924585673665608,5961.656065856883,6011.9642348479965,5946.39211336373,5993.453162176306
2025-06-13,1.0080642867539906,1.008666614974298,0.994355008897699,0.9987786452467324,6025.169999999999,6028.77009770293,5943.23005753128,5969.669999280362,1.0080642867539906,1.008666614974298,0.994355008897699,0.9987786452467324,6002.659533590462,6006.2461810706745,5921.025724612174,5947.366884846276
2025-06-16,1.0097909701629841,1.011378806215591,1.0043327280903056,1.0046575955104171,6092.180000000001,6101.759589567344,6059.249825168903,6061.2097860498525,1.0097909701629841,1.011378806215591,1.0043327280903056,1.0046575955104171,6043.663001324041,6053.166300805676,6010.995076335968,6012.9394284497
2025-06-17,1.0182926829268293,1.0210254882320533,1.0162751537443797,1.0203101304940205,6092.160000000001,6108.50960895567,6080.0896878095755,6104.229823909187,1.0182926829268293,1.0210254882320533,1.0162751537443797,1.0203101304940205,6084.66646905762,6100.9959675269265,6072.611003696215,6096.7214467383865
2025-06-18,1.0267770407984123,1.0276966394491953,1.0211340490776994,1.021939922504713,6141.0199999999995,6146.519999982509,6107.27000010734,6112.089824310763,1.0267770407984123,1.0276966394491953,1.0211340490776994,1.021939922504713,6125.669936791199,6131.1561890009625,6092.00429823129,6096.81207482598
2025-06-20,1.034389326791603,1.036837507704385,1.027566133186879,1.0306409639763738,6173.07,6187.680351978537,6132.350272277985,6150.700370456763,1.034389326791603,1.036837507704385,1.027566133186879,1.0306409639763738,6166.673404524778,6181.268617113779,6125.99587098266,6144.326954610335
2025-06-23,1.029838162242725,1.0315194231023594,1.0248623724268238,1.0279145100193983,6204.95,6215.079882493643,6174.970020474926,6193.359668333578,1.029838162242725,1.0315194231023594,1.0248623724268238,1.0279145100193983,6178.04361038512,6188.129566889814,6148.193632392653,6166.503537621603
2025-06-24,1.0173714499571582,1.0194675830349962,1.014082060684511,1.0156052897268504,6198.01,6210.780020014144,6177.970448460964,6187.250233968123,1.0173714499571582,1.0194675830349962,1.014082060684511,1.0156052897268504,6189.413816245461,6202.166125181598,6169.402058089686,6178.668973217253
2025-06-25,1.022202305914487,1.0222318809393567,1.0157793158250281,1.0166968629380597,6227.42,6227.600175783511,6188.290116696603,6193.87996051673,1.022202305914487,1.0222318809393567,1.0157793158250281,1.0166968629380597,6200.784022105803,6200.963427239802,6161.821505497871,6167.387440386783
2025-06-26,1.0225255739274584,1.023388590918948,1.0171697639468291,1.0171697639468291,6279.35,6284.649804605078,6246.459863792757,6246.459863792757,1.0225255739274584,1.023388590918948,1.0171697639468291,1.0171697639468291,6212.154227966144,6217.397318984295,6179.616051451344,6179.616051451344
2025-06-27,1.009219075759711,1.014417436356724,1.0045244942047307,1.0139266294866014,6229.98,6262.0698438506015,6201.0000194403965,6259.040058684855,1.009219075759711,1.014417436356724,1.0045244942047307,1.0139266294866014,6223.5244338264865,6255.581025867216,6194.574482606016,6252.554380194472
2025-06-30,1.0033150952062466,1.0060838807286685,1.002062866017152,1.0046865430983816,6225.5199999999995,6242.700175727351,6217.749980493127,6234.029765598302,1.0033150952062466,1.0060838807286685,1.002062866017152,1.0046865430983816,6231.232438431864,6248.428378416032,6223.455289278303,6239.750012456137
2025-07-01,1.0105275725595797,1.0114795540578019,1.0053921192391053,1.0073120746423803,6263.260000000001,6269.160390845796,6231.430408965168,6243.330311754219,1.0105275725595797,1.0114795540578019,1.0053921192391053,1.0073120746423803,6238.940443037241,6244.81792330751,6207.2344428404485,6219.088139602012
2025-07-02,1.008517170834792,1.010084473821736,1.003857131892221,1.0063236209642257,6280.46,6290.220253966955,6251.439980288254,6266.799843665039,1.008517170834792,1.010084473821736,1.003857131892221,1.0063236209642257,6246.648447642618,6256.3561562007935,6217.7846604227425,6233.061832272987
2025-07-03,0.9968786578228638,0.9984218018435426,0.9933512382103641,0.9962305295581947,6259.75,6269.439941406249,6237.60009765625,6255.68017578125,0.9968786578228638,0.9984218018435426,0.9933512382103641,0.9962305295581947,6254.356452247995,6264.038044572941,6232.225634780796,6250.290134685463
2025-07-07,1.006192636252444,1.0069550785003487,1.0014831759530927,1.0040401163206543,6268.560000000001,6273.309999955602,6239.220156524248,6255.149843875349,1.006192636252444,1.0069550785003487,1.0014831759530927,1.0040401163206543,6262.064456853372,6266.809534812588,6232.7550156102225,6248.668196463579
2025-07-08,1.0029298757372878,1.012291387004651,1.0025958329710911,1.011207140186172,6243.76,6302.040275625196,6241.680410078187,6295.290275371818,1.0029298757372878,1.012291387004651,1.0025958329710911,1.011207140186172,6269.464780611359,6327.98498885711,6267.3766292774,6321.207199695184
2025-07-09,1.0000702509555726,1.0007759412410115,0.9901536341097452,0.9986013362010162,6263.7,6268.119921737179,6201.589650374203,6254.499804974377,1.0000702509555726,1.0007759412410115,0.9901536341097452,0.9986013362010162,6276.865104369346,6281.294315940166,6214.624210618634,6267.645572286117
2025-07-10,1.002690885699455,1.0038580101273058,0.9971037400904045,0.9972836445618971,6297.359999999999,6304.690078284139,6262.270155488181,6263.400038325212,1.002690885699455,1.0038580101273058,0.9971037400904045,0.9972836445618971,6284.265428127334,6291.580264431196,6249.248548554946,6250.376081942046
2025-07-11,1.005917169216023,1.008923650960821,1.0040768370206823,1.008498766907584,6296.789999999999,6315.609824102,6285.269980540216,6312.950156149749,1.005917169216023,1.008923650960821,1.0040768370206823,1.008498766907584,6291.665751885322,6310.470260652338,6280.155107271769,6307.8127571042505
2025-07-14,1.0059088530699236,1.0107712106124374,1.00562010117703,1.005771682289404,6305.6,6336.079979996701,6303.789941434284,6304.740136732067,1.0059088530699236,1.0107712106124374,1.00562010117703,1.005771682289404,6299.066075643309,6329.514471986798,6297.257892677971,6298.207103374099
2025-07-15,1.0105481312542441,1.0115891706086197,1.0060780434014711,1.010064445226088,6309.62,6316.119999879276,6281.709844268369,6306.59998052484,1.0105481312542441,1.0115891706086197,1.0060780434014711,1.010064445226088,6315.882632087958,6322.3890835614375,6287.944774048286,6312.859615083491
2025-07-16,1.015200280984083,1.0154764724406087,1.0085875886684808,1.0100898425659435,6358.910000000001,6360.63998042624,6317.490079142763,6326.8997468803,1.015200280984083,1.0154764724406087,1.0085875886684808,1.0100898425659435,6332.699188532607,6334.422038146994,6291.4499965796285,6300.820878577622
2025-07-17,1.010478994372245,1.0133309768953778,1.0100374961261813,1.0113126770455287,6363.35,6381.309960661876,6360.569726605169,6368.599999919431,1.010478994372245,1.0133309768953778,1.0100374961261813,1.0113126770455287,6349.515744977257,6367.436659747268,6346.741516041897,6354.754331122849
2025-07-18,1.0145867973999452,1.0157270112781835,1.0113930508827305,1.011628088169519,6388.64,6395.819687346353,6368.529648867869,6370.0096293049455,1.0145867973999452,1.0157270112781835,1.0113930508827305,1.011628088169519,6366.332301421906,6373.486918909696,6346.292171127285,6347.766983804479
2025-07-21,1.0133484521695002,1.015140479042908,1.0111313783896825,1.0146044661651217,6389.77,6401.069804652961,6375.790019573982,6397.6899218507915,1.0133484521695002,1.015140479042908,1.0111313783896825,1.0146044661651217,6383.148857866555,6394.436953551479,6369.183363632907,6391.060573016908
2025-07-22,1.009705814296265,1.0157917439034065,1.0086059157991796,1.0152149027440962,6370.859999999999,6409.259903167812,6363.920058444819,6405.6202546522045,1.009705814296265,1.0157917439034065,1.0086059157991796,1.0152149027440962,6371.195257152721,6409.597181059053,6364.254950393307,6405.957341012286
2025-07-23,1.0006274660279828,1.005917702441936,0.9964569368117692,1.003510047855108,6362.9,6396.540137235051,6336.379980061727,6381.2300784063245,1.0006274660279828,1.005917702441936,0.9964569368117692,1.003510047855108,6359.241656438888,6392.862452307667,6332.736884161929,6377.561195983324
2025-07-24,0.9962346877038039,1.0100057172594035,0.9943881760791733,1.0100057172594035,6339.39,6427.019880922626,6327.640000253407,6427.019880922626,0.9962346877038039,1.0100057172594035,0.9943881760791733,1.0100057172594035,6347.288055725054,6435.027112086122,6335.523417006451,6435.027112086122
2025-07-25,0.976422211926169,0.9841343417976952,0.9724589544613457,0.9841343417976952,6238.01,6287.280021382428,6212.6901748299315,6287.280021382428,0.976422211926169,0.9841343417976952,0.9724589544613457,0.9841343417976952,6335.334455011221,6385.373179550495,6309.619593894487,6385.373179550495
2025-07-28,0.9906365956834126,0.9907539708012872,0.9815235945882618,0.9815235945882618,6329.94,6330.690000006942,6271.710018992238,6271.710018992238,0.9906365956834126,0.9907539708012872,0.9815235945882618,0.9815235945882618,6323.380854297387,6324.1300771469905,6265.211211765139,6265.211211765139
2025-07-29,0.9887503413981785,0.9960978673254737,0.9872089758195767,0.9946270898676959,6299.19,6346.000059029167,6289.370175689908,6336.629941754509,0.9887503413981785,0.9960978673254737,0.9872089758195767,0.9946270898676959,6332.073837199925,6379.1282600854665,6322.202750187177,6369.709227726328
2025-07-30,0.9971962469942952,0.9984173913560638,0.9902889885262005,0.9915761282471799,6345.06,6352.830019459498,6301.109805093361,6309.299746423981,0.9971962469942952,0.9984173913560638,0.9902889885262005,0.9915761282471799,6340.766820102464,6348.531582229273,6296.846362675576,6305.030762546937
2025-07-31,1.000096223769164,1.0079376660747326,0.995414357567329,1.0055099661353457,6340.000000000001,6389.709960937499,6310.31982421875,6374.31982421875,1.000096223769164,1.0079376660747326,0.995414357567329,1.0055099661353457,6349.459803005003,6399.2439353049385,6319.735341953083,6383.8308352326285
2025-08-01,1.0242769729448975,1.0251923226738908,1.0187896493557385,1.0187896493557385,6389.450000000001,6395.159960762958,6355.220020577591,6355.220020577591,1.0242769729448975,1.0251923226738908,1.0187896493557385,1.0187896493557385,6358.152785907542,6363.834777774201,6324.090473967367,6324.090473967367
2025-08-04,1.006873682846915,1.0122133548898908,1.0053902349104427,1.0094360651231213,6373.45,6407.249803651715,6364.059863569007,6389.66972606545,1.006873682846915,1.0122133548898908,1.0053902349104427,1.0094360651231213,6366.845768810081,6400.610548774862,6357.465362530245,6383.048687836835
2025-08-05,1.0232680709742048,1.0233934901298782,1.0137430364568039,1.0152369041750602,6445.760000000001,6446.5500390912275,6385.759997818334,6395.170154410497,1.0232680709742048,1.0233934901298782,1.0137430364568039,1.0152369041750602,6381.970080594088,6382.752301130178,6322.563863366178,6331.880893138445
2025-08-06,1.0191519071529662,1.0213110209936138,1.0157539789484613,1.0185356551076332,6466.58,6480.27970686574,6445.019941666725,6462.66984379724,1.0191519071529662,1.0213110209936138,1.0157539789484613,1.0185356551076332,6397.094392378096,6410.646891221077,6375.766004224985,6393.2262521373505
2025-08-07,1.0202744479495267,1.0211230099022102,1.0159416065176874,1.0178958867454362,6468.539999999999,6473.919882780013,6441.069785322138,6453.459921966066,1.0202744479495267,1.0211230099022102,1.0159416065176874,1.0178958867454362,6412.218704162105,6417.551744537243,6384.987671446108,6397.269927710322
2025-08-08,1.0094452574165227,1.0143815257991835,1.0082010646813133,1.0137617602391722,6449.800000000001,6481.340040017592,6441.850292728017,6477.380078960178,1.0094452574165227,1.0143815257991835,1.0082010646813133,1.0137617602391722,6427.343015946112,6458.773239508041,6419.420988051697,6454.827066286268
2025-08-11,1.0118773976417796,1.0128502138412299,1.0100809283504808,1.011229415328427,6449.150000000001,6455.350195406386,6437.700292795372,6445.020117124963,1.0118773976417796,1.0128502138412299,1.0100809283504808,1.011229415328427,6442.46732773012,6448.661098433418,6431.029484824016,6438.341724280086
2025-08-12,0.994664709824753,1.0016630874337127,0.9929349057147719,1.0000744856386432,6411.37,6456.479862456728,6400.220097860049,6446.2401165501415,0.994664709824753,1.0016630874337127,0.9929349057147719,1.0000744856386432,6440.503364918537,6485.818207291317,6429.302797449982,6475.5319318201955
2025-08-13,0.9890513996579335,0.9910029903923603,0.9810224378853942,0.990727762185791,6395.78,6408.400117611429,6343.860076380933,6406.620332395392,0.9890513996579335,0.9910029903923603,0.9810224378853942,0.990727762185791,6438.539402106955,6451.2438923333875,6386.272364470303,6449.452208247828
2025-08-14,0.9847925497871235,0.9884224231057878,0.9820933377312914,0.98644055016754,6370.17,6393.6499807567125,6352.710038848368,6380.830156380739,0.9847925497871235,0.9884224231057878,0.9820933377312914,0.98644055016754,6436.575439295372,6460.300185644965,6418.933467869233,6447.346721810488
2025-08-15,1.0026527954355173,1.0045102142980085,0.9898895608373871,0.9898895608373871,6466.91,6478.889980179295,6384.589689488979,6384.589689488979,1.0026527954355173,1.0045102142980085,0.9898895608373871,0.9898895608373871,6434.61147648379,6446.531623501414,6352.702308927427,6352.702308927427
2025-08-18,0.9984757681244816,1.0027507986715485,0.9982804298769002,1.0013211195517506,6439.32,6466.890313252617,6438.060234340611,6457.670098157172,0.9984757681244816,1.0027507986715485,0.9982804298769002,1.0013211195517506,6432.647513672207,6460.189258296735,6431.389053394309,6450.978597278298
2025-08-19,1.0085114413924012,1.008890482970609,1.0027825596086961,1.0037621121059643,6465.94,6468.370175803273,6429.2100191984055,6435.490292692816,1.0085114413924012,1.008890482970609,1.0027825596086961,1.0037621121059643,6427.896441885897,6430.312319298774,6391.382568743693,6397.625891083336
2025-08-20,1.013386952021489,1.0142719349845184,1.0097032638788805,1.0103943323555318,6481.4,6487.060156335283,6457.839941051267,6462.2598629928625,1.013386952021489,1.0142719349845184,1.0097032638788805,1.0103943323555318,6423.145370099586,6428.754653118534,6399.797068258035,6404.17726407304
2025-08-21,1.0206729176772362,1.0216729094076686,1.015194272197192,1.0178441046455322,6501.86,6508.230117321448,6466.960096922387,6483.83998008983,1.0206729176772362,1.0216729094076686,1.015194272197192,1.0178441046455322,6418.3942983132765,6424.682641140648,6383.942412402931,6400.605605070585
2025-08-22,0.9989716881787438,1.0038426390877258,0.9965454997865328,1.0034591513696778,6460.26,6491.760001142804,6444.570058024527,6489.280020584083,0.9989716881787438,1.0038426390877258,0.9965454997865328,1.0034591513696778,6413.643226526966,6444.915925917569,6398.066502049066,6442.453840720943
2025-08-25,0.9963070634787524,0.9964623593786164,0.9877720068884814,0.9941282195399401,6415.54,6416.539999993912,6360.580039397136,6401.509726647927,0.9963070634787524,0.9964623593786164,0.9877720068884814,0.9941282195399401,6408.892154740655,6409.891118524799,6353.989144186197,6394.876419694975
2025-08-26,0.997265672121919,0.9981023882755862,0.9923027672826582,0.9968883191778869,6448.26,6453.670156446643,6416.170155083631,6445.820058505065,0.997265672121919,0.9981023882755862,0.9923027672826582,0.9968883191778869,6428.2860377640845,6433.679435851022,6396.295593515571,6425.853654168378
2025-08-27,1.0031906686826921,1.0032616349757728,0.9945351163356396,0.9961736692809748,6502.080000000001,6502.539960931974,6445.979903017815,6456.60002007771,1.0031906686826921,1.0032616349757728,0.9945351163356396,0.9961736692809748,6447.679920787515,6448.136033426152,6392.049188949968,6402.580452103221
2025-08-28,0.9968685883731733,1.0047355529561925,0.9910979289724402,1.0041865063420314,6481.5,6532.64990234375,6443.97998046875,6529.080078125,0.9968685883731733,1.0047355529561925,0.9910979289724402,1.0041865063420314,6467.073803810944,6518.109859278776,6429.637294449064,6514.54798059494
2025-08-29,1.005400711426475,1.007493509508058,1.003564893137495,1.0058557924062579,6495.149999999999,6508.670019734526,6483.290136540433,6498.089941450452,1.005400711426475,1.007493509508058,1.003564893137495,1.0058557924062579,6486.467686834374,6499.969633846126,6474.623676903773,6489.403698353668
2025-09-02,1.015130448878816,1.0160064651308358,1.0105275961530646,1.0136839945895342,6512.609999999999,6518.230117305482,6483.080214223833,6503.3302146489405,1.015130448878816,1.0160064651308358,1.0105275961530646,1.0136839945895342,6505.861569857803,6511.475863542799,6476.362383134308,6496.591400311034
2025-09-03,1.0129926522813906,1.0167037581670317,1.010557856659221,1.0158228731302494,6532.04,6555.970175638145,6516.339804781389,6550.289999890862,1.0129926522813906,1.0167037581670317,1.010557856659221,1.0158228731302494,6524.6720580277415,6548.575241157346,6508.989572150672,6542.90147247513
2025-09-04,1.0131327206063292,1.013966287972193,1.0067239392937013,1.008048184963038,6587.470000000001,6592.889921698236,6545.799591202789,6554.409942484471,1.0131327206063292,1.013966287972193,1.0067239392937013,1.008048184963038,6543.482546197681,6548.866276679058,6502.090389169644,6510.643245323572
2025-09-05,1.0158589832600478,1.0183151927455918,1.0151184440856245,1.0168417985265306,6584.29,6600.2099217805535,6579.490195340975,6590.660117149708,1.0158589832600478,1.0183151927455918,1.0151184440856245,1.0168417985265306,6562.293034367619,6578.159770463418,6557.509265019634,6568.64187006587
2025-09-08,1.0184953388297422,1.0191635808522068,1.0164615195389608,1.01668020736024,6615.28,6619.6203321722105,6602.070038633481,6603.490448835862,1.0184953388297422,1.0191635808522068,1.0164615195389608,1.01668020736024,6581.103522537558,6585.421431280274,6567.96180770738,6569.374879653894
2025-09-09,1.014456569639515,1.01756292323165,1.0134354886013972,1.0171237211814779,6606.760000000001,6626.990469467676,6600.1100974203455,6624.130117803704,1.014456569639515,1.01756292323165,1.0134354886013972,1.0171237211814779,6599.914010707496,6620.123517164959,6593.270998821896,6617.26612942534
2025-09-10,1.0104576824391769,1.0141380087548169,1.0029255493560123,1.0111496591362534,6600.350000000001,6624.390038706814,6551.149805415446,6604.8700194643725,1.0104576824391769,1.0141380087548169,1.0029255493560123,1.0111496591362534,6609.935615451034,6634.01056724071,6560.6639679669515,6614.462199289783
2025-09-11,1.0067537309467822,1.0105245024108356,1.0037070644212478,1.0059780365889563,6631.96,6656.799843896308,6611.890175663038,6626.850136688652,1.0067537309467822,1.0105245024108356,1.0037070644212478,1.0059780365889563,6619.957220194572,6644.752107972826,6599.9237190082695,6614.856604913093
2025-09-12,1.012160764486376,1.0132937584903672,1.0069893936345409,1.0095408919786517,6664.360000000001,6671.819961090539,6630.310194613971,6647.109999646116,1.012160764486376,1.0132937584903672,1.0069893936345409,1.0095408919786517,6629.97882493811,6637.400300378383,6596.104681178974,6612.817816667784
2025-09-15,1.0118619317700839,1.0126373914350564,1.004956679720095,1.0058954095905617,6693.75,6698.879882812499,6648.06982421875,6654.279785156251,1.0118619317700839,1.0126373914350564,1.004956679720095,1.0058954095905617,6640.000429681648,6645.089120487132,6594.687057234898,6600.847153338474
2025-09-16,1.0075922237223691,1.0140401797789236,1.0058758235681207,1.0129685382771751,6656.919999999999,6699.520098156201,6645.580156116917,6692.44001994811,1.0075922237223691,1.0140401797789236,1.0058758235681207,1.0129685382771751,6650.022034425186,6692.5779899432655,6638.693940999181,6685.505248181421
2025-09-17,1.0056996977433015,1.0109554705861779,1.0032436993956253,1.0105206274195875,6637.97,6672.659940283479,6621.759551305916,6669.789823188875,1.0056996977433015,1.0109554705861779,1.0032436993956253,1.0105206274195875,6656.323498013925,6691.109353426592,6640.068228623466,6688.231300669669
2025-09-18,0.9958926169639142,0.9980457941078874,0.9905397501123006,0.9964157996202683,6604.72,6618.999784691745,6569.220001154773,6608.189726449635,0.9958926169639142,0.9980457941078874,0.9905397501123006,0.9964157996202683,6662.624961602665,6677.029940153388,6626.8137268428145,6666.12510786977
2025-09-19,0.9968999273748718,0.9976907038899941,0.9910073857989689,0.9926504102918458,6643.7,6648.970019376321,6604.429981623216,6615.379688332565,0.9968999273748718,0.9976907038899941,0.9910073857989689,0.9926504102918458,6668.926425191405,6674.2164550663265,6629.507296803505,6640.498580037557
2025-09-22,0.9951387488328665,0.9975439921943103,0.992640937193569,0.9951940417837043,6661.21,6677.310097750665,6644.490273339453,6661.580117189671,0.9951387488328665,0.9975439921943103,0.992640937193569,0.9951940417837043,6675.227888780145,6691.361867669465,6658.472977030288,6675.598784846567
2025-09-23,1.0047379268490533,1.0051570454622851,0.9976085094586266,0.9998903367143188,6688.46,6691.250039078795,6641.000038785321,6656.189980280284,1.0047379268490533,1.0051570454622851,0.9976085094586266,0.9998903367143188,6681.529352368884,6684.316500381914,6634.118569629933,6649.292771159038
2025-09-24,1.0110319871888545,1.01212867562589,1.0027463217822068,1.0040599351773765,6711.200000000001,6718.479784944389,6656.200001600636,6664.91972790937,1.0110319871888545,1.01212867562589,1.0027463217822068,1.0040599351773765,6686.7499371366,6694.003200564789,6631.950313248254,6640.63827208524
2025-09-25,1.0167501423224603,1.0192619586460512,1.0134010046049153,1.0191665900606546,6715.35,6731.939843508748,6693.229883134177,6731.309960705406,1.0167501423224603,1.0192619586460512,1.0134010046049153,1.0191665900606546,6691.970521904316,6708.502607904828,6669.9274161827725,6707.874918037255
2025-09-26,1.0108508812860304,1.0161310832700086,1.009327616068059,1.0118066886854185,6715.79,6750.870077920956,6705.669882871364,6722.1400976193145,1.0108508812860304,1.0161310832700086,1.009327616068059,1.0118066886854185,6697.191106672033,6732.174032861444,6687.099016473801,6703.523618156546
2025-09-29,1.011870215771609,1.013257386371174,1.008492450963537,1.0109064386080557,6740.28,6749.520234669528,6717.779999282821,6733.860077920367,1.011870215771609,1.013257386371174,1.008492450963537,1.0109064386080557,6702.411691439749,6711.600012530371,6680.038100451805,6696.027837830602
2025-09-30,1.0039067289032153,1.00987228622934,1.0017193968188582,1.0086238526810256,6714.589999999999,6754.490391553492,6699.960116847061,6746.1402937029325,1.0039067289032153,1.00987228622934,1.0017193968188582,1.0086238526810256,6707.632276207465,6747.491322585208,6693.017552682455,6739.149877187662
2025-10-01,1.0063356776731434,1.0066217549490293,1.001026586905426,1.0018878744923885,6753.719999999999,6755.639921813925,6718.089630039695,6723.869903293317,1.0063356776731434,1.0066217549490293,1.001026586905426,1.0018878744923885,6693.590841172061,6695.493669697593,6658.277692561537,6664.006503366533
2025-10-02,1.0029425123039006,1.0073309977055518,1.0001221169722023,1.0067234227901976,6735.11,6764.580215441978,6716.170058209279,6760.500137234154,1.0029425123039006,1.0073309977055518,1.0001221169722023,1.0067234227901976,6679.549406136657,6708.776510082128,6660.765707438274,6704.730090057799
2025-10-03,0.9756871492408191,1.0069403814333469,0.9754295502791736,1.003677970197672,6552.51,6762.400144226256,6550.780019469371,6740.490475473823,0.9756871492408191,1.0069403814333469,0.9754295502791736,1.003677970197672,6665.507971101254,6879.017668819487,6663.748157073231,6856.730168042909
2025-10-06,0.9873061653225089,0.9893772900364395,0.9822603433673011,0.9825303357355704,6654.72,6668.679960486812,6620.709747191751,6622.52957135175,0.9873061653225089,0.9893772900364395,0.9822603433673011,0.9825303357355704,6651.46653606585,6665.41967158813,6617.472910723656,6619.291845179464
2025-10-07,0.9895332403020884,0.9949528022407682,0.9762427439965773,0.9833050381557241,6644.31,6680.70013639784,6555.069766411978,6602.490176150044,0.9895332403020884,0.9949528022407682,0.9762427439965773,0.9833050381557241,6637.425101030446,6673.7775296132395,6548.277339044784,6595.648611290749
2025-10-08,0.9877608192225914,0.9956172388147138,0.9790322674326558,0.9903090386907276,6671.06,6724.120058127709,6612.109805205277,6688.2699607863415,0.9877608192225914,0.9956172388147138,0.9790322674326558,0.9903090386907276,6655.614233722865,6708.551439821587,6596.800528621052,6672.784347613519
2025-10-09,0.9842556394773062,0.9961737850843932,0.9790471735763862,0.9931567853980385,6629.07,6709.340021659747,6593.990409226054,6689.020196902183,0.9842556394773062,0.9961737850843932,0.9790471735763862,0.9931567853980385,6673.803366415283,6754.615055049594,6638.487056435206,6734.158110882161
2025-10-10,1.0170163799826326,1.0192857573220777,1.0078214299376866,1.0092728209681052,6664.01,6678.880117710488,6603.759997880991,6613.27025212172,1.0170163799826326,1.0192857573220777,1.0078214299376866,1.0092728209681052,6691.992499107701,6706.925057159,6631.489504326537,6641.039692583091
2025-10-13,1.0120831530101941,1.0134686681038687,1.0053090018949906,1.0053090018949906,6735.129999999999,6744.350215004178,6690.049921090632,6690.049921090632,1.0120831530101941,1.0134686681038687,1.0053090018949906,1.0053090018949906,6710.181631800119,6719.367693147456,6665.268539186059,6665.268539186059
2025-10-14,1.0137019494876067,1.016231942571918,1.0116971796459124,1.013912641391424,6735.35,6752.16005835002,6722.0296876931325,6736.749902323452,1.0137019494876067,1.016231942571918,1.0116971796459124,1.013912641391424,6728.370764492538,6745.163404095779,6715.064254823487,6729.769216223519
2025-10-15,1.0042482004359126,1.0105965316266952,0.9976960240839303,1.0105350487055433,6699.4,6741.750098273581,6655.690038425345,6741.339942017602,1.0042482004359126,1.0105965316266952,0.9976960240839303,1.0105350487055433,6759.44653007886,6802.17621106878,6715.344797372099,6801.76237859404
2025-10-16,1.0164985435362728,1.0181714544945868,1.0107209902715564,1.0112504409570249,6738.44,6749.529843846431,6700.140194979466,6703.649960634984,1.0164985435362728,1.0181714544945868,1.0107209902715564,1.0112504409570249,6790.522295665182,6801.697854384209,6751.92646637657,6755.463359475915
2025-10-17,1.019159635114593,1.02147354550909,1.0162154442510187,1.0162154442510187,6791.69,6807.1099220080305,6772.069882643232,6772.069882643232,1.019159635114593,1.02147354550909,1.0162154442510187,1.0162154442510187,6821.598061251504,6837.085886825793,6801.891544239912,6801.891544239912
2025-10-20,1.0207909869594203,1.0211056993492444,1.0161555583731545,1.016381243622987,6875.160000000001,6877.279628858077,6843.939785865784,6845.4598053624895,1.0207909869594203,1.0211056993492444,1.0161555583731545,1.016381243622987,6852.673826837827,6854.786523153018,6821.55572278413,6823.070770844299
2025-10-21,1.0230930835071674,1.0261233146850293,1.0200998974292335,1.0241101201155605,6890.89,6911.299667563812,6870.729844149988,6897.740097520341,1.0230930835071674,1.0261233146850293,1.0200998974292335,1.0241101201155605,6883.749592424148,6904.1381112909285,6863.610326724692,6890.592591806479
2025-10-22,1.0285383765710363,1.0329790728534805,1.0227647717143185,1.0315775072430649,6890.59,6920.340000674607,6851.910311622904,6910.950352024188,1.0285383765710363,1.0329790728534805,1.0227647717143185,1.0315775072430649,6859.906324679056,6889.523849127171,6821.398876269754,6880.1760124160155
2025-10-23,1.012450953039576,1.0211191548173986,1.012206103730012,1.0181140081567797,6822.34,6880.75015758775,6820.6900976184625,6860.50015712397,1.012450953039576,1.0211191548173986,1.012206103730012,1.0181140081567797,6836.063056933964,6894.590705868979,6834.409835793126,6874.299972766649
2025-10-24,1.007142552148287,1.0128804061212708,1.0033231156093982,1.0128804061212708,6840.2,6879.169725449774,6814.259571053193,6879.169725449774,1.007142552148287,1.0128804061212708,1.0033231156093982,1.0128804061212708,6812.219789188871,6851.030106853297,6786.385470980123,6851.030106853297
2025-10-27,0.996626987590107,1.0010413733532584,0.9920670796500349,1.0010413733532584,6851.97,6882.319608423388,6820.619903326734,6882.319608423388,0.996626987590107,1.0010413733532584,0.9920670796500349,1.0010413733532584,6788.376521443779,6818.444453623332,6757.317386596166,6818.444453623332
2025-10-28,0.9826814823629458,0.9897430023775609,0.9819791284014697,0.9851441853422741,6771.55,6820.210157653511,6766.710156110404,6788.520215333224,0.9826814823629458,0.9897430023775609,0.9819791284014697,0.9851441853422741,6764.533253698686,6813.142989221187,6759.698424902637,6781.485884328899
2025-10-29,0.9863146697162362,0.9911748842844027,0.9814993816798645,0.9824659398717929,6796.29,6829.779745901263,6763.109824409457,6769.769980621178,0.9863146697162362,0.9911748842844027,0.9814993816798645,0.9824659398717929,6779.529698117545,6812.936855098784,6746.431348017,6753.075079645793
2025-10-30,0.9850461864990604,0.9962388789711203,0.9831685229805581,0.994906442846708,6720.32,6796.680353559833,6707.509941071181,6787.59002129081,0.9850461864990604,0.9962388789711203,0.9831685229805581,0.994906442846708,6794.526142536404,6871.729671314142,6781.574634233334,6862.538963096941
2025-10-31,0.9837139264933774,0.9839054499330103,0.9694804441233807,0.9789451141994272,6728.8,6730.110058631777,6631.440133892749,6696.180370146922,0.9837139264933774,0.9839054499330103,0.9694804441233807,0.9789451141994272,6809.522586955262,6810.848361810114,6710.994735433405,6776.511633105741
2025-11-03,0.9971482653893697,0.9984456511351907,0.9881187285414652,0.9902786627365561,6832.43,6841.319648208792,6770.559884404263,6785.359688711001,0.9971482653893697,0.9984456511351907,0.9881187285414652,0.9902786627365561,6824.519031374121,6833.398386652276,6762.72055244987,6777.50322071752
2025-11-04,1.011084611351906,1.0123428195466893,1.0052159775993228,1.0065111049640143,6846.61,6855.130019701383,6806.870253112695,6815.6402728190715,1.011084611351906,1.0123428195466893,1.0052159775993228,1.0065111049640143,6839.51547579298,6848.026666966667,6799.816907619853,6808.577839746084
2025-11-05,1.0080382090817197,1.010832415125246,1.0049041749350904,1.0105175173290724,6850.920000000001,6869.910234591557,6829.620195069606,6867.770097848401,1.0080382090817197,1.010832415125246,1.0049041749350904,1.0105175173290724,6793.704994300839,6812.536633203001,6772.583073283916,6810.414369670444
2025-11-06,1.002554937860102,1.016030422236178,1.0006547278869127,1.0157953754245974,6737.49,6828.049567162231,6724.719980912977,6826.46997737343,1.002554937860102,1.016030422236178,1.0006547278869127,1.0157953754245974,6747.894512808696,6838.593928516378,6735.1047733469995,6837.011899412315
2025-11-07,1.000789145167043,1.006763493658403,0.9878240179727547,0.9915795197032702,6734.109999999999,6774.310196128662,6646.8702521350715,6672.140272179365,1.000789145167043,1.006763493658403,0.9878240179727547,0.9915795197032702,6702.0840313165545,6742.093044019006,6615.259176798049,6640.409018100004
2025-11-10,0.9765793429277724,0.9885940788017844,0.9716747550839847,0.9826093653453402,6672.41,6754.499841827676,6638.89974687847,6713.609706066462,0.9765793429277724,0.9885940788017844,0.9716747550839847,0.9826093653453402,6656.273549824412,6738.164866884789,6622.84433736583,6697.373619177275
2025-11-11,0.9665104336306581,0.9737125467791524,0.9602299530508903,0.969996847757004,6617.32,6666.630059903612,6574.319998857756,6641.190117821581,0.9665104336306581,0.9737125467791524,0.9602299530508903,0.969996847757004,6610.46306833227,6659.722032669809,6567.507624211531,6634.308451704436
2025-11-12,0.9695281801568256,0.9764746694795003,0.9638851197590165,0.9671459727867087,6642.16,6689.749842630498,6603.499844659441,6625.8396878839185,0.9695281801568256,0.9764746694795003,0.9638851197590165,0.9671459727867087,6640.144280467438,6687.719680841901,6601.495857459472,6623.8289211335705
2025-11-13,0.9705038523248273,1.0048772377149895,0.9698047847037513,1.0000653681556937,6538.76,6770.350340332364,6534.050038893677,6737.930417295304,0.9705038523248273,1.0048772377149895,0.9698047847037513,1.0000653681556937,6669.825492602606,6906.057921348929,6665.021123172298,6872.988160547066
2025-11-14,0.9805289785881134,0.989002194541989,0.9684902222235179,0.97351688446318,6602.99,6660.049568287153,6521.919690377614,6555.769786832345,0.9805289785881134,0.989002194541989,0.9684902222235179,0.97351688446318,6699.506704737773,6757.400319646963,6617.251380578515,6651.596267993836
2025-11-17,1.0049022766886329,1.0064953866184358,0.9937488972388778,0.9946241197818473,6705.120000000001,6715.749882626717,6630.700079425661,6636.539923073596,1.0049022766886329,1.0064953866184358,0.9937488972388778,0.9946241197818473,6729.187916872941,6739.855955286792,6654.500867229759,6660.361672899473
2025-11-18,1.022450176204264,1.0240399466420635,1.0064467330916482,1.0120456470521664,6765.879999999999,6776.40001971346,6659.980095822026,6697.029901151242,1.022450176204264,1.0240399466420635,1.0064467330916482,1.0120456470521664,6758.869129008109,6769.37824777431,6653.078959346006,6690.090373304782
2025-11-19,1.025661832897732,1.0284967658868336,1.0213349653319834,1.0227922755585146,6812.61,6831.44007850289,6783.870253329487,6793.5499410237435,1.025661832897732,1.0284967658868336,1.0213349653319834,1.0227922755585146,6775.619753842603,6794.347591172289,6747.036054605283,6756.663184758371
2025-11-20,1.0474600688815616,1.0477307654007229,1.0429730033799471,1.0433966340980716,6849.09,6850.860019571631,6819.750155580663,6822.5201751751065,1.0474600688815616,1.0477307654007229,1.0429730033799471,1.0433966340980716,6792.3703786770975,6794.125740120446,6763.2735073921685,6766.020587521302
2025-11-21,1.0317492529899335,1.0364471277504346,1.0298274052172522,1.0316992637985705,6812.630000000001,6843.650020064842,6799.940058375464,6812.299921869322,1.0317492529899335,1.0364471277504346,1.0298274052172522,1.0316992637985705,6809.121003511591,6840.125046025695,6796.437598123515,6808.7910953949895
2025-11-24,1.0185306154103133,1.02183848866529,1.0151510851616128,1.0187677243245041,6829.37,6851.549687119409,6806.709844138833,6830.959843722719,1.0185306154103133,1.02183848866529,1.0151510851616128,1.0187677243245041,6825.871628346085,6848.039953833498,6803.2230802389195,6827.460657665102
2025-11-25,1.0123915883817034,1.0142686105329861,1.006584503740806,1.0073027936201446,6849.719999999999,6862.41970663292,6810.429962169846,6815.289825298664,1.0123915883817034,1.0142686105329861,1.006584503740806,1.0073027936201446,6842.62225318058,6855.30880025335,6803.372928071682,6808.227755362822
2025-11-26,1.0065334724870498,1.0079059417017058,1.002129873941514,1.0079059417017058,6857.12,6866.470097496457,6827.120000512698,6866.470097496457,1.0065334724870498,1.0079059417017058,1.002129873941514,1.0079059417017058,6850.006593517924,6859.346991454779,6820.037715287186,6859.346991454779
2025-11-28,1.003111362239363,1.0068169469481711,1.001343264075464,1.0025156512495828,6870.399999999999,6895.77988317325,6858.2901365466205,6866.319921817005,1.003111362239363,1.0068169469481711,1.001343264075464,1.0025156512495828,6857.390933855268,6882.722760353659,6845.304000364434,6853.318581278782
2025-12-01,1.004973116109344,1.0096350829259026,1.0021372326282036,1.0091844751101486,6846.51,6878.270254993492,6827.190175119879,6875.200430669652,1.004973116109344,1.0096350829259026,1.0021372326282036,1.0091844751101486,6864.7752741926115,6896.620259912544,6845.403907446811,6893.542245841957
2025-12-02,1.001631189992635,1.0052054811917293,1.0011802567514625,1.0016458469316614,6840.510000000001,6864.92015708636,6837.430410050735,6840.61009765968,1.001631189992635,1.0052054811917293,1.0011802567514625,1.0016458469316614,6872.159614529955,6896.682712327227,6869.065775959636,6872.26017532065
2025-12-03,1.0053958409978803,1.0074382231298016,0.9963458020484472,0.997630568833677,6886.68,6900.6697457366645,6824.68976720729,6833.490059951414,1.0053958409978803,1.0074382231298016,0.9963458020484472,0.997630568833677,6879.543954867299,6893.519204292682,6817.617956959758,6826.409130754519
2025-12-04,1.0063991879972933,1.0067579334964971,0.9965481419768796,1.0006095568821167,6901.0,6903.4599609375,6833.4501953125,6861.2998046875,1.0063991879972933,1.0067579334964971,0.9965481419768796,1.0006095568821167,6846.52820160036,6848.968745280034,6779.511589108611,6807.141372616725
2025-12-05,0.9937427224033536,1.0042864956550437,0.9900136649101703,1.0023943205702617,6827.41,6899.849939748412,6801.789883398834,6886.849940045926,0.9937427224033536,1.0042864956550437,0.9900136649101703,1.0023943205702617,6813.512448333421,6885.804932779547,6787.9444828253,6872.831395259283
2025-12-08,0.9956182054798722,1.002202593682768,0.9934244554135724,1.001998124195119,6816.51,6861.590079675008,6801.490468233577,6860.190177283124,0.9956182054798722,1.002202593682768,0.9934244554135724,1.001998124195119,6780.496695066482,6825.338605552894,6765.556515193839,6823.9460991909
2025-12-09,0.9941159358001085,0.996895005571434,0.988192469180437,0.9940955208833386,6800.26,6819.27025456145,6759.740467353471,6800.120351557687,0.9941159358001085,0.996895005571434,0.988192469180437,0.9940955208833386,6747.480941799543,6766.343651512428,6707.275894595013,6747.342377214798
2025-12-10,0.9760044027020277,0.9891935718616723,0.975859194855308,0.9878315392759861,6721.43,6812.259587468342,6720.430000026153,6802.879704901148,0.9760044027020277,0.9891935718616723,0.975859194855308,0.9878315392759861,6714.465188532604,6805.200657494559,6713.466224768505,6795.830494453369
2025-12-11,0.9817069989856543,0.9877017995390107,0.979350852602882,0.9821852330217252,6774.76,6816.130118618713,6758.500233812489,6778.060293082925,0.9817069989856543,0.9877017995390107,0.979350852602882,0.9821852330217252,6756.5455392320455,6797.8044311205795,6740.329488670374,6759.836959224428
2025-12-12,1.0010384611441234,1.0018469697193004,0.9949043806051636,0.9949043806051636,6834.5,6840.020019531249,6792.6201171875,6792.6201171875,1.0010384611441234,1.0018469697193004,0.9949043806051636,0.9949043806051636,6798.625889931487,6804.116935025946,6756.965833518238,6756.965833518238
2025-12-15,1.0090926295127565,1.009611890932551,1.0057551446084836,1.0071443784304588,6878.49,6882.029550660644,6855.740000775175,6865.209727015007,1.0090926295127565,1.009611890932551,1.0057551446084836,1.0071443784304588,6840.706240630929,6844.226348429777,6818.081207858967,6827.498916598223
2025-12-16,1.0161067370953463,1.0162670021063664,1.0100804998283768,1.0106099057093134,6909.79,6910.87984374384,6868.810019762917,6872.410117398816,1.0161067370953463,1.0162670021063664,1.0100804998283768,1.0106099057093134,6882.78659133037,6883.872175972849,6841.966760555662,6845.552789036389
2025-12-17,1.0313355937650173,1.0321196560374406,1.027297814720652,1.027297814720652,6932.05,6937.320019679734,6904.910350797832,6904.910350797832,1.0313355937650173,1.0321196560374406,1.027297814720652,1.027297814720652,6924.866942029812,6930.131500863641,6897.755415197435,6897.755415197435
2025-12-18,1.0229056084643589,1.0252422341542498,1.0216745915987406,1.0238030687694335,6929.94,6945.770078258845,6921.600156179485,6936.020078176408,1.0229056084643589,1.0252422341542498,1.0216745915987406,1.0238030687694335,6924.866942029812,6940.685431890392,6916.5332033864215,6930.942569289033
2025-12-19,1.0104235862169872,1.0125407456392435,1.0079390638417298,1.0101104489507475,6905.74,6920.209726071409,6888.759531826302,6903.599863353884,1.0104235862169872,1.0125407456392435,1.0079390638417298,1.0101104489507475,6924.866942029812,6939.376745140287,6907.839442773219,6922.720877811914
2025-12-22,1.002580508222008,1.005053400535133,1.0021778007328486,1.0031910647378304,6896.24,6913.249765046907,6893.469980562892,6900.439706888518,1.002580508222008,1.005053400535133,1.0021778007328486,1.0031910647378304,6924.866942029812,6941.947316214153,6922.085423981019,6929.084082297338
