,open_rel,high_rel,low_rel,close_rel,open,high,low,close,daisy_chained_open_rel,daisy_chained_high_rel,daisy_chained_low_rel,daisy_chained_close_rel,daisy_chained_open,daisy_chained_high,daisy_chained_low,daisy_chained_close
2022-12-20,1.0021600365075616,1.007881851400163,0.9933340683890923,0.9985690290251648,3829.874838718027,3851.741440947891,3796.145342437123,3816.15137270315,1.0021600365075616,1.007881851400163,0.9933340683890923,0.9985690290251648,3825.9062849734573,3847.750228816346,3792.211739526302,3812.19703934821
2022-12-21,1.0021600365075616,1.007881851400163,0.9933340683890923,0.9985690290251648,3886.817571992387,3909.0092877444486,3852.586584202991,3872.89006493236,1.0021600365075616,1.007881851400163,0.9933340683890923,0.9985690290251648,3827.559104423468,3849.4124850095905,3793.8500026866586,3813.8439363040125
2022-12-22,1.0021600365075616,1.007881851400163,0.9933340683890923,0.9985690290251648,3830.646501946138,3852.5175099734693,3796.9102096697825,3816.9202708554994,1.0021600365075616,1.007881851400163,0.9933340683890923,0.9985690290251648,3829.211923873478,3851.0747412028345,3795.488265847014,3815.4908332598143
2022-12-23,1.0021600365075616,1.007881851400163,0.9933340683890923,0.9985690290251648,3853.124951565003,3875.1242999003753,3819.19069282375,3839.3181741765343,1.0021600365075616,1.007881851400163,0.9933340683890923,0.9985690290251648,3830.8647433234887,3852.736997396079,3797.1265290073707,3817.1377302156166
2022-12-27,1.0021600365075616,1.007881851400163,0.9933340683890923,0.9985690290251648,3837.52131979658,3859.4315794740746,3803.7244813789316,3823.770454394612,1.0021600365075616,1.007881851400163,0.9933340683890923,0.9985690290251648,3832.517562773499,3854.399253589323,3798.7647921677262,3818.7846271714184
2022-12-28,1.0021600365075616,1.007881851400163,0.9933340683890923,0.9985690290251648,3791.3918933161367,3813.038777854125,3758.0013142109815,3777.8063219885835,1.0021600365075616,1.007881851400163,0.9933340683890923,0.9985690290251648,3834.1703822235095,3856.061509782568,3800.4030553280827,3820.4315241272207
2022-12-29,1.0021600365075616,1.007881851400163,0.9933340683890923,0.9985690290251648,3857.5945853278267,3879.61945295762,3823.6209627687654,3843.7717920459863,1.0021600365075616,1.007881851400163,0.9933340683890923,0.9985690290251648,3835.826771823872,3857.7273565098744,3802.044857196674,3822.081978440571
2022-12-30,1.0021600365075616,1.007881851400163,0.9933340683890923,0.9985690290251648,3847.7934601707825,3869.7623684509263,3813.90615557992,3834.0057869421203,1.0021600365075616,1.007881851400163,0.9933340683890923,0.9985690290251648,3837.4831614242353,3859.3932032371813,3803.6866590652658,3823.7324327539222
2023-01-03,1.0021600365075616,1.007881851400163,0.9933340683890923,0.9985690290251648,3832.4002820100263,3854.2813032134195,3798.648544289463,3818.667766656293,1.0021600365075616,1.007881851400163,0.9933340683890923,0.9985690290251648,3839.139551024598,3861.0590499644877,3805.328460933857,3825.382887067273
2023-01-04,1.0021600365075616,1.007881851400163,0.9933340683890923,0.9985690290251648,3861.2925558625393,3883.3385369892862,3827.286365481121,3847.4565117630887,1.0021600365075616,1.007881851400163,0.9933340683890923,0.9985690290251648,3840.795940624961,3862.724896691795,3806.970262802449,3827.0333413806243
2023-01-05,1.0021600365075616,1.007881851400163,0.9933340683890923,0.9985690290251648,3816.325635024445,3838.114878316961,3782.7154658325026,3802.6507194307296,1.0021600365075616,1.007881851400163,0.9933340683890923,0.9985690290251648,3842.4523302253237,3864.3907434191015,3808.61206467104,3828.683795693975
2023-01-06,1.0021600365075616,1.007881851400163,0.9933340683890923,0.9985690290251648,3903.493514999873,3925.7804417517473,3869.115663100986,3889.5062535753386,1.0021600365075616,1.007881851400163,0.9933340683890923,0.9985690290251648,3844.112297687694,3866.060188436155,3810.257412891606,3830.3378150488966
2023-01-09,1.0021600365075616,1.007881851400163,0.9933340683890923,0.9985690290251648,3900.4970564907153,3922.766875016061,3866.1455942365023,3886.520532178554,1.0021600365075616,1.007881851400163,0.9933340683890923,0.9985690290251648,3845.7722651500644,3867.7296334532084,3811.9027611121714,3831.991834403818
2023-01-10,1.0021600365075616,1.007881851400163,0.9933340683890923,0.9985690290251648,3927.715723082261,3950.140946100089,3893.12454753395,3913.641667006877,1.0021600365075616,1.007881851400163,0.9933340683890923,0.9985690290251648,3847.4322326124347,3869.3990784702623,3813.5481093327376,3833.6458537587396
2023-01-11,1.0021600365075616,1.007881851400163,0.9933340683890923,0.9985690290251648,3978.1845025207817,4000.8978761366016,3943.148851218025,3963.9296033085843,1.0021600365075616,1.007881851400163,0.9933340683890923,0.9985690290251648,3849.092200074805,3871.068523487316,3815.1934575533032,3835.2998731136613
2023-01-12,1.0021600365075616,1.007881851400163,0.9933340683890923,0.9985690290251648,3991.7737926158243,4014.5647540415875,3956.618461185381,3977.4701993421654,1.0021600365075616,1.007881851400163,0.9933340683890923,0.9985690290251648,3850.7521675371754,3872.7379685043697,3816.838805773869,3836.953892468583
2023-01-13,1.0021600365075616,1.007881851400163,0.9933340683890923,0.9985690290251648,4007.7281803970245,4030.610233115878,3972.4323395541355,3993.3674182842465,1.0021600365075616,1.007881851400163,0.9933340683890923,0.9985690290251648,3852.415720589866,3874.4110195836074,3818.487708006659,3838.6114845656957
2023-01-17,1.0021600365075616,1.007881851400163,0.9933340683890923,0.9985690290251648,3999.590640900583,4022.4262324825086,3964.3664669188156,3985.2590377685615,1.0021600365075616,1.007881851400163,0.9933340683890923,0.9985690290251648,3854.0792736425565,3876.0840706628455,3820.136610239449,3840.2690766628084
2023-01-18,1.0021600365075616,1.007881851400163,0.9933340683890923,0.9985690290251648,3937.3464810330984,3959.826690692045,3902.670487931169,3923.237915375809,1.0021600365075616,1.007881851400163,0.9933340683890923,0.9985690290251648,3855.7428266952465,3877.7571217420827,3821.785512472238,3841.9266687599206
2023-01-19,1.0021600365075616,1.007881851400163,0.9933340683890923,0.9985690290251648,3907.2716583375063,3929.580156331526,3872.8605325388125,3893.2708588147634,1.0021600365075616,1.007881851400163,0.9933340683890923,0.9985690290251648,3857.406379747937,3879.430172821321,3823.4344147050283,3843.5842608570333
2023-01-20,1.0021600365075616,1.007881851400163,0.9933340683890923,0.9985690290251648,3981.1909826303045,4003.921521690802,3946.128853423192,3966.92531039566,1.0021600365075616,1.007881851400163,0.9933340683890923,0.9985690290251648,3859.0699328006276,3881.103223900559,3825.0833169378184,3845.2418529541455
2023-01-23,1.0021600365075616,1.007881851400163,0.9933340683890923,0.9985690290251648,4028.492936353461,4051.4935450768894,3993.014221451157,4014.0577685656476,1.0021600365075616,1.007881851400163,0.9933340683890923,0.9985690290251648,3860.737079188644,3882.779888831207,3826.7357808596284,3846.9030255107027
2023-01-24,1.0021600365075616,1.007881851400163,0.9933340683890923,0.9985690290251648,4025.6267586490494,4048.6110029818847,3990.1732860155644,4011.2018611426356,1.0021600365075616,1.007881851400163,0.9933340683890923,0.9985690290251648,3862.404225576661,3884.456553761855,3828.3882447814385,3848.56419806726
2023-01-25,1.0021600365075616,1.007881851400163,0.9933340683890923,0.9985690290251648,4024.8951818223986,4047.875249230363,3989.44815214564,4010.472905751447,1.0021600365075616,1.007881851400163,0.9933340683890923,0.9985690290251648,3864.071371964677,3886.133218692503,3830.040708703248,3850.225370623816
2023-01-26,1.0021600365075616,1.007881851400163,0.9933340683890923,0.9985690290251648,4069.2006770363982,4092.433705880764,4033.363451309122,4054.6196425246494,1.0021600365075616,1.007881851400163,0.9933340683890923,0.9985690290251648,3865.7385183526935,3887.8098836231507,3831.6931726250587,3851.8865431803733
2023-01-27,1.0021600365075616,1.007881851400163,0.9933340683890923,0.9985690290251648,4079.35255820622,4102.643549035448,4043.4259254219037,4064.7351467886747,1.0021600365075616,1.007881851400163,0.9933340683890923,0.9985690290251648,3867.40566474071,3889.486548553799,3833.3456365468687,3853.5477157369305
2023-01-30,1.0021600365075616,1.007881851400163,0.9933340683890923,0.9985690290251648,4026.4485298789855,4049.4374661000334,3990.9878199516434,4012.020687746436,1.0021600365075616,1.007881851400163,0.9933340683890923,0.9985690290251648,3869.0764122257883,3891.1668351419085,3835.001669851077,3855.212476486855
2023-01-31,1.0021600365075616,1.007881851400163,0.9933340683890923,0.9985690290251648,4085.4056048267253,4108.731155417905,4049.425663194974,4070.7665037239867,1.0021600365075616,1.007881851400163,0.9933340683890923,0.9985690290251648,3870.7471597108665,3892.8471217300175,3836.657703155286,3856.8772372367794
2023-02-01,1.0021600365075616,1.007881851400163,0.9933340683890923,0.9985690290251648,4128.107643982313,4151.677001106065,4091.751627849033,4113.315530050749,1.0021600365075616,1.007881851400163,0.9933340683890923,0.9985690290251648,3872.4179071959443,3894.5274083181266,3838.3137364594945,3858.541997986704
2023-02-02,1.0021600365075616,1.007881851400163,0.9933340683890923,0.9985690290251648,4188.788434192846,4212.704247208346,4151.898005689993,4173.778884758223,1.0021600365075616,1.007881851400163,0.9933340683890923,0.9985690290251648,3874.0886546810225,3896.2076949062357,3839.969769763703,3860.206758736628
2023-02-03,1.0021600365075616,1.007881851400163,0.9933340683890923,0.9985690290251648,4145.414947812797,4169.083120679746,4108.906507210112,4130.560817182013,1.0021600365075616,1.007881851400163,0.9933340683890923,0.9985690290251648,3875.7594021661007,3897.8879814943452,3841.625803067912,3861.8715194865526
2023-02-06,1.0021600365075616,1.007881851400163,0.9933340683890923,0.9985690290251648,4119.960082885506,4143.482921654182,4083.6758218730297,4105.197163844774,1.0021600365075616,1.007881851400163,0.9933340683890923,0.9985690290251648,3877.4337585267413,3899.5718975628274,3843.2854134645154,3863.539876180473
2023-02-07,1.0021600365075616,1.007881851400163,0.9933340683890923,0.9985690290251648,4172.9943920174865,4196.820029230279,4136.243060772181,4158.041436860786,1.0021600365075616,1.007881851400163,0.9933340683890923,0.9985690290251648,3879.1081148873823,3901.2558136313105,3844.945023861119,3865.208232874394
2023-02-08,1.0021600365075616,1.007881851400163,0.9933340683890923,0.9985690290251648,4126.754727933027,4150.3163606066755,4090.4106268567075,4111.9674618615645,1.0021600365075616,1.007881851400163,0.9933340683890923,0.9985690290251648,3880.782471248023,3902.9397296997927,3846.604634257722,3866.8765895683146
2023-02-09,1.0021600365075616,1.007881851400163,0.9933340683890923,0.9985690290251648,4090.3161890056126,4113.669776489765,4054.29300013008,4075.6594919662098,1.0021600365075616,1.007881851400163,0.9933340683890923,0.9985690290251648,3882.456827608664,3904.6236457682758,3848.264244654326,3868.5449462622355
2023-02-10,1.0021600365075616,1.007881851400163,0.9933340683890923,0.9985690290251648,4099.29554293272,4122.700397878311,4063.1932733828467,4084.6066704662753,1.0021600365075616,1.007881851400163,0.9933340683890923,0.9985690290251648,3884.1311839693044,3906.3075618367584,3849.923855050929,3870.213302956156
2023-02-13,1.0021600365075616,1.007881851400163,0.9933340683890923,0.9985690290251648,4146.226697442369,4169.89950497938,4109.711107805508,4131.369658095524,1.0021600365075616,1.007881851400163,0.9933340683890923,0.9985690290251648,3885.809157000811,3907.995115225425,3851.5870502665775,3871.8852633614433
2023-02-14,1.0021600365075616,1.007881851400163,0.9933340683890923,0.9985690290251648,4145.064191800021,4168.730362031756,4108.558840286177,4130.211318021855,1.0021600365075616,1.007881851400163,0.9933340683890923,0.9985690290251648,3887.487130032317,3909.6826686140907,3853.2502454822256,3873.55722376673
2023-02-15,1.0021600365075616,1.007881851400163,0.9933340683890923,0.9985690290251648,4156.558967418763,4180.290766867317,4119.9523820506,4141.664904784774,1.0021600365075616,1.007881851400163,0.9933340683890923,0.9985690290251648,3889.1651030638236,3911.3702220027567,3854.913440697874,3875.2291841720175
2023-02-16,1.0021600365075616,1.007881851400163,0.9933340683890923,0.9985690290251648,4099.245434930895,4122.65000378574,4063.143606679427,4084.556742014824,1.0021600365075616,1.007881851400163,0.9933340683890923,0.9985690290251648,3890.8430760953297,3913.0577753914226,3856.5766359135223,3876.9011445773044
2023-02-17,1.0021600365075616,1.007881851400163,0.9933340683890923,0.9985690290251648,4087.9009833176297,4111.240781227892,4051.8990650252626,4073.2529406062595,1.0021600365075616,1.007881851400163,0.9933340683890923,0.9985690290251648,3892.5210491268363,3914.745328780089,3858.239831129171,3878.5731049825918
2023-02-21,1.0021600365075616,1.007881851400163,0.9933340683890923,0.9985690290251648,4005.974400333136,4028.846439875928,3970.6940049344544,3991.6199224834522,1.0021600365075616,1.007881851400163,0.9933340683890923,0.9985690290251648,3892.981612127796,3915.208521357306,3858.696337977206,3879.0320176631208
2023-02-22,1.0021600365075616,1.007881851400163,0.9933340683890923,0.9985690290251648,3999.670813703504,4022.506863030621,3964.445933644287,3985.338923290884,1.0021600365075616,1.007881851400163,0.9933340683890923,0.9985690290251648,3893.4421751287555,3915.671713934523,3859.152844825241,3879.4909303436502
2023-02-23,1.0021600365075616,1.007881851400163,0.9933340683890923,0.9985690290251648,4020.9867576800198,4043.9445100099024,3985.574149278923,4006.5784865382493,1.0021600365075616,1.007881851400163,0.9933340683890923,0.9985690290251648,3893.9027381297146,3916.1349065117392,3859.609351673276,3879.9498430241792
2023-02-24,1.0021600365075616,1.007881851400163,0.9933340683890923,0.9985690290251648,3978.6154313364796,4001.3312653327034,3943.575984867432,3964.358987991065,1.0021600365075616,1.007881851400163,0.9933340683890923,0.9985690290251648,3894.3633011306742,3916.5980990889557,3860.0658585213105,3880.4087557047087
2023-02-27,1.000591599884942,1.0054868175637983,0.9920440450622185,0.9974389249602233,3984.595892725811,4004.08982437526,3950.557478008569,3972.0411845336,1.000591599884942,1.0054868175637983,0.9920440450622185,0.9974389249602233,3894.823864131634,3913.8786019866398,3861.5523270656176,3882.5520106261124
2023-02-28,0.9898050665292291,0.9907805635583662,0.9821574822379693,0.987394231013385,3929.6745848810187,3933.5474544112476,3899.312528107074,3920.1032062577906,0.9898050665292291,0.9907805635583662,0.9821574822379693,0.987394231013385,3891.1881878855756,3895.023127355431,3861.1234906373015,3881.710549308636
2023-03-01,0.9926179289254693,0.994852991308,0.9847676292373284,0.98980511968526,3922.22055817681,3931.052161324518,3891.200962492087,3911.106051873139,0.9926179289254693,0.994852991308,0.9847676292373284,0.98980511968526,3887.5525116395174,3896.3060532849763,3856.807094515336,3876.536245150783
2023-03-02,0.9901814102563409,0.9911011173379682,0.9825676814033135,0.9878798896590149,3942.2587577240824,3945.9204335135196,3911.9458383550823,3933.095598693919,0.9901814102563409,0.9911011173379682,0.9825676814033135,0.9878798896590149,3883.9168353934597,3887.5243216388726,3854.0525202628223,3874.8892829648144
2023-03-03,0.9915760397347955,0.9930621101510786,0.9842078820182427,0.9895194942274963,4011.5596893926777,4017.5717953116095,3981.7507758082834,4003.239646626528,0.9915760397347955,0.9930621101510786,0.9842078820182427,0.9895194942274963,3880.2811591474015,3886.0965185413334,3851.4477440390524,3872.233390277314
2023-03-06,0.9953326820764092,0.9985656454217695,0.987442149253045,0.9926816398421203,4029.5247367717766,4042.6131302384,3997.5805458790123,4018.7922043696367,0.9953326820764092,0.9985656454217695,0.987442149253045,0.9926816398421203,3876.6454829013433,3889.2373056907154,3845.9132473601903,3866.3201403424137
2023-03-07,1.0130296587380914,1.0229935361993574,1.0034644738151177,1.0085841590681945,4038.3110407037652,4078.0307428990322,4000.1806744823707,4020.5896341846787,1.0130296587380914,1.0229935361993574,1.0034644738151177,1.0085841590681945,3877.298632716015,3915.4346617294605,3840.688570904281,3860.28380038297
2023-03-08,1.0095407604608087,1.0175894214761518,1.0005488530112847,1.005763428858844,4030.0968111671527,4062.227146427013,3994.201026709579,4015.017665638794,1.0095407604608087,1.0175894214761518,1.0005488530112847,1.005763428858844,3877.951782530687,3908.869126885548,3843.411142976603,3863.441907949336
2023-03-09,1.001970970574334,1.0069724037301802,0.9939305320693597,0.9990862781325256,3926.042893420825,3945.6401089840397,3894.5378824180134,3914.739745332238,1.001970970574334,1.0069724037301802,0.9939305320693597,0.9990862781325256,3878.6049323453594,3897.965356825463,3847.4805930586263,3867.438358999742
2023-03-10,0.9997067093286065,1.0038126423013471,0.9920576945258721,0.9972882444182312,3860.4574316762537,3876.312861384459,3830.9200726041627,3851.1183117629976,0.9997067093286065,1.0038126423013471,0.9920576945258721,0.9972882444182312,3879.2580821600313,3895.1907287259514,3849.5768744446236,3869.873480193826
2023-03-13,1.0008424162301568,1.0053602172982954,0.9932397738410577,0.99835004156026,3859.0081548035896,3876.4277114500755,3829.6941903853967,3849.398156246388,1.0008424162301568,1.0053602172982954,0.9932397738410577,0.99835004156026,3879.9112319747032,3897.4251450781494,3850.438482698888,3870.24917896895
2023-03-14,0.9984900593194512,1.0020887567651533,0.9914990797950372,0.9967088872710144,3913.372104590132,3927.4764435020975,3885.972428449891,3906.391174792414,0.9984900593194512,1.0020887567651533,0.9914990797950372,0.9967088872710144,3874.9611144903342,3888.927014836318,3847.830374873591,3868.0487047357356
2023-03-15,0.9936836599740533,0.9956006719720625,0.9873209730102166,0.9926662618437683,3867.347246762817,3874.808123268229,3842.584114487652,3863.387604457617,0.9936836599740533,0.9956006719720625,0.9873209730102166,0.9926662618437683,3870.0109970059657,3877.477012411595,3845.2308083881944,3866.0486273795605
2023-03-16,0.991835439148858,0.9933601333749555,0.9854657784415826,0.9907330447951233,3927.9460529524395,3933.984269002169,3902.7204130466307,3923.580262641231,0.991835439148858,0.9933601333749555,0.9854657784415826,0.9907330447951233,3865.0608795215967,3871.0024256429765,3840.239094128807,3860.7649841318516
2023-03-17,0.9870735048684625,0.986739011014726,0.9808454051925286,0.9859854156294738,3866.0115721080147,3864.7014801007167,3841.618347793265,3861.749918271022,0.9870735048684625,0.986739011014726,0.9808454051925286,0.9859854156294738,3860.110762037228,3858.8026696628763,3835.7547698365092,3855.8556128910286
2023-03-20,0.99362083667846,0.9958530380380415,0.9866926804496392,0.9918762618819152,3926.3622895935023,3935.182989519984,3898.985195284381,3919.46848016472,0.99362083667846,0.9958530380380415,0.9866926804496392,0.9918762618819152,3855.160644552859,3863.8213876799286,3828.280013383782,3848.391849204725
2023-03-21,0.999193870964959,1.0038455440652632,0.9915698305083855,0.996972220591632,3999.6431702695054,4018.26321297252,3969.125127447101,3990.750192639626,0.999193870964959,1.0038455440652632,0.9915698305083855,0.996972220591632,3845.7851854913565,3863.6889537356733,3816.4411085374404,3837.2343022830446
2023-03-22,1.0081890463265923,1.016135425771501,0.9996884003593072,1.0052391464033996,3969.210029716404,4000.494687199626,3935.7432415625813,3957.596362215792,1.0081890463265923,1.016135425771501,0.9996884003593072,1.0052391464033996,3836.409726429854,3866.647673869797,3804.0626572084084,3825.1846245518227
2023-03-23,1.0001843809518365,1.004887433255937,0.9926320448829278,0.9978614026823913,3949.4480687521354,3968.0191054463835,3919.626008270114,3940.275278000012,1.0001843809518365,1.004887433255937,0.9926320448829278,0.9978614026823913,3827.0342673683517,3845.029691683906,3798.1365466232132,3818.1457887949728
2023-03-24,0.9986509918603448,1.0029138042581343,0.9912498727752312,0.9963251525679504,3965.6331021675105,3982.560687571008,3936.2433322917154,3956.397217595805,0.9986509918603448,1.0029138042581343,0.9912498727752312,0.9963251525679504,3817.658808306849,3833.954754970122,3789.365693197659,3808.767553069847
2023-03-27,0.9878403782281426,0.9879020168435835,0.9815963641120538,0.9868745977202331,3929.164739613784,3929.409909055859,3904.3289861466174,3925.323318670159,0.9878403782281426,0.9879020168435835,0.9815963641120538,0.9868745977202331,3808.2833492453465,3808.5209760097787,3784.211671760968,3804.5601102399773
2023-03-28,0.9972988008889703,1.00080523034456,0.9899486437751397,0.9952362949171936,3960.542809006341,3974.467787110441,3931.353350564899,3952.352040915803,0.9972988008889703,1.00080523034456,0.9899486437751397,0.9952362949171936,3799.8469604743113,3813.2069437582213,3771.841840902221,3791.988526230903
2023-03-29,0.9958523153695611,0.9989980175149702,0.9885870352698907,0.9937346154967224,4011.1039143686717,4023.774204926972,3981.840746530418,4002.5742216438534,0.9958523153695611,0.9989980175149702,0.9885870352698907,0.9937346154967224,3791.410571703276,3803.3868940810653,3763.7501853677245,3783.348061267082
2023-03-30,0.9857004522714166,0.9850986911905073,0.9792257085754021,0.9844149524489318,3992.904963074622,3990.4673312352425,3966.676877068496,3987.6976218287064,0.9857004522714166,0.9850986911905073,0.9792257085754021,0.9844149524489318,3782.9741829322406,3780.6647119077247,3758.125063520067,3778.040622610322
2023-03-31,0.9883271097573785,0.9888219549310469,0.9817447200728997,0.9869355136671936,4061.3424753970935,4063.3759476177006,4034.293395642768,4055.6239756677355,0.9883271097573785,0.9888219549310469,0.9817447200728997,0.9869355136671936,3774.5377941612055,3776.427666240833,3749.3988716378103,3769.223124569779
2023-04-03,0.9889236330422906,0.9896918251168989,0.9819991723014458,0.9875590974608337,4078.825413719258,4081.9938296129008,4050.2654061490366,4073.1973730681834,0.9889236330422906,0.9896918251168989,0.9819991723014458,0.9875590974608337,3766.1014053901704,3769.0268984769236,3739.731096848308,3760.9048672558556
2023-04-04,1.0088089346322564,1.0173564865243696,0.9998388424827203,1.0051319772520935,4136.721917353031,4171.77200864183,4099.939157484643,4121.644185919935,1.0088089346322564,1.0173564865243696,0.9998388424827203,1.0051319772520935,3766.4097202051353,3798.3221878937256,3732.919689433883,3752.6817212332844
2023-04-05,1.0093781589898614,1.0181460096490644,1.000244392485772,1.0056852275648986,4128.74023396895,4164.60407494834,4091.3796581359525,4113.63474112691,1.0093781589898614,1.0181460096490644,1.000244392485772,1.0056852275648986,3766.7180350201,3799.4372105959164,3732.6333634703947,3752.9370439449413
2023-04-06,1.012609922829583,1.0224407627237104,1.0031941071464165,1.0087630922118103,4156.783985413896,4197.139779796086,4118.131873718184,4140.992668791326,1.012609922829583,1.0224407627237104,1.0031941071464165,1.0087630922118103,3767.0263498350655,3803.5982143677616,3731.998423499361,3752.715693802771
2023-04-10,1.01164480442138,1.020494671071794,1.002583636374627,1.007906811884967,4156.959782295936,4193.324857847819,4119.726446063343,4141.599959784637,1.01164480442138,1.020494671071794,1.002583636374627,1.007906811884967,3767.3346646500304,3800.2913004810266,3733.591148807752,3753.414493462391
2023-04-11,1.0004093288812188,1.0048039867532514,0.9927359953834161,0.9978788072386657,4110.621907813194,4128.679293329905,4079.0926408707332,4100.224146215242,1.0004093288812188,1.0048039867532514,0.9927359953834161,0.9978788072386657,3767.6429794649953,3784.1937066530663,3738.744427394893,3758.112778350606
2023-04-12,0.9931956171426324,0.9948637201440595,0.9864853158904656,0.9915465289870178,4064.1068055667943,4070.932599643484,4036.648588357991,4057.358819288427,0.9931956171426324,0.9948637201440595,0.9864853158904656,0.9915465289870178,3775.8182529580813,3782.159857423396,3750.307792064515,3769.5489369731595
2023-04-13,0.9985193848046807,1.0022502853524946,0.991630210013543,0.9969343120375549,4140.0810436648635,4155.55017813422,4111.517009362353,4133.508983256351,0.9985193848046807,1.0022502853524946,0.991630210013543,0.9969343120375549,3783.9935264511673,3798.132163853307,3757.8862788514075,3777.9867276037603
2023-04-14,0.9986624359521417,1.0025193407190107,0.991800321669732,0.997185843638507,4132.10564149302,4148.064124932608,4103.71268295355,4125.996034072433,0.9986624359521417,1.0025193407190107,0.991800321669732,0.997185843638507,3792.1687999442534,3806.8144233248227,3766.111651155438,3786.5618129380146
2023-04-17,0.9936600565347222,0.9957480146539472,0.9869879618598565,0.9922522479811584,4125.000865893723,4133.668648193224,4097.302865828059,4119.156602089142,0.9936600565347222,0.9957480146539472,0.9869879618598565,0.9922522479811584,3800.3440734373394,3808.3296608742085,3774.826035061654,3794.9597804310083
2023-04-18,1.0108493208322076,1.0195225193155073,1.0027440920783623,1.0083373958388244,4199.947517646114,4235.9835298284215,4166.2713458536255,4189.510795848856,1.0108493208322076,1.0195225193155073,1.0027440920783623,1.0083373958388244,3808.5193469304254,3841.196862305536,3777.981738719043,3799.055310364163
2023-04-19,1.014783346596673,1.0249917223108076,1.0063917771293267,1.0120648319044983,4215.93770910281,4258.348610174697,4181.074765919331,4204.643585443877,1.014783346596673,1.0249917223108076,1.0063917771293267,1.0120648319044983,3805.5395554025886,3843.8219904729294,3774.070326382429,3795.344852042793
2023-04-20,1.0074590086373834,1.0150003149163984,0.9995376006080254,1.0049730712691223,4160.594139280579,4191.738150538593,4127.880387615018,4150.327739996508,1.0074590086373834,1.0150003149163984,0.9995376006080254,1.0049730712691223,3802.5597638747513,3831.0237188126544,3772.6611504448997,3793.176825878249
2023-04-21,1.0082754730615167,1.0161374523294233,1.0004685655547723,1.0060031587401306,4167.7268334092405,4200.224481952719,4135.456825091963,4158.334176715505,1.0082754730615167,1.0161374523294233,1.0004685655547723,1.0060031587401306,3799.5799723469145,3829.207013535015,3770.1604632929825,3791.0169950484587
2023-04-24,1.0082375645074395,1.0159747316491865,1.000541104407464,1.0060087615767395,4171.119133869857,4203.12810382195,4139.278570577854,4161.898486993434,1.0082375645074395,1.0159747316491865,1.000541104407464,1.0060087615767395,3796.600180819077,3825.7351101288527,3767.618537170926,3788.207442929134
2023-04-25,0.996087992135003,0.9990358068597578,0.989839507670556,0.9952992374220764,4055.7017514166423,4067.704162284396,4030.260234616666,4052.490234064849,0.996087992135003,0.9990358068597578,0.989839507670556,0.9952992374220764,3793.6203892912404,3804.8471987016355,3769.8229153193997,3790.616401707077
2023-04-26,1.0001098751458672,1.0046040727746748,0.993483556838189,0.9990365678587829,4056.4356524928858,4074.6640731333528,4029.559371700126,4052.0823288695447,1.0001098751458672,1.0046040727746748,0.993483556838189,0.9990365678587829,3796.8457910938846,3813.9076917663415,3771.689446373974,3792.7710565504203
2023-04-27,1.0064750551614312,1.0133907510888838,0.9993971124602898,1.0050232583800232,4162.126619361825,4190.725442515416,4132.85684901266,4156.1229315418295,1.0064750551614312,1.0133907510888838,0.9993971124602898,1.0050232583800232,3800.071192896529,3826.1822591747978,3773.347543834739,3794.589754386278
2023-04-28,0.9964177250299004,0.9994969083917402,0.9903777972175225,0.9959247285643493,4154.543776157669,4167.382369601192,4129.360417942516,4152.488237254483,0.9964177250299004,0.9994969083917402,0.9903777972175225,0.9959247285643493,3803.296594699173,3815.0497453109692,3780.242371250512,3801.4148419648236
2023-05-01,1.0063112615975884,1.013182373250749,0.9994199410392388,1.0050988370695983,4194.174517874741,4222.812418000599,4165.452389659212,4189.121290057266,1.0063112615975884,1.013182373250749,0.9994199410392388,1.0050988370695983,3806.5219965018173,3832.512998139475,3780.454551674997,3801.935820423885
2023-05-02,1.0042510866555718,1.0105998232019209,0.9975364342643365,1.0032388145247375,4137.0926915645605,4163.246819666169,4109.4311438666755,4132.922555539818,1.0042510866555718,1.0105998232019209,0.9975364342643365,1.0032388145247375,3809.7473983044615,3833.832094712929,3784.274556086068,3805.907222109417
2023-05-03,1.0065352558526544,1.0138116790902876,0.9993997946693047,1.0049907142439758,4117.484097879245,4147.250126238594,4088.2947100434585,4111.165764293544,1.0065352558526544,1.0138116790902876,0.9993997946693047,1.0049907142439758,3804.1513358305447,3831.6522256588523,3777.183205271211,3798.313815495578
2023-05-04,1.0057096123132256,1.0126445009362959,0.9987704888297662,1.0043882304945861,4084.407991718718,4112.572100092503,4056.2266846452226,4079.041569449223,1.0057096123132256,1.0126445009362959,0.9987704888297662,1.0043882304945861,3798.555273356628,3824.748279197264,3772.3462724901246,3793.564427277544
2023-05-05,1.0093849539193658,1.0175873949182295,1.002079142661248,1.0079186136046325,4175.068515648977,4208.995862230527,4144.8498538325875,4169.003365522161,1.0093849539193658,1.0175873949182295,1.002079142661248,1.0079186136046325,3792.9592108827105,3823.781469543847,3765.506211908583,3787.4491535141515
2023-05-08,1.0040233969125298,1.0100333406579756,0.9974711075736626,1.0032162839690124,4154.769299231678,4179.6391676435815,4127.6551396727245,4151.429369017849,1.0040233969125298,1.0100333406579756,0.9974711075736626,1.0032162839690124,3787.3631484087937,3810.033774945492,3762.6466933380766,3784.3185681447467
2023-05-09,0.9926555990609673,0.9943657829416059,0.9872074857665643,0.9926171476164733,4088.917163983965,4095.961702119575,4066.4754591450587,4088.7587759473486,0.9926555990609673,0.9943657829416059,0.9872074857665643,0.9926171476164733,3781.767085934877,3788.2824545247618,3761.011150485857,3781.620595644255
2023-05-10,0.9892851948174981,0.9898081733835005,0.9841566220237359,0.9895893508711731,4093.3059934846733,4095.4698905185073,4072.085805550291,4094.564481738601,0.9892851948174981,0.9898081733835005,0.9841566220237359,0.9895893508711731,3778.3671414007426,3780.364548255501,3758.7796341503104,3779.528801602557
2023-05-11,0.9911273359689263,0.9922857000482344,0.9857610598517998,0.9913377935210144,4093.9703964999662,4098.755158333238,4071.8043490450414,4094.8397166737723,0.9911273359689263,0.9922857000482344,0.9857610598517998,0.9913377935210144,3774.9671968666084,3779.3791288583147,3754.5283333862894,3775.7687793945374
2023-05-12,0.9889627336892632,0.9893294288766645,0.9837293163253411,0.9892565185347473,4078.561430753217,4080.0737110416744,4056.978398871013,4079.7730229587805,0.9889627336892632,0.9893294288766645,0.9837293163253411,0.9892565185347473,3771.567252332474,3772.9657029649165,3751.608779808514,3772.6876477373903
2023-05-15,0.9906158089074639,0.9915718748224043,0.9851136342002496,0.9906251603880798,4097.464358067765,4101.418914390414,4074.705822869808,4097.503038410006,0.9906158089074639,0.9915718748224043,0.9851136342002496,0.9906251603880798,3768.1673077983396,3771.804052025904,3747.2377863157517,3768.202879554029
2023-05-16,0.9955048202905206,0.9984178259027265,0.989583148093377,0.9950515205183899,4091.42526091201,4103.397422677615,4067.0877803489698,4089.56224417853,0.9955048202905206,0.9984178259027265,0.989583148093377,0.9950515205183899,3764.7673632642054,3775.7836720095897,3742.3729782553523,3763.0530891058997
2023-05-17,1.0010406612786797,1.0060755922448896,0.994650138945733,1.0002628738203918,4163.097870905935,4184.03699076028,4136.5211583433465,4159.863231758031,1.0010406612786797,1.0060755922448896,0.994650138945733,1.0002628738203918,3757.1429334339796,3776.0402230564214,3733.15778802189,3754.22371270134
2023-05-18,0.9914512276086358,0.9929361059320234,0.9859544173194512,0.9913288528242981,4162.161826062434,4168.395419507931,4139.085941627923,4161.648090599045,0.9914512276086358,0.9929361059320234,0.9859544173194512,0.9913288528242981,3749.518503603754,3755.1340887118295,3728.7303989384254,3749.0557006887225
2023-05-19,0.9885993837747125,0.9888143255365156,0.98327846679226,0.9886963540831482,4144.188844795919,4145.089876362562,4121.883667223818,4144.595342389475,0.9885993837747125,0.9888143255365156,0.98327846679226,0.9886963540831482,3741.8940737735284,3742.7076382141886,3721.7541586062166,3742.2611108447854
2023-05-22,0.9930054783257989,0.9948677732599043,0.987416400046502,0.9929506952086364,4163.304558593094,4171.1124722026725,4139.871621326965,4163.074873252585,0.9930054783257989,0.9948677732599043,0.987416400046502,0.9929506952086364,3734.269643943303,3741.272940090494,3713.2515067713007,3734.0636280291055
2023-05-23,0.9898739694985894,0.990439624990251,0.9843928352309808,0.9897599393645202,4103.601730473963,4105.946700567085,4080.879249876849,4103.129009430768,0.9898739694985894,0.990439624990251,0.9843928352309808,0.9897599393645202,3726.645214113077,3728.774775446936,3706.010018708715,3726.215917185905
2023-05-24,0.9909102558526544,0.991901011670854,0.9855094686462029,0.9910506183424865,4077.833521295077,4081.910719268365,4055.6079857515997,4078.411146627734,0.9909102558526544,0.991901011670854,0.9855094686462029,0.9910506183424865,3716.3248875951604,3720.0406332774332,3696.069693152077,3716.851305210849
2023-05-25,0.9938842892083672,0.9959490015161299,0.9882559910728081,0.9938633615294372,4125.891972104911,4134.463171013879,4102.527330620726,4125.805095449922,0.9938842892083672,0.9959490015161299,0.9882559910728081,0.9938633615294372,3706.004561077244,3713.703478660472,3685.0177130226293,3705.9265257622587
2023-05-26,0.9921273826989678,0.9935074760568403,0.9867942467643365,0.9923473769942199,4172.342101571374,4178.146015183239,4149.9138650550785,4173.267276580342,0.9921273826989678,0.9935074760568403,0.9867942467643365,0.9923473769942199,3695.6842345593273,3700.825095857838,3675.8182508781174,3696.5037154675597
2023-05-30,0.9882828831109551,0.988360972608354,0.9832661286307915,0.9887505943098938,4156.243430580785,4156.571837523885,4135.145369279367,4158.210399382145,0.9882828831109551,0.988360972608354,0.9832661286307915,0.9887505943098938,3685.363908041411,3685.655108284002,3666.656141052165,3687.1080300953413
2023-05-31,0.98615332836242,0.9854834987771772,0.9811072483970269,0.986496465853778,4121.953266489094,4119.153492693808,4100.861510067345,4123.387522869597,0.98615332836242,0.9854834987771772,0.9811072483970269,0.986496465853778,3675.043581523494,3672.547364305378,3656.2386317704304,3676.322333213446
2023-06-01,0.9819404720696954,0.9796671583307051,0.9771005645705804,0.9824561054030334,4144.790371415626,4135.194668657073,4124.361025063711,4146.966870028313,0.9819404720696954,0.9796671583307051,0.9771005645705804,0.9824561054030334,3664.5240015978807,3656.040174933589,3646.461850479252,3666.448304322728
2023-06-02,0.9903903841409234,0.9913797094476484,0.9847475424720391,0.990204232386676,4241.218069333566,4245.454726347326,4217.053333455986,4240.42089864573,0.9903903841409234,0.9913797094476484,0.9847475424720391,0.990204232386676,3654.0044216722667,3657.654496534798,3633.185390369994,3653.317622462567
2023-06-05,0.994502389374688,0.9969581081521772,0.9884526864005669,0.9940550500670349,4250.294366685648,4260.7895930396935,4224.439206611879,4248.382532425993,0.994502389374688,0.9969581081521772,0.9884526864005669,0.9940550500670349,3643.4848417466533,3652.4816769850286,3621.320992449982,3641.845957814382
2023-06-06,0.9892024635705499,0.9896985008371137,0.9836882487250909,0.9891020232954895,4237.5949735667,4239.71992281107,4213.972904300981,4237.164702494383,0.9892024635705499,0.9896985008371137,0.9836882487250909,0.9891020232954895,3632.9652618210393,3634.787018462739,3612.7136432520147,3632.5963828062568
2023-06-07,0.9856878160867242,0.9847589447152876,0.9805528059913262,0.985830920390216,4206.442468906417,4202.478491751384,4184.528710624105,4207.053169383655,0.9856878160867242,0.9847589447152876,0.9805528059913262,0.985830920390216,3622.445681895426,3619.032039123767,3603.574296003275,3622.9715964474617
2023-06-08,0.9846832394036797,0.98353228112581,0.9796556964828118,0.9850996906081115,4228.160902172643,4223.21876789455,4206.57298479844,4229.949114492889,0.9846832394036797,0.98353228112581,0.9796556964828118,0.9850996906081115,3612.5471812027586,3608.3246140704914,3594.1024313782805,3614.0750325609165
2023-06-09,0.9937233566674737,0.9959438755166792,0.9876374736739739,0.9932595664778625,4271.877589043535,4281.423288703631,4245.715230078099,4269.883819949024,0.9937233566674737,0.9959438755166792,0.9876374736739739,0.9932595664778625,3602.648680510091,3610.6989585361257,3580.5848956657865,3600.967253678946
2023-06-12,0.9998801588449029,1.0043284608972334,0.9932469263984307,0.9989813739577209,4338.410017616915,4357.710888840833,4309.628886357943,4334.510252906374,0.9998801588449029,1.0043284608972334,0.9932469263984307,0.9989813739577209,3592.7501798174235,3608.733733303329,3568.915776410154,3589.5206832257813
2023-06-13,0.9904781221780328,0.9913214161050581,0.984740151496087,0.9900144511977111,4327.408820577047,4331.09318017716,4302.339569287919,4325.383037427312,0.9904781221780328,0.9913214161050581,0.984740151496087,0.9900144511977111,3582.8516791247557,3585.9021221328194,3562.0957457706995,3581.1744443497423
2023-06-14,0.9863372682961968,0.9856168939721845,0.9809860721541985,0.9862564975539123,4312.848475979267,4309.698574413835,4289.449889240727,4312.495298639262,0.9863372682961968,0.9856168939721845,0.9809860721541985,0.9862564975539123,3572.9531784320884,3570.343661572722,3553.5687610745313,3572.660590805476
2023-06-15,0.9900201200875787,0.9907335950982832,0.9844789043380364,0.9899360114851867,4381.670648288409,4384.828374529786,4357.146113975456,4381.298397071599,0.9900201200875787,0.9907335950982832,0.9844789043380364,0.9899360114851867,3575.935338792826,3578.512398038751,3555.9205645305506,3575.6315399937034
2023-06-16,0.9913119911584405,0.9925396158349775,0.9857202306701287,0.9911952192107116,4371.279443092348,4376.692764589759,4346.622071960693,4370.7645266793625,0.9913119911584405,0.9925396158349775,0.9857202306701287,0.9911952192107116,3578.917499153563,3583.3495724830873,3558.7296575444766,3578.495919296904
2023-06-20,0.9907480120095757,0.9917161180627607,0.9852177039100274,0.9907262498656189,4348.105707786545,4352.3544445032185,4323.8347893269765,4348.01020004774,0.9907480120095757,0.9917161180627607,0.9852177039100274,0.9907262498656189,3581.8996595143003,3585.3997005946185,3561.905666633505,3581.820981772751
2023-06-21,0.9989468693170098,1.0029397918832563,0.9927002325965508,0.9983062917509948,4361.092357908577,4378.524220026813,4333.821478444435,4358.2957948344,0.9989468693170098,1.0029397918832563,0.9927002325965508,0.9983062917509948,3584.8818198750373,3599.211065959659,3562.4647573641473,3582.5830040509313
2023-06-22,1.0041732429894952,1.0101602985513471,0.9975512162162408,1.003265755824176,4400.176691723239,4426.411310619163,4371.159698825783,4396.200182788399,1.0041732429894952,1.0101602985513471,0.9975512162162408,1.003265755824176,3587.8639802357748,3609.2554494349433,3564.203788628613,3584.621571084061
2023-06-23,1.0009325384530572,1.005626769269731,0.9947734609557732,1.000454681567279,4352.384984931582,4372.797049618649,4325.603283477817,4350.307105499446,1.0009325384530572,1.005626769269731,0.9947734609557732,1.000454681567279,3581.5997619691284,3598.39695391736,3559.5609634979405,3579.8898644059987
2023-06-26,0.9975558161172418,1.0008926107538008,0.9918039575530633,0.9973895723143493,4318.239567924638,4332.683951283268,4293.340807534851,4317.5199284258015,0.9975558161172418,1.0008926107538008,0.9918039575530633,0.9973895723143493,3575.335543702482,3587.2949351203583,3554.7203319673627,3574.739709997943
2023-06-27,0.9989165901574639,1.0028238012445234,0.9931805864287957,0.998864310435382,4373.666387511342,4390.773759607034,4348.551811425703,4373.437485453381,0.9989165901574639,1.0028238012445234,0.9931805864287957,0.998864310435382,3569.071325435835,3583.031565150195,3548.5769151594423,3568.8845330060944
2023-06-28,0.9955623983773736,0.9982577278268598,0.9901662603332146,0.9958330566206848,4357.437238961991,4369.23431861627,4333.819098202033,4358.62187220081,0.9955623983773736,0.9982577278268598,0.9901662603332146,0.9958330566206848,3562.807107169189,3572.45285005225,3543.496013252494,3563.7757085491276
2023-06-29,0.9912702679070977,0.9923289730203413,0.9861683979941949,0.9916778976241027,4358.06025663748,4362.714790145549,4335.630191677597,4359.852376230509,0.9912702679070977,0.9923289730203413,0.9861683979941949,0.9916778976241027,3556.5428889025425,3560.3413788440407,3538.2380736101895,3558.0054088814586
2023-06-30,0.9978658794793633,1.0015794946801924,0.992184294791375,0.9979360276976501,4440.882352717369,4457.409351534835,4415.59714185364,4441.194538945068,0.9978658794793633,1.0015794946801924,0.992184294791375,0.9979360276976501,3553.9299181268325,3567.156072500928,3533.6947800985154,3554.179753156569
2023-07-03,1.0043518185052422,1.0105436756265425,0.998003079028283,1.003836291483966,4474.979919013773,4502.568295684867,4446.692538887628,4472.682941973045,1.0043518185052422,1.0105436756265425,0.998003079028283,1.003836291483966,3551.316947351123,3573.210915904071,3528.8682538918947,3549.4940802902556
2023-07-05,0.9993080734643487,1.0035272552621626,0.9934697285606011,0.9991933280745422,4443.743127242735,4462.5050692448895,4417.781058357852,4443.232875148436,0.9993080734643487,1.0035272552621626,0.9934697285606011,0.9991933280745422,3548.703976575413,3563.6869709305874,3527.9710731528257,3548.2964972085265
2023-07-06,0.9942097305688409,0.9964596941125654,0.9887911215736016,0.9944095784941589,4386.045705280193,4395.971621950052,4362.141024022885,4386.927352389047,0.9942097305688409,0.9964596941125654,0.9887911215736016,0.9944095784941589,3546.0910057997035,3554.1160484445927,3526.764217868379,3546.8038120705614
2023-07-07,0.9963265299233941,0.9993785335672163,0.9907691613151177,0.9963566238203918,4382.790588806514,4396.216200235506,4358.344002167137,4382.922970354713,0.9963265299233941,0.9993785335672163,0.9907691613151177,0.9963566238203918,3543.4780350239935,3554.332616880334,3523.713015219218,3543.58506525936
2023-07-10,0.995944940987542,0.9987654401910566,0.9906022683097466,0.9963438684264099,4391.649095632796,4404.08617148567,4368.090420179877,4393.4081781423065,0.995944940987542,0.9987654401910566,0.9906022683097466,0.9963438684264099,3541.1122293949297,3551.140599249051,3522.1161958007074,3542.5306279170563
2023-07-11,0.9955281853112725,0.9981857254159712,0.9902163878394707,0.9959125692168151,4419.40845192492,4431.205963410104,4395.828001880249,4421.114832021439,0.9955281853112725,0.9981857254159712,0.9902163878394707,0.9959125692168151,3538.746423765866,3548.1930277699266,3519.864884715086,3540.1127709885386
2023-07-12,0.9981892942819146,1.0018421127450727,0.9927454129172906,0.9985546047011291,4464.0622343158075,4480.3982229340045,4439.71632583219,4465.695960960202,0.9981892942819146,1.0018421127450727,0.9927454129172906,0.9985546047011291,3536.3806181368022,3549.3218072365885,3517.094059309158,3537.67483827472
2023-07-13,0.9984712242517022,1.002213807309892,0.9929617181731805,0.9986871654311096,4503.145160224147,4520.024359519905,4478.297067429771,4504.119063580922,0.9984712242517022,1.002213807309892,0.9929617181731805,0.9986871654311096,3534.0148125077385,3547.2614075456636,3514.5143245435615,3534.7791202895955
2023-07-14,0.9966617464456109,0.9997665598047041,0.9912976160956963,0.9969668561736023,4490.379765670984,4504.36825387531,4466.212105509872,4491.754413141671,0.9966617464456109,0.9997665598047041,0.9912976160956963,0.9969668561736023,3531.6490068786748,3542.6508448194704,3512.641328806747,3532.730156498085
2023-07-17,0.9962824224862603,0.9993350221765303,0.9910137787772759,0.9967816049376403,4505.9761775966335,4519.782444949789,4482.147208516076,4508.23387499591,0.9962824224862603,0.9993350221765303,0.9910137787772759,0.9967816049376403,3534.6346674548263,3545.464753831502,3515.9424469720334,3536.4056789252786
2023-07-18,0.9993255972299127,1.0034384443414472,0.99369825276867,0.9995302135268127,4551.908108870307,4570.642045206405,4526.275667396236,4552.840132010361,0.9993255972299127,1.0034384443414472,0.99369825276867,0.9995302135268127,3537.6203280309774,3552.1798385530533,3517.6994852004655,3538.3446713014455
2023-07-19,1.0001228689584283,1.0045091821801924,0.9945284858657464,1.0002838546553527,4566.280985260875,4586.3076632637485,4540.738598486956,4567.016000877037,1.0001228689584283,1.0045091821801924,0.9945284858657464,1.0002838546553527,3540.605988607129,3556.1342875221,3520.8009157552897,3541.175905504644
2023-07-20,1.0020359396371392,1.0071352436197065,0.9962682858420953,1.0020536357680236,4544.102721582273,4567.227402233699,4517.947161416742,4544.182971235337,1.0020359396371392,1.0071352436197065,0.9962682858420953,1.0020536357680236,3543.59164918328,3561.6247858149027,3523.1949657759974,3543.6542296348825
2023-07-21,1.0042270063790826,1.0100948526513838,0.9983948603583916,1.0043188506880676,4555.5151381176875,4582.133683876578,4529.058540838187,4555.931775130309,1.0042270063790826,1.0100948526513838,0.9983948603583916,1.0043188506880676,3546.5773097594315,3567.3004832195206,3525.9802170574867,3546.901671622046
2023-07-24,1.0022991537484673,1.007480116094377,0.99668498191372,1.0026022369185363,4565.111817628919,4588.709235968094,4539.5412860235065,4566.492252358643,1.0022991537484673,1.007480116094377,0.99668498191372,1.0026022369185363,3548.99857382652,3567.3436237129895,3529.1195908300565,3550.071748172026
2023-07-25,1.0075504421624688,1.0147161199701094,1.0014259949637994,1.00735141580495,4601.946342559389,4634.675289318676,4573.973174957355,4601.037297632476,1.0075504421624688,1.0147161199701094,1.0014259949637994,1.00735141580495,3551.419837893608,3576.6774619817775,3529.8323496971816,3550.7183085956412
2023-07-26,1.0058979629907159,1.0124010755670332,0.9999585286094292,1.005918639353839,4593.684522487852,4623.382611845749,4566.560610527111,4593.778946269144,1.0058979629907159,1.0124010755670332,0.9999585286094292,1.005918639353839,3553.8411019606965,3576.816621958451,3532.857059042608,3553.9141516255827
2023-07-27,1.0011052727136163,1.0057478859079145,0.9956007138206109,1.0014586622038757,4542.4250754634895,4563.49051499743,4517.448634896778,4544.028548470487,1.0011052727136163,1.0057478859079145,0.9956007138206109,1.0014586622038757,3556.2623660277845,3572.754488317935,3536.708322945266,3557.517724259345
2023-07-28,1.003413522187188,1.0090417577874922,0.9977831974937066,1.003701227358905,4597.871543771798,4623.66141378658,4572.072101051586,4599.1898750407945,1.003413522187188,1.0090417577874922,0.9977831974937066,1.003701227358905,3558.683630094873,3578.644602768892,3538.7152482903934,3559.703998728785
2023-07-31,1.0023483871850518,1.0076043321740888,0.996665610404168,1.002497213534442,4599.736654856715,4623.855976173607,4573.658619520311,4600.419613021014,1.0023483871850518,1.0076043321740888,0.996665610404168,1.002497213534442,3560.024759465915,3578.692215347109,3539.8413319260358,3560.553343634318
2023-08-01,1.0018734573754815,1.0069266273629927,0.9962276354743584,1.002075570277301,4585.304308574087,4608.431303251029,4559.46490610456,4586.229324755232,1.0018734573754815,1.0069266273629927,0.9962276354743584,1.002075570277301,3561.365888836957,3579.3284240169587,3541.296650167055,3562.084340841983
2023-08-02,1.0004425882730035,1.0049870922220014,0.9949405923797234,1.0007350618163025,4515.387573485492,4535.89869216386,4490.55492024072,4516.707620651082,1.0004425882730035,1.0049870922220014,0.9949405923797234,1.0007350618163025,3562.7070182079983,3578.8905916615413,3543.1136906018855,3563.7485547814767
2023-08-03,0.9996910929116753,1.003967137540605,0.9941861167861565,0.9999333793440734,4500.499334268143,4519.749616822674,4475.716537298431,4501.590081135291,0.9996910929116753,1.003967137540605,0.9941861167861565,0.9999333793440734,3564.0481475790402,3579.2928857254146,3544.4220849865674,3564.911934919645
2023-08-04,1.0018843054208306,1.0069935037744306,0.9962180391265496,1.0020533973494445,4486.467976203642,4509.347119707013,4461.094265749863,4487.225174932732,1.0018843054208306,1.0069935037744306,0.9962180391265496,1.0020533973494445,3565.389276950082,3583.5712974939465,3545.224827844866,3565.9910216284215
2023-08-07,1.0050390600595025,1.0112613155496382,0.9991000429107293,1.0049847537794983,4541.208690535258,4569.323578632107,4514.373597889556,4540.963310867436,1.0050390600595025,1.0112613155496382,0.9991000429107293,1.0049847537794983,3564.4175534859314,3586.485070632977,3543.354554228681,3564.2249537498574
2023-08-08,1.0025838255319146,1.0078711225641035,0.99692912253872,1.0028035814085876,4511.005612921786,4534.795171442476,4485.562955368267,4511.994378118171,1.0025838255319146,1.0078711225641035,0.99692912253872,1.0028035814085876,3563.4458300217807,3582.2382701964907,3543.3475327144006,3564.2269000354904
2023-08-09,0.9996491312417535,1.0038729622018598,0.9942744508697137,1.0001068288603698,4466.142420140094,4485.013271958871,4442.129906895128,4468.187280367763,0.9996491312417535,1.0038729622018598,0.9942744508697137,1.0001068288603698,3562.4741065576304,3577.526676459996,3543.3202264030697,3564.1052147775
2023-08-10,0.9992802976998834,1.0033600046289228,0.9938948288871392,0.9996988946715271,4465.61377277017,4483.845289485869,4441.547028175714,4467.48441147496,0.9992802976998834,1.0033600046289228,0.9938948288871392,0.9996988946715271,3561.5023830934797,3576.042733767401,3542.3082089915656,3562.99429093505
2023-08-11,0.9986372827920464,1.0025185062539839,0.9932918683005914,0.9990889007368957,4457.9667622478355,4475.292737843097,4434.104564687255,4459.98280733454,0.9986372827920464,1.0025185062539839,0.9932918683005914,0.9990889007368957,3560.530659629329,3574.3687321419675,3541.4721761206415,3562.1408534071725
2023-08-14,0.9981236099633721,1.0018019392144941,0.992765738101159,0.9985283786574279,4481.295534124752,4497.810202530099,4457.240189667536,4483.112832225827,0.9981236099633721,1.0018019392144941,0.992765738101159,0.9985283786574279,3559.799054980124,3572.9177838242704,3540.690252221204,3561.2426589588317
2023-08-15,0.99916442627044,1.0032081319940351,0.9936749473525628,0.9993955070296203,4434.151840768534,4452.097240651048,4409.790301858044,4435.17734482647,0.99916442627044,1.0032081319940351,0.9936749473525628,0.9993955070296203,3559.0674503309187,3573.4713072349164,3539.5136859832214,3559.8905701165845
2023-08-16,0.9990279316339044,1.0030475570810102,0.9935702815963372,0.9993229085722839,4400.048690133154,4417.752447078606,4376.011398343196,4401.347865912167,0.9990279316339044,1.0030475570810102,0.9935702815963372,0.9993229085722839,3558.3358456817136,3572.6529401910316,3538.896797836375,3559.38649399719
2023-08-17,0.9989124178323296,1.0028757764947676,0.9934796825362786,0.9992376739302551,4365.6068743977,4382.928178561672,4341.863865369251,4367.028360637829,0.9989124178323296,1.0028757764947676,0.9934796825362786,0.9992376739302551,3557.6042410325085,3571.7196542904794,3538.255675748297,3558.7626333527405
2023-08-18,0.9989726185235528,1.002979965413835,0.9935483470870599,0.9993370944777404,4365.220640888554,4382.731584668489,4341.518147749796,4366.813295110327,0.9989726185235528,1.002979965413835,0.9935483470870599,0.9993370944777404,3556.8726363833034,3571.140917849923,3537.5593516275185,3558.1703641928857
2023-08-21,0.9997527241143731,1.0040298416269087,0.9942451253844842,1.0000443631926452,4398.682042976696,4417.5003762948245,4374.449875312893,4399.9651878441055,0.9997527241143731,1.0040298416269087,0.9942451253844842,1.0000443631926452,3556.3390338745176,3571.553676050935,3536.74730096539,3557.37645784231
2023-08-22,1.0009218096169976,1.0055911256921553,0.9953591361953362,1.0012308532515442,4391.594485785058,4412.081343530616,4367.187978013848,4392.950430183812,1.0009218096169976,1.0055911256921553,0.9953591361953362,1.0012308532515442,3555.805431365732,3572.393319951317,3536.0438634034695,3556.9033183571946
2023-08-23,0.9989337562951592,1.002875895704057,0.9935231939269646,0.9993415052214538,4431.280132262889,4448.767502102154,4407.278823491954,4433.088910577421,0.9989337562951592,1.002875895704057,0.9935231939269646,0.9993415052214538,3555.2718288569463,3569.3021658012717,3536.0152767135305,3556.7230344666937
2023-08-24,0.9989477037820367,1.0029301359308027,0.9935205117179498,0.999300854853717,4371.704825538365,4389.133183175331,4347.953750636381,4373.250324104871,0.9989477037820367,1.0029301359308027,0.9935205117179498,0.999300854853717,3554.738226348161,3568.9096426690153,3535.4256567122306,3555.9949083640713
2023-08-25,0.9992498993310479,1.0032913400781416,0.9938011303855523,0.9996038848677551,4402.405273981791,4420.210689895669,4378.399578150932,4403.964831600717,0.9992498993310479,1.0032913400781416,0.9938011303855523,0.9996038848677551,3554.204623839375,3568.5795138442772,3534.8240466751663,3555.463705308564
2023-08-28,1.000140750351861,1.0045362426889204,0.9946448937369927,1.000480669192401,4433.9339899424085,4453.420570075218,4409.569153853147,4435.440955537364,1.000140750351861,1.0045362426889204,0.9946448937369927,1.000480669192401,3556.9867440259322,3572.619251721362,3537.440805997434,3558.195660680334
2023-08-29,1.001630270424798,1.0065711452615522,0.9959973827315911,1.0018446618834411,4504.962353170684,4527.184580062715,4479.627708495086,4505.926606626821,1.001630270424798,1.0065711452615522,0.9959973827315911,1.0018446618834411,3559.76886421249,3577.3286094849545,3539.7497226011055,3560.5308060804286
2023-08-30,1.004074060860589,1.0099330856454634,0.9982423916770562,1.0041233474532043,4533.263855157647,4559.716590388133,4506.934626910991,4533.486377716048,1.004074060860589,1.0099330856454634,0.9982423916770562,1.0041233474532043,3562.550984399047,3583.339365783068,3541.859663309966,3562.7258579525865
2023-08-31,1.0047219633492974,1.0107943727624678,0.9988496437980279,1.0047395402708923,4528.945005311094,4556.317362326466,4502.474585362618,4529.02423609749,1.0047219633492974,1.0107943727624678,0.9988496437980279,1.0047395402708923,3565.333104585605,3586.881516081658,3544.4947273423595,3565.395477642754
2023-09-01,1.0039138435754327,1.009687991346147,0.9981511369659051,1.0040491992751037,4533.444017402632,4559.51874068119,4507.420959776526,4534.055252610536,1.0039138435754327,1.009687991346147,0.9981511369659051,1.0040491992751037,3568.115224772162,3588.6377274775664,3547.6333862947495,3568.5963066257955
2023-09-05,1.0075212358865289,1.014661522115495,1.0014565125419244,1.0074199611464416,4530.651719171619,4562.760372494622,4503.379689293902,4530.196303882153,1.0075212358865289,1.014661522115495,1.0014565125419244,1.0074199611464416,3571.6328642285357,3596.944966889016,3550.133600055723,3571.2738482821437
2023-09-06,1.0045284866723565,1.0104858591211103,0.9987114206267937,1.0046405965605651,4485.701866665674,4512.304394188135,4459.725874580535,4486.202491129272,1.0045284866723565,1.0104858591211103,0.9987114206267937,1.0046405965605651,3575.15050368491,3596.3529916117136,3554.447370942846,3575.549506529145
2023-09-07,1.0064627766046075,1.0131495906961225,1.0004894271804436,1.0064060861388122,4479.906723455832,4509.670669131139,4453.31850889996,4479.654386255913,1.0064627766046075,1.0131495906961225,1.0004894271804436,1.0064060861388122,3578.6681431412835,3602.4443712588723,3557.428773152636,3578.466569502718
2023-09-08,1.0031149029168633,1.0085518076074385,0.997470213503991,1.0033619577208435,4471.374648602889,4495.609596892081,4446.213501991905,4472.475892921082,1.0031149029168633,1.0085518076074385,0.997470213503991,1.0033619577208435,3582.1857825976576,3601.601307805472,3562.0282452076995,3583.068030686851
2023-09-11,1.0049292683038262,1.0111088468683027,0.9990939632369622,1.0049956018248474,4509.579894342688,4537.310505967634,4483.394196267339,4509.877563364929,1.0049292683038262,1.0111088468683027,0.9990939632369622,1.0049956018248474,3585.7034220540313,3607.7528704126157,3564.8823812037635,3585.9401077002994
2023-09-12,1.0032511591348199,1.0088163330209516,0.997617496581231,1.0035721236983215,4476.406346943652,4501.237596306184,4451.269507995794,4477.83845872954,1.0032511591348199,1.0088163330209516,0.997617496581231,1.0035721236983215,3591.3827423425105,3611.3046425275297,3571.215670232085,3592.5317134488655
2023-09-13,0.9997636913690118,1.0040138675821089,0.9942447081519707,0.9999411279478942,4466.384305369577,4485.371712591016,4441.72857898644,4467.17699263954,0.9997636913690118,1.0040138675821089,0.9942447081519707,0.9999411279478942,3597.062062630989,3612.3538238217693,3577.2052451393165,3597.7004638771346
2023-09-14,0.9972544550332574,1.0005650236261152,0.9920166865302666,0.9977569753447448,4492.7310453703285,4507.645487938012,4469.134374487505,4494.99494962561,0.9972544550332574,1.0005650236261152,0.9920166865302666,0.9977569753447448,3602.7413829194684,3614.701341995394,3583.8191056163823,3604.55681800007
2023-09-15,1.0001004576119927,1.0045096590173506,0.9944859877540215,1.0002409393111145,4450.767068519804,4470.3894257180955,4425.7808810214765,4451.392257035039,1.0001004576119927,1.0045096590173506,0.9944859877540215,1.0002409393111145,3608.420703207947,3624.329358698113,3588.163368938333,3608.927569360916
2023-09-18,1.0079193949136285,1.0152924968850874,1.0017046466781243,1.007739918879596,4488.7992628296915,4521.635593652643,4461.121695120427,4487.999960927847,1.0079193949136285,1.0152924968850874,1.0017046466781243,1.007739918879596,3614.1000234964263,3640.5377804666396,3591.8157794811746,3613.456475667019
2023-09-19,1.0040570139321832,1.0099672987115644,0.9981640115691766,1.0040751869002258,4461.979167063925,4488.244177109256,4435.790959212842,4462.059926825258,1.0040570139321832,1.0099672987115644,0.9981640115691766,1.0040751869002258,3614.2494109395757,3635.5243415321193,3593.0366909210684,3614.314827184003
2023-09-20,1.0034880279931573,1.0091675235879682,0.9976869955970391,1.0035240823546325,4417.554996831477,4442.557272338953,4392.017692017285,4417.713715341563,1.0034880279931573,1.0091675235879682,0.9976869955970391,1.0035240823546325,3614.398798382725,3634.8554072117886,3593.5044339887218,3614.528660261649
2023-09-21,1.0067509054574517,1.0136612369668745,1.000712527365838,1.0066594058791076,4359.231420630766,4389.153156066566,4333.085243494078,4358.835227456536,1.0067509054574517,1.0136612369668745,1.000712527365838,1.0066594058791076,3614.548185825875,3639.3584204980652,3592.8685345257795,3614.2196739436263
2023-09-22,1.0005972027215508,1.0051130964410566,0.9950323835326775,1.0008359128752624,4322.639951589264,4342.1488834111515,4298.59959880418,4323.671193775906,1.0005972027215508,1.0051130964410566,0.9950323835326775,1.0008359128752624,3614.6975732690244,3631.0114206639996,3594.5944404969264,3615.559923284584
2023-09-25,1.0002066730889825,1.0046028806817793,0.9947556391669854,1.0005903417387878,4338.336432123076,4357.404718784376,4314.692899548449,4340.000571871487,1.0002066730889825,1.0046028806817793,0.9947556391669854,1.0005903417387878,3614.8469607121738,3630.735294676596,3595.1463788866045,3616.23357758845
2023-09-26,1.0002324222955254,1.0046567632806562,0.9946725502921685,1.000389116458026,4274.523263652597,4293.430817582783,4250.762983850091,4275.192900856868,1.0002324222955254,1.0046567632806562,0.9946725502921685,1.000389116458026,3616.0533477931863,3632.0482832446323,3595.953225738654,3616.6198305808466
2023-09-27,1.0004453300866631,1.0048848106515669,0.9948787227584466,1.0006315881529724,4276.413567908743,4295.39017197823,4252.619049218208,4277.209729875763,1.0004453300866631,1.0048848106515669,0.9948787227584466,1.0006315881529724,3617.259734874199,3633.311340902278,3597.132833440745,3617.933178772925
2023-09-28,0.9933064817819146,0.9951152517450117,0.9884145990325555,0.9941218072691833,4270.919879717698,4278.697047928026,4249.886251460279,4274.425534715308,0.9933064817819146,0.9951152517450117,0.9884145990325555,0.9941218072691833,3618.4661219552113,3625.0551988956295,3600.645728828028,3621.4362300821163
2023-09-29,0.9956239103707818,0.9983561947000288,0.990412427516137,0.9960435802260315,4269.285108865431,4281.001280683458,4246.938009810571,4271.084674188234,0.9956239103707818,0.9983561947000288,0.990412427516137,0.9960435802260315,3619.672509036224,3629.6059531514447,3600.725735034737,3621.1982532676498
2023-10-02,1.0016686558160333,1.006716103757646,0.9959778920127496,1.001914756945697,4295.545846914919,4317.191272193252,4271.141632328556,4296.601224538358,1.0016686558160333,1.006716103757646,0.9959778920127496,1.001914756945697,3620.8788961172363,3639.1246479683277,3600.3076558788057,3621.768514037829
2023-10-03,1.0075375675591973,1.0148076727044844,1.0012630954696282,1.0072369748869812,4261.329765113247,4292.078311319981,4234.792199134019,4260.058423435742,1.0075375675591973,1.0148076727044844,1.0012630954696282,1.0072369748869812,3624.811736748157,3650.967349507957,3602.2381069357552,3623.730296332124
2023-10-04,1.005894982758477,1.0124885751855635,0.9998538032485589,1.0057839328566467,4288.8847327364565,4316.998162447446,4263.126653601043,4288.411243717527,1.005894982758477,1.0124885751855635,0.9998538032485589,1.0057839328566467,3628.7445773790773,3652.5308206503414,3606.951151859176,3628.3439672398554
2023-10-05,1.0030787825021295,1.0085960342538618,0.9972762599898919,1.0030849153319275,4271.300040862742,4294.793547099452,4246.591797526357,4271.32615561726,1.0030787825021295,1.0085960342538618,0.9972762599898919,1.0030849153319275,3632.677418009998,3652.6582970771433,3611.663423032335,3632.6996282219015
2023-10-06,1.0045640110406426,1.0104711963784956,0.9986999169303521,1.0046032840529358,4328.164041568609,4353.615149596748,4302.898592094422,4328.333249342074,1.0045640110406426,1.0104711963784956,0.9986999169303521,1.0046032840529358,3636.6102586409183,3657.994790202103,3615.3817211214155,3636.752430406802
2023-10-09,1.0054307817849664,1.0117104961526655,0.9996312991096123,1.005670803240863,4359.206023353807,4386.4327297492655,4334.061438297582,4360.24667477928,1.0054307817849664,1.0117104961526655,0.9996312991096123,1.005670803240863,3640.543099271839,3663.2811844994844,3619.543874844252,3641.4121878961105
2023-10-10,1.0062706112298516,1.0128663494241499,1.00026084336773,1.0062654191771423,4385.568828686388,4414.314638714307,4359.376817998976,4385.546200474589,1.0062706112298516,1.0128663494241499,1.00026084336773,1.0062654191771423,3644.1329231892314,3668.01889028232,3622.3690033423472,3644.1141205629738
2023-10-11,1.0088039278420953,1.0164304687631391,1.0026302472068414,1.0087644035139953,4415.484351968459,4448.865340252822,4388.462460511984,4415.311355960582,1.0088039278420953,1.0164304687631391,1.0026302472068414,1.0087644035139953,3647.7227471066235,3675.299470423848,3625.3994049138955,3647.5798315343354
2023-10-12,1.0095739006433038,1.017415018285539,1.0033388272239312,1.009371655634967,4391.25273397712,4425.358537684963,4364.132596281483,4390.373047066409,1.0095739006433038,1.017415018285539,1.0033388272239312,1.009371655634967,3651.312571024016,3679.6714374722555,3628.7622634705954,3650.5811141778195
2023-10-13,1.0074822544488458,1.0144813968789839,1.0014129415465935,1.0073571378508483,4360.161551158625,4390.452299784929,4333.894900166516,4359.6200740481445,1.0074822544488458,1.0144813968789839,1.0014129415465935,1.0073571378508483,3654.902394941408,3680.2935939600375,3632.8843929725044,3654.4485021292535
2023-10-16,1.0049303411874322,1.0109314634454512,0.999168051810418,1.0051666671553527,4395.193488127589,4421.440176468928,4369.991366439599,4396.227090470666,1.0049303411874322,1.0109314634454512,0.999168051810418,1.0051666671553527,3658.4922188588007,3680.3395630831183,3637.5143560313045,3659.3525737304926
2023-10-17,1.0056380867394952,1.0118181421411299,0.9998852148963555,1.0059578592101013,4397.85648092916,4424.883099211589,4372.698021784742,4399.254909897615,1.0056380867394952,1.0118181421411299,0.9998852148963555,1.0059578592101013,3663.536603403297,3686.0505271234656,3642.5789081350486,3664.7015335767596
2023-10-18,1.0076920627984551,1.0147230341089033,1.0018662348701104,1.0079705888548767,4347.788174150215,4378.124002966275,4322.652056970579,4348.989902673251,1.0076920627984551,1.0147230341089033,1.0018662348701104,1.0079705888548767,3668.5809879477933,3694.177783465548,3647.3716102360872,3669.5949836246064
2023-10-19,1.0063207983407525,1.012818308080461,1.0004670754386529,1.0064622337141906,4305.040375301739,4332.836721968211,4279.998148726557,4305.645435829308,1.0063207983407525,1.012818308080461,1.0004670754386529,1.0064622337141906,3673.6253724922894,3697.3448630137664,3652.2560586391432,3674.141689532826
2023-10-20,1.005998218003228,1.0124222948205732,1.0001832381202325,1.0061923438826477,4249.497432560516,4276.633760889273,4224.934027137961,4250.317451335325,1.005998218003228,1.0124222948205732,1.0001832381202325,1.0061923438826477,3678.669757036786,3702.16090909047,3657.405911584045,3679.3796241010596
2023-10-23,1.0068940758142022,1.0137602998864912,1.0010507837249383,1.0071387464323913,4246.112593471523,4275.067735033329,4221.471196999413,4247.144379255252,1.0068940758142022,1.0137602998864912,1.0010507837249383,1.0071387464323913,3683.714141581282,3708.8341689226922,3662.3365029401907,3684.6092671341103
2023-10-24,1.0070657371911553,1.013975830281999,1.001052154631768,1.006952303103534,4277.692990552127,4307.044854772242,4252.149216186269,4277.211158846819,1.0070657371911553,1.013975830281999,1.001052154631768,1.006952303103534,3683.704981226547,3708.9811309349825,3661.7081410889627,3683.290055270693
2023-10-25,1.0040813326272515,1.0098460628640913,0.9983784094764336,1.004396217516986,4203.857601003799,4227.993200617492,4179.980773443648,4205.175951613592,1.0040813326272515,1.0098460628640913,0.9983784094764336,1.004396217516986,3683.695820871812,3704.8450166509388,3662.7733781425436,3684.8510461654996
2023-10-26,1.001100027504876,1.0058152391565107,0.9955967203094109,1.001477139643756,4141.7810667939975,4161.28898189549,4119.012619165704,4143.341266448337,1.001100027504876,1.0058152391565107,0.9955967203094109,1.001477139643756,3683.6866605170767,3701.036936998372,3663.4364769712934,3685.074297034253
2023-10-27,1.001441562119439,1.006333680356767,0.9959288373900994,1.0018202239790832,4123.305444623715,4143.448105490542,4100.607517204873,4124.864535604757,1.001441562119439,1.006333680356767,0.9959288373900994,1.0018202239790832,3683.677500162342,3701.67254506625,3663.399631919008,3685.070360440269
2023-10-30,0.9999875664147881,1.0044696046960615,0.9944979682876214,1.000358598879901,4166.768191488467,4185.444038239642,4143.894024220226,4168.314216984749,0.9999875664147881,1.0044696046960615,0.9944979682876214,1.000358598879901,3683.6683398076066,3700.178887607442,3663.4462295549642,3685.0351173463287
2023-10-31,1.001992189827874,1.0072079612863325,0.9961424604369744,1.001937049082843,4202.154845700138,4224.028748042621,4177.622250580584,4201.9235964436275,1.001992189827874,1.0072079612863325,0.9961424604369744,1.001937049082843,3681.0955533050806,3700.257132923865,3659.604953809911,3680.892978521165
2023-11-01,1.0013697981271295,1.0062684728753828,0.9955773487998589,1.001323478869525,4243.665012691036,4264.424910459669,4219.11742338497,4243.468718162006,1.0013697981271295,1.0062684728753828,0.9955773487998589,1.001323478869525,3678.5227668025545,3696.5180035495723,3657.244257339051,3678.3526134346803
2023-11-02,0.999067032280877,1.0031335069787763,0.9935124054862603,0.9992228919783508,4313.751650641725,4331.309793762821,4289.767994160465,4314.424618526284,0.999067032280877,1.0031335069787763,0.9935124054862603,0.9992228919783508,3675.949980300029,3690.9120970576073,3655.51238242471,3676.523447778533
2023-11-03,1.00286897415252,1.0084981634271406,0.9970585242225274,1.0029117042342102,4370.843964807895,4395.377885591044,4345.52004846001,4371.030197032128,1.00286897415252,1.0084981634271406,0.9970585242225274,1.0029117042342102,3673.377193797503,3693.9961739772766,3652.094279669489,3673.533708468527
2023-11-06,0.9965078472528008,0.9996753646981977,0.9911180869056329,0.9968158180037414,4350.733330948783,4364.562648765037,4327.201745068254,4352.077925087974,0.9965078472528008,0.9996753646981977,0.9911180869056329,0.9968158180037414,3670.804407294977,3682.4724910243735,3650.9503177449637,3671.9388693998035
2023-11-07,0.9980485081109551,1.0016505434167646,0.9925130144073113,0.9982218915739929,4369.835626942844,4385.606706285094,4345.599132020684,4370.594765629739,0.9980485081109551,1.0016505434167646,0.9925130144073113,0.9982218915739929,3670.9177178402338,3684.166347658247,3650.5576434064164,3671.5554387739094
2023-11-08,0.9972812771234063,1.0006109192025923,0.991956366629754,0.9977724725523864,4370.864435750922,4385.457524462737,4347.526524537553,4373.017237253148,0.9972812771234063,1.0006109192025923,0.991956366629754,0.9977724725523864,3671.03102838549,3683.2875699114343,3651.4298265039524,3672.8391377946914
2023-11-09,0.9989595055017022,1.0028233244073652,0.9934932127906426,0.9993058616438781,4342.826606242826,4359.62397936236,4319.0627186254005,4344.332337617514,0.9989595055017022,1.0028233244073652,0.9934932127906426,0.9993058616438781,3671.144338930747,3685.343750242274,3651.055887466374,3672.4171867124637
2023-11-10,1.0016823648843316,1.0064834072244428,0.9960777893973931,1.001974719218341,4422.668044731896,4443.865798913649,4397.922498858946,4423.958859281588,1.0016823648843316,1.0064834072244428,0.9960777893973931,1.001974719218341,3671.2576494760033,3688.85390956253,3650.7163667802015,3672.3291548979973
2023-11-13,1.0001543402108697,1.0042824461114668,0.9947353735877618,1.0006385022917663,4412.230879557263,4430.4422251430415,4388.3248373510905,4414.366784785242,1.0001543402108697,1.0042824461114668,0.9947353735877618,1.0006385022917663,3671.37096002126,3686.524429354952,3651.4789934581713,3673.1482243216606
2023-11-14,0.9984676479730157,1.0020227148187422,0.9932973519279107,0.9992280179778015,4488.811004992286,4504.793519010619,4465.566905062308,4492.2294004228015,0.9984676479730157,1.0020227148187422,0.9932973519279107,0.9992280179778015,3674.486558576001,3687.569651819914,3655.459218671533,3677.2848158533416
2023-11-15,1.0009995340737847,1.005517931188371,0.9955213204337701,1.0015402013579284,4507.380781990164,4527.726581989493,4482.7130433548145,4509.815341890589,1.0009995340737847,1.005517931188371,0.9955213204337701,1.0015402013579284,3677.602157130742,3694.202431566185,3657.475584026607,3679.5885308529805
2023-11-16,0.9994258522424249,1.0032564117563032,0.9940906301452264,1.000240820101825,4505.651604113389,4522.920685736236,4481.599142445915,4509.325674815851,0.9994258522424249,1.0032564117563032,0.9940906301452264,1.000240820101825,3680.7177556854826,3694.825063781733,3661.0690277086915,3683.719145597177
2023-11-17,0.9996314882669,1.0036958171975874,0.9942213431312188,1.0002428466597473,4512.356530666552,4530.702992746254,4487.935027321185,4515.116214679033,0.9996314882669,1.0036958171975874,0.9942213431312188,1.0002428466597473,3683.833354240224,3698.811184223779,3663.895933964822,3686.0863269260585
2023-11-20,1.004243099633172,1.0101118995797895,0.9984134570075616,1.0045300895491516,4566.674986409894,4593.362649911143,4540.165386127045,4567.980038614021,1.004243099633172,1.0101118995797895,0.9984134570075616,1.0045300895491516,3686.9489527949645,3708.49549448915,3665.5461721519964,3688.002599238311
2023-11-21,1.0067109703454522,1.0136142685067915,1.0005843773795708,1.006730693034259,4568.645658512028,4599.974137194836,4540.842015580194,4568.735163821143,1.0067109703454522,1.0136142685067915,1.0005843773795708,1.006730693034259,3690.2607866753697,3715.565935078368,3667.802775941509,3690.3330833595774
2023-11-22,1.0027217506799249,1.0081089450967573,0.9969405666305169,1.003009694270221,4569.021983583159,4593.569381406786,4542.679324719946,4570.334033105574,1.0027217506799249,1.0081089450967573,0.9969405666305169,1.003009694270221,3693.572620555775,3713.4166039800207,3672.2773578322845,3694.633274282156
2023-11-24,0.9940988659295587,0.9962370111596845,0.9890669718696221,0.9948353940764343,4532.434723387274,4542.183254460796,4509.492607524043,4535.79280562845,0.9940988659295587,0.9962370111596845,0.9890669718696221,0.9948353940764343,3696.88445443618,3704.835852565166,3678.171697019286,3699.6234772333673
2023-11-27,0.9993555187615899,1.003543348516252,0.9937425390197381,0.9996205741682922,4547.4973332383015,4566.553759388808,4521.955861831587,4548.703449312622,0.9993555187615899,1.003543348516252,0.9937425390197381,0.9996205741682922,3700.196288316585,3715.7020736186014,3679.4137675646775,3701.1776778357957
2023-11-28,1.0044912933740167,1.0106731369149946,0.9984329477264031,1.0044263774672424,4575.347347276375,4603.50496460274,4547.752249269517,4575.051662461768,1.0044912933740167,1.0106731369149946,0.9984329477264031,1.0044263774672424,3703.5081221969904,3726.300263766741,3681.1713110558517,3703.268780562489
2023-11-29,1.0058998703393487,1.0125448419702314,0.9995703831626519,1.0054657632628357,4577.427831968833,4607.666306972896,4548.6249942123,4575.4523929885945,1.0058998703393487,1.0125448419702314,0.9995703831626519,1.0054657632628357,3705.3301355107524,3729.807535657168,3682.0148530758997,3703.731059817364
2023-11-30,0.9981290935906915,1.001805157865312,0.9926265016509637,0.9983039075652038,4559.254073703561,4576.045600097173,4534.119334241272,4560.0525889763385,0.9981290935906915,1.001805157865312,0.9926265016509637,0.9983039075652038,3707.1521488245144,3720.8054223964245,3686.7149672370274,3707.8014255617813
2023-12-01,0.9997348427209405,1.0040338947427534,0.993993593783532,0.9996985370436584,4593.411700410915,4613.164253801897,4567.03278580563,4593.244889256905,0.9997348427209405,1.0040338947427534,0.993993593783532,0.9996985370436584,3708.974162138276,3724.9234640823747,3687.6743703761963,3708.839469604592
2023-12-04,0.9963343977365045,0.9993965341699385,0.9909550085975274,0.9966503555098449,4553.029004088323,4567.022293919101,4528.446379188808,4554.472861601779,0.9963343977365045,0.9993965341699385,0.9909550085975274,0.9966503555098449,3710.796175452038,3722.2009449668853,3690.7609175220355,3711.9729439140924
2023-12-05,1.0024598478707818,1.007976861203935,0.9964663520766839,1.0023213798323547,4578.414567998478,4603.6117609533885,4551.04119387759,4577.782159542734,1.0024598478707818,1.007976861203935,0.9964663520766839,1.0023213798323547,3712.6181887658,3733.0504924554025,3690.421228412005,3712.1053712608204
2023-12-06,1.0038743853005914,1.0098441555154585,0.9976264372779473,1.0035526925841247,4566.965896023393,4594.124410452696,4538.541856166057,4565.502406480662,1.0038743853005914,1.0098441555154585,0.9976264372779473,1.0035526925841247,3711.655376733615,3733.7275901901235,3688.55464798571,3710.4659724433836
2023-12-07,1.0097968220147637,1.0180960609567427,1.002965225310479,1.0088619167128479,4630.5142090626805,4668.57111616263,4599.18730753148,4626.227116659268,1.0097968220147637,1.0180960609567427,1.002965225310479,1.0088619167128479,3710.69256470143,3741.1897137944898,3685.5885491777435,3707.257075425877
2023-12-08,1.0087003349694756,1.0164993717324995,1.0021223560287102,1.0081046993056213,4644.429561323404,4680.339212223968,4614.142112427912,4641.687034341823,1.0087003349694756,1.0164993717324995,1.0021223560287102,1.0081046993056213,3709.7297526692446,3738.412521692838,3685.537707377887,3707.539164178939
2023-12-11,1.0063039898309258,1.0131269409311079,1.0000147357894524,1.0058911020079528,4651.5798147540645,4683.11849683759,4622.508115302596,4649.671265565641,1.0063039898309258,1.0131269409311079,1.0000147357894524,1.0058911020079528,3708.7669406370596,3733.9131546376525,3685.587684958859,3707.2452287850665
2023-12-12,0.9987033247384576,1.002657265867021,0.9931772485686883,0.9989291602888977,4637.678629087975,4656.0395455066855,4612.0171891784175,4638.727341633554,0.9987033247384576,1.002657265867021,0.9931772485686883,0.9989291602888977,3707.8041286048747,3722.4836023560883,3687.287917704484,3708.6425697771083
2023-12-13,1.0043556332025079,1.0103790475976728,0.9983904496146783,1.0043006116667663,4727.592357491193,4755.94511115653,4699.513701476756,4727.333366170519,1.0043556332025079,1.0103790475976728,0.9983904496146783,1.0043006116667663,3713.6030268520094,3735.8745900218637,3691.5467719805583,3713.399584829167
2023-12-14,1.002183520737603,1.007418008054521,0.9964144364310845,1.0023057634154235,4729.855235297155,4754.559659913714,4702.627753458325,4730.432165727262,1.002183520737603,1.007418008054521,0.9964144364310845,1.0023057634154235,3719.401925099144,3738.828668605286,3697.991132732561,3719.8556041327806
2023-12-15,1.0038380264672784,1.0096568777215742,0.9978925124122247,1.0038464242735778,4737.302376124115,4764.762640774876,4709.244365650646,4737.342006967626,1.0038380264672784,1.0096568777215742,0.9978925124122247,1.0038464242735778,3725.200823346279,3746.7943363552613,3703.1372699949006,3725.2319872533194
2023-12-18,1.0048614382180718,1.0110339834344648,0.9988839760734185,1.0048133308211242,4763.605939559063,4792.867260510087,4735.269421614606,4763.377883557389,1.0048614382180718,1.0110339834344648,0.9988839760734185,1.0048133308211242,3730.9997215934136,3753.9180699427384,3708.8057068274725,3730.8211012605084
2023-12-19,1.0078198551568536,1.015104980672624,1.001570178599511,1.00747610872182,4805.657962734285,4840.39613668992,4775.8571925285505,4804.018852545865,1.0078198551568536,1.015104980672624,1.001570178599511,1.00747610872182,3736.7986198405483,3763.810438305327,3713.6260432987888,3735.5240753895378
2023-12-20,1.0041962503823785,1.0101257278573774,0.9983991518928155,1.0043608123579895,4718.0654529840485,4745.924213478709,4690.82865529561,4718.83862274216,1.0041962503823785,1.0101257278573774,0.9983991518928155,1.0043608123579895,3742.2962067972817,3764.3933427450897,3720.692402083152,3742.9094730357065
2023-12-21,1.006101453247979,1.0126732303750776,1.0000516310645684,1.0059017116347229,4775.712073204844,4806.906656282899,4746.99507975574,4774.763949702121,1.006101453247979,1.0126732303750776,1.0000516310645684,1.0059017116347229,3747.7937937540146,3772.274093878185,3725.257809973149,3747.0497431653794
2023-12-22,1.001010858956292,1.0056935264718794,0.9955510035468682,1.0014048988142883,4759.436260319355,4781.700611768992,4733.476667994046,4761.3097740493795,1.001010858956292,1.0056935264718794,0.9955510035468682,1.0014048988142883,3753.291380710748,3770.8490480104942,3732.81964649851,3754.768833616919
2023-12-26,1.005500161591485,1.011938305104997,0.9995844498588189,1.005503075770465,4801.011896558943,4831.752422300085,4772.765851963395,4801.025811035028,1.005500161591485,1.011938305104997,0.9995844498588189,1.005503075770465,3758.788967667481,3782.8562167194814,3736.674687783675,3758.799861533259
2023-12-27,1.0073560118112115,1.0144586279046797,1.0013110176040276,1.0073204213896667,4816.753358956253,4850.715086016458,4787.848735555066,4816.583180508403,1.0073560118112115,1.0144586279046797,1.0013110176040276,1.0073204213896667,3764.286554624214,3790.827600639543,3741.6976286138656,3764.153560386106
2023-12-28,1.0019719242486504,1.0070206834924482,0.9963613882972344,1.0022312576094543,4792.782403854782,4816.9323863836025,4765.945246711577,4794.0228860861835,1.0019719242486504,1.0070206834924482,0.9963613882972344,1.0022312576094543,3765.46428521771,3784.4377935138023,3744.379589893708,3766.438873910706
2023-12-29,1.0018748878869561,1.0069491579187178,0.9963505998565301,1.0022295886794006,4778.77289648984,4802.976301915437,4752.422981713673,4780.464758970666,1.0018748878869561,1.0069491579187178,0.9963505998565301,1.0022295886794006,3766.642015811205,3785.719206917887,3745.8729400968396,3767.975546498535
2024-01-02,1.0047870516213921,1.0109475566995405,0.9988657370521172,1.004731910876361,4765.534172041487,4794.752400341282,4737.450383662893,4765.272648861732,1.0047870516213921,1.0109475566995405,0.9988657370521172,1.004731910876361,3767.8197464047007,3790.9208329919707,3745.615592875068,3767.612975838117
2024-01-03,1.001052820626214,1.0057871057641767,0.9955336585952386,1.0014351779738342,4709.763321010418,4732.037233070357,4683.796712295465,4711.562239683075,1.001052820626214,1.0057871057641767,0.9955336585952386,1.0014351779738342,3768.997476998196,3786.822219482024,3748.2176466622923,3770.4370652484854
2024-01-04,1.0015643476876763,1.0065023615014814,0.9960085288001641,1.0018886501112854,4696.014725716254,4719.1674923247665,4669.9652688147535,4697.535276003781,1.0015643476876763,1.0065023615014814,0.9960085288001641,1.0018886501112854,3770.1752075916916,3788.7633065975465,3749.261513253502,3771.395974844515
2024-01-05,1.0010490059289483,1.0057577802789472,0.9955191150619134,1.0013511354247009,4702.167432609693,4724.285675837482,4676.192208033422,4703.586607362322,1.0010490059289483,1.0057577802789472,0.9955191150619134,1.0013511354247009,3768.446005480878,3786.1721725165244,3747.6287477590295,3769.583371069039
2024-01-08,1.0043196319970635,1.0102685405862593,0.9985286131812676,1.0044393712798034,4784.116739803292,4812.45460382427,4756.530990033496,4784.687122666195,1.0043196319970635,1.0102685405862593,0.9985286131812676,1.0044393712798034,3766.716803370064,3789.028279946579,3744.9974949077614,3767.165887460378
2024-01-09,1.0034707426461724,1.009094329084184,0.9977861777259454,1.0037312680998718,4773.008587396519,4799.757176288921,4745.969954353459,4774.24777671704,1.0034707426461724,1.009094329084184,0.9977861777259454,1.0037312680998718,3764.98760125925,3786.087103530627,3743.659309826687,3765.9650837719973
2024-01-10,1.0020815967950372,1.0071859075677656,0.9964245096160516,1.0022279197493469,4793.40721418922,4817.823429555028,4766.346820522902,4794.107142725014,1.0020815967950372,1.0071859075677656,0.9964245096160516,1.0022279197493469,3763.258399148436,3782.4273375350604,3742.0135415349228,3763.807906382733
2024-01-11,0.997706735077813,1.0011990978372358,0.9924678936912164,0.998252647570697,4769.277643288365,4785.971975445468,4744.2347241385,4771.887236023348,0.997706735077813,1.0011990978372358,0.9924678936912164,0.998252647570697,3761.5291970376225,3774.696016529115,3741.7778471253705,3763.5873827838077
2024-01-12,1.0018705963525323,1.0068897916925215,0.996218992800866,1.0020406419554626,4792.778614949135,4816.789592192435,4765.742304330567,4793.5920842058,1.0018705963525323,1.0068897916925215,0.996218992800866,1.0020406419554626,3761.5318605460448,3780.3764730682697,3740.312865897271,3762.170298239991
2024-01-16,0.9992015003594903,1.0032252981317304,0.9938802257491692,0.9998083287993347,4762.174366683323,4781.351706389864,4736.813278316025,4765.066498891053,0.9992015003594903,1.0032252981317304,0.9938802257491692,0.9998083287993347,3761.534524054467,3776.6822737652606,3741.502370228141,3763.8189542978475
2024-01-17,0.9965867638024835,0.9995922758233808,0.9914002552939996,0.9970973903456604,4723.033956880367,4737.277709504925,4698.454003891876,4725.453923300057,0.9965867638024835,0.9995922758233808,0.9914002552939996,0.9970973903456604,3761.537187562889,3772.881252771158,3741.9611252099876,3763.4645066894122
2024-01-18,0.9995934605035333,1.0037917806756758,0.9942296281768426,1.0000326806822692,4778.996359059762,4799.068275903564,4753.352198535793,4781.096244381088,0.9995934605035333,1.0037917806756758,0.9942296281768426,1.0000326806822692,3761.539851071311,3777.338422449635,3741.355376233763,3763.192667212063
2024-01-19,1.000003540459588,1.0043332292688154,0.9945366517020806,1.000348823718158,4839.827135151719,4860.782006347506,4813.368432274247,4841.498240519379,1.000003540459588,1.0043332292688154,0.9945366517020806,1.000348823718158,3761.5425145797335,3777.8287654497294,3740.978652901413,3762.841307638093
2024-01-22,1.0003311275872735,1.004811258519914,0.9948762789680108,1.0007419759550964,4852.036111183139,4873.766672662747,4825.577749794809,4854.028902431878,1.0003311275872735,1.004811258519914,0.9948762789680108,1.0007419759550964,3763.4024059936664,3780.257360384352,3742.8804109742987,3764.9480819136916
2024-01-23,1.0036396622094659,1.009349913800981,0.9978521600677117,1.0037228042403137,4882.305500784168,4910.083590676252,4854.151617865391,4882.70995350743,1.0036396622094659,1.009349913800981,0.9978521600677117,1.0037228042403137,3765.2622974075994,3786.684921319164,3743.5498597359556,3765.574213691768
2024-01-24,1.0004984974298028,1.0049717142236494,0.994983686537896,1.0008286411085998,4870.976959661866,4892.755039283548,4844.127827094074,4872.5842806692735,1.0004984974298028,1.0049717142236494,0.994983686537896,1.0008286411085998,3767.1221888215327,3783.9649469893843,3746.3575734508695,3768.3652607312756
2024-01-25,1.004953467789605,1.0111174299371504,0.9991092220260247,1.0050472194472229,4918.403063917173,4948.570480901204,4889.800390070889,4918.86189952982,1.004953467789605,1.0111174299371504,0.9991092220260247,1.0050472194472229,3768.9820802354657,3792.0994320551936,3747.0637942039,3769.3336868808274
2024-01-26,1.002472245636895,1.007713885511186,0.9968857303573235,1.002838509730426,4903.061679242685,4928.698382618646,4875.738200605759,4904.853065936222,1.002472245636895,1.007713885511186,0.9968857303573235,1.002838509730426,3770.8419716493986,3790.5586228826605,3749.828056916941,3772.2196896087794
2024-01-29,1.0027310490045098,1.0080486251962446,0.9970803395225152,1.002965109995929,4941.388418320795,4967.59306156333,4913.542117543188,4942.5418545022385,1.0027310490045098,1.0080486251962446,0.9970803395225152,1.002965109995929,3775.3043236446038,3795.3251142722565,3754.0292788953534,3776.1855683949066
2024-01-30,1.0029059290322808,1.0083174421441816,0.9973182216598138,1.0032478744307434,4939.281613306112,4965.933153036831,4911.762322127934,4940.965684135178,1.0029059290322808,1.0083174421441816,0.9973182216598138,1.0032478744307434,3779.766675639809,3800.161666169865,3758.7076415786014,3781.055404507176
2024-01-31,1.0060561537179498,1.0126805021417402,1.0001129046393975,1.0060302192488586,4874.996001263383,4907.0952752031235,4846.197096365896,4874.870331903231,1.0060561537179498,1.0126805021417402,1.0001129046393975,1.0060302192488586,3784.229027635014,3809.1461771418635,3761.873798656585,3784.1314764492395
2024-02-01,1.0064028143319634,1.0131690218103193,1.0004841223670586,1.0064925128737365,4937.603423647335,4970.7997231155705,4908.565196316039,4938.043501735997,1.0064028143319634,1.0131690218103193,1.0004841223670586,1.0064925128737365,3788.691379630219,3814.163359220273,3766.4099462848585,3789.0290576326474
2024-02-02,1.0059169172677545,1.0124184801233076,0.9999375477744683,1.0058263713637268,4987.94968513306,5020.188399724234,4958.300323769956,4987.500703307889,1.0059169172677545,1.0124184801233076,0.9999375477744683,1.0058263713637268,3793.1537316254244,3817.6700977224605,3770.606474176141,3792.8122973301556
2024-02-05,1.0088883280190972,1.016489954198625,1.0027448073340997,1.008734481982318,4986.7433166160745,5024.316710512506,4956.377061139062,4985.982884887022,1.0088883280190972,1.016489954198625,1.0027448073340997,1.008734481982318,3794.0227023645334,3822.6093571002903,3770.9193951857374,3793.4441493770537
2024-02-06,1.0073676943215875,1.0144191696298384,1.0013787880851373,1.007363575152484,4990.731252238837,5025.665882755234,4961.060833295029,4990.710844927691,1.0073676943215875,1.0144191696298384,1.0013787880851373,1.007363575152484,3794.891673103642,3821.4555435565244,3772.330645451262,3794.876155631106
2024-02-07,1.0015176176461724,1.0063537075174116,0.9960514441444024,1.0019422942915832,5002.640591199691,5026.797150271922,4975.336726587939,5004.761876524116,1.0015176176461724,1.0063537075174116,0.9960514441444024,1.0019422942915832,3795.760643842751,3814.0894673001744,3775.043797843378,3797.3701720912886
2024-02-08,1.000071728173211,1.0044865324151777,0.994740082354699,1.0006042892256652,4998.268490954173,5020.333285223141,4971.621405001373,5000.930183163844,1.000071728173211,1.0044865324151777,0.994740082354699,1.0006042892256652,3796.6296145818596,3813.3897889328036,3776.3887820107802,3798.6514066257305
2024-02-09,1.0011454462441949,1.005968542302873,0.9955601826621636,1.0013642484465515,5032.367711545532,5056.611534425044,5004.292769771458,5033.46754488392,1.0011454462441949,1.005968542302873,0.9955601826621636,1.0013642484465515,3797.4985853209687,3815.7933301339312,3776.312821922675,3798.3285357113255
2024-02-12,1.0017932295236138,1.0068208887231611,0.9961503878547295,1.002020376376239,5030.845311750865,5056.09341182552,5002.507863744395,5031.986006901252,1.0017932295236138,1.0068208887231611,0.9961503878547295,1.002020376376239,3800.4756753802276,3819.548969078836,3779.068580711785,3801.337396205144
2024-02-13,0.9998560785684136,1.004158468450334,0.9944337740851983,1.000270503214923,4952.457132682709,4973.7676011741405,4925.599536785581,4954.50984840906,0.9998560785684136,1.004158468450334,0.9944337740851983,1.000270503214923,3803.4527654394865,3819.8190575940716,3782.8263178698835,3805.029236895348
2024-02-14,1.0017903685006646,1.0067870332849287,0.9961249366714104,1.0018894845763122,5009.572952531793,5034.55937438528,4981.242280817788,5010.068594361998,1.0017903685006646,1.0067870332849287,0.9961249366714104,1.0018894845763122,3806.4298554987454,3825.4153185364944,3784.9033270580285,3806.80645962808
2024-02-15,1.0037158369454888,1.009391279424455,0.9979677334739312,1.0038712198058044,5048.419656559833,5076.965599859564,5019.5082480858355,5049.201190393848,1.0037158369454888,1.009391279424455,0.9979677334739312,1.0038712198058044,3809.4069455580043,3830.946976314402,3787.5911442302354,3809.996670782534
2024-02-16,1.0039198040399102,1.0096356584680342,0.9982240930511102,1.0041999990263855,5025.190853508053,5053.8019629578375,4996.680573453845,5026.593389126504,1.0039198040399102,1.0096356584680342,0.9982240930511102,1.0041999990263855,3812.384035617263,3834.0899847219644,3790.7545811948976,3813.4480756820167
2024-02-20,1.0051183342370538,1.0113459541452192,0.9993364945365533,1.0053007776060974,5000.976323179803,5031.96190830908,4972.208721931566,5001.884071986914,1.0051183342370538,1.0113459541452192,0.9993364945365533,1.0053007776060974,3810.530945835258,3834.1406418985353,3788.611259016154,3811.2226117614705
2024-02-21,0.9979664921197442,1.0015278770578169,0.9927437439872369,0.9985393459120666,4971.669470442142,4989.411577926632,4945.650783795617,4974.523313464733,0.9979664921197442,1.0015278770578169,0.9927437439872369,0.9985393459120666,3808.6778560532534,3822.269663050408,3788.745558408898,3810.8641173864776
2024-02-22,1.001902544442132,1.0069417669427656,0.9963402882529839,1.0022062236586486,5096.708300653458,5122.342976690857,5068.412936551576,5098.253125938255,1.001902544442132,1.0069417669427656,0.9963402882529839,1.0022062236586486,3806.8247662712483,3825.9717752538886,3785.6904406478075,3807.978624566999
2024-02-23,1.0021080612573174,1.0072061731469892,0.9965182677222832,1.002391117266742,5099.527502126237,5125.470773910399,5071.082160785155,5100.967917546996,1.0021080612573174,1.0072061731469892,0.9965182677222832,1.002391117266742,3804.9716764892437,3824.3290413221703,3783.747412459732,3806.0464309397453
2024-02-26,0.9975696443948296,1.0009290887964033,0.99231965693966,0.998033183268634,5057.20923934892,5074.240043526031,5030.594270445314,5059.559163575838,0.9975696443948296,1.0009290887964033,0.99231965693966,0.998033183268634,3803.1185867072386,3815.9260789123414,3783.1036183459587,3804.8857749096182
2024-02-27,1.0025257706079034,1.0078080608499311,0.9969319239570245,1.0027990514555847,5091.006317785643,5117.8307384469035,5062.599757600083,5092.394087120721,1.0025257706079034,1.0078080608499311,0.9969319239570245,1.0027990514555847,3804.799735212069,3824.847156538699,3783.569890673334,3805.8368944825643
2024-02-28,1.0016615032586602,1.0065800859582685,0.9961037770225152,1.0019626790800964,5078.183422760625,5103.119456587791,5050.007084597667,5079.71031189311,1.0016615032586602,1.0065800859582685,0.9961037770225152,1.0019626790800964,3806.4808837169003,3825.172318857545,3785.3605964681697,3807.625402102807
2024-02-29,1.001400196495965,1.006193609441545,0.9958950415565118,1.00177861993703,5103.405779396491,5127.834305988663,5075.350023433205,5105.334327426488,1.001400196495965,1.006193609441545,0.9958950415565118,1.00177861993703,3808.162032221731,3826.3906018265616,3787.2268236055543,3809.601115003429
2024-03-01,1.0042227148446587,1.0100577785623335,0.9985367790176018,1.0045272285262024,5158.772423974199,5188.747613096992,5129.563316755742,5160.336735117384,1.0042227148446587,1.0100577785623335,0.9985367790176018,1.0045272285262024,3809.843180726562,3831.9803793631477,3788.271746903625,3810.9984517196567
2024-03-04,1.0022102236184625,1.0072443201196455,0.9966775909377679,1.002597826174823,5142.29054687515,5168.1202443178945,5113.90288522214,5144.279316211708,1.0022102236184625,1.0072443201196455,0.9966775909377679,1.002597826174823,3811.5243292313926,3830.6695952023197,3790.483071050019,3812.9984277177427
2024-03-05,1.0055616735848931,1.0119337751519941,0.9997976556731805,1.005787032298175,5106.895793551917,5139.257467175675,5077.6223639845975,5108.040311581126,1.0055616735848931,1.0119337751519941,0.9997976556731805,1.005787032298175,3818.8684515567584,3843.068078774017,3796.978171989148,3819.7243068494204
2024-03-06,1.0063908934030084,1.0130550577295088,1.0004822150184258,1.0064298087874328,5137.383977007941,5171.402936495288,5107.221591937459,5137.582630705736,1.0063908934030084,1.0130550577295088,1.0004822150184258,1.0064298087874328,3826.2125738821246,3851.5491598027825,3803.748281251585,3826.360526863594
2024-03-07,1.0031772493752984,1.0085756494653486,0.9975818530036553,1.0035206252852356,5173.746218838189,5201.58771152661,5144.888745406932,5175.517132021062,1.0031772493752984,1.0085756494653486,0.9975818530036553,1.0035206252852356,3833.5566962074904,3854.1862238676385,3812.174363980753,3834.8688780972566
2024-03-08,1.0067225336465386,1.0134843303811811,1.00083936604992,1.0068106824675476,5158.134178419433,5192.779528730754,5127.990651436314,5158.585825652149,1.0067225336465386,1.0134843303811811,1.00083936604992,1.0068106824675476,3840.9008185328566,3866.6987814718286,3818.4550477447833,3841.237128556175
2024-03-11,1.009634101334527,1.0174896433007978,1.0034778252555474,1.0094968253889953,5167.246752584028,5207.450945034885,5135.739300988376,5166.544182531355,1.009634101334527,1.0174896433007978,1.0034778252555474,1.0094968253889953,3848.2449408582224,3878.186530181962,3824.780144805727,3847.721710252011
2024-03-12,1.0035398840341119,1.0091168596399092,0.9979305401755914,1.0038595372954284,5193.589855645218,5222.452210188633,5164.5599866545335,5195.244147578912,1.0035398840341119,1.0091168596399092,0.9979305401755914,1.0038595372954284,3853.4612285087182,3874.8760816811587,3831.9220855009776,3854.688655010292
2024-03-13,1.004419529381707,1.0103366090905928,0.9986857906295403,1.0045573884764587,5188.138239310626,5218.70179030173,5158.5217011966715,5188.850324271338,1.004419529381707,1.0103366090905928,0.9986857906295403,1.0045573884764587,3858.677516159214,3881.4091554454935,3836.6502176456775,3859.207129307659
2024-03-14,1.0081004738244561,1.0153743936670088,1.0020952359153374,1.0081123287001525,5192.201328423384,5229.665507094055,5161.271470677227,5192.262386723562,1.0081004738244561,1.0153743936670088,1.0020952359153374,1.0081123287001525,3863.8938038097094,3891.7736179143717,3840.876652097223,3863.9392417218396
2024-03-15,1.0050549148950128,1.0112009956491255,0.99932409677044,1.0052944595137512,5142.956454460121,5174.406502826184,5113.631342343051,5144.182225833221,1.0050549148950128,1.0112009956491255,0.99932409677044,1.0052944595137512,3869.1100914602052,3892.7703539157656,3847.048444967562,3870.0322545062045
2024-03-18,1.0067774891290215,1.0135550214898847,1.0009575024558648,1.0070061857024108,5184.320138070766,5219.220498760443,5154.35058229628,5185.497792779708,1.0067774891290215,1.0135550214898847,1.0009575024558648,1.0070061857024108,3874.326379110701,3900.407983729896,3851.9296448398636,3875.2064595422385
2024-03-19,1.0074101328286675,1.0144223882806562,1.0014752880050286,1.0074411803999817,5216.883446954584,5253.1964819352615,5186.149793686921,5217.04422711311,1.0074101328286675,1.0144223882806562,1.0014752880050286,1.0074411803999817,3879.011323156103,3906.011863862153,3856.1593291946874,3879.130871170124
2024-03-20,1.0079189180764703,1.0150949670923017,1.0019458666755303,1.0079289848128234,5265.993337760688,5303.485466969782,5234.786413950309,5266.045932632774,1.0079189180764703,1.0150949670923017,1.0019458666755303,1.0079289848128234,3883.696267201505,3911.3468988904374,3860.6810057418793,3883.735056181151
2024-03-21,1.0074178814324883,1.0143934204232954,1.0015859738303765,1.0076742345610534,5280.4110480648305,5316.9735449513155,5249.842929411133,5281.754730678798,1.0074178814324883,1.0143934204232954,1.0015859738303765,1.0076742345610534,3888.3812112469072,3915.3050481670994,3865.871505628485,3889.370670245927
2024-03-22,1.0055217384728936,1.011838526929643,0.999783708186303,1.005729692629901,5263.081773080051,5296.144980884599,5233.047889714584,5264.170242569576,1.0055217384728936,1.011838526929643,0.999783708186303,1.005729692629901,3893.0661552923093,3917.522787516353,3870.8502939617583,3893.8712888458886
2024-03-25,1.0060461401376275,1.0126207782876753,1.0002455249740227,1.0061949664870178,5249.739908004766,5284.0476190529635,5219.471195964195,5250.5165121728905,1.0060461401376275,1.0126207782876753,1.0002455249740227,1.0061949664870178,3897.7510993377114,3923.2233933555494,3875.277622994288,3898.3277011890605
2024-03-26,1.006612026635125,1.0133121921670698,1.0006798044158562,1.0065972978392517,5237.986209558004,5272.851056916721,5207.117416662261,5237.9095670903735,1.006612026635125,1.0133121921670698,1.0006798044158562,1.0065972978392517,3905.04827751454,3931.040883580499,3882.0348288906184,3904.991138659218
2024-03-27,1.0065995096597222,1.013237567151811,1.000733985037957,1.0066929036894714,5283.127460453955,5317.967238820608,5252.342313131867,5283.617638085154,1.0065995096597222,1.013237567151811,1.000733985037957,1.0066929036894714,3912.345455691369,3938.1455617062934,3889.547949454786,3912.7084498160143
2024-03-28,1.0068558096322564,1.0136736347329878,1.0010277167274102,1.0069985563078796,5290.372823341247,5326.1960626592745,5259.749983386668,5291.122864336307,1.0068558096322564,1.0136736347329878,1.0010277167274102,1.0069985563078796,3919.6426338681977,3946.1841085058068,3896.954140436031,3920.1983400083054
2024-04-01,1.0076591610345391,1.0147646381509565,1.001728369326745,1.0076998645583068,5283.932878858086,5321.192366596842,5252.833171224505,5284.146318774913,1.0076591610345391,1.0147646381509565,1.001728369326745,1.0076998645583068,3926.9398120450264,3954.630505536452,3903.8269749123074,3927.0984373958936
2024-04-02,1.009360754433587,1.0170995905053877,1.003307594390069,1.0093476945677673,5254.540309037911,5294.827219248853,5223.028707951765,5254.472321857829,1.009360754433587,1.0170995905053877,1.003307594390069,1.0093476945677673,3934.236990221855,3964.401047028311,3910.6432790077656,3934.1860861154996
2024-04-03,1.0065357326898126,1.0132145597589277,1.0007119313193902,1.0066809827605163,5245.550905555631,5280.357546038054,5215.200222951688,5246.307874846603,1.0065357326898126,1.0132145597589277,1.0007119313193902,1.0066809827605163,3939.461220064944,3965.6013553624625,3916.6675537230353,3940.0297115771327
2024-04-04,1.0097742914590386,1.0177054121148847,1.0036767855598077,1.00970258062276,5197.520330740878,5238.343474291856,5166.135187401298,5197.151220007277,1.0097742914590386,1.0177054121148847,1.0036767855598077,1.00970258062276,3944.6854499080323,3975.6683898751176,3920.865529946839,3944.4053113712707
2024-04-05,1.008799517098382,1.0163321210992597,1.0028075114204034,1.0088800365248596,5250.135678815793,5289.337911121722,5218.951243985663,5250.554729287788,1.008799517098382,1.0163321210992597,1.0028075114204034,1.0088800365248596,3949.909679751121,3979.403255979605,3926.4482477942074,3950.224949987339
2024-04-08,1.0068971752557305,1.0136595680368208,1.001034690470849,1.006997125796405,5238.27179557866,5273.452400159076,5207.77286335864,5238.791777271959,1.0068971752557305,1.0136595680368208,1.001034690470849,1.006997125796405,3955.1339095942094,3981.696869204948,3932.105825955702,3955.526519467808
2024-04-09,1.0066394447717217,1.0133815719735884,1.0008277431441888,1.0067758733549987,5244.50090971064,5279.626785640918,5214.22246728434,5245.211690350941,1.0066394447717217,1.0133815719735884,1.0008277431441888,1.0067758733549987,3960.358139437298,3986.8832656676627,3937.4935279181254,3960.8948818161502
2024-04-10,1.005170309487298,1.0113531067025923,0.9994478360129937,1.0053746873656189,5187.3221059525295,5219.229296573666,5157.790480442096,5188.376826606508,1.005170309487298,1.0113531067025923,0.9994478360129937,1.0053746873656189,3965.5237660374232,3989.915681582904,3942.9478857625204,3966.3300625685524
2024-04-11,1.0052402853402642,1.01143595715883,0.9995454684211358,1.0055345470229065,5226.304557901154,5258.5162274261875,5196.69686304959,5227.834442044912,1.0052402853402642,1.01143595715883,0.9995454684211358,1.0055345470229065,3970.6893926375483,3995.162236323787,3948.194920953953,3971.85172343444
2024-04-12,1.0055613159570245,1.011938066686418,0.9998450413657769,1.0058381730833923,5151.902901787379,5184.5736102418605,5122.616083383835,5153.321354357183,1.0055613159570245,1.011938066686418,0.9998450413657769,1.0058381730833923,3975.855019237674,4001.0678391737283,3953.253633658991,3976.949675304901
2024-04-15,1.007648551407769,1.0147721483361982,1.0016251936866387,1.0075297529021179,5100.535590486874,5136.593955891135,5070.046437906902,5099.934253834998,1.007648551407769,1.0147721483361982,1.0016251936866387,1.0075297529021179,3981.020645837799,4009.1645720163096,3957.2235477210143,3980.5512963775814
2024-04-16,1.0065216659936456,1.0131334974420332,1.0006661549522027,1.0066381866255676,5084.353608816961,5117.752680313661,5054.775021787106,5084.942202302258,1.0065216659936456,1.0131334974420332,1.0006661549522027,1.0066381866255676,3986.186272437924,4012.3714929311336,3962.9963516243806,3986.647735870969
2024-04-17,1.009029591027215,1.0166177465570234,1.003009809584771,1.0090302402296936,5067.558502352789,5105.667812936149,5037.325895794733,5067.561762783969,1.009029591027215,1.0166177465570234,1.003009809584771,1.0090302402296936,3990.2249824144697,4020.232474796,3966.419652507483,3990.227549696908
2024-04-18,1.008433544579461,1.015868993009355,1.0024980441047295,1.0085426742354309,5053.381503913029,5090.641428249039,5023.637998774092,5053.9283657146525,1.008433544579461,1.015868993009355,1.0024980441047295,1.0085426742354309,3994.2636923910154,4023.7144597319175,3970.7540083173108,3994.695939637199
2024-04-19,1.00654169315429,1.0132466270578169,1.00067086371914,1.0066220933714782,4999.7240944867835,5033.029043320399,4970.562334391623,5000.123460857608,1.00654169315429,1.0132466270578169,1.00067086371914,1.0066220933714782,3998.302402367561,4024.9365234541647,3974.9816084112863,3998.621777495011
2024-04-22,1.0040115951928643,1.0097326948297285,0.9983811512900933,1.0043204004088317,5030.700498873366,5059.366640713838,5002.4885966541415,5032.247798288493,1.0040115951928643,1.0097326948297285,0.9983811512900933,1.0043204004088317,4002.341112344107,4025.147414974546,3979.8961951532065,4003.5721178598706
2024-04-23,1.0050658821496514,1.0112424804818891,0.9993358388854607,1.00524701421651,5096.2368087339155,5127.555559407443,5067.182337860673,5097.155247935525,1.0050658821496514,1.0112424804818891,0.9993358388854607,1.00524701421651,4006.3798223206527,4031.0008938029814,3983.53880252046,4007.101848479062
2024-04-24,1.003711783829644,1.009362907613542,0.9980610147430047,1.0039441758910095,5090.454794223938,5119.115203140068,5061.7961842010645,5091.633400774121,1.003711783829644,1.009362907613542,0.9980610147430047,1.0039441758910095,4014.112959933682,4036.713321496224,3991.514016900727,4015.0423581935615
2024-04-25,1.00550409549804,1.0117635442865156,0.9997111693336114,1.0056411201277649,5076.206985794216,5107.807312246931,5046.961861487191,5076.8987436754105,1.00550409549804,1.0117635442865156,0.9997111693336114,1.0056411201277649,4021.846097546711,4046.8828326484754,3998.675373934448,4022.3941728601717
2024-04-26,1.0055269836816338,1.0118009760034345,0.9997751251174554,1.005733984164325,5128.147395696986,5160.144505578476,5098.813147094018,5129.203089878691,1.0055269836816338,1.0118009760034345,0.9997751251174554,1.005733984164325,4029.5792351597406,4054.721821675832,4006.5290632499555,4030.4087751524576
2024-04-29,1.0067624687585381,1.0135297491205,1.0008936062766656,1.00684716051015,5150.76793978837,5185.390496557829,5120.741841624488,5151.201237187215,1.0067624687585381,1.0135297491205,1.0008936062766656,1.00684716051015,4037.31237277277,4064.450476926634,4013.7770982194943,4037.6520030900147
2024-04-30,1.0096510290536431,1.0175194456231855,1.0036015644981011,1.0096962625304138,5084.28959049514,5123.912497130219,5053.826362327442,5084.517372261779,1.0096510290536431,1.0175194456231855,1.0036015644981011,1.0096962625304138,4045.045510385799,4076.569375763627,4020.8090576546315,4045.2267328744265
2024-05-01,1.0102610229882745,1.0182757093560957,1.004136575789605,1.0102393800536071,5069.883815154127,5110.1046370755375,5039.148950576796,5069.775202467222,1.0102610229882745,1.0182757093560957,1.004136575789605,1.0102393800536071,4051.3572817331733,4083.497844655254,4026.796971882233,4051.270489053888
2024-05-02,1.0098279356393365,1.017706127370622,1.003749145598565,1.0098037893095886,5113.970631664728,5153.867370230304,5083.186423140252,5113.848349821618,1.0098279356393365,1.017706127370622,1.003749145598565,1.0098037893095886,4057.6690530805477,4089.325034910793,4033.2433887093234,4057.5720288138327
2024-05-03,1.0126095652017144,1.0215896083963178,1.0063071385337456,1.0123901540556823,5192.449202345699,5238.4969780385545,5160.131681901956,5191.324108065187,1.0126095652017144,1.0215896083963178,1.0063071385337456,1.0123901540556823,4063.9808244279225,4100.021095623794,4038.686829579191,4063.1002454557474
2024-05-06,1.0130107044610528,1.0220988704812788,1.0066392556144341,1.012740510157672,5248.145077029554,5295.2285022571805,5215.136257131923,5246.745270594258,1.0130107044610528,1.0220988704812788,1.0066392556144341,1.012740510157672,4070.292595775297,4106.808986666727,4044.692016284332,4069.206950907352
2024-05-07,1.0078018545541314,1.0148944570672773,1.0018863812400445,1.0079180175581848,5228.173680870467,5264.967974927914,5197.4859799589785,5228.776299686595,1.0078018545541314,1.0148944570672773,1.0018863812400445,1.0079180175581848,4076.604367122671,4105.294267075424,4052.6760083517165,4077.0742517606905
2024-05-08,1.007026278916314,1.0139190866601728,1.0011603966666802,1.007125275782672,5224.120016345795,5259.877628294379,5193.689754975837,5224.633579419495,1.007026278916314,1.0139190866601728,1.0011603966666802,1.007125275782672,4080.2686422047323,4108.196917645845,4056.501263037823,4080.6697576651077
2024-05-09,1.0088452934655694,1.0164274885309004,1.0027911201430901,1.0088434392729675,5260.200067752956,5299.734239399197,5228.633123715684,5260.190399844394,1.0088452934655694,1.0164274885309004,1.0027911201430901,1.0088434392729675,4083.9329172867933,4114.626598679927,4059.424860522512,4083.9254112814115
2024-05-10,1.0069670318994073,1.0138166858804487,1.0010775462104424,1.0071070367613708,5259.066578160397,5294.840129014102,5228.307679042354,5259.797778752876,1.0069670318994073,1.0138166858804487,1.0010775462104424,1.0071070367613708,4087.597192368854,4115.402101064614,4063.6899100010296,4088.165516318448
2024-05-13,1.0084845661553887,1.0158639862191938,1.00245411548153,1.0084438497343933,5265.72148341507,5304.252534924623,5234.233967657571,5265.5088858801555,1.0084845661553887,1.0158639862191938,1.00245411548153,1.0084438497343933,4091.261467450915,4121.198600821509,4066.7968883177127,4091.096287407609
2024-05-14,1.0044942736062554,1.0102870180261396,0.9988436237289056,1.004848139933673,5270.260015444468,5300.652691737387,5240.612863745974,5272.116638827204,1.0044942736062554,1.0102870180261396,0.9988436237289056,1.004848139933673,4094.925742532976,4118.540469732701,4071.8902785658906,4096.368315548705
2024-05-15,1.0079663633737115,1.0151257230890058,1.002077592940484,1.0081302100935852,5350.436651742166,5388.439607014906,5319.178174967029,5351.306374708263,1.0079663633737115,1.0151257230890058,1.002077592940484,1.0081302100935852,4105.101559304499,4134.259177850922,4081.11861546209,4105.768850842868
2024-05-16,1.0107748150262383,1.0190570070398115,1.0047015086127862,1.0108788186827575,5354.175272675488,5398.046871990586,5322.00436127279,5354.726190444435,1.0107748150262383,1.0190570070398115,1.0047015086127862,1.0108788186827575,4115.277376076022,4148.997564698737,4090.5504635038997,4115.700817468051
2024-05-17,1.007914507332757,1.015113444532182,1.0019596949531182,1.0079600984373962,5345.24276930259,5383.420676984186,5313.662791454024,5345.484551240091,1.007914507332757,1.015113444532182,1.0019596949531182,1.0079600984373962,4125.453192847544,4154.91886502352,4101.0797965270585,4125.6397999127585
2024-05-20,1.0091173290643243,1.0167445852411054,1.0030850306464776,1.009128826312152,5356.525967926212,5397.01243525587,5324.505743725487,5356.586996812323,1.0091173290643243,1.0167445852411054,1.0030850306464776,1.009128826312152,4135.629009619068,4166.887517425826,4110.907059442414,4135.676128373526
2024-05-21,1.0124249100122003,1.0213111354959272,1.0061006680442437,1.0121743852415954,5387.528040388022,5434.815289539382,5353.874155937318,5386.194895368478,1.0124249100122003,1.0213111354959272,1.0061006680442437,1.0121743852415954,4145.80482639059,4182.193259877856,4119.907525153998,4144.778946058298
2024-05-22,1.0100251078042535,1.01801714440706,1.0039525166465386,1.0100190812865173,5360.213347368252,5402.627165539712,5327.986045368347,5360.18136457836,1.0100251078042535,1.01801714440706,1.0039525166465386,1.0100190812865173,4153.170529595651,4186.033366998164,4128.200351686576,4153.145748869247
2024-05-23,1.0051476597222833,1.0113109066140913,0.9994280472709283,1.0053399974623596,5294.957047791433,5327.424046297975,5264.827044535687,5295.970252232117,1.0051476597222833,1.0113109066140913,0.9994280472709283,1.0053399974623596,4160.53623280071,4186.047322397386,4136.861447696982,4161.332362731256
2024-05-24,1.0067206262979058,1.0134041025293135,1.000856055350457,1.0068131858626281,5340.371040735027,5375.8250107693,5309.261133938677,5340.862043309201,1.0067206262979058,1.0134041025293135,1.000856055350457,1.0068131858626281,4167.901936005771,4195.572049040576,4143.622154736561,4168.285139825108
2024-05-28,1.009618961754754,1.0174956037652754,1.003542675109063,1.0095617944518005,5357.0785958291945,5398.872373402702,5324.837575835692,5356.775263833031,1.009618961754754,1.0174956037652754,1.003542675109063,1.0095617944518005,4175.267639210831,4207.8414019252505,4150.139225463304,4175.031224484994
2024-05-29,1.008883321228936,1.0165039016855024,1.0028307572318658,1.0088088685789978,5313.7380087467445,5353.8752249824565,5281.8594568023755,5313.345870362152,1.008883321228936,1.0165039016855024,1.0028307572318658,1.0088088685789978,4182.633342415891,4214.226781652622,4157.540593384799,4182.324676260439
2024-05-30,1.0092829107675103,1.0169951631677412,1.0031674042655572,1.0091310912886535,5284.080493665085,5324.457836861445,5252.062881684239,5283.285645819919,1.0092829107675103,1.0169951631677412,1.0031674042655572,1.0091310912886535,4187.539722266146,4219.53804793833,4162.166334759534,4186.909819498999
2024-05-31,1.0083092092904595,1.0156105472696089,1.002291752429162,1.0082471544066345,5321.361935122493,5359.894819320833,5289.604746362426,5321.034439852558,1.0083092092904595,1.0156105472696089,1.002291752429162,1.0082471544066345,4192.446102116401,4222.804315320125,4167.426134699309,4192.188084284755
2024-06-03,1.0111082434091119,1.0195109560144209,1.0049528017951592,1.0110387975493347,5342.089293227701,5386.48418500659,5309.5676330045435,5341.722382972154,1.0111082434091119,1.0195109560144209,1.0049528017951592,1.0110387975493347,4197.3524819666545,4232.234154467149,4171.799769579687,4197.064195570219
2024-06-04,1.01001008743377,1.0180393173349165,1.0039578810645684,1.0100563937941467,5344.306776041805,5386.792161386938,5312.282494392193,5344.55179873872,1.01001008743377,1.0180393173349165,1.0039578810645684,1.0100563937941467,4202.258861816909,4235.665362331559,4177.077986729669,4202.451524559264
2024-06-05,1.0058651804360894,1.0122947408807539,1.0001030102683648,1.0060835058012878,5385.432352010235,5419.856411517782,5354.581520067133,5386.601272565269,1.0058651804360894,1.0122947408807539,1.0001030102683648,1.0060835058012878,4207.165241667164,4234.057735560096,4183.064196598965,4208.078416619138
2024-06-06,1.007175171318963,1.0141113712442182,1.0012892619086846,1.0072405511656677,5391.368405063556,5428.497605815451,5359.861367426713,5391.718380767773,1.007175171318963,1.0141113712442182,1.0012892619086846,1.0072405511656677,4219.80394795737,4248.864834942981,4195.143507078664,4220.077872636113
2024-06-07,1.0114888786706475,1.0200811340463423,1.005239976973687,1.0112729245940124,5408.420919363165,5454.363622934451,5375.008104478535,5407.266215074938,1.0114888786706475,1.0200811340463423,1.005239976973687,1.0112729245940124,4232.442654247576,4268.395820827195,4206.294944033327,4231.539022715304
2024-06-10,1.0117009519967584,1.0203482820642256,1.0054465666724786,1.0115313703337585,5423.516346454702,5469.87286700708,5389.987900152157,5422.607254771509,1.0117009519967584,1.0203482820642256,1.0054465666724786,1.0115313703337585,4245.0813605377825,4281.365422162289,4218.838057603927,4244.369798533942
2024-06-11,1.0103895306024102,1.018500418866899,1.0042293206168755,1.0102375919142639,5431.167051637747,5474.765671543619,5398.0539516983035,5430.350332568581,1.0103895306024102,1.018500418866899,1.0042293206168755,1.0102375919142639,4257.720066827988,4291.898856965416,4231.761316388792,4257.079806431522
2024-06-12,1.0150204538735894,1.02490350743654,1.008484138579522,1.014544265917865,5502.456331062344,5556.032660918706,5467.022769763746,5499.874901868723,1.0150204538735894,1.02490350743654,1.008484138579522,1.014544265917865,4270.358773118194,4311.9384125497745,4242.859414604416,4268.35537170237
2024-06-13,1.014026248398736,1.0235341503274702,1.007627023787652,1.0137524778166687,5509.954986974147,5561.618454000388,5475.183264235915,5508.467388811545,1.014026248398736,1.0235341503274702,1.007627023787652,1.0137524778166687,4284.166151455376,4324.336148710145,4257.130025400791,4283.009496326568
2024-06-14,1.0126489042672662,1.0216202451837324,1.0063965455009087,1.0125519210616027,5500.303788418083,5549.032523739961,5466.343476542736,5499.777014438202,1.0126489042672662,1.0216202451837324,1.0063965455009087,1.0125519210616027,4297.973529792559,4336.050483831844,4271.436718896571,4297.561905142575
2024-06-17,1.0134271025094537,1.0227400972497724,1.0071153775169,1.0132600242415344,5546.719620267817,5597.691782470371,5512.174097686822,5545.8051624794925,1.0134271025094537,1.0227400972497724,1.0071153775169,1.0132600242415344,4311.780908129741,4351.404471402704,4284.9267069219095,4311.070048035321
2024-06-18,1.0143229603204278,1.0239641382348799,1.007845415206109,1.0139156753340637,5565.620512966997,5618.521945418933,5530.078028598376,5563.385728028267,1.0143229603204278,1.0239641382348799,1.007845415206109,1.0139156753340637,4325.588286466924,4366.703165934232,4297.964744096645,4323.8514164213975
2024-06-20,1.0161665319833306,1.026483507360246,1.0095859900428399,1.015743749789325,5561.652177855206,5618.118737978878,5525.63575312277,5559.338219034439,1.0161665319833306,1.026483507360246,1.0095859900428399,1.015743749789325,4339.395664804106,4383.452851116961,4311.294389796659,4337.590233152815
2024-06-21,1.007826881685977,1.0146322981056484,1.0014273693796336,1.0066411367619084,5507.390934198824,5544.579948874088,5472.420031259333,5500.911288771859,1.007826881685977,1.0146322981056484,1.0014273693796336,1.0066411367619084,4346.188452095518,4375.536371656264,4318.5909678546295,4341.075003556125
2024-06-24,1.007826881685977,1.0146322981056484,1.0014273693796336,1.0066411367619084,5490.509833930583,5527.584857880818,5455.646122822224,5484.050049731098,1.007826881685977,1.0146322981056484,1.0014273693796336,1.0066411367619084,4352.981239386931,4382.375027684667,4325.340622216512,4347.8597988866195
2024-06-25,1.007826881685977,1.0146322981056484,1.0014273693796336,1.0066411367619084,5512.107564005114,5549.328428029223,5477.10671134803,5505.622369291906,1.007826881685977,1.0146322981056484,1.0014273693796336,1.0066411367619084,4359.774026678344,4389.213683713071,4332.090276578396,4354.644594217114
2024-06-26,1.007826881685977,1.0146322981056484,1.0014273693796336,1.0066411367619084,5520.774875187613,5558.054265792931,5485.718986724694,5514.279483068058,1.007826881685977,1.0146322981056484,1.0014273693796336,1.0066411367619084,4366.566813969756,4396.0523397414745,4338.8399309402785,4361.429389547608
2024-06-27,1.007826881685977,1.0146322981056484,1.0014273693796336,1.0066411367619084,5525.783774789593,5563.096988314516,5490.696080750512,5519.282489517765,1.007826881685977,1.0146322981056484,1.0014273693796336,1.0066411367619084,4373.359601261169,4402.890995769878,4345.589585302161,4368.214184878102
2024-06-28,1.007826881685977,1.0146322981056484,1.0014273693796336,1.0066411367619084,5503.2185309086435,5540.37937115993,5468.274121950101,5496.743794465665,1.007826881685977,1.0146322981056484,1.0014273693796336,1.0066411367619084,4380.205554895029,4409.783177149907,4352.392068410156,4375.052083998911
2024-07-01,1.007826881685977,1.0146322981056484,1.0014273693796336,1.0066411367619084,5517.942881650076,5555.203149035255,5482.904975816738,5511.450821473757,1.007826881685977,1.0146322981056484,1.0014273693796336,1.0066411367619084,4387.05150852889,4416.675358529936,4359.1945515181515,4381.8899831197205
2024-07-02,1.007826881685977,1.0146322981056484,1.0014273693796336,1.0066411367619084,5552.1283694768645,5589.619476586998,5516.873392186096,5545.596088832721,1.007826881685977,1.0146322981056484,1.0014273693796336,1.0066411367619084,4393.89746216275,4423.567539909965,4365.997034626146,4388.72788224053
2024-07-03,1.007826881685977,1.0146322981056484,1.0014273693796336,1.0066411367619084,5580.357600432889,5618.039327256937,5544.923372802419,5573.792107073422,1.007826881685977,1.0146322981056484,1.0014273693796336,1.0066411367619084,4400.743415796611,4430.459721289993,4372.799517734141,4395.56578136134
2024-07-05,1.007826881685977,1.0146322981056484,1.0014273693796336,1.0066411367619084,5610.763737453354,5648.650783690784,5575.136436536602,5604.162470169528,1.007826881685977,1.0146322981056484,1.0014273693796336,1.0066411367619084,4407.589369430471,4437.351902670021,4379.602000842136,4402.403680482149
2024-07-08,1.007826881685977,1.0146322981056484,1.0014273693796336,1.0066411367619084,5616.468037603698,5654.393602498063,5580.804515447291,5609.860059003601,1.007826881685977,1.0146322981056484,1.0014273693796336,1.0066411367619084,4414.4889055334515,4444.29802833827,4386.457726180587,4409.295099030357
2024-07-09,1.007826881685977,1.0146322981056484,1.0014273693796336,1.0066411367619084,5620.630362625059,5658.5840338892385,5584.940410482829,5614.017486898428,1.007826881685977,1.0146322981056484,1.0014273693796336,1.0066411367619084,4421.388441636433,4451.244154006519,4393.3134515190395,4416.186517578567
2024-07-10,1.007826881685977,1.0146322981056484,1.0014273693796336,1.0066411367619084,5678.005946999442,5716.347050620393,5641.951670621612,5671.325566814283,1.007826881685977,1.0146322981056484,1.0014273693796336,1.0066411367619084,4428.287977739413,4458.190279674768,4400.169176857491,4423.077936126775
2024-07-11,1.007826881685977,1.0146322981056484,1.0014273693796336,1.0066411367619084,5628.249533850606,5666.254654062917,5592.511201395339,5621.627693892347,1.007826881685977,1.0146322981056484,1.0014273693796336,1.0066411367619084,4435.187513842394,4465.136405343017,4407.0249021959435,4429.969354674984
2024-07-12,1.007826881685977,1.0146322981056484,1.0014273693796336,1.0066411367619084,5659.300680075351,5697.515475167553,5623.365178645926,5652.642307315982,1.007826881685977,1.0146322981056484,1.0014273693796336,1.0066411367619084,4442.087049945374,4472.082531011265,4413.880627534395,4436.860773223193
2024-07-15,1.007826881685977,1.0146322981056484,1.0014273693796336,1.0066411367619084,5675.294892687708,5713.617689738489,5639.257830997981,5668.6177021563935,1.007826881685977,1.0146322981056484,1.0014273693796336,1.0066411367619084,4449.0405879011205,4479.083023183295,4420.790011823942,4443.806130089027
2024-07-16,1.007826881685977,1.0146322981056484,1.0014273693796336,1.0066411367619084,5711.556503890769,5750.1241598243305,5675.28918774826,5704.836650257087,1.007826881685977,1.0146322981056484,1.0014273693796336,1.0066411367619084,4455.994125856867,4486.083515355325,4427.69939611349,4450.75148695486
2024-07-17,1.007826881685977,1.0146322981056484,1.0014273693796336,1.0066411367619084,5632.0087281192955,5670.039232534852,5596.246525483126,5625.38246533247,1.007826881685977,1.0146322981056484,1.0014273693796336,1.0066411367619084,4462.947663812614,4493.084007527355,4434.6087804030385,4457.696843820696
2024-07-18,1.007826881685977,1.0146322981056484,1.0014273693796336,1.0066411367619084,5587.986849927252,5625.720093753597,5552.504177988623,5581.41238047871,1.007826881685977,1.0146322981056484,1.0014273693796336,1.0066411367619084,4469.901201768361,4500.084499699386,4441.518164692586,4464.64220068653
2024-07-19,1.007826881685977,1.0146322981056484,1.0014273693796336,1.0066411367619084,5548.0869836813035,5585.550801071594,5512.857668434883,5541.559457874306,1.007826881685977,1.0146322981056484,1.0014273693796336,1.0066411367619084,4476.854739724107,4507.084991871416,4448.427548982133,4471.587557552363
2024-07-22,1.007826881685977,1.0146322981056484,1.0014273693796336,1.0066411367619084,5607.961978722267,5645.8301059020505,5572.352468449727,5601.36400780933,1.007826881685977,1.0146322981056484,1.0014273693796336,1.0066411367619084,4483.862702198732,4514.140276067419,4455.391012205037,4478.587274904653
2024-07-23,1.007826881685977,1.0146322981056484,1.0014273693796336,1.0066411367619084,5599.22411965805,5637.033243877475,5563.670093157206,5592.636429153605,1.007826881685977,1.0146322981056484,1.0014273693796336,1.0066411367619084,4490.870664673357,4521.1955602634225,4462.354475427942,4485.586992256943
2024-07-24,1.007826881685977,1.0146322981056484,1.0014273693796336,1.0066411367619084,5469.607504404416,5506.541384018107,5434.876519181291,5463.172312554656,1.007826881685977,1.0146322981056484,1.0014273693796336,1.0066411367619084,4497.878627147983,4528.250844459428,4469.317938650847,4492.586709609233
2024-07-25,1.007826881685977,1.0146322981056484,1.0014273693796336,1.0066411367619084,5441.479056136561,5478.222996577979,5406.926681301906,5435.076958427631,1.007826881685977,1.0146322981056484,1.0014273693796336,1.0066411367619084,4504.886589622608,4535.306128655431,4476.281401873752,4499.586426961523
2024-07-26,1.007826881685977,1.0146322981056484,1.0014273693796336,1.0066411367619084,5501.827729811917,5538.979178588545,5466.892152180359,5495.354629696934,1.007826881685977,1.0146322981056484,1.0014273693796336,1.0066411367619084,4511.894552097233,4542.3614128514355,4483.244865096656,4506.586144313812
2024-07-29,1.007826881685977,1.0146322981056484,1.0014273693796336,1.0066411367619084,5506.302481166603,5543.4841459921345,5471.338489700403,5499.824116344157,1.007826881685977,1.0146322981056484,1.0014273693796336,1.0066411367619084,4518.957365065006,4549.471917922102,4490.262830522332,4513.640647625653
2024-07-30,1.007826881685977,1.0146322981056484,1.0014273693796336,1.0066411367619084,5478.990372672913,5515.9876107134705,5444.199807990215,5472.544141537909,1.007826881685977,1.0146322981056484,1.0014273693796336,1.0066411367619084,4526.020178032781,4556.582422992769,4497.280795948007,4520.695150937496
2024-07-31,1.007826881685977,1.0146322981056484,1.0014273693796336,1.0066411367619084,5565.522388734471,5603.103939828822,5530.182361925151,5558.974349540286,1.007826881685977,1.0146322981056484,1.0014273693796336,1.0066411367619084,4533.082991000554,4563.692928063436,4504.298761373681,4527.749654249336
2024-08-01,1.007826881685977,1.0146322981056484,1.0014273693796336,1.0066411367619084,5489.310519941378,5526.377445446074,5454.454424252664,5482.852146778351,1.007826881685977,1.0146322981056484,1.0014273693796336,1.0066411367619084,4540.145803968328,4570.803433134104,4511.316726799357,4534.804157561179
2024-08-02,1.007826881685977,1.0146322981056484,1.0014273693796336,1.0066411367619084,5388.406892546977,5424.792459759736,5354.191516030374,5382.067236165749,1.007826881685977,1.0146322981056484,1.0014273693796336,1.0066411367619084,4547.208616936102,4577.913938204771,4518.334692225032,4541.858660873019
2024-08-05,1.007826881685977,1.0146322981056484,1.0014273693796336,1.0066411367619084,5226.922791294433,5262.217926634267,5193.732808634675,5220.773126822388,1.007826881685977,1.0146322981056484,1.0014273693796336,1.0066411367619084,4554.326709705345,4585.080096357354,4525.40758643577,4548.968378947637
2024-08-06,1.007826881685977,1.0146322981056484,1.0014273693796336,1.0066411367619084,5281.043094840969,5316.703681042541,5247.509458370361,5274.829755866503,1.007826881685977,1.0146322981056484,1.0014273693796336,1.0066411367619084,4561.444802474588,4592.246254509936,4532.480480646508,4556.078097022253
2024-08-07,1.007826881685977,1.0146322981056484,1.0014273693796336,1.0066411367619084,5240.1958713262375,5275.580634000318,5206.921607089405,5234.030590593543,1.007826881685977,1.0146322981056484,1.0014273693796336,1.0066411367619084,4568.56289524383,4599.412412662518,4539.553374857246,4563.18781509687
2024-08-08,1.007826881685977,1.0146322981056484,1.0014273693796336,1.0066411367619084,5360.943610021035,5397.1437296363565,5326.902620214779,5354.636265188987,1.007826881685977,1.0146322981056484,1.0014273693796336,1.0066411367619084,4575.680988013073,4606.578570815102,4546.626269067984,4570.297533171486
2024-08-09,1.007826881685977,1.0146322981056484,1.0014273693796336,1.0066411367619084,5385.988108030931,5422.357342244281,5351.788090343863,5379.65129743752,1.007826881685977,1.0146322981056484,1.0014273693796336,1.0066411367619084,4582.799080782316,4613.744728967685,4553.699163278723,4577.4072512461025
2024-08-12,1.007826881685977,1.0146322981056484,1.0014273693796336,1.0066411367619084,5386.219908213719,5422.590707672846,5352.018418638821,5379.882824898976,1.007826881685977,1.0146322981056484,1.0014273693796336,1.0066411367619084,4589.972886021494,4620.96697579227,4560.827416195626,4584.57261624291
2024-08-13,1.007826881685977,1.0146322981056484,1.0014273693796336,1.0066411367619084,5476.964640640725,5513.948199794279,5442.186938977763,5470.520792853018,1.007826881685977,1.0146322981056484,1.0014273693796336,1.0066411367619084,4597.146691260671,4628.189222616857,4567.955669112529,4591.737981239718
2024-08-14,1.007826881685977,1.0146322981056484,1.0014273693796336,1.0066411367619084,5497.907283242159,5535.032258948914,5462.996599713471,5491.438795674931,1.007826881685977,1.0146322981056484,1.0014273693796336,1.0066411367619084,4604.320496499849,4635.411469441443,4575.083922029432,4598.903346236525
2024-08-15,1.007826881685977,1.0146322981056484,1.0014273693796336,1.0066411367619084,5586.606127099341,5624.330047505193,5551.1322224925725,5580.033282121346,1.007826881685977,1.0146322981056484,1.0014273693796336,1.0066411367619084,4611.494301739026,4642.633716266028,4582.212174946335,4606.068711233332
2024-08-16,1.007826881685977,1.0146322981056484,1.0014273693796336,1.0066411367619084,5597.722457604338,5635.521441753297,5562.17796637683,5591.13653385983,1.007826881685977,1.0146322981056484,1.0014273693796336,1.0066411367619084,4618.6681069782035,4649.855963090615,4589.340427863238,4613.234076230139
2024-08-19,1.007826881685977,1.0146322981056484,1.0014273693796336,1.0066411367619084,5652.14510921538,5690.311585851003,5616.25504432333,5645.495155244973,1.007826881685977,1.0146322981056484,1.0014273693796336,1.0066411367619084,4625.898060742226,4657.1347375866035,4596.524472772349,4620.455523691014
2024-08-20,1.007826881685977,1.0146322981056484,1.0014273693796336,1.0066411367619084,5640.927996022216,5679.018728373087,5605.109157702135,5634.291239392813,1.007826881685977,1.0146322981056484,1.0014273693796336,1.0066411367619084,4633.128014506249,4664.413512082593,4603.708517681461,4627.676971151888
2024-08-21,1.007826881685977,1.0146322981056484,1.0014273693796336,1.0066411367619084,5664.843727924625,5703.095952807134,5628.873029177514,5658.178833568173,1.007826881685977,1.0146322981056484,1.0014273693796336,1.0066411367619084,4640.357968270271,4671.692286578581,4610.892562590571,4634.898418612761
2024-08-22,1.007826881685977,1.0146322981056484,1.0014273693796336,1.0066411367619084,5614.240740195171,5652.15126511925,5578.591360960962,5607.635382091357,1.007826881685977,1.0146322981056484,1.0014273693796336,1.0066411367619084,4647.587922034294,4678.97106107457,4618.076607499683,4642.119866073635
2024-08-23,1.007826881685977,1.0146322981056484,1.0014273693796336,1.0066411367619084,5678.711425816623,5717.057293229067,5642.652669780177,5672.030215610016,1.007826881685977,1.0146322981056484,1.0014273693796336,1.0066411367619084,4654.817875798317,4686.249835570559,4625.260652408794,4649.34131353451
2024-08-26,1.0053696206004668,1.0113008752998622,0.999326305651301,1.004615651723151,5647.0002997735255,5680.315208419278,5613.055966634453,5642.765377224664,1.0053696206004668,1.0113008752998622,0.999326305651301,1.004615651723151,4655.998880010866,4683.467300253114,4628.011494020365,4652.507151022429
2024-08-27,1.0027536919505644,1.007824851625851,0.9971410801645456,1.00260709440351,5641.291720175485,5669.821050276712,5609.716288789701,5640.466991695266,1.0027536919505644,1.007824851625851,0.9971410801645456,1.00260709440351,4657.179884223415,4680.732330870098,4631.112722449165,4656.499027944651
2024-08-28,1.0009655526073027,1.005268289202145,0.9954739382501779,1.0008348098957585,5597.5795439795065,5621.641221510451,5566.86944800388,5596.848407202863,1.0009655526073027,1.005268289202145,0.9954739382501779,1.0008348098957585,4658.360888435963,4678.385253724505,4632.803643764588,4657.752429201458
2024-08-29,0.9972867539317656,1.0001891390022548,0.9922152331110178,0.997585999127631,5576.787636516276,5593.0176577350485,5548.427894947487,5578.461003681748,0.9972867539317656,1.0001891390022548,0.9922152331110178,0.997585999127631,4659.541892648512,4673.102470658022,4635.846637867929,4660.940031670023
2024-08-30,1.0012685826213408,1.005675865763119,0.9957465698953806,1.0009629598820255,5655.565462078381,5680.459560176401,5624.374925397067,5653.839182597632,1.0012685826213408,1.005675865763119,0.9957465698953806,1.0009629598820255,4660.722896861061,4681.237997213115,4635.018933313875,4659.300278670846
2024-09-03,1.0074412396342802,1.0142849222358974,1.0012964775797069,1.006794082280402,5570.072093051162,5607.91033509772,5536.098133784769,5566.4940053425835,1.0074412396342802,1.0142849222358974,1.0012964775797069,1.006794082280402,4660.940764010927,4692.603155780207,4632.511937774167,4657.9466816041795
2024-09-04,1.0048954060466337,1.0107310548958095,0.9990379383798776,1.004577743169074,5547.092984055841,5579.306174198711,5514.759352512611,5545.339462735309,1.0048954060466337,1.0107310548958095,0.9990379383798776,1.004577743169074,4661.158631160793,4688.227005479242,4633.989051314612,4659.685167301144
2024-09-05,1.005207138338809,1.0110587612327846,0.9991792013879953,1.0044526926243351,5532.067017205185,5564.270897156119,5498.892808710707,5527.914993115692,1.005207138338809,1.0110587612327846,0.9991792013879953,1.0044526926243351,4661.376498310659,4688.511818380144,4633.42356944243,4657.877960160093
2024-09-06,1.0055827668101835,1.0116335884269985,0.9995171597238718,1.0045887104237126,5438.613947671533,5471.339332320347,5405.808596993783,5433.237673229815,1.0055827668101835,1.0116335884269985,0.9995171597238718,1.0045887104237126,4661.594365460526,4689.644245476694,4633.475944232663,4656.986204100699
2024-09-09,1.0002337267787504,1.0041899219688686,0.9947653582330881,1.0001194349491642,5472.328730892883,5493.973272587778,5442.411013161137,5471.703434578625,1.0002337267787504,1.0041899219688686,0.9947653582330881,1.0001194349491642,4661.812232610392,4680.250962117427,4636.325682121149,4661.279550063316
2024-09-10,1.0061163475902128,1.012294246309689,0.9999345114465891,1.0050495735371159,5529.132510508967,5563.0832764798215,5495.16010634496,5523.270032364691,1.0061163475902128,1.012294246309689,0.9999345114465891,1.0050495735371159,4664.111809076091,4692.751051885135,4635.4543133219395,4659.16650282937
2024-09-11,1.0075984766871977,1.0144325033363613,1.0013414194818675,1.006547557469611,5596.3329273226655,5634.289999755584,5561.580418186825,5590.4959853686905,1.0075984766871977,1.0144325033363613,1.0013414194818675,1.006547557469611,4666.41138554179,4698.061274364173,4637.4335698160885,4661.544346224348
2024-09-12,1.0071298649699736,1.0138763920006069,1.0010234883066356,1.0066186062061833,5635.65701320438,5673.408959301316,5601.487194926739,5632.796131864312,1.0071298649699736,1.0138763920006069,1.0010234883066356,1.0066186062061833,4668.710962007489,4699.985563028616,4640.403880013527,4666.340940545558
2024-09-13,1.0060023835094023,1.0123153463539394,1.0000166466470897,1.0054904094898747,5659.789529671568,5695.30638489419,5626.11365436946,5656.909153598225,1.0060023835094023,1.0123153463539394,1.0000166466470897,1.0054904094898747,4671.010538473188,4700.322512738056,4643.217920460838,4668.633371102773
2024-09-16,1.002466397562747,1.007314516657284,0.9967518618341623,1.0021825901234196,5646.983439446734,5674.2933306369805,5614.792945379401,5645.384726598334,1.002466397562747,1.007314516657284,0.9967518618341623,1.0021825901234196,4673.310114938887,4695.911135838952,4646.670022375682,4671.987057946524
2024-09-17,1.004104810038333,1.0095358625587734,0.9981420805689035,1.0031937233173893,5657.70888054579,5688.310580456413,5624.111404331932,5652.5752895296955,1.004104810038333,1.0095358625587734,0.9981420805689035,1.0031937233173893,4674.8120220211595,4700.097380044505,4647.051334960329,4670.570274433068
2024-09-18,0.9959793856532622,0.9983801380333217,0.9910307696100412,0.9962943664753483,5595.671143240297,5609.15919430709,5567.86853166931,5597.440787393791,0.9959793856532622,0.9983801380333217,0.9910307696100412,0.9962943664753483,4676.313929103432,4687.585921231901,4653.079229202972,4677.792824376707
2024-09-19,1.0031774809749174,1.0082755819496425,0.9973654320474802,1.002237664815192,5731.794982397528,5760.923696050756,5698.587027163765,5726.425211194674,1.0031774809749174,1.0082755819496425,0.9973654320474802,1.002237664815192,4677.815836185704,4701.588277180757,4650.714256426328,4673.433474142655
2024-09-20,1.0039619973094511,1.009451581591061,0.9981430342432199,1.0032888523304508,5725.143487757011,5756.448116602105,5691.960559923674,5721.3048448570125,1.0039619973094511,1.009451581591061,0.9981430342432199,1.0032888523304508,4679.317743267977,4704.903880194417,4652.196420751579,4676.180314508253
2024-09-23,1.001606898585086,1.0060721174415859,0.99597759749853,1.001078831311469,5727.759162041714,5753.293828637929,5695.567609727168,5724.739372372826,1.001606898585086,1.0060721174415859,0.99597759749853,1.001078831311469,4680.8196503502495,4701.6870027977475,4654.512180642411,4678.351828219087
2024-09-24,1.0097791722209501,1.0173432365593227,1.0031525662180125,1.0079896322453068,5788.993309800652,5832.357561168038,5751.003441448231,5778.734002388087,1.0097791722209501,1.0173432365593227,1.0031525662180125,1.0079896322453068,4685.211271479126,4720.307300859876,4654.464896439196,4676.908096789747
2024-09-25,1.0071643164546538,1.0137835279640468,1.000890927576655,1.0059785715305851,5763.256081475807,5801.132930727546,5727.358119234791,5756.470940726606,1.0071643164546538,1.0137835279640468,1.000890927576655,1.0059785715305851,4689.602892608002,4720.4235570557885,4660.392462742617,4684.08177481723
2024-09-26,1.0065002015025664,1.0128231779274257,1.0002947619196116,1.0054631105625675,5782.7160627068,5819.043901768894,5747.063516290079,5776.757591532859,1.0065002015025664,1.0128231779274257,1.0002947619196116,1.0054631105625675,4693.994513736877,4723.482850256302,4665.054331395899,4689.157853818346
2024-09-27,1.008635716715579,1.015796019190243,1.002191262507075,1.0073002449238346,5787.723210585835,5828.8102434368775,5750.743836780222,5780.0600464146,1.008635716715579,1.015796019190243,1.002191262507075,1.0073002449238346,4698.386134865753,4731.739966492848,4668.3668387033995,4692.165294134207
2024-09-30,1.0046910813243437,1.0104527012047084,0.9988337328668772,1.0041538349354313,5789.512262309903,5822.713481638108,5755.759408970722,5786.416390738724,1.0046910813243437,1.0104527012047084,0.9988337328668772,1.0041538349354313,4702.777755994629,4729.746859548489,4675.360564235971,4700.263002540328
2024-10-01,1.005639987269168,1.0116937891182216,0.9996102621790109,1.0049483648502873,5740.947277322863,5775.506918628647,5706.525084214429,5736.998977839077,1.005639987269168,1.0116937891182216,0.9996102621790109,1.0049483648502873,4708.773491125909,4737.119601093912,4680.540117331368,4705.53506251018
2024-10-02,1.0075178912074614,1.0143655077156337,1.00132484939062,1.0066201559269474,5752.463700564649,5791.560440922719,5717.1042805897205,5747.338045071143,1.0075178912074614,1.0143655077156337,1.00132484939062,1.0066201559269474,4714.769226257188,4746.813254326258,4685.7883384438965,4710.568194483132
2024-10-03,1.0064096024425078,1.0127648845848354,1.000310616755122,1.0058402887547062,5736.474349346147,5772.699076240486,5701.710496867189,5733.2292954845,1.0064096024425078,1.0127648845848354,1.000310616755122,1.0058402887547062,4720.764961388469,4750.575679792213,4692.156452623107,4718.094481990329
2024-10-04,1.0101564696223784,1.01787204896777,1.0035194924112498,1.0088020435535954,5809.480567751171,5853.853404657072,5771.310847221566,5801.691168619775,1.0101564696223784,1.01787204896777,1.0035194924112498,1.0088020435535954,4726.760696519748,4762.863714514881,4695.704712651242,4720.423017060389
2024-10-07,1.0063746741206694,1.0127530828651699,1.0002849867578685,1.0058922640049504,5732.249761310885,5768.580794815035,5697.5632674736125,5729.5019822363565,1.0063746741206694,1.0127530828651699,1.0002849867578685,1.0058922640049504,4732.756431651028,4762.752670413306,4704.117985380286,4730.4877640895575
2024-10-08,1.0054339936168242,1.01137049352496,0.9993831684824167,1.0050159565174626,5782.381603709526,5816.523186426202,5747.5825217542815,5779.977418006275,1.0054339936168242,1.01137049352496,0.9993831684824167,1.0050159565174626,4736.111733328442,4764.0757041592715,4707.609231824294,4734.142563374151
2024-10-09,1.0076148083598662,1.014452768915585,1.001343922876948,1.0067936054432438,5836.145274612679,5875.7510156698245,5799.824055060199,5831.388834471486,1.0076148083598662,1.014452768915585,1.001343922876948,1.0067936054432438,4739.467035005856,4771.630405741992,4709.970986734231,4735.604384199128
2024-10-10,1.0020688345820952,1.0067748562034877,0.9964348843332468,1.0020900837147282,5792.007967326239,5819.209007598969,5759.4434531903835,5792.130788375315,1.0020688345820952,1.0067748562034877,0.9964348843332468,1.0020900837147282,4742.82233668327,4765.096080454738,4716.156678435208,4742.922909475686
2024-10-11,1.005194144526248,1.0110581651863368,0.9991621544595896,1.0047213903629826,5845.2341062444675,5879.333562303504,5810.157903047147,5842.485026602454,1.005194144526248,1.0110581651863368,0.9991621544595896,1.0047213903629826,4746.177638360684,4773.865507295611,4717.696676225075,4743.945457393106
2024-10-14,1.0035447647960234,1.0088394418892177,0.9977809956308542,1.0035033098423527,5880.621789989978,5911.647803554532,5846.846967247461,5880.378870179711,1.0035447647960234,1.0088394418892177,0.9977809956308542,1.0035033098423527,4749.532940038098,4774.591357104428,4722.254424451091,4749.336743839489
2024-10-15,1.0041771700770903,1.009632541292599,0.9982530644174753,1.00387023603559,5839.551330062501,5871.2757320772,5805.101115384367,5837.766428808325,1.0041771700770903,1.009632541292599,0.9982530644174753,1.00387023603559,4753.255588578106,4779.0784956213865,4725.21393500045,4751.802721502892
2024-10-16,1.00494416264606,1.0107894674476894,0.9990047981973825,1.0046194664204167,5871.356121934727,5905.507139879102,5836.6555633242615,5869.459093977292,1.00494416264606,1.0107894674476894,0.9990047981973825,1.0046194664204167,4756.978237118114,4784.647423889106,4728.863811984005,4755.441263287655
2024-10-17,1.0007881691844511,1.0049778953727992,0.9952693751093088,1.000792729016547,5846.074066645896,5870.548226483346,5813.8361966197745,5846.100702768289,1.0007881691844511,1.0049778953727992,0.9952693751093088,1.000792729016547,4760.700885658122,4780.631210365886,4734.448249335787,4760.72257655872
2024-10-18,1.0040823986918974,1.0095003381904872,0.9981430342432199,1.0035213104450749,5888.61192113641,5920.386348375605,5853.779508635184,5885.321323727917,1.0040823986918974,1.0095003381904872,0.9981430342432199,1.0035213104450749,4764.42353419813,4790.1319406870525,4736.240939030319,4761.761141100306
2024-10-21,1.0039189627559233,1.009313060396603,0.9980197718378244,1.0033992401325749,5876.921529593919,5908.498469300505,5842.387783943187,5873.87908375129,1.0039189627559233,1.009313060396603,0.9980197718378244,1.0033992401325749,4768.146182738138,4793.765627164328,4740.127781153054,4765.677743018861
2024-10-22,0.9994830658824492,1.0031142965492519,0.9940784743066965,0.9995915762150334,5848.175315091386,5869.422371968983,5816.551968863342,5848.810230749403,0.9994830658824492,1.0031142965492519,0.9940784743066965,0.9995915762150334,4771.639005051993,4788.974888447635,4745.83690709802,4772.157044979916
2024-10-23,1.0022786429317045,1.0070133939918788,0.9965688755747019,1.0018895736897038,5810.630250105122,5838.079590596399,5777.528330634288,5808.374652300163,1.0022786429317045,1.0070133939918788,0.9965688755747019,1.0018895736897038,4775.131827365848,4797.689486996268,4747.92892124233,4773.278194213402
2024-10-24,1.000691371241336,1.0048239961799892,0.9951755573984323,1.00056635057569,5813.876770120188,5837.8867424462715,5781.830663906856,5813.150417555678,1.000691371241336,1.0048239961799892,0.9951755573984323,1.00056635057569,4778.624649679702,4798.359269131084,4752.2848562626305,4778.027635603491
2024-10-25,1.000077562609439,1.00398523961871,0.9946476986643015,1.000147329922919,5808.570492943134,5831.2667499342215,5777.033191566103,5808.975709871905,1.000077562609439,1.00398523961871,0.9946476986643015,1.000147329922919,4782.117471993557,4800.802993196716,4756.153238604661,4782.451081606692
2024-10-28,1.0036626627833891,1.0089193121132167,0.9977918436762033,1.0030207506382511,5844.849589972323,5875.46179247756,5810.660757485244,5841.111401756869,1.0036626627833891,1.0089193121132167,0.9977918436762033,1.0030207506382511,4785.610294307412,4810.674766743422,4757.617370591938,4782.549563362919
2024-10-29,1.0033043196589995,1.00848324453204,0.9975229075189768,1.0029158464634464,5852.193832225371,5882.402086695826,5818.47131772559,5849.927899153566,1.0033043196589995,1.00848324453204,0.9975229075189768,1.0029158464634464,4793.340496299481,4818.0830891846335,4765.719488003626,4791.484544657008
2024-10-30,1.0043553879649687,1.009885980242184,0.9984225800272165,1.003795134183173,5838.990788350299,5871.143826754578,5804.499400826828,5835.733657746688,1.0043553879649687,1.009885980242184,0.9984225800272165,1.003795134183173,4801.07069829155,4827.508316732705,4772.7103880967215,4798.392544674197
2024-10-31,1.0055543949992705,1.0115788713630947,0.9995085766550241,1.0049004427158879,5737.140322948588,5771.512671618569,5702.646208676407,5733.409230893362,1.0055543949992705,1.0115788713630947,0.9995085766550241,1.0049004427158879,4808.80090028362,4837.611382845446,4779.888355282228,4805.673544523741
2024-11-01,1.0097571185023833,1.0174022451576503,1.0032469799753367,1.0088066927158879,5784.696580476453,5828.493982059147,5747.401298882709,5779.251781230779,1.0097571185023833,1.0174022451576503,1.0032469799753367,1.0088066927158879,4816.531102275689,4852.998278036276,4785.477808249746,4811.997581018765
2024-11-04,1.0080765059382963,1.0150604978737148,1.0017249157663524,1.0074255338871525,5758.828574708646,5798.725955598191,5722.543909049283,5755.109773181797,1.0080765059382963,1.0150604978737148,1.0017249157663524,1.0074255338871525,4824.261304267758,4857.683967969256,4793.865068955681,4821.146005718497
2024-11-05,1.0091676285655546,1.0166285768684657,1.0027256777521312,1.0084510914051579,5835.774195763747,5878.9190691718895,5798.521940277914,5831.630633334091,1.0091676285655546,1.0166285768684657,1.0027256777521312,1.0084510914051579,4826.99642333168,4862.683230709761,4796.183630039971,4823.569121253693
2024-11-06,1.0059825947673369,1.012257887476376,0.9999512007471262,1.005888091679816,5964.511043679331,6001.717505162932,5928.750667277741,5963.950731093297,1.0059825947673369,1.012257887476376,0.9999512007471262,1.005888091679816,4829.7315423956015,4859.859279487932,4800.774765115807,4829.277832217089
2024-11-07,1.0063157847316313,1.0127095714744838,1.000243978762263,1.0061952940189884,6010.824813780508,6049.01554137424,5974.5573095448735,6010.105110704821,1.0063157847316313,1.0127095714744838,1.000243978762263,1.0061952940189884,4832.4666614595235,4863.170503875705,4803.309014956296,4831.88804850254
2024-11-08,1.00548286942554,1.0115913883384975,0.9995154907938181,1.005478130933051,6028.412762955602,6065.036632438995,5992.635105673968,6028.384353134345,1.00548286942554,1.0115913883384975,0.9995154907938181,1.005478130933051,4835.201780523445,4864.576643509592,4806.505637941082,4835.178993892249
2024-11-11,1.002834754267459,1.007890655153683,0.9971618225809274,1.003272878285651,6018.362352523015,6048.704583306556,5984.317103946049,6020.9916880995925,1.002834754267459,1.007890655153683,0.9971618225809274,1.003272878285651,4837.936899587367,4862.3278865909915,4810.569194770279,4840.0505243348025
2024-11-12,1.005210356989627,1.0111579433616908,0.9992281964060007,1.0052362552845524,6015.168724122357,6050.759021496924,5979.3715350115435,6015.323699260209,1.005210356989627,1.0111579433616908,0.9992281964060007,1.0052362552845524,4838.644041004091,4867.273126605367,4809.848530234606,4838.768704095296
2024-11-13,1.002966361323123,1.0081115499672206,0.9972753098245798,1.0032744280064152,6003.1347997361945,6033.930708942803,5969.071693917844,6004.978695901037,1.002966361323123,1.0081115499672206,0.9972753098245798,1.0032744280064152,4839.351182420816,4864.176915076241,4811.891640545095,4840.837615989822
2024-11-14,1.0009845068843413,1.0054361358818324,0.9956062605615793,1.0017105213367985,5955.026998821117,5981.510496504121,5923.03089714513,5959.346182221241,1.0009845068843413,1.0054361358818324,0.9956062605615793,1.0017105213367985,4840.05832383754,4861.583276357544,4814.052900473739,4843.56882002372
2024-11-15,0.9997838309199858,1.0037282243904384,0.9945189526315866,1.00042306100965,5869.350953475487,5892.506988670995,5838.442853698045,5873.103630424472,0.9997838309199858,1.0037282243904384,0.9945189526315866,1.00042306100965,4840.765465254265,4859.863477347111,4815.273913771784,4843.860497246882
2024-11-18,1.0007308295161772,1.0050476328071865,0.9953337481256662,1.0011291376316593,5897.927231453132,5923.36882966509,5866.1188846283885,5900.2747081287,1.0007308295161772,1.0050476328071865,0.9953337481256662,1.0011291376316593,4841.472606670989,4862.3570286008235,4815.36186746176,4843.3995962002855
2024-11-19,0.9971839955241728,1.0000549093422206,0.9921242764230905,0.9980285040104435,5900.317757836619,5917.304897479732,5870.379501109898,5905.314697659714,0.9971839955241728,1.0000549093422206,0.9921242764230905,0.9980285040104435,4838.14749739001,4852.076626383611,4813.598700561868,4842.244892291768
2024-11-20,0.998692827502017,1.0020962492164882,0.9934442808862863,0.9992614856922672,5909.37531654046,5929.513737201374,5878.319088875053,5912.740129604571,0.998692827502017,1.0020962492164882,0.9934442808862863,0.9992614856922672,4834.8223881090325,4851.298865208061,4809.413383474204,4837.575348051962
2024-11-21,0.9994372895152617,1.0030787721809657,0.9940342476602732,0.9996715656483219,5945.362598512333,5967.024722860633,5913.221469399144,5946.756239287829,0.9994372895152617,1.0030787721809657,0.9940342476602732,0.9996715656483219,4831.497278828054,4849.100998215773,4805.377799103186,4832.62982062057
2024-11-22,0.9950202277095366,0.9970560804542812,0.9902325442072092,0.99598609125257,5939.614046075645,5951.766743298959,5911.034735437862,5945.379613957616,0.9950202277095366,0.9970560804542812,0.9902325442072092,0.99598609125257,4828.172169547076,4838.050810492998,4804.940721985706,4832.858863694781
2024-11-25,0.9965660145671416,0.9991300836738857,0.9915470650430857,0.9970052114689396,5966.809458638866,5982.161489086513,5936.75915082702,5969.439092992785,0.9965660145671416,0.9991300836738857,0.9915470650430857,0.9970052114689396,4824.847060266097,4837.260930608009,4800.547953631116,4826.973420035088
2024-11-26,1.0006322434337187,1.0048452154335292,0.9952233603235422,1.0006075969898747,6025.437136027784,6050.806094611003,5992.8668432250515,6025.288724262139,1.0006322434337187,1.0048452154335292,0.9952233603235422,1.0006075969898747,4833.712176810447,4854.063603810406,4807.58371220802,4833.5931182687045
2024-11-27,0.9984730055720854,1.001776529901913,0.9932455590006052,0.9987282625401066,5989.579957445491,6009.396940983802,5958.22186459929,5991.1111776298385,0.9984730055720854,1.001776529901913,0.9932455590006052,0.9987282625401066,4842.577293354796,4858.599330824404,4817.224265353031,4843.815285358998
2024-11-29,1.00818963555408,1.015203191393307,1.001846270823115,1.0071657768452213,6081.782993723721,6124.091427697158,6043.517407187943,6075.606688925576,1.00818963555408,1.015203191393307,1.001846270823115,1.0071657768452213,4851.442409899146,4885.191876311705,4820.917925623577,4846.515567381893
2024-12-02,1.011221246996646,1.0194457307991298,1.0045806935068309,1.010113584157233,6115.006563775767,6164.741251001958,6074.850140739832,6108.308360436412,1.011221246996646,1.0194457307991298,1.0045806935068309,1.010113584157233,4860.307526443495,4899.83747169044,4828.390542695223,4854.983684553157
2024-12-03,1.0091869404704619,1.0165851846870693,1.0027478506799876,1.0083845726215885,6105.459887413438,6150.218377134606,6066.504166871843,6100.605658211896,1.0091869404704619,1.0165851846870693,1.0027478506799876,1.0083845726215885,4869.1726429878445,4904.8680398474735,4838.1050195414855,4865.301340830956
2024-12-04,1.0102608969600249,1.0180422798332485,1.0036130717035472,1.0090281835758732,6148.942846738221,6196.304155782268,6108.480924792922,6141.439949052717,1.0102608969600249,1.0180422798332485,1.0036130717035472,1.0090281835758732,4868.056859300062,4905.552336344478,4836.023558361062,4862.1168898690685
2024-12-05,1.0048908760936308,1.0106451049980434,0.9988749792810617,1.0044666401112126,6104.822610265177,6139.780183824663,6068.275375380171,6102.245330006028,1.0048908760936308,1.0106451049980434,0.9988749792810617,1.0044666401112126,4866.941075612279,4894.810263878998,4837.804563379672,4864.8863932803915
2024-12-06,1.0044707825572539,1.010044170969418,0.9984863569971262,1.0040646663868473,6117.498272884967,6151.441713129917,6081.051505428888,6115.0249157558255,1.0044707825572539,1.010044170969418,0.9984863569971262,1.0040646663868473,4865.825291924497,4892.823722111371,4836.835728709951,4863.8579969391785
2024-12-09,1.0051852038295317,1.0110828415092739,0.9991623928781687,1.0046553484165714,6084.235260999581,6119.932777229408,6047.780089732623,6081.028125663245,1.0051852038295317,1.0110828415092739,0.9991623928781687,1.0046553484165714,4864.709508236714,4893.251804708522,4835.561421307276,4862.145211970117
2024-12-10,0.9988542368800688,1.0023183361229213,0.993574934267634,0.999264465924506,6027.995422689896,6048.900949851579,5996.1353065610865,6030.47111805246,0.9988542368800688,1.0023183361229213,0.993574934267634,0.999264465924506,4863.593724548931,4880.461021814824,4837.887888694409,4865.591200589463
2024-12-11,1.0028352311046171,1.0078223482307704,0.9971171190973459,1.0026651493275212,6101.4400847344,6131.782652882171,6066.650004840881,6100.405274887011,1.0028352311046171,1.0078223482307704,0.9971171190973459,1.0026651493275212,4865.2318091743155,4889.426691968284,4837.490521709221,4864.4066613869
2024-12-12,1.0015154650600004,1.0060210958656581,0.9959531595941721,1.0015007129871891,6060.420457944328,6087.6851563570635,6026.761556994234,6060.331189463728,1.0015154650600004,1.0060210958656581,0.9959531595941721,1.0015007129871891,4866.8698937997,4888.765031404308,4839.839839890212,4866.798206020987
2024-12-13,1.0006699135692168,1.0048284069237026,0.9951828291650949,1.000742065068488,6055.143707299552,6080.307124851947,6021.940865732615,6055.580302515277,1.0006699135692168,1.0048284069237026,0.9951828291650949,1.000742065068488,4868.507978425084,4888.740082738413,4841.811948258178,4868.859013411839
2024-12-16,1.000698762217288,1.004834128969601,0.9951674511667429,1.0005512109959172,6078.324337608785,6103.442886091674,6044.72671178289,6077.428099686081,1.000698762217288,1.004834128969601,0.9951674511667429,1.0005512109959172,4870.146063050468,4890.271840025971,4843.226580631371,4869.427968827722
2024-12-17,1.0016840269954252,1.0061748758491786,0.9960217049356638,1.001283156033759,6060.79939057879,6087.971765561799,6026.538888100777,6058.373876729422,1.0016840269954252,1.0061748758491786,0.9960217049356638,1.001283156033759,4871.784147675852,4893.6258119788645,4844.244913639622,4869.834474182338
2024-12-18,1.0038101246745634,1.0091092125114711,0.9979109337564646,1.003252970334296,5894.533661708984,5925.6507533413605,5859.892668767361,5891.2619622782395,1.0038101246745634,1.0091092125114711,0.9979109337564646,1.003252970334296,4875.686361671666,4901.42498460505,4847.032930113983,4872.9801628085415
2024-12-19,1.0058852007777739,1.0119782224830898,0.9997622540231882,1.0052006117069767,5901.608943779262,5937.357189566086,5865.685125334367,5897.592404933769,1.0058852007777739,1.0119782224830898,0.9997622540231882,1.0052006117069767,4879.588575667481,4909.146063024451,4849.8859207223695,4876.267607224655
2024-12-20,1.0045620968730498,1.0102016464409145,0.998639779352778,1.0042170158588932,5957.907112239527,5991.354434794098,5922.782735374424,5955.860488506717,1.0045620968730498,1.0102016464409145,0.998639779352778,1.0042170158588932,4883.490789663294,4910.906405341254,4854.70055045983,4881.8132428400895
2024-12-23,1.0045648386867094,1.010161949747494,0.9985971024271189,1.0042182079517887,6001.34066585311,6034.778199128012,5965.6889916967775,5999.269869578542,1.0045648386867094,1.010161949747494,0.9985971024271189,1.0042182079517887,4887.393003659108,4914.62398008363,4858.358867364894,4885.706581276538
2024-12-24,1.0040049126536894,1.009443594568661,0.9981505444284616,1.003772603627448,6064.22983262479,6097.079688938496,6028.869214369685,6062.82667681393,1.0040049126536894,1.009443594568661,0.9981505444284616,1.003772603627448,4891.295217654922,4917.791301992533,4862.7739993406,4890.163458223517
2024-12-26,1.000408726015811,1.0044662491020473,0.9949700405832468,1.0006711355412052,6040.0577201058,6064.55538091603,6007.221167325005,6041.642041232226,1.000408726015811,1.0044662491020473,0.9949700405832468,1.0006711355412052,4894.400585097578,4914.251614832606,4867.7923554099825,4895.684397704591
2024-12-27,1.0022087862880278,1.0069235101875575,0.9965166619058786,1.0020867458546208,5984.028309520008,6012.179171568277,5950.041545574097,5983.299625618604,1.0022087862880278,1.0069235101875575,0.9965166619058786,1.0020867458546208,4897.505952540234,4920.545451573218,4869.690178596137,4896.909576059366
2024-12-30,1.0020550063045073,1.006703926676205,0.9963780215021311,1.0019345155918644,5919.078798940346,5946.539692640742,5885.545190331798,5918.367067530207,1.0020550063045073,1.006703926676205,0.9963780215021311,1.0019345155918644,4900.61131998289,4923.347149509116,4872.8476784553695,4900.022052780376
2024-12-31,1.0035188963801909,1.008693410509518,0.9976365139719187,1.0031093231403874,5902.326846516622,5932.7614240550965,5867.728849672656,5899.917888262196,1.0035188963801909,1.008693410509518,0.9976365139719187,1.0031093231403874,4903.716687425545,4929.002062097442,4874.972299172059,4901.715298973378
2025-01-02,1.0031743815333891,1.0082771316704067,0.9973700812097727,1.0027053228580998,5887.179016747771,5917.124761064365,5853.116190083611,5884.426322458901,1.0031743815333891,1.0082771316704067,0.9973700812097727,1.0027053228580998,4906.822054868201,4931.781112210283,4878.431508453463,4904.527750412959
2025-01-03,1.0001290610225249,1.004079414957455,0.9947109987970529,1.0002103916370915,5943.236941254523,5966.711801002228,5911.040269021523,5943.720245991667,1.0001290610225249,1.004079414957455,0.9947109987970529,1.0002103916370915,4911.333060827551,4930.732061055339,4884.726586552745,4911.732451018023
2025-01-06,0.9998672774226713,1.003706289881161,0.9944746067758737,0.9998421541416691,5974.586932165882,5997.526490430092,5942.363675836421,5974.436811015047,0.9998672774226713,1.003706289881161,0.9944746067758737,0.9998421541416691,4915.844066786901,4934.718558474471,4889.33101990379,4915.720548261351
2025-01-07,1.0026870539577055,1.0076285139259609,0.9969732334848581,1.0022089353764103,5924.9078824477,5954.10711764392,5891.144745859031,5922.08266540727,1.0026870539577055,1.0076285139259609,0.9969732334848581,1.0022089353764103,4920.35507274625,4944.603653123955,4892.31638865497,4918.008863949034
2025-01-08,1.0010120442302275,1.005236698740414,0.9954238703485666,1.000810014363532,5924.239530765544,5949.242092320455,5891.167320690404,5923.043867506973,1.0010120442302275,1.005236698740414,0.9954238703485666,1.000810014363532,4924.8660787056,4945.650901237349,4897.372895031807,4923.872114603859
2025-01-10,1.0045966675670195,1.0101447836097988,0.9985578825708566,1.0038858524525212,5853.824965779725,5886.154059885642,5818.636724055685,5849.683017674939,1.0045966675670195,1.0101447836097988,0.9985578825708566,1.0038858524525212,4929.3770846649495,4956.600702826627,4899.74584126117,4925.889241384195
2025-01-13,1.006104903498416,1.0122696891960414,0.9999235441919504,1.0051420799458073,5871.849559895525,5907.828605479721,5835.773787083945,5866.23030982132,1.006104903498416,1.0122696891960414,0.9999235441919504,1.0051420799458073,4936.909369964809,4967.159682997381,4906.577731014342,4932.184840144938
2025-01-14,1.0050116351039458,1.0108764902290615,0.9990757277246652,1.0045024028980778,5872.192532865196,5906.460353524285,5837.509560279724,5869.217134917208,1.0050116351039458,1.0108764902290615,0.9990757277246652,1.0045024028980778,4944.44165526467,4973.295484384485,4915.238264296095,4941.93634204943
2025-01-15,1.0016784241588164,1.0062644020256313,0.9961366226907907,1.0015557876789616,5959.8964726867825,5987.182628256323,5926.923252714162,5959.16679666893,1.0016784241588164,1.0062644020256313,0.9961366226907907,1.0015557876789616,4951.97394056453,4974.645530908051,4924.577067684402,4951.367665498843
2025-01-16,1.0058989098460722,1.0121144787010463,0.9998788407083689,1.0051832071507023,5972.363833385479,6009.2677789708705,5936.620636091427,5968.114463144151,1.0058989098460722,1.0121144787010463,0.9998788407083689,1.0051832071507023,4959.50622586439,4990.151603975249,4929.824743882127,4955.977509470714
2025-01-17,1.0076401999385405,1.0144738689598354,1.0013881495233714,1.006863104459052,6042.475681363448,6083.454871036686,6004.98426072082,6037.815703985418,1.0076401999385405,1.0144738689598354,1.0013881495233714,1.006863104459052,4967.03851116425,5000.724242642006,4936.219797115546,4963.207914515063
2025-01-21,1.0087356141002226,1.0159457460579189,1.0023192932840526,1.0078674427235172,6102.08382623963,6145.699644883405,6063.269961705622,6096.8320492208095,1.0087356141002226,1.0159457460579189,1.0023192932840526,1.0078674427235172,4971.8887370830535,5007.4262687933115,4940.263767414581,4967.6096659078485
2025-01-22,1.010616736689334,1.0185316339668544,1.0039587786432445,1.00946425115705,6150.987387683861,6199.160381026843,6110.464591570883,6143.972934314734,1.010616736689334,1.0185316339668544,1.0039587786432445,1.00946425115705,4976.738963001857,5015.715536651559,4943.9521329216905,4971.063597213237
2025-01-23,1.0063145926387358,1.0125709310707363,1.0001495650049388,1.005826818104987,6157.3471611245595,6195.627881651824,6119.625144891369,6154.362610207165,1.0063145926387358,1.0125709310707363,1.0001495650049388,1.005826818104987,4981.589188920661,5012.560127952121,4951.070268461217,4979.174544075274
2025-01-24,1.00446386841846,1.010021878832272,0.998504715227717,1.003967391606574,6128.475132549444,6162.38588800661,6092.116908735956,6125.446008365692,1.00446386841846,1.010021878832272,0.998504715227717,1.003967391606574,4986.439414839465,5014.030932132324,4956.856512672786,4983.974765167954
2025-01-27,1.0048824122340727,1.0107111469444545,0.9989563992258249,1.004348146077399,6041.63442942667,6076.678414551205,6006.005579937442,6038.422271698225,1.0048824122340727,1.0107111469444545,0.9989563992258249,1.004348146077399,4991.289640758268,5020.241190536095,4961.854905928641,4988.635920182859
2025-01-28,1.0034342577846098,1.0086690918144496,0.9976574948068796,1.0033281913960026,6088.538045959677,6120.301448402536,6053.486381239703,6087.894466933525,1.0034342577846098,1.0086690918144496,0.9976574948068796,1.0033281913960026,4989.222064076348,5015.250425417247,4960.499152651076,4988.6946864607335
2025-01-29,1.0031033327968168,1.0081368223366054,0.9973109534021555,1.0028160682880924,6058.051988793144,6088.450792505685,6023.070013991172,6056.31710937296,1.0031033327968168,1.0081368223366054,0.9973109534021555,1.0028160682880924,4987.154487394428,5012.179616037573,4958.356366656224,4985.726287091514
2025-01-30,1.0055586865336943,1.011604262941769,0.9995444586511789,1.0050780645573185,6104.917730922769,6141.621453044179,6068.404331029278,6101.999793198455,1.0055586865336943,1.011604262941769,0.9995444586511789,1.0050780645573185,4985.086910712506,5015.058034450191,4955.2711982168785,4982.704213058439
2025-01-31,1.002557950297122,1.0074053541359218,0.9968506863351999,1.0025641790592716,6055.981375508274,6085.262263818659,6021.506476328364,6056.019000532902,1.002557950297122,1.0074053541359218,0.9968506863351999,1.0025641790592716,4983.019334030586,5007.112412182761,4954.652488345261,4983.050292881603
2025-02-03,0.9979288151652861,1.0009692445930751,0.9927112629648386,0.9983035198414372,5982.154137525369,6000.38020456031,5950.877155631132,5984.400330935884,0.9979288151652861,1.0009692445930751,0.9927112629648386,0.9983035198414372,4980.9517573486655,4996.127421255046,4954.909443100456,4982.822016917082
2025-02-04,1.0053046515376616,1.0112210050758632,0.9992552569147287,1.004501568433051,6069.908849426216,6105.631082127453,6033.383330620302,6065.05993001055,1.0053046515376616,1.0112210050758632,0.9992552569147287,1.004501568433051,4988.839431541246,5018.199424830021,4958.8192198714005,4984.854119573418
2025-02-05,1.001570539751773,1.0060566202339443,0.9959590008493601,1.0013825765812443,6070.999795294576,6098.192082415648,6036.9855644683785,6069.86046029568,1.001570539751773,1.0060566202339443,0.9959590008493601,1.0013825765812443,4996.727105733826,5019.107676102164,4968.731745022123,4995.789377803756
2025-02-06,1.0016040375621367,1.00610287343829,0.9959978630777536,1.0012929311955021,6093.328274791887,6120.697257762978,6059.222719883929,6091.435637433021,1.0016040375621367,1.00610287343829,0.9959978630777536,1.0012929311955021,5004.614779926406,5027.093663471106,4976.602968241144,5003.0603058406405
2025-02-07,1.007845478335147,1.0147283807930263,1.0015568306680858,1.0068864694798039,6073.266773992812,6114.743075374969,6035.371446037578,6067.487796220603,1.007845478335147,1.0147283807930263,1.0015568306680858,1.0068864694798039,5012.502454118986,5046.734453173616,4981.225971223706,5007.732839783989
2025-02-10,1.0079178383739043,1.014942599886349,1.0017340948816478,1.0074056259357975,6114.473091424988,6157.088385654543,6076.959782553823,6111.365785401959,1.0079178383739043,1.014942599886349,1.0017340948816478,1.0074056259357975,5020.3901283115665,5055.380126511934,4989.589200296818,5017.838822867842
2025-02-11,1.0115692189128447,1.0199752584633144,1.0049693157907664,1.010516988393073,6138.707804972598,6189.719855984623,6098.656292876266,6132.322344063363,1.0115692189128447,1.0199752584633144,1.0049693157907664,1.010516988393073,5028.934304243174,5070.724247894894,4996.12342131519,5023.70322558052
2025-02-12,1.0080290606410551,1.0149478450950893,1.0016516020532786,1.0071333519184635,6100.561634127846,6142.433910080128,6061.965446078381,6095.140831809984,1.0080290606410551,1.0149478450950893,1.0016516020532786,1.0071333519184635,5037.478480174781,5072.054098236824,5005.608059322331,5033.002306232246
2025-02-13,1.0049442818553496,1.010688974016598,0.998916821741694,1.0043508878910588,6145.304629645192,6180.433824339678,6108.446289127981,6141.675984015977,1.0049442818553496,1.010688974016598,0.998916821741694,1.0043508878910588,5046.022656106389,5074.867883967679,5015.757594807536,5043.043108442035
2025-02-14,1.0050031712443876,1.010740472429684,0.9989403059717356,1.0042838922703312,6145.22254098607,6180.304014932719,6108.150363103953,6140.824416192935,1.0050031712443876,1.010740472429684,0.9989403059717356,1.0042838922703312,5054.566832037996,5083.422036783972,5024.074234013337,5050.94928758712
2025-02-18,1.0085094740779448,1.015657497995785,1.0020907690759837,1.0073639026844547,6181.7395021186885,6225.553886565004,6142.395536312768,6174.71763061658,1.0085094740779448,1.015657497995785,1.0020907690759837,1.0073639026844547,5063.111007969604,5098.996876683664,5030.886604741214,5057.35979265445
2025-02-19,1.0048411658198881,1.0106251970466884,0.9989233782526193,1.0045332781040714,6173.894848972265,6209.43280443441,6137.535074490831,6172.003140663131,1.0048411658198881,1.0106251970466884,0.9989233782526193,1.0045332781040714,5066.941943447956,5096.108095693893,5037.10132081329,5065.389410337043
2025-02-20,1.0056244900615263,1.0116427675422939,0.9995517304178415,1.0050006977284,6151.927930441189,6188.744863295334,6114.777701865754,6148.111868367442,1.0056244900615263,1.0116427675422939,0.9995517304178415,1.0050006977284,5070.772878926308,5101.119512812941,5040.151523533948,5067.627461052977
2025-02-21,1.0074169209392119,1.0141928926643642,1.0011797716852366,1.006706225034003,6057.728909807203,6098.473708666868,6020.224120513647,6053.455402938715,1.0074169209392119,1.0141928926643642,1.0011797716852366,1.006706225034003,5074.6038144046615,5108.736030419754,5043.185778100759,5071.023866444197
2025-02-24,0.9995258620173979,1.0031412378486904,0.9940720370050607,0.999724613782172,5980.413113915596,6002.044811358177,5947.78151541053,5981.602295412181,0.9995258620173979,1.0031412378486904,0.9940720370050607,0.999724613782172,5078.434749883014,5096.803909654893,5050.72471704151,5079.444576549022
2025-02-25,1.003783183375125,1.0091183916267665,0.9979239275690256,1.0032772890293644,5977.779802794713,6009.552301735302,5942.886469655439,5974.767075492123,1.003783183375125,1.0091183916267665,0.9979239275690256,1.0032772890293644,5082.265685361366,5109.278436990063,5052.5996227909945,5079.704286130476
2025-02-26,1.0015435984523344,1.0060203806099208,0.9959324171777902,1.0012066236698673,5965.253764998011,5991.9177481355255,5931.833232655949,5963.24672297515,1.0015435984523344,1.0060203806099208,0.9959324171777902,1.0012066236698673,5087.879599700298,5110.621823450801,5059.374585259498,5086.167754979831
2025-02-27,1.0036123564631987,1.0088688865837367,0.9977685978647409,1.0030923954212712,5882.744080273991,5913.555599532633,5848.490480186029,5879.69629222946,1.0036123564631987,1.0088688865837367,0.9977685978647409,1.0030923954212712,5093.49351403923,5120.171246634778,5063.835502828856,5090.854628440069
2025-02-28,1.0028396418483305,1.0077769294914516,0.997063474917048,1.0023542515003727,5971.408647385884,6000.807726656849,5937.014461393563,5968.518390558969,1.0028396418483305,1.0077769294914516,0.997063474917048,1.0023542515003727,5099.107428378161,5124.21190076487,5069.737532656279,5096.6393792248855
2025-03-03,1.0040752461345244,1.0094739929374965,0.9981481602426706,1.0034644476139591,5873.5590488180505,5905.140205966332,5838.887255934756,5869.986048496329,1.0040752461345244,1.0094739929374965,0.9981481602426706,1.0034644476139591,5104.721342717093,5132.168586472134,5074.588021565373,5101.616041340495
2025-03-04,1.0055230429561186,1.011482192629269,0.9994350245233713,1.0048315397465275,5810.062970656896,5844.495831340811,5774.885486949717,5806.067361386397,1.0055230429561186,1.011482192629269,0.9994350245233713,1.0048315397465275,5110.335257056025,5140.621238953809,5079.394329883426,5106.820854022602
2025-03-05,1.0065389445216704,1.0128806368049892,1.000355677866572,1.0058061948978947,5880.834633430647,5917.886795015934,5844.70809417357,5876.553448496286,1.0065389445216704,1.0128806368049892,1.000355677866572,1.0058061948978947,5118.099216600958,5150.345768494291,5086.658235210484,5114.373294920707
2025-03-06,1.0093775561244536,1.0169065729316982,1.0029627850290477,1.0085133186543034,5792.3332933713,5835.538706900009,5755.522001144891,5787.373849364093,1.0093775561244536,1.0169065729316982,1.0029627850290477,1.0085133186543034,5125.863176145892,5164.097343104207,5093.287418202953,5121.474369403747
2025-03-07,1.0084572604091215,1.0156331793007167,1.0021457245584666,1.0077599159443424,5819.000084012713,5860.406571200995,5782.581259847264,5814.976266982045,1.0084572604091215,1.0156331793007167,1.0021457245584666,1.0077599159443424,5133.6271356908255,5170.156687702245,5101.497790221427,5130.07725151838
2025-03-10,1.0057018568904448,1.0117706791099819,0.9996625950571237,1.005316244717841,5646.573417622816,5680.64718410374,5612.665619703925,5644.408374943002,1.0057018568904448,1.0117706791099819,0.9996625950571237,1.005316244717841,5141.391095235759,5172.4163820086915,5110.516928305573,5139.4197525591435
2025-03-11,1.0075963309199858,1.0143761173424037,1.001301722788447,1.0067198148930119,5614.397287629325,5652.174732160087,5579.323290497822,5609.513278970904,1.0075963309199858,1.0143761173424037,1.001301722788447,1.0067198148930119,5149.155054780693,5183.8020363704845,5116.987496916739,5144.675764024673
2025-03-12,1.0083717873485136,1.0154783264335903,1.00203867461645,1.0075352064335392,5646.176148900532,5685.967793199602,5610.715150779889,5641.4918813833165,1.0083717873485136,1.0154783264335903,1.00203867461645,1.0075352064335392,5151.456248728084,5187.761335439118,5119.102355484725,5147.182418345201
2025-03-13,1.0059237053782988,1.0120136276420864,0.9997778704401193,1.0052980056965397,5554.227857720385,5587.853485298333,5520.2935071925285,5550.773044413559,1.0059237053782988,1.0120136276420864,0.9997778704401193,1.0052980056965397,5153.757442675475,5184.95859841373,5122.269823500435,5150.5517279930355
2025-03-14,1.0027981570155668,1.007746054285458,0.9970649054285227,1.0025693050587223,5654.71863952136,5682.61953535244,5622.389177817113,5653.428157067831,1.0027981570155668,1.007746054285458,0.9970649054285227,1.0025693050587223,5156.058636622866,5181.499098667063,5126.5801407216695,5154.8819550540575
2025-03-17,1.0047593882472563,1.010438753717831,0.998786525988215,1.004258977528815,5702.130099429769,5734.361179999137,5668.233389366239,5699.290208553329,1.0047593882472563,1.010438753717831,0.998786525988215,1.004258977528815,5158.359830570258,5187.517269703666,5127.695600794496,5155.7907592294105
2025-03-18,1.0022345354945708,1.00695736562579,0.9965453913446604,1.0018212667667912,5627.206157059946,5653.723242484498,5595.2635469672105,5624.885793664832,1.0022345354945708,1.00695736562579,0.9965453913446604,1.0018212667667912,5160.661024517649,5184.979609160688,5131.366739160761,5158.53303975902
2025-03-19,1.0069931319148588,1.0135882631477626,1.0008053353067576,1.0060411564075993,5714.978051625079,5752.407333959865,5679.860511413089,5709.575314548484,1.0069931319148588,1.0135882631477626,1.0008053353067576,1.0060411564075993,5169.396187338502,5203.252273512138,5137.631152225384,5164.509223960402
2025-03-20,1.0082234909923125,1.0153280035194667,1.0019543936487376,1.0072736612522648,5709.458724905457,5749.690797850353,5673.9575162495,5704.079943568838,1.0082234909923125,1.0153280035194667,1.0019543936487376,1.0072736612522648,5178.131350159356,5214.619390135741,5145.933915977362,5173.253123061698
2025-03-21,1.006271558085208,1.0126040712532314,1.0002002289529979,1.0056795946323918,5703.104431741402,5738.994330071964,5668.694809604853,5699.749443354759,1.006271558085208,1.0126040712532314,1.0002002289529979,1.0056795946323918,5186.866512980209,5219.507702359275,5155.571607035471,5183.815213968874
2025-03-24,1.0096333792598295,1.0171321169075282,1.0030647089716136,1.0083126894199894,5823.1311892176145,5866.380683512352,5785.245923523409,5815.514018118048,1.0096333792598295,1.0171321169075282,1.0030647089716136,1.0083126894199894,5195.601675801063,5234.19038997109,5161.799114338347,5188.805368858321
2025-03-25,1.008463220873599,1.0156646505531581,1.0021698048349559,1.0075383058750675,5825.539064859476,5867.1392036179,5789.184203099848,5820.196154633209,1.008463220873599,1.0156646505531581,1.0021698048349559,1.0075383058750675,5204.336838621916,5241.500976090022,5171.858651760216,5199.563665838003
2025-03-26,1.006925182619815,1.0134439006981166,1.000738101267451,1.0061175695622013,5751.758028160906,5788.9942495677815,5716.416182059934,5747.144780853207,1.006925182619815,1.0134439006981166,1.000738101267451,1.0061175695622013,5213.04914582874,5246.797827753224,5181.017412274121,5208.867974642616
2025-03-27,1.0079046061427641,1.014753414743832,1.0015214255090892,1.0067745319569157,5738.313373198661,5777.305763695206,5701.971947065153,5731.8795105356285,1.0079046061427641,1.014753414743832,1.0015214255090892,1.0067745319569157,5221.761453035563,5257.243823623329,5188.691412103569,5215.906754300415
2025-03-28,1.0023330023677397,1.007049156778744,0.9965942671533762,1.001985298749213,5593.960346234213,5620.280921032763,5561.932809326963,5592.019833201432,1.0023330023677397,1.007049156778744,0.9965942671533762,1.001985298749213,5230.473760242386,5255.084066236241,5200.527321399404,5228.659338639237
2025-03-31,1.0056966116817045,1.0116391912636074,0.9995392134424387,1.004847036954169,5643.818530265974,5677.1673954926755,5609.264134956949,5639.050844331255,1.0056966116817045,1.0116391912636074,0.9995392134424387,1.004847036954169,5239.186067449209,5270.143992322945,5207.109042736007,5234.760199822672
2025-04-01,1.0083702376277495,1.0155119434532436,1.002050118708247,1.007363068219428,5680.220134473747,5720.449863308162,5644.618462191864,5674.546678694813,1.0083702376277495,1.0155119434532436,1.002050118708247,1.007363068219428,5247.8983746560325,5285.066217374253,5215.006346938794,5242.656725801571
2025-04-02,0.9933527281673002,0.9947207704719814,0.9887303879495798,0.9944518676960514,5633.273520854915,5641.031647723493,5607.060368150429,5639.506708148277,0.9933527281673002,0.9947207704719814,0.9887303879495798,0.9944518676960514,5257.699077002562,5264.93996390876,5233.233574259001,5263.516693164421
2025-04-03,1.005316453257327,1.0112905040916713,0.9993609955545603,1.0046696535313175,5425.210346332231,5457.449431140786,5393.071599730096,5421.719878674826,1.005316453257327,1.0112905040916713,0.9993609955545603,1.0046696535313175,5267.499779349092,5298.8016757318355,5236.295304346615,5264.1107793948995
2025-04-04,1.0101201107890654,1.0179912582573207,1.0036832859750926,1.009014951344733,5125.430251752581,5165.369083698306,5092.769287700497,5119.822584319283,1.0101201107890654,1.0179912582573207,1.0036832859750926,1.009014951344733,5277.300481695622,5318.422730309475,5243.67174949977,5271.526654993598
2025-04-07,1.0028578808696318,1.007863594644955,0.9971272518869577,1.0027115217411564,5076.717307432294,5102.057481991424,5047.707430864752,5075.976400934169,1.0028578808696318,1.007863594644955,0.9971272518869577,1.0027115217411564,5287.1011840421515,5313.491478951673,5256.889111267365,5286.329573691155
2025-04-08,1.0093377402217436,1.016920401209286,1.0029605200525462,1.0082099310123966,5029.297811844698,5067.080467533595,4997.521590502226,5023.67819795064,1.0093377402217436,1.016920401209286,1.0029605200525462,1.0082099310123966,5296.901886388681,5336.694920660772,5263.434883027927,5290.983258272027
2025-04-09,1.0026627352626372,1.0076655880150112,0.9970536997553049,1.0027547947132633,5471.430280054685,5498.730347239114,5440.822334194723,5471.932639270806,1.0026627352626372,1.0076655880150112,0.9970536997553049,1.0027547947132633,5309.683700467043,5336.1767222787685,5279.980587584503,5310.171208925544
2025-04-10,1.008771615305667,1.0161190763649257,1.0024708082910716,1.0078519455158756,5314.259308011019,5352.966100244247,5281.06634161778,5309.414441574909,1.008771615305667,1.0161190763649257,1.0024708082910716,1.0078519455158756,5322.465514545405,5361.232077277765,5289.221292027479,5317.613166732814
2025-04-11,1.015824632921939,1.0260315672096523,1.008876757883662,1.0141291490757511,5448.23320322821,5502.976666309561,5410.969248162916,5439.13971298692,1.015824632921939,1.0260315672096523,1.008876757883662,1.0141291490757511,5335.247328623767,5388.855517603514,5298.756156293211,5326.342419874824
2025-04-14,1.0077685883433867,1.0148471132454189,1.0016803314920604,1.0072464815342472,5447.966755526699,5486.233048791338,5415.053821636134,5445.144261779695,1.0077685883433867,1.0148471132454189,1.0016803314920604,1.0072464815342472,5348.029142702129,5385.593478305842,5315.719964339393,5345.2584248377525
2025-04-15,1.012065367975955,1.0206994548973354,1.00538499858343,1.0106984249317692,5461.742326780079,5508.337299282607,5425.690844905296,5454.365440939534,1.012065367975955,1.0206994548973354,1.00538499858343,1.0106984249317692,5360.810956780491,5406.544868081594,5325.425695543452,5353.570393591158
2025-04-16,1.0115416815669585,1.0199176803764614,1.0048982670541942,1.0101063123905705,5336.590449442802,5380.779706362097,5301.541787497812,5329.017872278932,1.0115416815669585,1.0199176803764614,1.0048982670541942,1.0101063123905705,5363.034578902388,5407.442804551204,5327.812242143367,5355.424477740235
2025-04-17,1.0107395222575712,1.0188864008125575,1.0042529871698558,1.0097077957356022,5339.433674230071,5382.471189572498,5305.167255322197,5333.983372532465,1.0107395222575712,1.0188864008125575,1.0042529871698558,1.0097077957356022,5365.258201024284,5408.503870177757,5330.82605029779,5359.781538579301
2025-04-21,0.9986409714610625,1.0022146240410121,0.9935872128244577,0.9991572967731999,5151.189858990452,5169.6234737283485,5125.1215611911175,5153.853168215519,0.9986409714610625,1.0022146240410121,0.9935872128244577,0.9991572967731999,5367.48182314618,5386.689442113641,5340.318950406384,5370.256961365948
2025-04-22,1.0118790438563872,1.0205308929619106,1.005347328447932,1.0103019348347233,5350.57353294205,5396.322434568273,5316.035389473837,5342.2341589416565,1.0118790438563872,1.0205308929619106,1.005347328447932,1.0103019348347233,5369.705445268077,5415.6179301007605,5335.043804621726,5361.336252376073
2025-04-23,1.0020739605815459,1.0068850055870326,0.9965127279993234,1.0019144884312199,5387.009321731909,5412.872826135105,5357.112913942443,5386.152021777857,1.0020739605815459,1.0068850055870326,0.9965127279993234,1.0019144884312199,5371.929067389973,5397.720170168951,5342.116350829991,5371.074167339205
2025-04-24,0.995510773936038,0.9976012245353969,0.9905006458994089,0.9958926311695622,5460.147627561164,5471.613268295009,5432.668227609702,5462.24202665988,0.995510773936038,0.9976012245353969,0.9905006458994089,0.9958926311695622,5392.775180818958,5404.099347672902,5365.6348475990235,5394.843737247958
2025-04-25,1.0077503493220854,1.0145061746773036,1.0013421347376048,1.0063191524708317,5568.03230757788,5605.359661388785,5532.625576273562,5560.124644423364,1.0077503493220854,1.0145061746773036,1.0013421347376048,1.0063191524708317,5413.621294247943,5449.91349700216,5379.196451869083,5405.932924052468
2025-04-28,1.0073324015529204,1.0141306654152187,1.0011721422907054,1.006589995976691,5569.289015085708,5606.87491641439,5535.230481689738,5565.184440256131,1.0073324015529204,1.0141306654152187,1.0011721422907054,1.006589995976691,5434.467407676928,5471.143427758773,5401.233364840881,5430.462196585658
2025-04-29,1.017123060503726,1.0275825992759975,1.009825425409907,1.0152654520237492,5656.048428540935,5714.212145531945,5615.4675203821735,5645.718583577225,1.017123060503726,1.0275825992759975,1.009825425409907,1.0152654520237492,5455.313521105913,5511.412989798174,5416.172841924289,5445.350285533691
2025-04-30,1.0194028189570952,1.0308020845588954,1.0118822624918162,1.0171247593128727,5677.115462941201,5740.598657033563,5635.233032752674,5664.428812098948,1.0194028189570952,1.0308020845588954,1.0118822624918162,1.0171247593128727,5476.159634534898,5537.395680768108,5435.759738656118,5463.9220597148515
2025-05-01,1.0196082165629912,1.030825568788937,1.011855798029536,1.017299281712775,5714.027190769321,5776.8908030728335,5670.581551969244,5701.087596617832,1.0196082165629912,1.030825568788937,1.011855798029536,1.017299281712775,5502.02075087483,5562.551946793466,5460.18706716412,5489.561251969329
2025-05-02,1.021072821894412,1.032856179827145,1.0131699612375438,1.0184677711689518,5806.504184082296,5873.512252137631,5761.563223470703,5791.690120273343,1.021072821894412,1.032856179827145,1.0131699612375438,1.0184677711689518,5527.881867214763,5591.674585280068,5485.097377032,5513.778649148759
2025-05-05,1.0305909684093046,1.0458232895073207,1.0213527252908885,1.0265521875584172,5823.230596080567,5909.298998566375,5771.031011929131,5800.409949536329,1.0305909684093046,1.0458232895073207,1.0213527252908885,1.0265521875584172,5553.742983554695,5635.828310337571,5503.959093076334,5531.978431467311
2025-05-06,1.026226597109561,1.0400911108192714,1.0178890993829905,1.0238950124943302,5753.960169599569,5831.697250163681,5707.2125702214835,5740.887184504585,1.026226597109561,1.0400911108192714,1.0178890993829905,1.0238950124943302,5579.604099894627,5654.985597271163,5534.273042768393,5566.927251413956
2025-05-07,1.023612456599002,1.0360338226494106,1.0150974562402904,1.0210777393543766,5764.248354596827,5834.196544809172,5716.298003376822,5749.974652071513,1.023612456599002,1.0360338226494106,1.0150974562402904,1.0210777393543766,5605.465216234559,5673.48659960559,5558.835714982132,5591.584699974583
2025-05-08,1.0163206627757597,1.0263037220176967,1.0089219382044017,1.0150896183216618,5756.3792547221365,5812.922703284913,5714.473322673439,5749.406692796792,1.0163206627757597,1.0263037220176967,1.0089219382044017,1.0150896183216618,5625.172683952384,5680.4273237593225,5584.221924138822,5618.359049349099
2025-05-09,1.0066400339992094,1.0130300060447963,1.000458674692744,1.0069268814289616,5697.491994832465,5733.658661513003,5662.506057480208,5699.115525468594,1.0066400339992094,1.0130300060447963,1.000458674692744,1.0069268814289616,5644.880151670209,5680.712847720016,5610.21728184495,5646.4886902819035
2025-05-12,1.0119939616115141,1.0204773679909023,1.0051837733026683,1.0110636821949528,5914.284990510394,5963.863629238751,5874.484956097721,5908.848260846921,1.0119939616115141,1.0204773679909023,1.0051837733026683,1.0110636821949528,5664.587619388034,5712.073079351052,5626.4679172521055,5659.380425011861
2025-05-13,1.0077181628139067,1.0147225395378383,1.0016237070795238,1.0079988113606022,5931.983351312203,5973.214965116462,5896.108032908971,5933.635403014753,1.0077181628139067,1.0147225395378383,1.0016237070795238,1.0079988113606022,5684.295087105858,5723.805086696325,5649.917732337534,5685.878157863192
2025-05-14,1.0175787976176787,1.0284267202553066,1.0104537775751292,1.016579615231757,5996.164471265981,6060.086723242014,5954.179720663655,5990.276709122347,1.0175787976176787,1.0284267202553066,1.0104537775751292,1.016579615231757,5704.002554823684,5764.8102078373095,5664.063502810199,5698.4016727147255
2025-05-15,1.021053748408084,1.0330258146461757,1.013325648569697,1.0201215616428898,6041.503555568244,6112.341433454397,5995.776929791498,6035.987871731664,1.021053748408084,1.0330258146461757,1.013325648569697,1.0201215616428898,5701.321520102811,5768.170693312102,5658.1696468671535,5696.116410701427
2025-05-16,1.0169610550792265,1.0273611084160121,1.0096439888712108,1.0165053478443669,6059.440411362962,6121.407881163798,6015.842550410445,6056.725134488919,1.0169610550792265,1.0273611084160121,1.0096439888712108,1.0165053478443669,5698.640485381938,5756.918198868735,5657.638591042955,5696.086885433265
2025-05-19,1.0066382458598662,1.0130991474327358,1.0004795363184154,1.0071866384708927,6003.187843009899,6041.718075629863,5966.459762788502,6006.4582371850165,1.0066382458598662,1.0130991474327358,1.0004795363184154,1.0071866384708927,5695.959450661064,5732.517800718926,5661.11102327339,5699.06247410399
2025-05-20,0.9894538691432524,0.9891927972969325,0.9851374199625192,0.9913210741245793,5877.8111314907255,5876.260244630536,5852.169437790547,5888.9031879940985,0.9894538691432524,0.9891927972969325,0.9851374199625192,0.9913210741245793,5693.278415940191,5691.776218865607,5668.441738131806,5704.022239527973
2025-05-21,0.9976498654277373,1.0006982818779262,0.9925714304681955,0.9982285371983097,5830.8743799776075,5848.6911852465455,5801.19290822872,5834.256490794613,0.9976498654277373,1.0006982818779262,0.9925714304681955,0.9982285371983097,5690.597381219318,5707.985556439362,5661.629975235585,5693.898126477068
2025-05-22,1.0041549971492338,1.009663058870724,0.9983243515726267,1.0042198768818424,5866.283534895796,5898.461686553359,5832.220845130801,5866.6625629424925,1.0041549971492338,1.009663058870724,0.9983243515726267,1.0042198768818424,5681.480554756407,5712.645012090073,5648.490927100103,5681.847642447312
2025-05-23,1.0034377148540068,1.0085857645210536,0.9976393749948679,1.0035313240253971,5822.768440509128,5852.64164607806,5789.121718007719,5823.311637681055,1.0034377148540068,1.0085857645210536,0.9976393749948679,1.0035313240253971,5672.363728293497,5701.465295606082,5639.5861156779665,5672.892894439606
2025-05-27,0.9944885542781401,0.9961106315788539,0.9895400574442087,0.9954272381031559,5888.903753700178,5898.508949319446,5859.6010317581795,5894.462207517362,0.9944885542781401,0.9961106315788539,0.9895400574442087,0.9954272381031559,5663.2469018305865,5672.484036042217,5635.067030636571,5668.592361304152
2025-05-28,1.000189261713748,1.0041394964393886,0.994783954882258,1.00039921915174,5889.664477064491,5912.925631758162,5857.835057521921,5890.9008219359785,1.000189261713748,1.0041394964393886,0.994783954882258,1.00039921915174,5654.130075367676,5676.46098994752,5623.573550625397,5655.31697739726
2025-05-29,0.9919895699412871,0.9928229585823329,0.987511234545344,0.9934090248310612,5864.810975719779,5869.738111041712,5838.334295541947,5873.203034335455,0.9919895699412871,0.9928229585823329,0.987511234545344,0.9934090248310612,5645.0132489047655,5649.755728123038,5619.52884522839,5653.090795183273
2025-05-30,0.9936981966884184,0.9951924816307338,0.9890062382456003,0.994695054646735,5874.4356923809555,5883.269441731592,5846.698288574133,5880.3288076045565,0.9936981966884184,0.9951924816307338,0.9890062382456003,0.994695054646735,5652.166935670074,5660.666445854928,5625.479021308939,5657.837075366749
2025-06-02,0.9851613810451079,0.9833529726204189,0.9813912680383859,0.9868173471653507,5847.858848200897,5837.1242442964485,5825.479683599776,5857.688563732691,0.9851613810451079,0.9833529726204189,0.9813912680383859,0.9868173471653507,5659.320622435382,5648.932108138596,5637.662974563295,5668.833422464554
2025-06-03,0.9929114153773833,0.9941426054176601,0.9883226921793161,0.9936716428959416,5928.048527026667,5935.399187107435,5900.652151706623,5932.587366596643,0.9929114153773833,0.9941426054176601,0.9883226921793161,0.9936716428959416,5666.47430920069,5673.500622550428,5640.286794674032,5670.812873181668
2025-06-04,0.9983392527492094,1.00157566224902,0.9930640032526193,0.9983035198414372,5960.893993707507,5980.217979913071,5929.396481260773,5960.680639304452,0.9983392527492094,1.00157566224902,0.9930640032526193,0.9983035198414372,5673.627995965998,5692.020725185018,5643.648404211853,5673.424923488024
2025-06-05,1.006336288729434,1.0127610698875698,1.000309782290095,1.0055873266422795,5976.933119650727,6015.091822383243,5941.139889955562,5972.48480912649,1.006336288729434,1.0127610698875698,1.000309782290095,1.0055873266422795,5680.781682731306,5717.049657490295,5646.761974036628,5676.553781826392
2025-06-06,1.0103921463878203,1.0183974043068202,1.0039505532022654,1.0094565025532292,6062.716619499621,6110.751048906472,6024.064741412745,6057.102419660294,1.0103921463878203,1.0183974043068202,1.0039505532022654,1.0094565025532292,5682.080372184623,5727.099050386389,5645.855179484847,5676.818649311092
2025-06-09,1.0086609890849638,1.0159208313164028,1.0023150017496287,1.007728444691901,6057.896861125602,6101.498602386557,6019.783622708061,6052.2961114061945,1.0086609890849638,1.0159208313164028,1.0023150017496287,1.007728444691901,5683.379061637939,5724.285209268756,5647.622100738934,5678.124567476933
2025-06-10,1.001777248659854,1.0063615575966152,0.9961499741312204,1.001621471997504,6049.542466979613,6077.226237630016,6015.5604252833555,6048.601761313248,1.001777248659854,1.0063615575966152,0.9961499741312204,1.001621471997504,5684.677751091256,5710.691836609567,5652.745260754707,5683.793781997544
2025-06-11,1.0010438731105376,1.0052721038994106,0.9954406788583933,1.0009349456989811,6028.526454401203,6053.989874987186,5994.78267384817,6027.870467386232,1.0010438731105376,1.0052721038994106,0.9954406788583933,1.0009349456989811,5685.976440544572,5709.992990964099,5654.15003276637,5685.357727706428
2025-06-12,1.0011430552394438,1.0054335132774623,0.9955389073129831,1.000800716038947,6052.170066116801,6078.107000475712,6018.291534822884,6050.100536641605,1.0011430552394438,1.0054335132774623,0.9955389073129831,1.000800716038947,5687.275129997889,5711.6482854307915,5655.439189109935,5685.330375738426
2025-06-13,1.0009033253581572,1.0051980749305995,0.9954318573709665,1.0008070341312931,5982.369148565945,6008.038737917946,5949.666348550546,5981.793618791716,1.0009033253581572,1.0051980749305995,0.9954318573709665,1.0008070341312931,5686.097979519675,5710.496306758391,5655.014754717881,5685.550952312706
2025-06-16,0.9960375597865629,0.9984943405327114,0.9911531975504099,0.996702062245612,6009.20416232391,6024.026190811306,5979.736267673353,6013.213178754624,0.9960375597865629,0.9984943405327114,0.9911531975504099,0.996702062245612,5684.920829041462,5698.942995072189,5657.043152803188,5688.713501148332
2025-06-17,0.9992860129268217,1.0030196443733486,0.9940629770990549,0.9994783273899601,5978.448415257555,6000.78568678532,5947.200454350058,5979.598978842462,0.9992860129268217,1.0030196443733486,0.9940629770990549,0.9994783273899601,5683.743678563249,5704.979845043881,5654.036070846385,5684.837525670103
2025-06-18,0.99248238114429,0.9935136572059902,0.9879191687341867,0.9933817259037541,5935.9080989144495,5942.07602697359,5908.616118707235,5941.286963005986,0.99248238114429,0.9935136572059902,0.9879191687341867,0.9933817259037541,5682.566528085035,5688.4712120781915,5656.439355860277,5687.715824963683
2025-06-20,0.998965101519351,1.0025339857277187,0.9937173893686472,0.9989381900990055,5961.663891451244,5982.9624213853085,5930.346384969787,5961.5032884004495,0.998965101519351,1.0025339857277187,0.9937173893686472,0.9989381900990055,5681.389377606822,5701.686604006913,5651.5441948027365,5681.236324955178
2025-06-23,0.9966371825130034,0.9992548958000453,0.991623120569819,0.9969426265919255,6004.908452961872,6020.680620527559,5974.6978773636565,6006.748805462871,0.9966371825130034,0.9992548958000453,0.991623120569819,0.9969426265919255,5681.4192646862375,5696.341773056761,5652.836156792843,5683.160475936149
2025-06-24,1.0036757758052397,1.0090709463295253,0.9979158213373361,1.0029953590595768,6114.573487845166,6147.441837809808,6079.482808434893,6110.428266555573,1.0036757758052397,1.0090709463295253,0.9979158213373361,1.0029953590595768,5681.449151765653,5711.989280099669,5648.8441121555015,5677.59755622486
2025-06-25,0.9998237660319853,1.0037127271827968,0.9944873621698557,0.9999344221317814,6091.086354469419,6114.778528033948,6058.576128316708,6091.7604891343535,0.9998237660319853,1.0037127271827968,0.9944873621698557,0.9999344221317814,5681.479038845068,5703.577984691203,5651.155028038816,5682.107839972698
2025-06-26,0.9951999953181792,0.9972005621132167,0.9902787974115549,0.9958004823887394,6111.543075248845,6123.8285959485065,6081.321900480307,6115.2306783588965,0.9951999953181792,0.9972005621132167,0.9902787974115549,0.9958004823887394,5681.508925924484,5692.929985165225,5653.414241474865,5684.93705360469
2025-06-27,1.000026302614932,1.0039654508766445,0.9946330359216867,0.9999810329639958,6173.232367883158,6197.549005843087,6139.939355057087,6172.952915159053,1.000026302614932,1.0039654508766445,0.9946330359216867,0.9999810329639958,5681.5388130039,5703.918648094811,5650.897564902295,5681.281618489943
2025-06-30,0.9977426102550078,1.0008029476341518,0.9926057627435861,0.9980820289814518,6190.943009501811,6209.93224992253,6159.069127535815,6193.049085728459,0.9977426102550078,1.0008029476341518,0.9926057627435861,0.9980820289814518,5681.294397526215,5698.72041244025,5652.044425952758,5683.227098093619
2025-07-01,0.9998731186778593,1.0037751928505214,0.9945298006769357,1.000000344868903,6197.223588296559,6221.408683039461,6164.105649893655,6198.012137500909,0.9998731186778593,1.0037751928505214,0.9945298006769357,1.000000344868903,5681.049982048531,5703.22067350373,5650.6904733607025,5681.772852117586
2025-07-02,1.0052470734508085,1.0112151638206752,0.9993036558862863,1.0045906177723454,6260.095730149034,6297.261535480149,6223.083572739377,6256.007704927859,1.0052470734508085,1.0112151638206752,0.9993036558862863,1.0045906177723454,5680.805566570846,5714.532161644187,5647.218401308987,5677.095834733857
2025-07-03,0.9976294806392241,1.0006539360222133,0.9925206473108469,0.998114096280341,6264.4646792519125,6283.456293161085,6232.384526691367,6267.507750477959,0.9976294806392241,1.0006539360222133,0.9925206473108469,0.998114096280341,5680.561151093162,5697.782578572244,5651.471152555835,5683.320581159701
2025-07-07,0.9997849038035918,1.00367207681506,0.9944558909174143,0.9997616878712223,6228.6399549983,6252.856965116287,6195.440311297672,6228.495320203957,0.9997849038035918,1.00367207681506,0.9944558909174143,0.9997616878712223,5680.316735615477,5702.4018599529945,5650.039742067662,5680.18483339464
2025-07-08,0.9914089014918852,0.991947485559872,0.9868894388910471,0.9922559133732365,6172.035944415762,6175.388910302695,6143.899939604992,6177.3090338233515,0.9914089014918852,0.991947485559872,0.9868894388910471,0.9922559133732365,5661.2072060237515,5664.282663589392,5635.399878487437,5666.043868029789
2025-07-09,0.9935057928950835,0.9949336782631191,0.9888287356134592,0.9940985313618229,6222.5850924080605,6231.528309718264,6193.291466618354,6226.297567537251,0.9935057928950835,0.9949336782631191,0.9888287356134592,0.9940985313618229,5642.097676432026,5650.206606218665,5615.5367703860775,5645.463825225359
2025-07-10,0.9887527993114043,0.9882226720985683,0.984488921427363,0.9898266664707707,6209.822405963302,6206.492963208174,6183.043291467696,6216.566785703017,0.9887527993114043,0.9882226720985683,0.984488921427363,0.9898266664707707,5622.988146840301,5619.973339664867,5598.739684718893,5629.095176132762
2025-07-11,0.9916653206737089,0.9923134580787929,0.9871313145395456,0.9924152961933659,6207.57699108725,6211.6341692087235,6179.1952461889205,6212.271650346422,0.9916653206737089,0.9923134580787929,0.9871313145395456,0.9924152961933659,5603.878617248575,5607.541227274023,5578.257049673286,5608.116712188923
2025-07-14,0.9831791689784575,0.9805053011116298,0.9795425703760324,0.984963404294257,6163.1176114916,6146.3563103363185,6140.321374956382,6174.302197622808,0.9831791689784575,0.9805053011116298,0.9795425703760324,0.984963404294257,5584.7690876568495,5569.580671264083,5564.112055754778,5594.904109381462
2025-07-15,0.9864157011897612,0.9850962892708095,0.98251004722082,0.9877514711582707,6158.942898460584,6150.70480709751,6134.556932435467,6167.283125559165,0.9864157011897612,0.9850962892708095,0.98251004722082,0.9877514711582707,5576.2333778015145,5568.774708223716,5554.154615270176,5583.784519854995
2025-07-16,0.9887513687999296,0.9883365169700893,0.9845914414163767,0.9898600450718449,6193.241948752119,6190.643441345548,6167.1854115997585,6200.186364316514,0.9887513687999296,0.9883365169700893,0.9845914414163767,0.9898600450718449,5567.6976679461795,5565.36162105064,5544.272953985637,5573.940667438704
2025-07-17,0.98960311917377,0.9894724622902187,0.9853149225946604,0.9906836620533512,6231.887098560132,6231.064305127931,6204.88278095071,6238.691666068292,0.98960311917377,0.9894724622902187,0.9853149225946604,0.9906836620533512,5559.161958090844,5558.42798427596,5535.072725923402,5565.231980258184
2025-07-18,0.9928383400828886,0.9940034881767543,0.98823674228155,0.9934955707752751,6251.694531450532,6259.031224316504,6222.719236431041,6255.832975102045,0.9928383400828886,0.9940034881767543,0.98823674228155,0.9934955707752751,5550.626248235509,5557.140200539519,5524.900257901775,5554.3006046589335
2025-07-21,0.9923580458552885,0.9933198229011806,0.9877844622369943,0.9930990806782292,6257.4128939451075,6263.477475285685,6228.5737050815915,6262.085563124642,0.9923580458552885,0.9933198229011806,0.9877844622369943,0.9930990806782292,5542.090538380174,5547.46184109529,5516.54812996891,5546.22904675221
2025-07-22,0.9956024458797026,0.9978066221412929,0.9906613400217233,0.9959283939564274,6281.8731045714885,6295.780619195144,6250.696604227866,6283.929713075353,0.9956024458797026,0.9978066221412929,0.9906613400217233,0.9959283939564274,5536.074045757189,5548.330426850431,5508.59889439441,5537.88648876121
2025-07-23,0.996331053057437,0.9988584057029994,0.9913600256677805,0.996636497136359,6335.5794965974665,6351.65070460886,6303.9691808191055,6337.521788005365,0.996331053057437,0.9988584057029994,0.9913600256677805,0.996636497136359,5530.057553134206,5544.085426243387,5502.466254560656,5531.752896595117
2025-07-24,0.9973190596492338,1.0001959339317592,0.9921907952066599,0.9975501171314762,6346.290238218952,6364.59679618466,6313.6572966783,6347.76053784858,0.9973190596492338,1.0001959339317592,0.9921907952066599,0.9975501171314762,5524.041060511221,5539.975752131561,5495.636165331636,5525.320862603537
2025-07-25,0.9973679354579497,1.0002258554634365,0.9922194054361521,0.9975787273609684,6371.824687184076,6390.082909247929,6338.932582345618,6373.171360767377,0.9973679354579497,1.0002258554634365,0.9922194054361521,0.9975787273609684,5518.0245678882375,5533.836258080679,5489.539879200362,5519.190792365903
2025-07-28,0.9945720007808256,0.9963192478355678,0.9896977713342844,0.995072948094611,6355.086333429296,6366.250840242276,6323.941128338671,6358.287271546503,0.9945720007808256,0.9963192478355678,0.9896977713342844,0.995072948094611,5512.008075265253,5521.691476635553,5484.994654367682,5514.78437063321
2025-07-29,0.9978318980128813,1.0009386078056606,0.9926820566888986,0.9978674522602604,6357.047325774344,6376.83973892477,6324.238407677037,6357.273836906802,0.9978318980128813,1.0009386078056606,0.9926820566888986,0.9978674522602604,5510.691103380907,5527.848420209471,5482.250255955194,5510.887457571538
2025-07-30,0.9907015135676909,0.9910103813347133,0.986292915606135,0.9917633405888127,6303.73466067986,6305.699955394647,6275.683192710276,6310.490959832556,0.9907015135676909,0.9910103813347133,0.986292915606135,0.9917633405888127,5509.374131496562,5511.091771030147,5484.857548819609,5515.279040535435
2025-07-31,0.9974935820491362,1.0003793970283779,0.9923041632410227,0.9974518886768864,6323.500839106474,6341.795145727729,6290.603089408507,6323.236528559367,0.9974935820491362,1.0003793970283779,0.9923041632410227,0.9974518886768864,5508.057159612215,5523.992333676268,5479.401721687956,5507.826933090801
2025-08-01,0.9981616309077788,1.0012957588371547,0.9928863814111887,0.9979672304356144,6226.5422352190335,6246.09295658376,6193.635176106809,6225.329563129667,0.9981616309077788,1.0012957588371547,0.9928863814111887,0.9979672304356144,5506.74018772787,5524.030802481793,5477.637257397093,5505.6677032129055
2025-08-04,0.998805361071353,1.0021634832557949,0.9934410622354685,0.9984663597309635,6322.378007259999,6343.634719200186,6288.422317486781,6320.232149115415,0.998805361071353,1.0021634832557949,0.9934410622354685,0.9984663597309635,5505.423215843524,5523.933212441895,5475.855157341993,5503.554637717772
2025-08-05,0.9996848872096586,1.0034298435386928,0.9942692091699777,0.9992709032261418,6297.205044662209,6320.795236120498,6263.090659711432,6294.597280893079,0.9996848872096586,1.0034298435386928,0.9942692091699777,0.9992709032261418,5504.576938782561,5525.197836936867,5474.756525543838,5502.297413786387
2025-08-06,0.9989947846324492,1.0024353996452602,0.9936282208200632,0.9987430444920109,6338.681848179968,6360.512756873155,6304.6306787965505,6337.084541884479,0.9989947846324492,1.0024353996452602,0.9936282208200632,0.9987430444920109,5503.730661721598,5522.685934193972,5474.164819880711,5502.3437576546
2025-08-07,1.001283364573245,1.0055754915413173,0.9956426193948923,1.0007113090717838,6348.136531394373,6375.348616371952,6312.374206963617,6344.50969951511,1.001283364573245,1.0055754915413173,0.9956426193948923,1.0007113090717838,5502.884384660634,5526.473190093002,5471.883801151453,5499.740464170663
2025-08-08,0.9977227023036528,1.00068397676318,0.9924964478250681,0.9976709953510807,6374.899320234074,6393.820235329501,6341.506428555881,6374.568941245962,0.9977227023036528,1.00068397676318,0.9924964478250681,0.9976709953510807,5502.038107599671,5518.3683413267,5473.217423019884,5501.752964620742
2025-08-11,0.9992314150722075,1.002769304865292,0.9938414862390695,0.9990105501377629,6368.551462391961,6391.100026093694,6334.199020470398,6367.143790775524,0.9992314150722075,1.002769304865292,0.9938414862390695,0.9990105501377629,5501.191830538708,5520.669411140651,5471.517991209006,5499.9758756010515
2025-08-12,0.9988898804576445,1.002257897013119,0.9935090115305124,0.9987357727253483,6438.604435858667,6460.313862251282,6403.920646162916,6437.611094402141,0.9988898804576445,1.002257897013119,0.9935090115305124,0.9987357727253483,5502.256791734437,5520.809078958074,5472.616965384228,5501.407909056501
2025-08-13,0.9997167160899687,1.0034458175834926,0.9942842295404611,0.999442803021674,6464.748121933069,6488.8626550690615,6429.618513061755,6462.976841163896,0.9997167160899687,1.0034458175834926,0.9942842295404611,0.999442803021674,5503.3217529301655,5523.850013624315,5473.416559869739,5501.813894030843
2025-08-14,1.0033506920726347,1.0084974304374965,0.9975301792856394,1.0026693216526554,6490.21408569952,6523.505968682163,6452.56386591633,6485.806613883068,1.0033506920726347,1.0084974304374965,0.9975301792856394,1.0026693216526554,5504.386714125895,5532.6217455067035,5472.45535303025,5500.648712730406
2025-08-15,1.0014518072993803,1.0058476463493617,0.9958222677942453,1.001081453915839,6459.163866719543,6487.516149424114,6422.854462819324,6456.775161466378,1.0014518072993803,1.0058476463493617,0.9958222677942453,1.001081453915839,5505.451675321624,5529.617670415714,5474.503448483416,5503.415668555231
2025-08-18,1.0009679367930937,1.0051309601005824,0.9953640272852121,1.0005793443882511,6455.39236956918,6482.240331332671,6419.251916566425,6452.88627886149,1.0009679367930937,1.0051309601005824,0.9953640272852121,1.0005793443882511,5506.516636517353,5529.418226326852,5475.688455313516,5504.378915154423
2025-08-19,1.003441648760562,1.0085573927101406,0.997538762354487,1.0026461950504826,6433.435683614004,6466.234610900014,6395.5900947966875,6428.335735560812,1.003441648760562,1.0085573927101406,0.997538762354487,1.0026461950504826,5502.6306674635625,5530.684166716472,5470.260669861069,5498.268592214806
2025-08-20,0.9979780486018706,1.0009567276176723,0.9926727583643137,0.9979770055973576,6382.848043686871,6401.899019362556,6348.91657449131,6382.841372859468,0.9979780486018706,1.0009567276176723,0.9926727583643137,0.9979770055973576,5498.744698409772,5515.156878486629,5469.513157086633,5498.738951574414
2025-08-21,0.9995785525233793,1.0031913057503017,0.9941069653268991,0.9993976227009342,6367.4853079278555,6390.499160151399,6332.630367316453,6366.33275420081,0.9995785525233793,1.0031913057503017,0.9941069653268991,0.9993976227009342,5494.858729355982,5514.718667882923,5464.780454272835,5493.8641263688
2025-08-22,0.9984310439021635,1.0016548172172817,0.9931332638498483,0.9983248583042668,6456.76370212134,6477.611554010611,6422.503435323222,6456.077009416445,0.9984310439021635,1.0016548172172817,0.9931332638498483,0.9983248583042668,5490.972760302192,5508.702228518163,5461.837081744319,5490.388781840035
2025-08-25,0.9964714816005278,0.9989903703865322,0.991433935427302,0.9967926613056706,6416.59874089991,6432.818671837404,6384.160369075734,6418.66691979883,0.9964714816005278,0.9989903703865322,0.991433935427302,0.9967926613056706,5487.086791248402,5500.957094254071,5459.34745943831,5488.855372638082
2025-08-26,0.9955343773753691,0.997577859514645,0.9905088713403879,0.9957678190434025,6437.065552046493,6450.278584950123,6404.570931554667,6438.574971865498,0.9955343773753691,0.997577859514645,0.9905088713403879,0.9957678190434025,5487.1267760938035,5498.389918600697,5459.427492819763,5488.413445902936
2025-08-27,0.99927850274158,1.0028723016914638,0.9939171841379343,0.9990916124546574,6476.723687669277,6500.016536183053,6441.974837271607,6475.512376963616,0.99927850274158,1.0028723016914638,0.9939171841379343,0.9990916124546574,5487.166760939204,5506.90077311819,5457.727071046928,5486.1405223405245
2025-08-28,0.9963095953853178,0.9986999765571865,0.9912516644235788,0.996609436627631,6477.865505851983,6493.407429578108,6444.97954684909,6479.815031631729,0.9963095953853178,0.9986999765571865,0.9912516644235788,0.996609436627631,5487.206745784606,5500.37184602255,5459.3500303404135,5488.858130951533
2025-08-29,1.0023164322764921,1.0070493951973232,0.9965935518976389,1.0017897955143498,6475.224754778531,6505.800925817459,6438.253459582241,6471.822544369534,1.0023164322764921,1.0070493951973232,0.9965935518976389,1.0017897955143498,5487.246730630007,5513.157645065019,5455.916448458212,5484.363623301584
2025-09-02,1.000036435404544,1.0039098993477138,0.994598465227717,0.9998224846088932,6415.773752795268,6440.624115661231,6380.886237607027,6414.401142907739,1.000036435404544,1.0039098993477138,0.994598465227717,0.9998224846088932,5487.2867154754085,5508.540748314354,5457.448101146939,5486.112748890617
2025-09-03,0.9999420216472197,1.0037924781975063,0.994516210817927,0.999810325261359,6447.886140506901,6472.714885461852,6412.899101568806,6447.036927969812,0.9999420216472197,1.0037924781975063,0.994516210817927,0.999810325261359,5482.866936418657,5503.9797014116775,5453.116212721512,5482.144820791901
2025-09-04,1.0011252930553007,1.0054083601173671,0.995553808474177,1.0007785431110905,6509.39674546901,6537.245590151931,6473.170507003776,6507.142149591759,1.0011252930553007,1.0054083601173671,0.995553808474177,1.0007785431110905,5478.447157361907,5501.8853391097255,5447.958382303002,5476.549641377293
2025-09-05,0.9979190400035429,1.0009526745018276,0.9926696589227854,0.998018013592963,6468.012257782963,6487.674759783596,6433.988394308033,6468.6537551027905,0.9979190400035429,1.0009526745018276,0.9926696589227854,0.998018013592963,5474.027378305155,5490.6682055002375,5445.2322009377385,5474.5702922255205
2025-09-08,0.9935760071666289,0.9949129358467372,0.9888097813364206,0.9942430130207585,6453.425202948329,6462.108755264935,6422.467851247252,6457.757506021779,0.9935760071666289,0.9949129358467372,0.9888097813364206,0.9942430130207585,5469.607599248405,5476.967353525511,5443.369661906316,5473.279447463515
2025-09-09,0.9959727099330473,0.9983106390175136,0.9909910729166208,0.9963079563343571,6486.381830437063,6501.607850771849,6453.938371387513,6488.565159502697,0.9959727099330473,0.9983106390175136,0.9909910729166208,0.9963079563343571,5465.187820191653,5478.016707398569,5437.852149570096,5467.027413315972
2025-09-10,0.992558794298892,0.9935771957573207,0.9879496863123117,0.993352281209235,6483.433746712135,6490.085985774649,6453.326868979472,6488.616834949971,0.992558794298892,0.9935771957573207,0.9879496863123117,0.993352281209235,5465.550138530348,5471.157991953405,5440.169968671141,5469.919494298144
2025-09-11,0.9982174208552885,1.0014980570015224,0.9930538704630075,0.9983962646687077,6575.727313361588,6597.338405555819,6541.712580058948,6576.905441617172,0.9982174208552885,1.0014980570015224,0.9930538704630075,0.9983962646687077,5465.912456869042,5483.876148549348,5437.638541967159,5466.891747159092
2025-09-12,0.9938046505839873,0.9952696100410732,0.9890248348947702,0.9943133465015934,6543.498022793641,6553.143740697337,6512.026330149287,6546.847424236977,0.9938046505839873,0.9952696100410732,0.9890248348947702,0.9943133465015934,5466.274775207736,5474.332566970197,5439.984109414659,5469.072781497028
2025-09-15,0.9998205473811674,1.00371189271777,0.9944718649622141,0.9996360412800358,6614.092870679689,6639.835209658009,6578.709838847235,6612.872311158995,0.9998205473811674,1.00371189271777,0.9944718649622141,0.9996360412800358,5466.63709354643,5487.9134844113605,5437.392539821628,5465.628284616594
2025-09-16,1.000331478396182,1.0043485895332607,0.9948713352914987,1.000062691327338,6608.94999820876,6635.4900873847655,6572.876143150463,6607.174186553804,1.000331478396182,1.0043485895332607,0.9948713352914987,1.000062691327338,5466.999411885125,5488.953678743843,5437.158704292906,5465.5304400702535
2025-09-17,1.0020684769542265,1.0067783132728847,0.9964370301004587,1.0015548340046452,6614.00267186483,6645.089240010685,6576.833151623563,6610.61244862256,1.0020684769542265,1.0067783132728847,0.9964370301004587,1.0015548340046452,5466.695795432106,5492.389890189622,5435.973936052532,5463.893661828059
2025-09-18,1.0003116896541167,1.0042767063316616,0.9948160221811472,0.9999987951481388,6634.027113318515,6660.322945323326,6597.580066464481,6631.95200947065,1.0003116896541167,1.0042767063316616,0.9948160221811472,0.9999987951481388,5466.3921789790875,5488.059761573416,5436.360065985488,5464.682307847906
2025-09-19,1.0026255419642973,1.0074940458473476,0.9968782236810861,1.0020547977650212,6681.857556845184,6714.303019383229,6643.555358771283,6678.053912033296,1.0026255419642973,1.0074940458473476,0.9968782236810861,1.0020547977650212,5466.08856252607,5492.630548818996,5434.755478120988,5462.976993740699
2025-09-22,0.9961500933558989,0.9984670416054042,0.991078334116572,0.9963134399616764,6667.979687401048,6683.488759746175,6634.030598992804,6669.073088743472,0.9961500933558989,0.9984670416054042,0.991078334116572,0.9963134399616764,5465.784946073051,5478.497830353686,5437.956664486457,5466.681214039902
2025-09-23,0.9997223189265776,1.0035048261818202,0.9943302443262277,0.9994518629276798,6655.071499308713,6680.251347506283,6619.176890060152,6653.271095360531,0.9997223189265776,1.0035048261818202,0.9943302443262277,0.9994518629276798,5465.481329620033,5486.160294559896,5436.002860951079,5464.002746833118
2025-09-24,0.9958552887828398,0.9981652036842616,0.9909066727396189,0.9961674085819767,6610.457531281827,6625.790677100019,6577.608766445408,6612.529373144905,0.9958552887828398,0.9981652036842616,0.9909066727396189,0.9961674085819767,5459.217675115912,5471.880487072525,5432.0896651783105,5460.928696730594
2025-09-25,0.9962887337596464,0.9987084404167446,0.9912492802377878,0.9966130129063175,6580.208125637012,6596.189610589281,6546.923946172122,6582.349898602613,0.9962887337596464,0.9987084404167446,0.9912492802377878,0.9966130129063175,5452.954020611791,5466.1977206531765,5425.371747107597,5454.72888688973
2025-09-26,0.9980582764537382,1.0011312500175746,0.9927919676538645,0.9980609289372013,6630.799771275701,6651.21568574176,6595.811995501979,6630.817393580084,0.9980582764537382,1.0011312500175746,0.9927919676538645,0.9980609289372013,5446.69036610767,5463.460464508059,5417.950608037491,5446.704841470949
2025-09-29,0.9975103905589628,1.0004251733955654,0.9923629334207712,0.9977192751133488,6644.626188695269,6664.042169274274,6610.3378957317755,6646.01761257779,0.9975103905589628,1.0004251733955654,0.9923629334207712,0.9977192751133488,5440.426711603549,5456.323951925918,5412.352454356203,5441.565969018889
2025-09-30,0.9942698052318144,0.9959165588554653,0.9894579222437082,0.9948836437428044,6650.133821500782,6661.148067242425,6617.9497346101525,6654.2394558279975,0.9942698052318144,0.9959165588554653,0.9894579222437082,0.9948836437428044,5434.163057099428,5443.163358283977,5407.863800467618,5437.517980020646
2025-10-01,0.995895581522708,0.9982382789787563,0.9909652045007883,0.9962601534092472,6683.654426715198,6699.376737882229,6650.56568044569,6686.10114156014,0.995895581522708,0.9982382789787563,0.9909652045007883,0.9962601534092472,5432.448276966197,5445.22731022499,5405.553872919772,5434.436957259198
2025-10-02,0.9940554669292021,0.9956429735359462,0.9892795851465402,0.994557606335883,6675.430379843017,6686.091042334617,6643.358662113819,6678.802421707672,0.9940554669292021,0.9956429735359462,0.9892795851465402,0.994557606335883,5430.733496832966,5439.406378369769,5404.641853019429,5433.476789724223
2025-10-03,0.9997657111079741,1.0035689607795986,0.9943633845087229,0.9995180240833805,6714.216565001821,6739.75839111402,6677.935674049836,6712.553150958926,0.9997657111079741,1.0035689607795986,0.9943633845087229,0.9995180240833805,5429.018716699734,5449.671469061734,5399.682511331622,5427.673704085817
2025-10-06,0.9967436364085722,0.9993214145836147,0.9916213324304758,0.9969507328236149,6718.331197611971,6735.706144289646,6683.805434554487,6719.727085436355,0.9967436364085722,0.9993214145836147,0.9916213324304758,0.9969507328236149,5427.303936566503,5441.340028823296,5399.412812380567,5428.431583784457
2025-10-07,0.9984222224147368,1.001594497316769,0.9930902292963205,0.9983734956944035,6703.995870403767,6725.2963957382035,6668.193722730781,6703.668690454685,0.9984222224147368,1.001594497316769,0.9930902292963205,0.9983734956944035,5425.5891564332715,5442.827815512859,5396.614236408465,5425.324367489743
2025-10-08,1.0006449988277006,1.0047596231636318,0.995131330752009,1.0003366342747257,6758.076141482618,6785.865162152683,6720.838371126459,6755.993533633901,1.0006449988277006,1.0047596231636318,0.995131330752009,1.0003366342747257,5426.4838664877425,5448.797416849506,5396.583321446333,5424.811609819618
2025-10-09,0.9993062785060454,1.002952410334042,0.993989186548823,0.9993229976856755,6730.437709428851,6754.994808364909,6694.626510216843,6730.55031494277,0.9993062785060454,1.002952410334042,0.993989186548823,0.9993229976856755,5427.3785765422135,5447.181251854233,5398.500672341235,5427.469380852457
2025-10-10,1.0008801987559843,1.0051044956383022,0.9953686764475046,1.0007371774876164,6558.277511150575,6585.957258714931,6522.163206109039,6557.3403628593815,1.0008801987559843,1.0051044956383022,0.9953686764475046,1.0007371774876164,5428.2732865966855,5451.183758748538,5398.381547952252,5427.497610815047
2025-10-13,1.0033887198360014,1.0085204378303798,0.9975282719370065,1.0027361980640934,6677.270981667036,6711.421128038585,6638.271341824637,6672.928631981084,1.0033887198360014,1.0085204378303798,0.9975282719370065,1.0027361980640934,5429.1679966511565,5456.934861627945,5397.458096439736,5425.637310835055
2025-10-14,1.0008245280177641,1.0049311653312953,0.9952150156732736,1.000509845372443,6649.7884197537105,6677.0741911223795,6612.5170807880895,6647.697570706578,1.0008245280177641,1.0049311653312953,0.9952150156732736,1.000509845372443,5430.0627067056275,5452.343633583327,5399.627797356481,5428.355367957456
2025-10-15,1.0025132468135405,1.0073163047966274,0.996759372019404,1.0020317903721379,6687.826020287937,6719.867508276589,6649.441576303766,6684.614195479954,1.0025132468135405,1.0073163047966274,0.996759372019404,1.0020317903721379,5424.889845422775,5450.88058475938,5393.7539606434375,5422.284545025717
2025-10-16,1.0007073452861357,1.0048135057625087,0.9951687624689279,1.00051330244184,6633.759041415963,6660.9790666450735,6597.043388219896,6632.472717818128,1.0007073452861357,1.0048135057625087,0.9951687624689279,1.00051330244184,5419.716984139922,5441.955481517035,5389.720650542607,5418.666070200063
2025-10-17,0.9974377921016264,1.000338508242062,0.9923114350076853,0.997757422086005,6646.935420943159,6666.2658223101835,6612.773326005565,6649.065438355358,0.9974377921016264,1.000338508242062,0.9923114350076853,0.997757422086005,5414.544122857068,5430.290523940567,5386.715934578598,5416.279219187998
2025-10-20,0.9973752072246123,1.0002574459251674,0.9922501614328562,0.997568475362067,6717.451679434703,6736.863931773973,6682.933829771273,6718.753365465319,0.9973752072246123,1.0002574459251674,0.9922501614328562,0.997568475362067,5409.371261574215,5425.003391872666,5381.575026797814,5410.41947201794
2025-10-21,0.9952368309886503,0.9972594515022548,0.9902973940607248,0.9957141748631047,6703.268389599407,6716.891446675712,6669.999553086903,6706.483467664212,0.9952368309886503,0.9972594515022548,0.9902973940607248,0.9957141748631047,5404.198400291362,5415.181356512104,5377.376948036909,5406.790407462311
2025-10-22,0.9923549464137602,0.9932578340706142,0.9877515604730783,0.9931940904820011,6648.182728004344,6654.231533572673,6617.342804233341,6653.804489775118,0.9923549464137602,0.9932578340706142,0.9877515604730783,0.9931940904820011,5408.7986764454745,5413.719836541485,5383.708069628721,5413.372404164625
2025-10-23,0.9979859164149809,1.001084162348202,0.9927770664926706,0.9980854860508488,6724.868218607364,6745.745562933618,6689.768695936871,6725.539162624481,0.9979859164149809,1.001084162348202,0.9927770664926706,0.9980854860508488,5413.398952599586,5430.204842356071,5385.144462982162,5413.93905056455
2025-10-24,1.000955896654849,1.00525100385516,0.9954639246698557,1.0007594696247624,6798.182153751772,6827.353190373052,6760.882382541012,6796.848082255802,1.000955896654849,1.00525100385516,0.9954639246698557,1.0007594696247624,5417.999228753698,5441.24789293208,5388.2721447947815,5416.93600358956
2025-10-27,1.000662403383975,1.004829360598019,0.9951914122339426,1.0005569330418156,6879.71412924937,6908.362626809076,6842.100189734312,6878.989003771769,1.000662403383975,1.004829360598019,0.9951914122339426,1.0005569330418156,5422.599504907809,5445.180287446889,5392.9521495148265,5422.027960075864
2025-10-28,1.0042562058360625,1.00974638616412,0.9983075430628,1.0034407249653385,6920.219046233665,6958.051274954473,6879.227465416018,6914.599657256402,1.0042562058360625,1.00974638616412,0.9983075430628,1.0034407249653385,5427.199781061921,5456.869804808121,5395.052027218784,5422.792760644887
2025-10-29,0.999676304140811,1.003410174005917,0.9942553808923899,0.9996110073292301,6888.359544549631,6914.088110903431,6851.006185023292,6887.90961099272,0.999676304140811,1.003410174005917,0.9942553808923899,0.9996110073292301,5427.7280526306495,5448.001045126081,5398.295228160631,5427.373524535408
2025-10-30,1.0007382204921293,1.0048300758537563,0.9951610138651071,1.0004490486347721,6827.376391192274,6855.292419700116,6789.326791332475,6825.403562462951,1.0007382204921293,1.0048300758537563,0.9951610138651071,1.0004490486347721,5428.2563241993785,5450.451578951953,5398.00414982993,5426.687783165033
2025-10-31,1.0034000447185087,1.008616162889889,0.9976161291834055,1.002837168332343,6863.456985883543,6899.136277399419,6823.89384684033,6859.606798826892,1.0034000447185087,1.008616162889889,0.9976161291834055,1.002837168332343,5428.784595768107,5457.005824307557,5397.4913626000725,5425.7392155425205
2025-11-03,1.0025763085277128,1.007499529474667,0.9969205429788767,1.0023544899189518,6869.622788742633,6903.356550974534,6830.869652874974,6868.10289428996,1.0025763085277128,1.007499529474667,0.9969205429788767,1.0023544899189518,5429.312867336836,5455.973887160148,5398.684853880154,5428.1116394437395
2025-11-04,1.0004866888911772,1.0044641033348354,0.9949247410532175,1.0002508035862492,6774.845638161051,6801.778898937005,6737.182630278915,6773.248329024465,1.0004866888911772,1.0044641033348354,0.9949247410532175,1.0002508035862492,5429.841138905564,5451.427361703378,5399.655336817111,5428.560942230302
2025-11-05,1.0006354620845366,1.0048043266472133,0.9951691200967966,1.000487553235297,6800.608784610515,6828.941597149189,6763.457939222658,6799.603553177517,1.0006354620845366,1.0048043266472133,0.9951691200967966,1.000487553235297,5432.345318499561,5454.977648402539,5402.669119292553,5431.542336819241
2025-11-06,0.9945748618037749,0.996353699320248,0.9897608330484567,0.9951656929218815,6683.861335277144,6695.815692615849,6651.509521552204,6687.831909456779,0.9945748618037749,0.996353699320248,0.9897608330484567,0.9951656929218815,5434.8494980935575,5444.569947056102,5408.543261359203,5438.078091866656
2025-11-07,0.9998824170024443,1.003761245363644,0.9945026209589182,0.9997850528919743,6728.008807526047,6754.108667802888,6691.8092359083685,6727.3536638995165,0.9998824170024443,1.003761245363644,0.9945026209589182,0.9997850528919743,5437.353677687555,5458.446719525529,5408.098383959949,5436.824212327292
2025-11-10,1.0000088980586577,1.0038992897209438,0.9946051409479318,1.0000129810535954,6832.4907953629145,6859.071624068069,6795.570003166878,6832.518692140017,1.0000088980586577,1.0038992897209438,0.9946051409479318,1.0000129810535954,5439.857857281552,5461.020846624022,5410.462448266003,5439.880067996012
2025-11-11,1.0023059418590117,1.0070201889213832,0.9965818693872629,1.0020762554371403,6862.397884591328,6894.674495671031,6823.207392765527,6860.825311238479,1.0023059418590117,1.0070201889213832,0.9965818693872629,1.0020762554371403,5442.362036875549,5467.959649513779,5411.2812326863705,5441.114876093024
2025-11-12,1.0043559840114165,1.009938789957455,0.9984669258829294,1.0037785640919255,6880.762497983494,6919.009854895327,6840.417031869879,6876.806640308654,1.0043559840114165,1.009938789957455,0.9984669258829294,1.0037785640919255,5442.666657605744,5472.92022532685,5410.753490530658,5439.537583658578
2025-11-13,0.9974768927485991,1.0004301801857265,0.9923644831415354,0.9979961982929753,6720.4905901247585,6740.38833469953,6686.045781521263,6723.989406036938,0.9974768927485991,1.0004301801857265,0.9923644831415354,0.9979961982929753,5442.971278335939,5459.086597712071,5415.074192341638,5445.804993265347
2025-11-14,0.9993505051524687,1.0030097500023158,0.9940354397531687,0.9995553365910099,6729.736230252291,6754.377987588095,6693.94399519621,6731.115587690885,0.9993505051524687,1.0030097500023158,0.9940354397531687,0.9995553365910099,5443.275899066135,5463.2071235937265,5414.32572868967,5444.391577726459
2025-11-17,1.0006560852916289,1.0048132673439296,0.99518414046728,1.0006478897297428,6676.787670060718,6704.526093158309,6640.276610695283,6676.7329859116335,1.0006560852916289,1.0048132673439296,0.99518414046728,1.0006478897297428,5443.58051979633,5466.195637587331,5413.813077526147,5443.535935846172
2025-11-18,1.0002798607738066,1.004262282007626,0.9948194792505441,1.0004473797047184,6619.171928295726,6645.524883974703,6583.038836434211,6620.280454667627,1.0002798607738066,1.004262282007626,0.9948194792505441,1.0004473797047184,5443.885140526525,5465.55891866431,5414.167767417464,5444.796839196578
2025-11-19,0.9991800358684111,1.0027898088630947,0.9938967993494211,0.9995553365910099,6636.713667043725,6660.690356838093,6601.62156476675,6639.206474491342,0.9991800358684111,1.0027898088630947,0.9938967993494211,0.9995553365910099,5445.603674424157,5465.277199092413,5416.809652158031,5447.649090586043
2025-11-20,0.9987363388927031,1.0021394029793056,0.9934637120004831,0.9989694229328678,6530.497223298052,6552.749042624964,6496.020781480279,6532.021303896519,0.9987363388927031,1.0021394029793056,0.9934637120004831,0.9989694229328678,5447.32220832179,5465.883249763263,5418.564170341488,5448.593498670353
2025-11-21,1.0021359494121123,1.0068679586586269,0.9964887669321237,1.001884209271674,6617.0936526086825,6648.339062343326,6579.805363165144,6615.431414978771,1.0021359494121123,1.0068679586586269,0.9964887669321237,1.001884209271674,5449.040742219423,5474.77069551762,5418.3346015702855,5447.67192366491
2025-11-24,0.996832328119998,0.9994538561043056,0.9917023947473703,0.9971321693623112,6683.880379923961,6701.4580396421015,6649.483561068488,6685.89085143462,0.996832328119998,0.9994538561043056,0.9917023947473703,0.9971321693623112,5450.759276117055,5465.094001802582,5422.708388191451,5452.39883212542
2025-11-25,1.0015784075648833,1.0060226455864223,0.9959194233652292,1.0011900535786198,6776.559316175092,6806.628497320263,6738.271308158337,6773.931759706512,1.0015784075648833,1.0060226455864223,0.9959194233652292,1.0011900535786198,5452.477810014688,5476.671731341107,5421.670950019717,5450.3636555196035
2025-11-26,1.0015290549190092,1.005966974848202,0.9959007075067697,1.0013010374271916,6823.026854831791,6853.26067252061,6784.683118967694,6821.473460586859,1.0015290549190092,1.005966974848202,0.9959007075067697,1.0013010374271916,5460.6892967265685,5484.886399884033,5430.001563483762,5459.446065019091
2025-11-28,1.0028143694789458,1.007717920893124,0.997018652224177,1.0023188463413761,6868.365869854552,6901.950734809887,6828.670480762088,6864.971987288256,1.0028143694789458,1.007717920893124,0.997018652224177,1.0023188463413761,5468.900783438448,5495.6425583738865,5437.293535277792,5466.198422006716
2025-12-01,1.0089184811503935,1.0163295999702724,1.002594070696467,1.0078883043491886,6873.3883122396055,6923.877522645477,6830.302443848873,6866.370098858413,1.0089184811503935,1.0163295999702724,1.002594070696467,1.0078883043491886,5477.112270150329,5517.344985262869,5442.778964986595,5471.519752911602
2025-12-02,1.007994847574954,1.0149832502540859,1.0017212202783763,1.0072325340473698,6883.969772182963,6931.696159787746,6841.124850132534,6878.763651047086,1.007994847574954,1.0149832502540859,1.0017212202783763,1.0072325340473698,5485.323756862209,5523.353367162882,5451.183823573455,5481.175385952283
2025-12-03,1.0075300505549956,1.0142713323768886,1.0012327006097972,1.0067149273121403,6901.298737887564,6947.474630808621,6858.16365402094,6895.715371908514,1.0075300505549956,1.0142713323768886,1.0012327006097972,1.0067149273121403,5493.53524357409,5530.291933119017,5459.199082735999,5489.090802179994
2025-12-04,1.0048886111171293,1.0106338993248256,0.9988978674646555,1.0043296686375187,6890.64179306349,6930.0379237382485,6849.562544949238,6886.809057407702,1.0048886111171293,1.0106338993248256,0.9988978674646555,1.0043296686375187,5495.2659147370305,5526.684209370696,5462.505339054151,5492.209319685079
2025-12-05,1.0027523806483793,1.007623149507931,0.996960001253718,1.002388702985053,6889.309956006625,6922.77408637929,6849.513992613543,6886.811344988507,1.0027523806483793,1.007623149507931,0.996960001253718,1.002388702985053,5496.996585899972,5523.697694078196,5465.24329329138,5495.002938303363
2025-12-08,1.0029154589564848,1.007935239427975,0.9971884062524973,1.0026703945362614,6866.470718900163,6900.838696096025,6827.260395291785,6864.79288289646,1.0029154589564848,1.007935239427975,0.9971884062524973,1.0026703945362614,5498.727257062913,5526.249421026538,5467.3273015384275,5497.383631939594
2025-12-09,1.0013821890742827,1.005788160913876,0.9958046248193918,1.0013846031391667,6849.964878184522,6880.1039726129775,6811.811494123298,6849.981391619501,1.0013821890742827,1.005788160913876,0.9958046248193918,1.0013846031391667,5500.457928225855,5524.6593400355,5469.821116566198,5500.471188360172
2025-12-10,1.0015751889140654,1.0060640112098964,0.9959725907083689,1.0015947691166447,6897.527821990716,6928.44090471897,6858.94452097951,6897.662664580215,1.0015751889140654,1.0060640112098964,0.9959725907083689,1.0015947691166447,5502.188599388795,5526.848102873085,5471.410528690217,5502.296163921742
2025-12-11,0.9977683594615507,1.0007717148002895,0.992592530512446,0.998286592122321,6885.599448644161,6906.325603836798,6849.8810530663895,6889.175772236137,0.9977683594615507,1.0007717148002895,0.992592530512446,0.998286592122321,5512.077999965209,5528.669755688625,5483.484616930554,5514.940927839406
2025-12-12,0.9969052842052031,0.9995451704201015,0.9917871525522409,0.9973311296665714,6806.2811064354455,6824.304691977905,6771.337523206695,6809.1885279968465,0.9969052842052031,0.9995451704201015,0.9917871525522409,0.9973311296665714,5521.967400541623,5536.590019009766,5493.617509546843,5524.326205126774
2025-12-15,1.0006609728725004,1.0049199596580776,0.995301442408198,1.000824319478278,6821.015528195128,6850.046954208882,6784.482235189906,6822.128981966877,1.0006609728725004,1.0049199596580776,0.995301442408198,1.000824319478278,5531.856801118036,5555.401343829674,5502.228229750211,5532.75981428294
2025-12-16,1.0000108054072905,1.0039671198066982,0.9946953823801218,1.000373708363776,6800.3334795789815,6827.237446136697,6764.187220984247,6802.801314037852,1.0000108054072905,1.0039671198066982,0.9946953823801218,1.000373708363776,5541.74620169445,5563.670855085267,5512.289794611715,5543.757296044443
2025-12-17,1.008986788073306,1.0163528457817348,1.0025966933008372,1.0080484024250553,6781.834066959562,6831.344508222726,6738.883492253047,6775.52677351184,1.008986788073306,1.0163528457817348,1.0025966933008372,1.0080484024250553,5551.635602270863,5592.165041016619,5516.476095664771,5546.472427455228
2025-12-18,1.0048294833095122,1.0106189981636318,0.9989258816476999,1.004625188466315,6807.478590345951,6846.701163999046,6767.483105951572,6806.094541814053,1.0048294833095122,1.0106189981636318,0.9989258816476999,1.004625188466315,5551.635602270863,5583.622399352241,5519.018480946561,5550.506882877482
