,open_rel,high_rel,low_rel,close_rel,open,high,low,close,daisy_chained_open_rel,daisy_chained_high_rel,daisy_chained_low_rel,daisy_chained_close_rel,daisy_chained_open,daisy_chained_high,daisy_chained_low,daisy_chained_close
2023-01-17,1.0043601291466144,1.0062426323704574,0.9939645678022717,1.0027423998017275,4008.3711446202637,4015.884158511524,3966.8827711618324,4001.9148353367004,1.0043601291466144,1.0062426323704574,0.9939645678022717,1.0027423998017275,4016.5265488689342,4024.0548486863727,3974.9537634523867,4010.0571036230904
2023-01-18,1.0018677645140945,1.002614974150979,0.9935829717927004,0.9987632231800279,3936.1981852888457,3939.133867342816,3903.648394557469,3924.0008770230843,1.0018677645140945,1.002614974150979,0.9935829717927004,0.9987632231800279,4022.639255692284,4025.639406933822,3989.37465370909,4010.174087849108
2023-01-19,0.9972594473633581,1.0026575117325467,0.9945584359626967,0.9977420714702945,3888.164996352629,3909.21123961844,3877.63415805316,3890.0466753519577,0.9972594473633581,1.0026575117325467,0.9945584359626967,0.9977420714702945,4028.751962515634,4050.5591887882474,4017.840353696122,4030.701678633258
2023-01-20,1.006207682819793,1.0030204831526586,0.9940038634573155,1.0005135117776336,3997.270702846738,3984.6092015770832,3948.789688009166,3974.649982022945,1.006207682819793,1.0030204831526586,0.9940038634573155,1.0005135117776336,4034.864669338984,4022.084087804354,3985.927694977326,4012.031202698383
2023-01-23,0.9956950363745523,1.00481948307174,0.9920371008914792,0.9989091198316916,4002.504864168789,4039.1834062466114,3987.800658534577,4015.424868990632,0.9956950363745523,1.00481948307174,0.9920371008914792,0.9989091198316916,4040.977376162334,4078.008476375095,4026.131832104606,4054.0215694754684
2023-01-24,1.0076094440668784,1.004793741403444,0.9927057655317866,0.9964919135710436,4047.516756344447,4036.2062195305643,3987.6494248529098,4002.8581922192034,1.0076094440668784,1.004793741403444,0.9927057655317866,0.9964919135710436,4047.090082985684,4035.780738484279,3987.22906247368,4002.436226591304
2023-01-25,1.010396142985425,1.0095915714139025,0.9942226900191165,1.0056353879878268,4057.973197380923,4054.7418609439433,3993.0170521085756,4038.8529579444694,1.010396142985425,1.0095915714139025,0.9942226900191165,1.0056353879878268,4053.654580702828,4050.426683150915,3988.7675637067587,4034.5546895981406
2023-01-26,0.9940999500254939,1.003542955160262,0.996517512063478,0.999774002786388,4036.473260082016,4074.815921421382,4046.289601507908,4059.512354133933,0.9940999500254939,1.003542955160262,0.996517512063478,0.999774002786388,4060.219078419971,4098.787302475127,4070.093167549173,4083.3937071594178
2023-01-27,0.9975591848497534,1.0040690431846493,0.9938032369197652,0.9988192887062555,4060.624515482012,4087.123284425706,4045.3357040761193,4065.7538438361353,0.9975591848497534,1.0040690431846493,0.9938032369197652,0.9988192887062555,4066.783576137115,4093.322537796138,4051.471575018302,4071.920684536975
2023-01-30,1.0042397286262632,1.0044648111282228,0.9954453104055649,0.9993582240735572,4034.8042544827417,4035.70858420664,3999.4703047881667,4015.191491936016,1.0042397286262632,1.0044648111282228,0.9954453104055649,0.9993582240735572,4073.348073854258,4074.2610424908103,4037.6765847677298,4053.5479538226837
2023-01-31,1.0081101452927144,1.0026801399288494,0.9947691425088454,0.9969026712832757,4109.661818300279,4087.5258584339476,4055.275886351559,4063.9734297534014,1.0081101452927144,1.0026801399288494,0.9947691425088454,0.9969026712832757,4079.9125715714017,4057.9368507127447,4025.920331507721,4034.5549146524827
2023-02-01,1.009463617280431,1.0050276851881748,0.9948800039954081,0.9999172524255873,4158.1926269377245,4139.920091103982,4098.119661257925,4118.869145364003,1.009463617280431,1.0050276851881748,0.9948800039954081,0.9999172524255873,4075.9229038964836,4058.0118896653153,4017.038480136731,4037.3774362890063
2023-02-02,1.0042141397028161,1.0045287637671865,0.9965375483613867,1.0022975020628908,4197.374092564243,4198.689145643536,4165.28778313899,4189.363007222389,1.0042141397028161,1.0045287637671865,0.9965375483613867,1.0022975020628908,4071.9332362215655,4073.2089882090886,4040.8058439770116,4064.1615666152056
2023-02-03,0.9966601519809088,1.0038563116138748,0.9949865288115132,1.000304859687574,4122.66478546599,4152.43155586456,4115.741876698247,4137.741046000456,0.9966601519809088,1.0038563116138748,0.9949865288115132,1.000304859687574,4067.9435685466474,4097.315236751679,4061.112549372677,4082.819717899155
2023-02-06,1.0015822601530917,1.0029063704264196,0.9946175229419177,0.9982087111104897,4117.584798070172,4123.028321332645,4088.952206216059,4103.715868072112,1.0015822601530917,1.0029063704264196,0.9946175229419177,0.9982087111104897,4063.9539008717293,4069.326523096141,4035.694244042773,4050.2656115150776
2023-02-07,0.9951105966060181,1.0054311202951887,0.9927141171333009,0.9992472097622066,4143.640524267459,4186.615184909166,4133.661583743065,4160.865381449828,0.9951105966060181,1.0054311202951887,0.9927141171333009,0.9992472097622066,4059.964233196811,4102.071067541458,4050.1868064685596,4076.841253216472
2023-02-08,0.9978416398275801,1.0031023666453862,0.9946179568917846,0.9988384270824773,4108.972174980398,4130.63511151437,4095.6974999664035,4113.07680534585,0.9978416398275801,1.0031023666453862,0.9946179568917846,0.9988384270824773,4069.254210631324,4090.70774985027,4056.107850691391,4073.319165001032
2023-02-09,0.9896400417696102,1.0041898253071697,0.9952562800340994,0.999982479678327,4039.215830482664,4098.600771991213,4062.1385069591765,4081.4284908070917,0.9896400417696102,1.0041898253071697,0.9952562800340994,0.999982479678327,4078.5441880658373,4138.507338888452,4101.690054204667,4121.167857524079
2023-02-10,0.9901625385339411,1.004017325221,0.995038783227937,0.9993495957247422,4050.220257371545,4106.892708123492,4070.1663412425473,4087.799547328229,0.9901625385339411,1.004017325221,0.995038783227937,0.9993495957247422,4087.83416550035,4145.032926482498,4107.965486251961,4125.76244980059
2023-02-13,1.0084222718581168,1.0065355844249724,0.9936842053584376,1.0043840963516808,4172.135381135869,4164.3296080855935,4111.159725987411,4155.428277994845,1.0084222718581168,1.0065355844249724,0.9936842053584376,1.0043840963516808,4097.124142934863,4089.4587106569097,4037.244775172832,4080.7174184677983
2023-02-14,1.0114409596992904,1.0061530274593606,0.9949242676852106,0.9984060769818617,4183.451296641026,4161.579721465486,4115.13611130083,4129.537327186988,1.0114409596992904,1.0061530274593606,0.9949242676852106,0.9984060769818617,4106.414120369376,4084.9453046076933,4039.356941541485,4053.4929627527004
2023-02-15,1.00350414343576,1.0092413428437115,0.9966001198662053,1.006804787869321,4162.133785314159,4185.929393578578,4133.4986571570735,4175.8235381667955,1.00350414343576,1.0092413428437115,0.9966001198662053,1.006804787869321,4111.157243459917,4134.661410390826,4082.8728295960987,4124.679328405834
2023-02-16,1.0029225448529357,1.0079947076535385,0.9949852457439728,1.0047302101203544,4102.364406691897,4123.11163213311,4069.897599043604,4109.7584987783985,1.0029225448529357,1.0079947076535385,0.9949852457439728,1.0047302101203544,4115.900366550457,4136.716048516471,4083.3264330202346,4123.318855819595
2023-02-17,1.0093577877567008,1.0028752307996893,0.9911493932629865,0.9951122058022169,4117.261258460481,4090.8183252027047,4042.9875785651157,4059.1522475657653,1.0093577877567008,1.0028752307996893,0.9911493932629865,0.9951122058022169,4120.643489640997,4094.1788341490096,4046.308795702494,4062.4867435902693
2023-02-21,1.0051676155086329,1.0024499646164382,0.993253136193764,0.9965481327497496,4017.996716177279,4007.1333415598733,3970.3704914327805,3983.5417129658845,1.0051676155086329,1.0024499646164382,0.993253136193764,0.9965481327497496,4125.386612731538,4114.232890271961,4076.4874712302917,4090.0107229460573
2023-02-22,1.005775261519549,1.004506027779412,0.9956069424552514,1.000940461420725,4014.099357487596,4009.0337821690223,3973.517087686031,3994.8034285531844,1.005775261519549,1.004506027779412,0.9956069424552514,1.000940461420725,4130.129735822078,4124.917736469531,4088.3744068360256,4110.276044427103
2023-02-23,0.9938913853243921,1.0031425845231023,0.994044253234208,0.9984939182328891,3987.810283164765,4024.929054733734,3988.4236381366777,4006.277118004186,0.9938913853243921,1.0031425845231023,0.994044253234208,0.9984939182328891,4132.869702473817,4171.338695609742,4133.505368666609,4152.0082814906345
2023-02-24,0.9966346531023396,1.0062103448043729,0.9953275954054175,1.0031401492842469,3956.6794382024123,3994.6953172871526,3951.4903668633237,3982.5065182644316,0.9966346531023396,1.0062103448043729,0.9953275954054175,1.0031401492842469,4135.609669125556,4175.344714528827,4130.185935932384,4162.604709714008
2023-02-27,1.0055741006764018,1.0043711322111295,0.9951043543192547,0.9999636326328092,4004.4374066775945,3999.6468975364483,3962.7443639443086,3982.095176415678,1.0055741006764018,1.0043711322111295,0.9951043543192547,0.9999636326328092,4138.349635777295,4133.398927414019,4095.2623376909214,4115.2602598982585
2023-02-28,1.0071604580057323,1.0024253263418088,0.9862598779994033,0.9916173966727633,3998.578092351458,3979.7789093759325,3915.599654639331,3936.8698074003714,1.0071604580057323,1.0024253263418088,0.9862598779994033,0.9916173966727633,4141.089602429034,4121.620406290781,4055.1537678150303,4077.1820004533533
2023-03-01,1.003317046711601,1.0025093168745174,0.9938513742465502,0.9965068520266801,3964.496945205753,3961.3052896047993,3927.094381684076,3937.5872100297033,1.003317046711601,1.0025093168745174,0.9938513742465502,0.9965068520266801,4143.829569080773,4140.4935400621225,4104.735113763314,4115.702581505843
2023-03-02,0.9988563732185174,1.0071461485178608,0.994792444155163,1.0001377728948746,3976.7968215135443,4009.801318401585,3960.616897537158,3981.8985221150087,0.9988563732185174,1.0071461485178608,0.994792444155163,1.0001377728948746,4150.752638549582,4185.200841133364,4133.864961066739,4156.0775012929
2023-03-03,1.0083682333841755,1.0071831739786217,0.9934581295369244,1.0025893244270467,4079.4948597083553,4074.700535974871,4019.1739471797628,4056.1154744750374,1.0083682333841755,1.0071831739786217,0.9934581295369244,1.0025893244270467,4157.675708018392,4152.7895042092,4096.1987846907905,4133.848272172591
2023-03-06,1.0060574556173283,1.0016694955913956,0.986667840494496,0.9911714324353516,4072.943124470304,4055.178819342118,3994.4458188147273,4012.678250499926,1.0060574556173283,1.0016694955913956,0.986667840494496,0.9911714324353516,4164.598777487202,4146.434712544759,4084.335004294501,4102.977730300323
2023-03-07,1.0071197570148744,1.0020561582874432,0.9940561699136267,0.99531795088771,4014.751985771385,3994.566607712315,3962.6756940585838,3967.7056198802406,1.0071197570148744,1.0020561582874432,0.9940561699136267,0.99531795088771,4171.521846956011,4150.548261075513,4117.412056523548,4122.638393175967
2023-03-08,1.0083534679134323,1.0027224364219076,0.9950168728830517,0.9980219327538393,4025.357127445101,4002.8779934206195,3972.1173067178715,3984.1135357726544,1.0083534679134323,1.0027224364219076,0.9950168728830517,0.9980219327538393,4178.444916424821,4155.110881625816,4123.180339587075,4135.632795536501
2023-03-09,0.9964979714556829,1.0018969542852016,0.995381275473688,0.9990182845540718,3904.5979315142313,3925.7528739147915,3900.2223593140616,3914.473324733911,0.9964979714556829,1.0018969542852016,0.995381275473688,0.9990182845540718,4180.27156229052,4202.920092477252,4175.587064588594,4190.84418107656
2023-03-10,1.0040512703664115,1.0051522221836096,0.995668621360219,1.0028777613740836,3877.2343451342313,3881.485769662005,3844.8639915584085,3872.7027345445476,1.0040512703664115,1.0051522221836096,0.995668621360219,1.0028777613740836,4182.098208156219,4186.68391882445,4147.182599339145,4177.210280618137
2023-03-13,0.9996435984846683,1.0058596174983678,0.9933874188242823,1.001251508041074,3854.385801293245,3878.353278765507,3830.2634740059148,3860.5855146444515,0.9996435984846683,1.0058596174983678,0.9933874188242823,1.001251508041074,4183.924854021919,4209.941482832341,4157.740136176484,4190.6546252786575
2023-03-14,1.0018212808624751,1.0028780485356,0.9899375546012783,0.9932491679196337,3926.4281278714902,3930.5699068450913,3879.852358373244,3892.831531335741,1.0018212808624751,1.0028780485356,0.9899375546012783,0.9932491679196337,4185.751499887618,4190.166825212916,4136.099604911665,4149.935995372865
2023-03-15,1.002185796273775,1.0039344642158485,0.9924258356018438,0.9990376758271609,3900.4369660917932,3907.2426593155874,3862.451882353884,3888.184701682002,1.002185796273775,1.0039344642158485,0.9924258356018438,0.9990376758271609,4187.578145753317,4194.884858426389,4146.7966876991795,4174.423897876869
2023-03-16,0.9918849746148284,1.0018780247887684,0.9956756895743041,0.9979516744454033,3928.1422272676127,3967.717504010464,3943.1545199073253,3952.1680572726423,0.9918849746148284,1.0018780247887684,0.9956756895743041,0.9979516744454033,4193.554982351366,4235.804241507738,4209.58161045021,4219.2041654240475
2023-03-17,1.0000193342452153,1.0053937145069873,0.996887313241144,1.0013642626007304,3916.71572527818,3937.7652379866468,3904.448726532794,3921.9833254725245,1.0000193342452153,1.0053937145069873,0.996887313241144,1.0013642626007304,4199.531818949415,4222.101263502685,4186.379051384032,4205.17977917356
2023-03-20,0.9895862475278918,1.0035187741233795,0.9849892005297329,0.9927220458864141,3910.4193281437915,3965.474682262723,3892.253775137277,3922.8106548633777,0.9895862475278918,1.0035187741233795,0.9849892005297329,0.9927220458864141,4205.5086555474645,4264.718614595847,4185.972287707863,4218.835060569524
2023-03-21,1.0031770253266004,1.002427240885554,0.9949597505076002,0.997463622476779,4015.587219369089,4012.585929723557,3982.6945365143574,3992.7172105036243,1.0031770253266004,1.002427240885554,0.9949597505076002,0.997463622476779,4211.4854921455135,4208.337786191347,4176.988157366614,4187.499782140869
2023-03-22,1.0071363881341657,1.007968220145833,0.9942910301015263,1.0026113798103946,3965.0657459925665,3968.3406436675405,3914.493956778806,3947.250923972129,1.0071363881341657,1.007968220145833,0.9942910301015263,1.0026113798103946,4217.4623287435625,4220.9456902965585,4163.671388171705,4198.513502777587
2023-03-23,1.0302203369840692,1.0142064511863826,0.9975244378559951,1.0098794417628252,4068.051649055734,4004.817297928693,3938.9446982507247,3987.731149277703,1.0302203369840692,1.0142064511863826,0.9975244378559951,1.0098794417628252,4223.474323051308,4157.824060626085,4089.434753573626,4140.085124070537
2023-03-24,0.9889373894867688,1.0079554361731642,0.987617826863274,0.9996135999789825,3927.060484278064,4002.5809574892733,3921.8205142957922,3969.4556093805395,0.9889373894867688,1.0079554361731642,0.987617826863274,0.9996135999789825,4229.486317359053,4310.822678081292,4223.842813411987,4275.146322409016
2023-03-27,1.0059203956187688,1.0113625568139921,0.9935074411153798,1.0057206845662374,4001.0785511855215,4022.7249106043582,3951.7056522596567,4000.2841944827464,1.0059203956187688,1.0113625568139921,0.9935074411153798,1.0057206845662374,4235.498311666798,4258.41291271732,4183.23269694133,4234.657414286149
2023-03-28,0.9986323947432465,1.0018942029108164,0.9916111823779818,0.9939186087716245,3965.8388702720126,3978.7923911936377,3937.955740242208,3947.119153456489,0.9986323947432465,1.0018942029108164,0.9916111823779818,0.9939186087716245,4241.510305974543,4255.364245654136,4211.688977561336,4221.489353435813
2023-03-29,1.0071275020843355,1.0053016275644433,0.9936848864778881,1.0005960435249006,4056.5182241703073,4049.1639485203405,4002.3739226045022,4030.21075007003,1.0071275020843355,1.0053016275644433,0.9936848864778881,1.0005960435249006,4247.522300282289,4239.82174327763,4190.828575362317,4219.976119856122
2023-03-30,1.0065623715562513,1.003869142562123,0.9973011917624596,1.00005118794484,4077.4130515712095,4066.5032387649244,4039.897586627124,4051.0373536625957,1.0065623715562513,1.003869142562123,0.9973011917624596,1.00005118794484,4247.75501526386,4236.389423532693,4208.672267857441,4220.277420608782
2023-03-31,1.0058211517592408,1.0094897374301457,0.997745100836902,1.0051656938290041,4133.2309171357665,4148.306272919072,4100.04392032009,4130.537437308465,1.0058211517592408,1.0094897374301457,0.997745100836902,1.0051656938290041,4247.98773024543,4263.481644735199,4213.879315278288,4245.219467477772
2023-04-03,1.0070947498906975,1.0044672765232927,0.9945827591001495,1.0006318781258559,4153.772366871681,4142.935326693087,4102.166535736158,4127.116187648874,1.0070947498906975,1.0044672765232927,0.9945827591001495,1.0006318781258559,4248.220445227001,4237.136993466469,4195.4412056443625,4220.958160353348
2023-04-04,1.017535971034117,1.0031881450814664,0.9945705443452167,0.9987175166763927,4172.5080028225,4113.673307721061,4078.3359741419963,4095.3410488832164,1.017535971034117,1.0031881450814664,0.9945705443452167,0.9987175166763927,4248.453160208571,4188.547595937745,4152.56707620818,4169.88166577279
2023-04-05,1.0002739420362257,1.0031480984211996,0.9914865058739031,0.9950492678455201,4091.5005270261368,4103.256918820106,4055.5565738964956,4070.1296242099584,1.0002739420362257,1.0031480984211996,0.9914865058739031,0.9950492678455201,4248.685875190142,4260.893918529817,4211.36104412837,4226.49395505341
2023-04-06,1.0039019584205557,1.0029090294833363,0.9941823277467416,0.9988826451513714,4121.0376173555505,4116.961624209685,4081.13833904693,4100.433235999283,1.0039019584205557,1.0029090294833363,0.9941823277467416,0.9988826451513714,4234.889798786909,4230.7011979062345,4193.888220452236,4213.7161788110825
2023-04-10,0.9974839772274213,1.0040213470329586,0.996429758721475,1.0011415647628015,4098.771385664969,4125.6341573066,4094.43948586,4113.800815182475,0.9974839772274213,1.0040213470329586,0.996429758721475,1.0011415647628015,4221.093722383676,4248.758177429618,4216.632542836874,4236.571685074942
2023-04-11,0.9943189732090141,1.0037238700694826,0.9925365728920219,0.997246390756307,4085.5970017774457,4124.2411586833,4078.273225818944,4097.62558483422,0.9943189732090141,1.0037238700694826,0.9925365728920219,0.997246390756307,4207.297645980443,4247.092924445295,4199.755711390104,4219.684533173974
2023-04-12,0.9883431520340584,1.0034043869228215,0.9955311602444288,0.9996502243804593,4044.250760965765,4105.880581068839,4073.6637311621903,4090.51873565362,0.9883431520340584,1.0034043869228215,0.9955311602444288,0.9996502243804593,4193.501569577211,4257.405803664141,4224.000008960624,4241.477037950083
2023-04-13,0.9837643017058593,1.0040330199802532,0.9930304631942815,0.9976313664287336,4078.903223018868,4162.941788102526,4117.322767105394,4136.399124114144,0.9837643017058593,1.0040330199802532,0.9930304631942815,0.9976313664287336,4179.705493173978,4265.820910214603,4219.074502607068,4238.622295192402
2023-04-14,1.0039882748292193,1.0030714777206866,0.9936161108650519,0.9978243591880817,4154.142045464371,4150.348669076222,4111.225764959673,4128.6379815509745,1.0039882748292193,1.0030714777206866,0.9936161108650519,0.9978243591880817,4189.402653481462,4185.577078685936,4146.1220970016375,4163.682109536653
2023-04-17,0.9980080849831187,1.003447932091146,0.9962021544718217,0.9991452020367317,4143.05092335212,4165.633469448616,4135.553927901962,4147.771460119125,0.9980080849831187,1.003447932091146,0.9962021544718217,0.9991452020367317,4199.099813788946,4221.987865821856,4191.501395912571,4203.884211911497
2023-04-18,0.995554940133466,1.0020377072000866,0.9904245879751148,0.9940520882249206,4136.401354112334,4163.336408514424,4115.085407840165,4130.157199803076,0.995554940133466,1.0020377072000866,0.9904245879751148,0.9940520882249206,4208.796974096432,4236.203447927104,4187.107954465609,4202.443534110133
2023-04-19,1.0058925006167745,1.003565034817645,0.9953759608681452,0.9996216723066078,4179.0005116624025,4169.331008450603,4135.309336945927,4152.948230031248,1.0058925006167745,1.003565034817645,0.9953759608681452,0.9996216723066078,4218.494134403916,4208.733249601979,4174.390056466546,4192.1956458198265
2023-04-20,1.0116002913642137,1.0037147839502234,0.9916662432361413,0.9963509946128137,4177.696767273016,4145.131277609793,4095.373334654184,4114.720374042052,1.0116002913642137,1.0037147839502234,0.9916662432361413,0.9963509946128137,4228.191294711401,4195.2321960566815,4144.872844249302,4164.4537253125345
2023-04-21,1.0117850380357858,1.0017516937409763,0.9949483830788542,0.9982782882302341,4182.233690421682,4140.760661112201,4112.6390404241065,4126.403269965438,1.0117850380357858,1.0017516937409763,0.9949483830788542,0.9982782882302341,4229.389227079258,4187.448580917475,4159.009883228575,4172.929307261354
2023-04-24,1.0092121710960478,1.0034096735709723,0.9975139724646188,1.0012811064461078,4175.151120311193,4151.145955950055,4126.755204645026,4142.339988611806,1.0092121710960478,1.0034096735709723,0.9975139724646188,1.0012811064461078,4230.587159447115,4206.26326381311,4181.548661561148,4197.340374251945
2023-04-25,1.0059447254760805,1.0060716024913574,0.9967681854947723,1.0028274306612772,4095.834722590174,4096.3513188518855,4058.4712471060798,4083.1422515033764,1.0059447254760805,1.0060716024913574,0.9967681854947723,1.0028274306612772,4231.785091814971,4232.318835119295,4193.181434870534,4218.671327817815
2023-04-26,1.0016659042779146,1.0039873127453118,0.9952901485640928,1.0005123678355894,4062.7468910921784,4072.162500621857,4036.886889674475,4058.068158817472,1.0016659042779146,1.0039873127453118,0.9952901485640928,1.0005123678355894,4232.983024182828,4242.79316406352,4206.03944390553,4228.108244920316
2023-04-27,1.0014166014311547,1.001624498781649,0.9944431086850407,0.9971051071376649,4141.2081427283265,4142.067871036692,4112.370309500683,4123.378604801743,1.0014166014311547,1.001624498781649,0.9944431086850407,0.9971051071376649,4234.180956550685,4235.059986318238,4204.695695227832,4215.951133911753
2023-04-28,0.9918220875053914,1.004158857526954,0.9958743998969544,1.0010878150545899,4135.382357411979,4186.820273281483,4152.278392882353,4174.015623113811,0.9918220875053914,1.004158857526954,0.9958743998969544,1.0010878150545899,4232.076929457075,4284.717579882183,4249.368032366893,4271.613528096681
2023-05-01,1.00078595450531,1.0054762841088416,0.9964808290177127,1.001969360335813,4171.145756204046,4190.694440248718,4153.2025528380545,4176.078037862825,1.00078595450531,1.0054762841088416,0.9964808290177127,1.001969360335813,4229.972902363465,4249.797288424018,4211.776639644319,4234.974745737658
2023-05-02,0.9913886514464012,1.002270908665685,0.9931742901704805,0.9977345847095289,4084.1048607255652,4128.935189920982,4091.460942300508,4110.247440477681,0.9913886514464012,1.002270908665685,0.9931742901704805,0.9977345847095289,4227.868875269855,4274.277270729058,4235.483897262488,4254.931696383022
2023-05-03,1.0066191673655622,1.0076619954390968,0.9952842678564545,1.002698836986685,4117.827358900674,4122.093307842485,4071.4591187337915,4101.790267403281,1.0066191673655622,1.0076619954390968,0.9952842678564545,1.002698836986685,4225.764848176246,4230.142617206184,4178.181192454139,4209.307388547643
2023-05-04,0.9975154261057801,1.0049653949757167,0.9974110311002783,1.0022897827421717,4051.129598809316,4081.3855613832798,4050.705627725072,4070.5193114681624,0.9975154261057801,1.0049653949757167,0.9974110311002783,1.0022897827421717,4223.660821082636,4255.205337398616,4223.2187937383815,4243.876311032227
2023-05-05,0.9984116042771557,1.0055462301646454,0.9929892840637682,0.9994929826825825,4129.6799981913855,4159.190594518514,4107.251926208761,4134.152849620832,0.9984116042771557,1.0055462301646454,0.9929892840637682,0.9994929826825825,4230.602213426026,4260.833997534177,4207.626038271021,4235.1843735851735
2023-05-08,0.9892317262815379,1.0098698228158085,0.9951721602398678,1.0041874136155267,4093.5595911601577,4178.962511190553,4118.141819731802,4155.448020030683,0.9892317262815379,1.0098698228158085,0.9951721602398678,1.0041874136155267,4237.543605769414,4325.950428640723,4262.990472531603,4301.608855142536
2023-05-09,1.007490917316042,1.0053984332926715,0.9947021159417433,1.0026807080936717,4150.026361880721,4141.407064466174,4097.347114923751,4130.21229235821,1.007490917316042,1.0053984332926715,0.9947021159417433,1.0026807080936717,4244.484998112804,4235.669517106138,4190.606720260273,4224.219941097178
2023-05-10,1.0047260684835337,1.0045685115510945,0.9911006319942299,0.9993308064687902,4157.194770000209,4156.542856134271,4100.817618964606,4134.871118077525,1.0047260684835337,1.0045685115510945,0.9911006319942299,0.9993308064687902,4251.426390456192,4250.759699582348,4193.771331939055,4228.5967257023685
2023-05-11,1.0082172700856338,1.0028466926196038,0.9938653539175951,0.9974731147655729,4164.562420161121,4142.378605468388,4105.2801081990965,4120.18239731297,1.0082172700856338,1.0028466926196038,0.9938653539175951,0.9974731147655729,4258.367782799582,4235.684285169721,4197.750156773174,4212.988114918614
2023-05-12,1.0079180734670208,1.009437332188028,0.9936804990952721,1.0016619484708336,4156.734768423871,4163.000312930002,4098.01787270883,4130.934008449595,1.0079180734670208,1.009437332188028,0.9936804990952721,1.0016619484708336,4266.105428053346,4272.535829538272,4205.843592385789,4239.62580683472
2023-05-15,0.9952033835148653,1.005389300402271,0.9955926967590959,1.0004528410493783,4116.439851164867,4158.571655467905,4118.050159750713,4138.153077375722,0.9952033835148653,1.005389300402271,0.9955926967590959,1.0004528410493783,4273.843073307111,4317.585901211061,4275.514956401324,4296.386563506331
2023-05-16,1.000191272157907,1.0035412274881048,0.9950454230142026,1.0000418305671381,4110.686109441781,4124.454090853362,4089.537184046071,4110.071919447881,1.000191272157907,1.0035412274881048,0.9950454230142026,1.0000418305671381,4281.5807185608755,4295.921079798852,4259.55256345933,4280.940994688654
2023-05-17,1.0070065790181624,1.0037773147673503,0.9954539654468946,1.001471644859147,4187.908750623364,4174.478983335014,4139.864087881582,4164.890232490875,1.0070065790181624,1.0037773147673503,0.9954539654468946,1.001471644859147,4289.31836381464,4275.563396626518,4240.110306415842,4265.742455548065
2023-05-18,1.0090852242554278,1.0025956001771483,0.9954235897866572,0.9989858349415963,4236.190225685499,4208.946459323678,4178.838001103876,4193.792484376569,1.0090852242554278,1.0025956001771483,0.9954235897866572,0.9989858349415963,4297.056009068405,4269.420802970979,4238.879744986208,4254.049094988434
2023-05-19,0.9932025817269743,1.003705836277048,0.9932820884951495,0.9983395232168644,4163.485358547841,4207.514791556659,4163.818649329896,4185.01931453463,0.9932025817269743,1.003705836277048,0.9932820884951495,0.9983395232168644,4301.11768355437,4346.602597419217,4301.461991928968,4323.363487469955
2023-05-22,1.0044466584058669,1.0038668784037514,0.9960243262406137,1.000294310753581,4211.27319343219,4208.84239040192,4175.961470926184,4193.863936094787,1.0044466584058669,1.0038668784037514,0.9960243262406137,1.000294310753581,4305.1793580403355,4302.694351119934,4269.080227956161,4287.381895875048
2023-05-23,1.0082765835876848,1.0013667824009285,0.9964778986031306,0.998279321591505,4179.891239389434,4151.246105785641,4130.9788468911665,4138.446790003311,1.0082765835876848,1.0013667824009285,0.9964778986031306,0.998279321591505,4309.241032526301,4279.709454301386,4258.815010249377,4266.514054325971
2023-05-24,1.0071816680091308,1.0029157191426554,0.9941678140054528,0.9982133120391303,4144.794287457895,4127.238884044621,4091.2391549077997,4107.88735023591,1.0071816680091308,1.0029157191426554,0.9941678140054528,0.9982133120391303,4313.302707012266,4295.033581016242,4257.570267189684,4274.895302160154
2023-05-25,1.004726113038082,1.0051141261794467,0.9937326534217501,1.000573879520279,4170.899418532729,4172.5101697262135,4125.262489496643,4153.662334574943,1.004726113038082,1.0051141261794467,0.9937326534217501,1.000573879520279,4317.3643814982315,4319.03169569893,4270.124869793422,4299.522001509501
2023-05-26,0.9970029231263972,1.0030397241768374,0.9889201289803431,0.9919252248333501,4192.845943061907,4218.23340803948,4158.854156420383,4171.491936775412,0.9970029231263972,1.0030397241768374,0.9889201289803431,0.9919252248333501,4329.131339009164,4355.344004999021,4294.034674162168,4307.083236340084
2023-05-30,0.9894255729502037,1.0040810940450902,0.9952889674555858,0.9992715466480411,4161.049035553541,4222.683122628508,4185.707658413816,4202.45647485927,0.9894255729502037,1.0040810940450902,0.9952889674555858,0.9992715466480411,4340.898296520095,4405.196338024838,4366.6227167454035,4384.095452143518
2023-05-31,0.9950899106655617,1.0044215540345032,0.9944872835598512,1.0003668462773017,4159.306661297235,4198.311344200038,4156.787782441973,4181.363355075254,0.9950899106655617,1.0044215540345032,0.9944872835598512,1.0003668462773017,4352.665254031027,4393.483193615837,4350.029277084573,4375.747323338329
2023-06-01,1.002803642787522,1.0037417378806202,0.9951132389715419,1.0000822181454487,4232.854232278986,4236.813950428856,4200.392883963658,4221.367044436302,1.002803642787522,1.0037417378806202,0.9951132389715419,1.0000822181454487,4364.432211541958,4368.515017254976,4330.961804473103,4352.587945264531
2023-06-02,1.0136274778674672,1.0050455273485117,0.9963536862797374,1.0012390973768923,4340.727902395305,4303.976814951446,4266.755135513759,4287.676273433883,1.0136274778674672,1.0050455273485117,0.9963536862797374,1.0012390973768923,4376.19916905289,4339.147761558572,4301.621916518602,4322.714016378435
2023-06-05,1.0124266888785187,1.002657326176297,0.9964440785810943,0.9991834632296075,4326.899058662125,4285.146854038996,4258.592738599095,4270.300293316064,1.0124266888785187,1.002657326176297,0.9964440785810943,0.9991834632296075,4391.994100488628,4349.613764386248,4322.660161638741,4334.543847981074
2023-06-06,1.0145087890447047,1.0046158217473145,0.9936754030670399,1.0005457039373573,4346.003475949158,4303.623487992233,4256.756375428739,4286.187713812048,1.0145087890447047,1.0046158217473145,0.9936754030670399,1.0005457039373573,4407.789031924364,4364.806543041558,4317.273137728252,4347.122890780386
2023-06-07,1.0047859397965857,1.0030394941909206,0.9951348082421632,0.9966580870005183,4287.944093800726,4280.491102249638,4246.757696869597,4253.258319436452,1.0047859397965857,1.0030394941909206,0.9951348082421632,0.9966580870005183,4423.583963360102,4415.895212484801,4381.0947235315025,4387.800979282404
2023-06-08,1.008144442205532,1.0060453862740835,0.9955477186440828,1.0001953651602213,4328.9016647195995,4319.888465483876,4274.812215517387,4294.76888432243,1.008144442205532,1.0060453862740835,0.9955477186440828,1.0001953651602213,4439.378894795838,4430.135671095986,4383.909037123524,4404.375016987559
2023-06-09,1.0180464037690902,1.0077333231071572,0.9922636003062423,1.00082587719674,4376.43896330679,4332.104473372434,4265.602300812492,4302.410330445978,1.0180464037690902,1.0077333231071572,0.9922636003062423,1.00082587719674,4455.173826231576,4410.041731208449,4342.343143141607,4379.813372155004
2023-06-12,1.006814109631401,1.0075226509910382,0.9940282884287611,1.0036765553504865,4368.495944702975,4371.570256064546,4313.019161512205,4354.882316306886,1.006814109631401,1.0075226509910382,0.9940282884287611,1.0036765553504865,4462.6861143512715,4465.826711663972,4406.013183175835,4448.778959307938
2023-06-13,1.0091949463856291,1.0034800922473224,0.993286704983716,0.9986510109978378,4409.182812708278,4384.214557829474,4339.679546940905,4363.116253559664,1.0091949463856291,1.0034800922473224,0.993286704983716,0.9986510109978378,4470.198402470967,4444.884629417597,4399.733329735871,4423.49436050656
2023-06-14,1.0070495088340674,1.0031756133720613,0.9928336734988205,0.9967543066062113,4403.414611832755,4386.475655274542,4341.254592404208,4358.397913523254,1.0070495088340674,1.0031756133720613,0.9928336734988205,0.9967543066062113,4477.710690590664,4460.485933543179,4414.50188377638,4431.934453500954
2023-06-15,1.0067889830453463,1.0034501889397403,0.9952703580984672,0.9995742005939084,4455.886952721416,4441.10998421706,4404.90736168652,4423.955479956544,1.0067889830453463,1.0034501889397403,0.9952703580984672,0.9995742005939084,4485.22297871036,4470.348723731577,4433.907755595169,4453.081280119556
2023-06-16,1.0084309708360473,1.0022053966886002,0.9923903517727084,0.9942570573809201,4446.767124688926,4419.314895184085,4376.034571273417,4384.265977656331,1.0084309708360473,1.0022053966886002,0.9923903517727084,0.9942570573809201,4492.7352668300555,4464.9992518350855,4421.271520622517,4429.588018589501
2023-06-20,1.0079427267419483,1.0010865321622147,0.9928361816291706,0.9962936068136707,4423.568324279656,4393.478474565633,4357.270078677758,4372.443715159225,1.0079427267419483,1.0010865321622147,0.9928361816291706,0.9962936068136707,4489.139847342895,4458.603969189871,4421.858848311672,4437.257406933268
2023-06-21,1.0075652544039286,1.0039288761810905,0.9942055598683817,0.998436951389811,4398.717555498687,4382.842255455024,4340.393270661794,4358.866214312984,1.0075652544039286,1.0039288761810905,0.9942055598683817,0.998436951389811,4485.544427855735,4469.355763147684,4426.068872183433,4444.906455732553
2023-06-22,1.0104242745927707,1.0046368635710552,0.9946736263959428,0.998899543600301,4427.568024595316,4402.208226113371,4358.550416768118,4377.067921106724,1.0104242745927707,1.0046368635710552,0.9946736263959428,0.998899543600301,4481.949008368576,4456.277731715752,4412.083701445515,4430.8286444360765
2023-06-23,1.010076752923842,1.0052820662085278,0.9948456667463097,0.9989005020504271,4392.14704704133,4371.298166956528,4325.917258082981,4343.549020080934,1.010076752923842,1.0052820662085278,0.9948456667463097,0.9989005020504271,4478.353588881416,4457.095498942276,4410.82387963084,4428.80170773544
2023-06-26,0.9959986297059333,1.0025386489268535,0.9902215249039645,0.9926124463466406,4311.498788243638,4339.809354247542,4286.49074143478,4296.840609994264,0.9959986297059333,1.0025386489268535,0.9902215249039645,0.9926124463466406,4474.758169394256,4504.140744393831,4448.803166910277,4459.544943996008
2023-06-27,1.005727869561981,1.0047250416585587,0.9911843397967384,0.9992163883138416,4403.488961368873,4399.0981696482495,4339.811425209437,4374.979026757207,1.005727869561981,1.0047250416585587,0.9911843397967384,0.9992163883138416,4468.929388447778,4464.473344994284,4404.30553785491,4439.9957665478405
2023-06-28,0.9963456076576651,1.0037429126014423,0.9928307684617835,0.9966664412579411,4360.865236332528,4393.242204448748,4345.481277249642,4362.269480084232,0.9963456076576651,1.0037429126014423,0.9928307684617835,0.9966664412579411,4463.100607501301,4496.236615664232,4447.35598953958,4464.537772100907
2023-06-29,0.9892107635777563,1.0031680069002116,0.9936775827696996,0.9962989788277363,4349.00576942379,4410.367952256366,4368.643871992018,4380.168682477412,0.9892107635777563,1.0031680069002116,0.9936775827696996,0.9962989788277363,4457.271826554823,4520.161586480752,4477.398808661805,4489.2105228342925
2023-06-30,0.9826147643998464,1.005527233130214,0.995136242403476,1.0012148726861454,4373.009095189788,4474.978287778043,4428.734430467582,4455.786645104968,0.9826147643998464,1.005527233130214,0.995136242403476,1.0012148726861454,4451.4430456083455,4555.241149690171,4508.167866157972,4535.705287209385
2023-07-03,0.9934870436280285,1.0055215871651622,0.9943043003830643,1.0016533558403875,4426.570936718608,4480.191928557225,4430.2122977437775,4462.956675748872,0.9934870436280285,1.0055215871651622,0.9943043003830643,1.0016533558403875,4445.614264661868,4499.465936669588,4449.271291002957,4482.156536947946
2023-07-05,1.0043261941436452,1.0078355164451036,0.9892430313048459,0.9991713197685945,4466.057806641844,4481.663131238415,4398.985696467014,4443.135008173381,1.0043261941436452,1.0078355164451036,0.9892430313048459,0.9991713197685945,4445.359445113614,4460.892445377575,4378.598186890319,4422.542884493044
2023-07-06,1.0026097154672444,1.003173267790953,0.9939084900787292,0.9960474547414975,4423.102994658141,4425.589156453891,4384.716755746421,4394.152990863043,1.0026097154672444,1.003173267790953,0.9939084900787292,0.9960474547414975,4445.104625565361,4447.603154157514,4406.5274438106935,4416.010617142962
2023-07-07,1.0027102156117984,1.0077712979595592,0.9971754335036693,1.0037365216046898,4410.872102965521,4433.135551159203,4386.524873210966,4415.386771712951,1.0027102156117984,1.0077712979595592,0.9971754335036693,1.0037365216046898,4444.849806017107,4467.284753364238,4420.315025382949,4449.399252030913
2023-07-10,1.0047325428028837,1.004660099630355,0.9963119953742559,1.0007695472710592,4430.398289465599,4430.078849123039,4393.267632962642,4412.923341778153,1.0047325428028837,1.004660099630355,0.9963119953742559,1.0007695472710592,4444.594986468854,4444.274522516798,4407.34534908755,4427.064042340172
2023-07-11,0.999713403443165,1.0013106851297668,0.9883073933419779,0.989468749817559,4437.987723369105,4445.078472069169,4387.3534789673095,4392.509042315097,0.999713403443165,1.0013106851297668,0.9883073933419779,0.989468749817559,4444.3401669206,4451.44106517124,4393.6334457118855,4398.796388626086
2023-07-12,0.9959781009748389,1.0032806925343698,0.9938882249051623,0.99679560944461,4454.173424055635,4486.831781924507,4444.82716389187,4457.829452733807,0.9959781009748389,1.0032806925343698,0.9938882249051623,0.99679560944461,4441.072590901528,4473.634892407795,4431.753820416176,4444.7178662889855
2023-07-13,1.000328762506015,1.004857249395721,0.9950832511157388,0.9986481514580079,4511.522732052628,4531.9463890646775,4487.865265862027,4503.943109001674,1.000328762506015,1.004857249395721,0.9950832511157388,0.9986481514580079,4437.805014882457,4457.894951893386,4414.53410873049,4430.349241924146
2023-07-14,1.0023239630776117,1.0068257205023265,0.9960065994714846,1.0037700882074336,4515.890429729134,4536.172737665592,4487.428053390816,4522.405830811535,1.0023239630776117,1.0068257205023265,0.9960065994714846,1.0037700882074336,4434.537438863385,4454.454364504156,4406.587807348775,4440.935466113763
2023-07-17,1.0081540182064617,1.008614953589743,0.9970630013283375,1.0050172598446214,4559.668912004003,4561.753625946154,4509.506571777792,4545.482012652656,1.0081540182064617,1.008614953589743,0.9970630013283375,1.0050172598446214,4431.269862844314,4433.295871803031,4382.520080615836,4417.482462759775
2023-07-18,0.996323890728041,1.009572207230503,0.9959163944493381,1.0053421849695212,4538.235395788412,4598.581212490795,4536.379258388845,4579.313545692469,0.996323890728041,1.009572207230503,0.9959163944493381,1.0053421849695212,4428.002286825243,4486.882312001211,4426.191234745933,4468.082654159762
2023-07-19,1.0065940747569575,1.007374680286357,0.9920672300949487,1.0022976915497819,4595.826698999336,4599.390725277026,4529.5011937891095,4576.210616262671,1.0065940747569575,1.007374680286357,0.9920672300949487,1.0022976915497819,4428.626995497276,4432.061359762899,4364.714463084345,4409.724560909735
2023-07-20,1.0063452914669657,1.0031701591580318,0.9937169427173485,0.9981209649004315,4563.645071914799,4549.246259660983,4506.377152020622,4526.348820098019,1.0063452914669657,1.0031701591580318,0.9937169427173485,0.9981209649004315,4429.25170416931,4415.27691806999,4373.670249479389,4393.053778100251
2023-07-21,1.0076054638264693,1.0035649958040622,0.9938222803605086,0.9975700451193417,4570.840969774566,4552.5120330658,4508.3157632905895,4525.316898476674,1.0076054638264693,1.0035649958040622,0.9938222803605086,0.9975700451193417,4429.876412841343,4412.112739824596,4369.279481282584,4385.756302123734
2023-07-24,1.0044155323505763,1.0021655308462762,0.9955418250734746,0.9981120917303525,4574.751160265229,4564.503213413684,4534.33461815265,4546.041257478733,1.0044155323505763,1.0021655308462762,0.9955418250734746,0.9981120917303525,4430.501121513377,4420.576310648616,4391.358984840945,4402.696493012723
2023-07-25,1.0007054068986057,1.0039734765780577,0.997012378880463,0.998718498964335,4570.681917793106,4585.608695331215,4553.81416004136,4561.606795279641,1.0007054068986057,1.0039734765780577,0.997012378880463,0.998718498964335,4431.12583018541,4445.5968501995285,4414.773093675765,4422.327797308749
2023-07-26,0.9982711400987245,1.0060876153324634,0.989756389827037,1.0008053291087535,4558.85472904585,4594.550617319527,4519.969993242621,4570.4277367074,0.9982711400987245,1.0060876153324634,0.989756389827037,1.0008053291087535,4428.786869256154,4463.46432459722,4391.011546817687,4440.029689529131
2023-07-27,0.9906768300194465,1.0044646586127528,0.9944394279574933,0.9987654519996626,4495.106955298536,4557.667986636091,4512.179404808609,4531.808349557789,0.9906768300194465,1.0044646586127528,0.9944394279574933,0.9987654519996626,4426.447908326899,4488.053371569653,4443.259590268038,4462.588719094494
2023-07-28,1.0076035426266963,1.0028568371713609,0.9960126962395387,0.9989984295886594,4617.071181130326,4595.320684991724,4563.959257089701,4577.640574014043,1.0076035426266963,1.0028568371713609,0.9960126962395387,0.9989984295886594,4424.108947397643,4403.267474350747,4373.216741247139,4386.326271995665
2023-07-31,0.9975031493014754,1.004324289044504,0.9932254560941232,0.9992961262808197,4577.502052018499,4608.803989453668,4557.871888997687,4585.72995165763,0.9975031493014754,1.004324289044504,0.9932254560941232,0.9992961262808197,4421.769986468387,4452.0069947528755,4402.807664947061,4429.717963173268
2023-08-01,0.9973607599751257,1.0064988676524806,0.9947081409528306,1.0010251022086432,4564.6509110009565,4606.473562551138,4552.510589943047,4581.421616031363,0.9973607599751257,1.0064988676524806,0.9947081409528306,1.0010251022086432,4419.431025539131,4459.9231305072735,4407.676936871798,4435.66818706071
2023-08-02,0.994794111872625,1.0026639850838694,0.99504649895046,0.9977780105088845,4489.893796584787,4525.413603637686,4491.032917898017,4503.361294850694,0.994794111872625,1.0026639850838694,0.99504649895046,0.9977780105088845,4416.751733165462,4451.692909164307,4417.872297762852,4429.999840805022
2023-08-03,0.9873770505435912,1.0051899579649997,0.9944101827816842,0.9973946156846453,4445.062870071688,4525.2546198630525,4476.725257763037,4490.1608464045485,0.9873770505435912,1.0051899579649997,0.9944101827816842,0.9973946156846453,4414.072440791792,4493.705103608826,4445.514082227068,4458.855999604122
2023-08-04,1.006592584740189,1.0038339622539025,0.99374556768985,0.9995801425567389,4507.551792244109,4495.198597991843,4450.022464482179,4476.149865773353,1.006592584740189,1.0038339622539025,0.99374556768985,0.9995801425567389,4411.393148418124,4399.3034822318605,4355.091081571382,4380.661112566961
2023-08-07,0.9988042668213826,1.0029412318341344,0.9929795539364649,0.9984174225331346,4513.037151376408,4531.729779568626,4486.71853568868,4511.289218670616,0.9988042668213826,1.0029412318341344,0.9929795539364649,0.9984174225331346,4408.713856044455,4426.97438573936,4383.003621060237,4407.006328523414
2023-08-08,0.996968736067849,1.0033980579188317,0.99485160720768,0.9987760108719991,4485.741191688959,4514.669153838833,4476.215424438091,4493.8728077972555,0.996968736067849,1.0033980579188317,0.99485160720768,0.9987760108719991,4406.034563670785,4434.4485081321955,4396.67805870109,4414.021690011921
2023-08-09,0.9997648721286068,1.0089579421847616,0.9934897292918436,1.0027201669718435,4466.659516857698,4507.731487878282,4438.623998454463,4479.862917181775,0.9997648721286068,1.0089579421847616,0.9934897292918436,1.0027201669718435,4405.326650131847,4445.834651206822,4377.676094743439,4418.348751122642
2023-08-10,0.9909294816422682,1.0055524262328408,0.997057090948073,1.0022436096032334,4428.295395447418,4493.642848922106,4455.678639741477,4478.856309903218,0.9909294816422682,1.0055524262328408,0.997057090948073,1.0022436096032334,4404.618736592908,4469.616798433849,4431.855571563383,4454.909318242055
2023-08-11,1.0000120596245587,1.0023228153068766,0.9935663171418581,0.9965780356402002,4464.103834767012,4474.419163670663,4435.329718037112,4448.774179999636,1.0000120596245587,1.0023228153068766,0.9935663171418581,0.9965780356402002,4403.9108230539705,4414.087062291139,4375.52469029789,4388.787870039762
2023-08-14,0.9951348283527623,1.0041474957081022,0.9962412291169996,1.0023437504441446,4467.876741551964,4508.3410944305815,4472.8441711911755,4500.242783244085,0.9951348283527623,1.0041474957081022,0.9962412291169996,1.0023437504441446,4403.202909515032,4443.081528965236,4408.098434146848,4435.100443218866
2023-08-15,0.999196654578274,1.00517299343698,0.9948670464416409,1.0008809444726636,4434.294865486739,4460.817020654235,4415.080670721501,4441.769508237455,0.999196654578274,1.00517299343698,0.9948670464416409,1.0008809444726636,4402.494995976093,4428.826951551761,4383.418592878938,4409.916035466015
2023-08-16,0.9941938306716942,1.0050049720888312,0.9963414170614547,1.0012917795623584,4378.757714242262,4426.373548720002,4388.216393406276,4410.019423479882,0.9941938306716942,1.0050049720888312,0.9963414170614547,1.0012917795623584,4413.716854586088,4461.71284452086,4423.251049984144,4445.228151161474
2023-08-17,0.9981495878080322,1.0040889293682023,0.9963930206210951,1.0017469910920411,4362.273032572712,4388.230093353616,4354.596201601609,4377.994979989013,0.9981495878080322,1.0040889293682023,0.9963930206210951,1.0017469910920411,4424.938713196082,4451.2686568453155,4417.151601682189,4440.8865122562875
2023-08-18,0.9998624481330134,1.005807331679251,0.9932380372976973,1.0000072704794725,4369.10893823131,4395.08635531214,4340.162183960121,4369.741769886856,0.9998624481330134,1.005807331679251,0.9932380372976973,1.0000072704794725,4436.1605718060755,4462.536657877757,4406.769578861049,4436.8031153724205
2023-08-21,1.003607560048715,1.008976229309001,0.995021023995074,1.0044771438104427,4415.642434475536,4439.263344426864,4377.863650742807,4419.468403022872,1.003607560048715,1.008976229309001,0.995021023995074,1.0044771438104427,4447.38243041607,4471.173129383853,4409.332089721901,4451.235900335621
2023-08-22,1.0127448851392802,1.0041884014483835,0.9929929565670885,0.9997306224994231,4443.468820792849,4405.9268207748555,4356.806246585929,4386.368092747344,1.0127448851392802,1.0041884014483835,0.9929929565670885,0.9997306224994231,4458.604289026064,4420.934412393741,4371.646522326113,4401.309062877775
2023-08-23,1.0127858837029706,1.0047700735526346,0.9952552528871355,1.0001768326785567,4492.728307965215,4457.170093980223,4414.962254359862,4436.794431530405,1.0127858837029706,1.0047700735526346,0.9952552528871355,1.0001768326785567,4458.133202397987,4422.848795347728,4380.965966404029,4402.630030476649
2023-08-24,1.007033477206917,1.0040115941107157,0.9922055505471072,0.9960176275578135,4407.090676635403,4393.865979422667,4342.199072914811,4358.881903657535,1.007033477206917,1.0040115941107157,0.9922055505471072,0.9960176275578135,4457.662115769909,4444.285664935739,4392.025879812614,4408.900146316797
2023-08-25,1.0076286951874496,1.00286542764126,0.9956100666656936,1.0000617189700554,4439.319818674298,4418.334243213376,4386.369226809713,4405.981915883563,1.0076286951874496,1.00286542764126,0.9956100666656936,1.0000617189700554,4457.191029141833,4436.120972802946,4404.027275979966,4423.718919152324
2023-08-28,1.0085773712040011,1.0053549590619943,0.992336746919569,0.998945556221639,4471.336145532411,4457.050193559131,4399.336423485995,4428.6353238529555,1.0085773712040011,1.0053549590619943,0.992336746919569,0.998945556221639,4456.719942513755,4442.480689416954,4384.955577980276,4414.158704139695
2023-08-29,0.9994717106547931,1.0019310284804361,0.9947850265625371,0.9974337600780541,4495.253949992317,4506.315051624464,4474.174979018464,4486.088002339859,0.9994717106547931,1.0019310284804361,0.9947850265625371,0.9974337600780541,4456.248855885678,4467.213980891167,4435.352786090634,4447.162440703406
2023-08-30,0.9982079688333654,1.0032626483126643,0.9958831642911962,0.9996475699874834,4506.779212246696,4529.600432987399,4496.2830219633925,4513.278824309389,0.9982079688333654,1.0032626483126643,0.9958831642911962,0.9996475699874834,4475.668472224625,4498.332155834704,4465.244738174863,4482.123216826188
2023-08-31,1.0004008077804163,1.0042982599779064,0.99478552646924,0.9995927184541455,4509.466705199471,4527.035094572009,4484.154926244334,4505.824113267014,1.0004008077804163,1.0042982599779064,0.99478552646924,0.9995927184541455,4495.088088563572,4512.600460417363,4469.857017237466,4491.457111182542
2023-09-01,0.9940312105445082,1.0045017569563766,0.993948913862471,0.9991243466804116,4488.816319640574,4536.098899010897,4488.444686752731,4511.815751009003,0.9940312105445082,1.0045017569563766,0.993948913862471,0.9991243466804116,4514.507704902518,4562.0609023770985,4514.133945003227,4537.638771697752
2023-09-05,0.985916396286285,1.0048288106280179,0.994344575234286,0.9983175294284365,4433.498428312055,4518.54434049639,4471.398516250794,4489.264215859676,0.985916396286285,1.0048288106280179,0.994344575234286,0.9983175294284365,4533.927321241465,4620.899718107581,4572.6859329702,4590.956331590966
2023-09-06,1.021789196437378,1.0027778641097163,0.9879466416289924,0.9915786221504572,4562.779220907182,4477.884496624655,4411.655969261433,4427.874505640423,1.021789196437378,1.0027778641097163,0.9879466416289924,0.9915786221504572,4553.346937580412,4468.627709646406,4402.536091435295,4418.721100478671
2023-09-07,1.0098031929226494,1.011168646329237,0.995388631454715,1.0038055502631003,4494.7753841457225,4500.8532084219205,4430.614153013341,4468.079036998096,1.0098031929226494,1.011168646329237,0.995388631454715,1.0038055502631003,4550.152773452231,4556.3054788987465,4485.201050877866,4523.127516874721
2023-09-08,0.9924185577102022,1.0091169641005382,0.9951169438996459,1.0059391916924403,4423.695796807649,4498.128776308507,4435.723826263233,4483.963887577135,0.9924185577102022,1.0091169641005382,0.9951169438996459,1.0059391916924403,4546.95860932405,4623.465605398081,4559.32179038314,4608.906023156076
2023-09-11,0.9954314634173265,1.0046563794519734,0.9916173934690552,0.9970591925026862,4466.958874826716,4508.355316535552,4449.843388496646,4474.2632439881045,0.9954314634173265,1.0046563794519734,0.9916173934690552,0.9970591925026862,4543.764445195868,4585.872663620317,4526.354672590378,4551.194406791695
2023-09-12,0.9925359045379253,1.0037916113084748,0.9959225092193569,0.9988511224380613,4428.595952457768,4478.817790497284,4443.706643885848,4456.773823206386,0.9925359045379253,1.0037916113084748,0.9959225092193569,0.9988511224380613,4540.570281067687,4592.061947435728,4556.063037047524,4569.460611971306
2023-09-13,0.9964925096067043,1.0039846678292992,0.9959890473932943,1.0008697586476782,4451.770497117374,4485.241264447324,4449.521309886698,4471.325594572983,0.9964925096067043,1.0039846678292992,0.9959890473932943,1.0008697586476782,4537.376116939506,4571.4905126382255,4535.083678811888,4557.307250455251
2023-09-14,1.0061680178259456,1.0051396600397386,0.9947800890543386,1.0024594337765567,4532.887537107667,4528.254682445027,4481.583779198701,4516.179995106766,1.0061680178259456,1.0051396600397386,0.9947800890543386,1.0024594337765567,4546.912528870749,4542.265339912816,4495.450034444232,4530.153292858685
2023-09-15,1.0033138770543641,1.0031364257287285,0.9948897104383748,0.9971707899278287,4465.067813332577,4464.278098149075,4427.577576158108,4437.729109831615,1.0033138770543641,1.0031364257287285,0.9948897104383748,0.9971707899278287,4556.448940801993,4555.643063475637,4518.191436413379,4528.550729214275
2023-09-18,1.002428590941566,1.004795760907244,0.9918740161718171,1.000127742437089,4464.345802615992,4474.888065073238,4417.340687241673,4454.0989047758485,1.002428590941566,1.004795760907244,0.9918740161718171,1.000127742437089,4565.985352733237,4576.767630382125,4517.910074116398,4555.505164253744
2023-09-19,1.0120621531182517,1.0071803575641214,0.9971646055778258,1.0045206610767337,4497.5536053498545,4475.859149997077,4431.349648957579,4464.03959179195,1.0120621531182517,1.0071803575641214,0.9971646055778258,1.0045206610767337,4575.5217646644805,4553.451221131414,4508.1701175335975,4541.4267628232465
2023-09-20,1.0105087298093287,1.0073724370393873,0.9941481427125045,1.0036079713128614,4448.461530366627,4434.654942334791,4376.438953848987,4418.083011313478,1.0105087298093287,1.0073724370393873,0.9941481427125045,1.0036079713128614,4585.058176595724,4570.827636685662,4510.824039443485,4553.746839805086
2023-09-21,1.0049095235283163,1.0030219128442202,0.9911900999751643,0.9961660966862201,4351.258236877609,4343.084882615473,4291.853132892461,4313.399198651333,1.0049095235283163,1.0030219128442202,0.9911900999751643,0.9961660966862201,4578.563741754718,4569.963419402904,4516.0553728244595,4538.726984135634
2023-09-22,0.9988461637552847,1.0104430794800074,0.9962569002899071,1.0061275453927976,4315.075358192656,4365.1747299384015,4303.889584666416,4346.531363749609,0.9988461637552847,1.0104430794800074,0.9962569002899071,1.0061275453927976,4572.0693069137105,4625.152458618,4560.217339666764,4605.398745124331
2023-09-25,1.0021527963244117,1.0080298426698078,0.9959549958756845,1.002853956532848,4346.777624889356,4372.268960789731,4319.895037311028,4349.818865223836,1.0021527963244117,1.0080298426698078,0.9959549958756845,1.002853956532848,4565.574872072704,4592.349327240578,4537.339135870987,4568.769194775465
2023-09-26,0.9972785544034138,1.0042285293814432,0.9951877381424692,0.9988013370433283,4261.899820599621,4291.600747167479,4252.964654583986,4268.407477894774,0.9972785544034138,1.0042285293814432,0.9951877381424692,0.9988013370433283,4559.080437231697,4590.852397855616,4549.522225565528,4566.041870938594
2023-09-27,0.9929178272217382,1.008477577915707,0.994942933194762,1.0070037629855875,4244.237181637593,4310.747491576469,4252.893517370342,4304.447654919523,0.9929178272217382,1.008477577915707,0.994942933194762,1.0070037629855875,4552.586002390691,4623.928364535863,4561.871231090777,4617.1708373397305
2023-09-28,0.9970001371578856,1.0050901164045931,0.9914624688570011,0.9973533724227712,4286.801489737761,4321.585973504829,4262.991177344447,4288.320295406189,0.9970001371578856,1.0050901164045931,0.9914624688570011,0.9973533724227712,4560.055582575821,4597.057337793262,4534.727526632031,4561.671201653063
2023-09-29,1.0032181326091505,1.0075770569757287,0.9937463563234421,1.0032260993646094,4301.849513534668,4320.5407991647735,4261.234063232736,4301.8836753804135,1.0032181326091505,1.0075770569757287,0.9937463563234421,1.0032260993646094,4567.525162760952,4587.370793616066,4524.401364341859,4567.561434390064
2023-10-02,1.003839456760474,1.0079894616054723,0.9958658334713119,1.0056084748788932,4304.855087977049,4322.651927254292,4270.661081600039,4312.441327585897,1.003839456760474,1.0079894616054723,0.9958658334713119,1.0056084748788932,4574.994742946083,4593.908375221844,4538.654983251965,4583.057036709731
2023-10-03,1.0024451125992357,1.0046733243832089,0.995737314885009,1.000823553195196,4239.791481482837,4249.215591812563,4211.4211864404015,4232.933177061421,1.0024451125992357,1.0046733243832089,0.995737314885009,1.000823553195196,4582.464323131214,4592.650118718528,4551.801054563299,4575.051709688884
2023-10-04,1.0082036673016261,1.008188857666664,0.9964695889788842,1.0043171598505176,4298.728386457308,4298.665241876239,4248.697210008718,4282.157290312644,1.0082036673016261,1.008188857666664,0.9964695889788842,1.0043171598505176,4589.933903316344,4589.866481179515,4536.513502593273,4572.24024389624
2023-10-05,0.9908215778472979,1.002808809989518,0.9911002369049146,0.9957213692468048,4219.106534573585,4270.150446609266,4220.293117786137,4239.970777313051,0.9908215778472979,1.002808809989518,0.9911002369049146,0.9957213692468048,4602.156368378391,4657.834522726228,4603.450680679706,4624.91486162998
2023-10-06,1.0024823319399971,1.007796542007485,0.9954576400971955,1.002562431431736,4319.195127163478,4342.0914012392495,4288.929242358767,4319.540235823635,1.0024823319399971,1.007796542007485,0.9954576400971955,1.002562431431736,4614.378833440438,4638.839891426785,4582.04450861684,4614.747527618353
2023-10-09,1.0129604595840545,1.0070366022105022,0.9952420768094257,1.0018950215996314,4391.852146200202,4366.168314739985,4315.031262739554,4343.876169348658,1.0129604595840545,1.0070366022105022,0.9952420768094257,1.0018950215996314,4626.6012985024845,4599.54463902747,4545.674257395546,4576.060954836698
2023-10-10,1.0104300495510703,1.0092558097608884,0.9985867763178717,1.004025468260605,4403.6966591554565,4398.5790403322935,4352.080832019601,4375.783956792098,1.0104300495510703,1.0092558097608884,0.9985867763178717,1.004025468260605,4638.823763564532,4633.432899105147,4584.452006373663,4609.420714932821
2023-10-11,1.013314423823419,1.009435097657712,0.993623682992471,1.003202784839921,4435.226567353914,4418.246950692922,4349.041179273896,4390.968429105092,1.013314423823419,1.009435097657712,0.993623682992471,1.003202784839921,4651.046228626578,4633.240377936578,4560.667029705194,4604.6344740381255
2023-10-12,0.9996984552995538,1.0137379608860382,0.9947621969842779,1.0069327251781108,4348.298398155492,4409.36477204952,4326.827599624785,4379.764650761962,0.9996984552995538,1.0137379608860382,0.9947621969842779,1.0069327251781108,4637.864206236209,4702.9971671682115,4614.963604928093,4671.425887911469
2023-10-13,0.9953236676117386,1.001965850559612,0.988844987683148,0.9937977641712821,4307.54186221673,4336.287768734877,4279.503560795374,4300.93808782519,0.9953236676117386,1.001965850559612,0.988844987683148,0.9937977641712821,4624.682183845839,4655.544491395083,4594.579578416507,4617.592210317649
2023-10-16,1.0004750898420103,1.0087814455901456,0.9959846533991165,1.0019341658821177,4375.707867185712,4412.036793876428,4356.068359645978,4382.089325927007,1.0004750898420103,1.0087814455901456,0.9959846533991165,1.0019341658821177,4611.5001614554685,4649.786732767985,4590.802346395745,4618.22549571201
2023-10-17,1.0047634644365815,1.005258740652149,0.9940915826803693,0.999829562359045,4394.031582674058,4396.197524619977,4347.361309377791,4372.454642108575,1.0047634644365815,1.005258740652149,0.9940915826803693,0.999829562359045,4598.318139065099,4600.584779609367,4549.478079494396,4575.738047110592
2023-10-18,0.985828970792382,1.008706860447468,0.9939447854946115,1.0045200420992284,4253.457677380811,4352.166620086646,4288.474171495051,4334.102173641331,0.985828970792382,1.008706860447468,0.9939447854946115,1.0045200420992284,4585.136116674729,4691.542239073953,4622.883146037767,4672.069153385428
2023-10-19,1.0097005080733812,1.006497634252705,0.9961997391718247,1.0001928302664267,4319.4987735379245,4305.796879333072,4261.742484177066,4278.824927879773,1.0097005080733812,1.006497634252705,0.9961997391718247,1.0001928302664267,4589.867885903504,4575.308353077109,4528.496474162315,4546.6481542239335
2023-10-20,1.0017270001652887,1.0029337353634262,0.9913346249903278,0.9954884079478736,4231.455125018206,4236.55256757277,4187.556069499143,4205.10231331709,1.0017270001652887,1.0029337353634262,0.9913346249903278,0.9954884079478736,4594.59965513228,4600.134561473313,4546.933171762058,4565.985238583743
2023-10-23,1.0067680254831068,1.0070566222012487,0.9959850367109221,1.0029799993162194,4245.581034183281,4246.798058087554,4200.108739211427,4229.60677631647,1.0067680254831068,1.0070566222012487,0.9959850367109221,1.0029799993162194,4599.331424361055,4600.64985315609,4550.070285893091,4582.026159051991
2023-10-24,1.0122616585264552,1.0091039839127451,0.9958021238508941,1.003053767132487,4299.763601689654,4286.35081038649,4229.8487654389655,4260.651425573323,1.0122616585264552,1.0091039839127451,0.9958021238508941,1.003053767132487,4604.06319358983,4589.701162445157,4529.200397844232,4562.1830003606865
2023-10-25,1.0051599005006278,1.004690701271056,0.9871363737166747,0.9926087761105684,4208.373316619014,4206.40888736062,4132.912955385763,4155.824645556445,1.0051599005006278,1.004690701271056,0.9871363737166747,0.9926087761105684,4608.794962818605,4606.64362048518,4526.154639211648,4551.246349072867
2023-10-26,1.0093526773797483,1.0049470262127718,0.9899902754530936,0.9971304064760349,4175.924177435816,4157.696985258265,4095.817467312802,4125.357831584845,1.0093526773797483,1.0049470262127718,0.9899902754530936,0.9971304064760349,4604.3042733098955,4584.207275551409,4515.979952257047,4548.550664672717
2023-10-27,1.0108840685244878,1.0028130761382958,0.9951647176478231,0.9974316265322822,4162.18373722067,4128.952475299535,4097.461353501617,4106.795056135223,1.0108840685244878,1.0028130761382958,0.9951647176478231,0.9974316265322822,4599.813583801185,4563.088244497984,4528.286011112697,4538.601099266371
2023-10-30,1.0030149739520184,1.0056061489919073,0.994230044099766,1.0016611596958689,4179.38285376275,4190.1798137424585,4142.777632355786,4173.74175344394,1.0030149739520184,1.0056061489919073,0.994230044099766,1.0016611596958689,4595.322894292475,4607.194388031999,4555.074652418531,4589.120381062397
2023-10-31,1.0071612754877621,1.0023702673387467,0.9907856092183913,0.9926105370763957,4223.832957140577,4203.740427165236,4155.15668794009,4162.810070390989,1.0071612754877621,1.0023702673387467,0.9907856092183913,0.9926105370763957,4590.832204783765,4568.9938805360125,4516.188810608576,4524.507178069513
2023-11-01,0.9951281305146588,1.00719213243302,0.9961235251784107,1.0037222771243148,4217.213699182851,4268.339250352597,4221.432042412579,4253.634489334048,0.9951281305146588,1.00719213243302,0.9961235251784107,1.0037222771243148,4586.341515275055,4641.942026547832,4590.929085187371,4625.950174879362
2023-11-02,0.9822989221220129,1.0068934581291833,0.9933015152717051,1.000111975054967,4241.350639959985,4347.544435641024,4288.857416609862,4318.263483652835,0.9822989221220129,1.0068934581291833,0.9933015152717051,1.000111975054967,4598.602001426416,4713.7405605346785,4650.110300722677,4681.993257411956
2023-11-03,0.9994569147180005,1.0026893503393612,0.990749330293327,0.9943955718431977,4355.97304969205,4370.061103158052,4318.022436190619,4333.913996587083,0.9994569147180005,1.0026893503393612,0.990749330293327,0.9943955718431977,4610.862487577777,4625.77490244085,4570.691196759831,4587.512650626794
2023-11-06,1.0002800388886,1.0046636354155607,0.9941488776195644,1.000142889164779,4367.202644186849,4386.341338951629,4340.434116709465,4366.603851235642,1.0002800388886,1.0046636354155607,0.9941488776195644,1.000142889164779,4623.122973729137,4643.383205887591,4594.785796722175,4622.489091201858
2023-11-07,0.9840595130915375,1.003254067729037,0.9900328381942718,0.9992943184690638,4308.586490929726,4392.627545063461,4334.7399780930355,4375.29025809858,0.9840595130915375,1.003254067729037,0.9900328381942718,0.9992943184690638,4635.383459880498,4725.798846249677,4663.520632493886,4707.146563556642
2023-11-08,1.013366303087686,1.007528351350676,0.994085078780143,0.9999017801806434,4441.361565846649,4415.775107732716,4356.856201576034,4382.34952414012,1.013366303087686,1.007528351350676,0.994085078780143,0.9999017801806434,4647.643946031859,4620.869105616238,4559.213666524844,4585.891045639917
2023-11-09,1.0092930929573982,1.0039700361615023,0.9944018838869851,1.0014532275455235,4387.750327668346,4364.609136706707,4323.0130299160855,4353.667688770031,1.0092930929573982,1.0039700361615023,0.9944018838869851,1.0014532275455235,4654.280494795153,4629.733611842421,4585.610784872481,4618.127534943432
2023-11-10,1.0010774876317083,1.0033443364365264,0.9934167192338139,0.9963891306901235,4419.997366491024,4430.006048008008,4386.173235429905,4399.29714538826,1.0010774876317083,1.0033443364365264,0.9934167192338139,0.9963891306901235,4660.9170435584465,4671.471265744126,4625.24926915172,4639.088520746476
2023-11-13,1.0004774507585932,1.002245877681905,0.9952217060634241,0.9984827347711551,4413.656297894072,4421.4578016876085,4390.470317384099,4404.85650857969,1.0004774507585932,1.002245877681905,0.9952217060634241,0.9984827347711551,4667.553592321741,4675.803880653981,4643.0338292689485,4658.247591705966
2023-11-14,0.999973502383324,1.0069683594692271,0.9966743490042216,1.003285245705439,4495.58087466471,4527.027653665804,4480.748870818279,4510.469479117943,0.999973502383324,1.0069683594692271,0.9966743490042216,1.003285245705439,4674.190141085035,4706.886299484534,4658.768862259372,4689.670269257572
2023-11-15,1.0071396914655653,1.0086731836969305,0.9944544564041877,1.0029375078166491,4535.029173906464,4541.934305405234,4477.909082653289,4516.107245197433,1.0071396914655653,1.0086731836969305,0.9944544564041877,1.0029375078166491,4680.826689848329,4687.953815733721,4621.870233911326,4661.2964364523295
2023-11-16,1.01186351611319,1.0044672945508166,0.9933865705362501,0.9989996639683172,4561.723577882127,4528.379635985773,4478.425072754344,4503.730245088526,1.01186351611319,1.0044672945508166,0.9933865705362501,0.9989996639683172,4685.969663926411,4651.717544626675,4600.402386248348,4626.396786801977
2023-11-17,1.0020838809041888,1.0035733039699613,0.9944205350949401,0.997954308611766,4523.4266800791265,4530.1499655864845,4488.834183829262,4504.785708159685,1.0020838809041888,1.0035733039699613,0.9944205350949401,0.997954308611766,4691.1126380044925,4698.085159467342,4655.237778563856,4671.780634826218
2023-11-20,1.0086233752765328,1.0053140637316638,0.9920536144640016,0.9976236512978247,4586.593764265,4571.545067132093,4511.244765341312,4536.573839438703,1.0086233752765328,1.0053140637316638,0.9920536144640016,0.9976236512978247,4696.255612082575,4680.847112442697,4619.10507788503,4645.039750213218
2023-11-21,0.9957947597139758,1.0036531004852878,0.9914769162935295,1.0004250730989361,4519.105820586367,4554.768464091328,4499.510626754132,4540.1190624868605,0.9957947597139758,1.0036531004852878,0.9914769162935295,1.0004250730989361,4701.398586160656,4738.49979786258,4681.012956738405,4723.259465211462
2023-11-22,1.0054936600080022,1.0039381224788666,0.9958934892471877,0.9981478334595781,4581.652521065663,4574.564527649653,4537.9081909735205,4548.180380898582,1.0054936600080022,1.0039381224788666,0.9958934892471877,0.9981478334595781,4706.541560238738,4699.2603586553,4661.604824714416,4672.157019271878
2023-11-24,1.0052984291483502,1.003185413686114,0.9949792726643247,0.9973165407951943,4583.497339953239,4573.863384035647,4536.448797029362,4547.105197109161,1.0052984291483502,1.003185413686114,0.9949792726643247,0.9973165407951943,4712.525294959469,4702.620137917829,4664.152309840202,4675.108693405982
2023-11-27,1.0085833714339467,1.0031828707898685,0.9949558799477589,0.9986054867995819,4589.488030874175,4564.913430728341,4527.477084790681,4544.084365297422,1.0085833714339467,1.0031828707898685,0.9949558799477589,0.9986054867995819,4718.509029680199,4693.243581353753,4654.754814162996,4671.828963284279
2023-11-28,1.0019149852301688,1.0034928586708989,0.9953539082170157,0.9983801765998201,4563.612547075044,4570.799587031491,4533.727562998603,4547.511882592755,1.0019149852301688,1.0034928586708989,0.9953539082170157,0.9983801765998201,4724.492764400929,4731.933167792198,4693.554250323114,4707.824506071818
2023-11-29,1.0058982044035487,1.0055873509667956,0.9944306141032391,1.0015008173640616,4577.420250994701,4576.0056875624805,4525.236063925918,4557.409589480551,1.0058982044035487,1.0055873509667956,0.9944306141032391,1.0015008173640616,4730.47649912166,4729.014636608342,4676.547417451476,4709.796736540544
2023-11-30,1.0063568276664987,1.0044832972761242,0.9951402067195987,0.9961002852885412,4596.836717415033,4588.27880529788,4545.6014362537835,4549.9868831409985,1.0063568276664987,1.0044832972761242,0.9951402067195987,0.9961002852885412,4736.46023384239,4727.642385195722,4683.668741190361,4688.187390876184
2023-12-01,1.0013573361739119,1.0064536767191063,0.9953711780163279,1.0019829338480901,4600.8664575047405,4624.282256663908,4573.36227564916,4603.74084734645,1.0013573361739119,1.0064536767191063,0.9953711780163279,1.0019829338480901,4735.734600467621,4759.836801933344,4707.424170926994,4738.693249138332
2023-12-04,0.9954927023350346,1.0014493378840041,0.9914567224732436,0.9935032150023967,4549.182641276594,4576.403155275564,4530.739101223779,4540.091121853652,0.9954927023350346,1.0014493378840041,0.9914567224732436,0.9935032150023967,4735.008967092853,4763.341392505834,4715.812039991568,4725.546074659927
2023-12-05,0.9987799782884534,1.0052085207309436,0.9912228059000687,0.9976137943778611,4561.607941239459,4590.968251711951,4527.092974650676,4556.28176940668,0.9987799782884534,1.0052085207309436,0.9912228059000687,0.9976137943778611,4734.283333718084,4764.755051220605,4698.46183542406,4728.755544643429
2023-12-06,1.0059946961415003,1.0036709960042882,0.9973711524914842,1.0019353204572399,4576.611910944373,4566.040608962148,4537.380478875609,4558.14443076894,1.0059946961415003,1.0036709960042882,0.9973711524914842,1.0019353204572399,4733.557700343315,4722.623876616433,4692.9809044562735,4714.456914720371
2023-12-07,0.9992339919064621,1.0018094131711708,0.9928031346310122,0.9962954132395353,4582.077400946354,4593.887226943589,4552.588126132623,4568.602283997081,0.9992339919064621,1.0018094131711708,0.9928031346310122,0.9962954132395353,4732.832066968546,4745.030447374231,4702.372567213862,4718.91360596863
2023-12-08,1.001023804965367,1.0030598511394446,0.9957555388901229,1.001245536316646,4609.083976868387,4618.458686790925,4584.826930599515,4610.104910050275,1.001023804965367,1.0030598511394446,0.9957555388901229,1.001245536316646,4728.648108061644,4738.266007097833,4703.761810367325,4729.695525245453
2023-12-11,1.006785649176399,1.0079811980637094,0.9960626655134223,1.0050068621422792,4653.806256178953,4659.3326091776125,4604.239907575863,4645.583919840957,1.006785649176399,1.0079811980637094,0.9960626655134223,1.0050068621422792,4724.464149154741,4730.074407764686,4674.145243706349,4716.11697458133
2023-12-12,1.0086357620259967,1.0040751285077627,0.9942424871519896,0.9981810173176284,4683.801888120121,4662.6236742514975,4616.963837587694,4635.253190117871,1.0086357620259967,1.0040751285077627,0.9942424871519896,0.9981810173176284,4720.280190247839,4698.93703659259,4652.921592805191,4671.353386143765
2023-12-13,1.00619569291453,1.0028538401394171,0.9944892834201374,0.9997700254818604,4736.2536841610545,4720.523282381849,4681.150561094095,4706.00748924541,1.00619569291453,1.0028538401394171,0.9944892834201374,0.9997700254818604,4716.096231340935,4700.432778009354,4661.227626667105,4685.978763957146
2023-12-14,0.9955798569992549,1.0041923628033511,0.9958232085570421,1.0005783972614568,4698.688914100833,4739.336065868556,4699.837423945388,4722.279774795309,0.9955798569992549,1.0041923628033511,0.9958232085570421,1.0005783972614568,4711.912272434033,4752.673816080612,4713.0640144902745,4735.5695240750165
2023-12-15,0.9990097731814781,1.0051529112212667,0.9972868762624834,1.000952605326399,4714.5169315002995,4743.50756710629,4706.3862535891485,4723.685525530289,0.9990097731814781,1.0051529112212667,0.9972868762624834,1.000952605326399,4711.1122329533155,4740.081932294496,4702.9874268011745,4720.274205668921
2023-12-18,0.9923410152413816,1.004067395899716,0.9959749460445455,1.0001924132551225,4704.252123212685,4759.8417343063575,4721.478990220931,4741.472146580704,0.9923410152413816,1.004067395899716,0.9959749460445455,1.0001924132551225,4710.312193472598,4765.9734157257335,4727.561252323818,4747.580164091482
2023-12-19,1.0042114572359329,1.0018127179621865,0.9957655247418783,0.9989951608404343,4788.451786340105,4777.013709949351,4748.17845521343,4763.578555096701,1.0042114572359329,1.0018127179621865,0.9957655247418783,0.9989951608404343,4709.512153991881,4698.2626390788955,4669.902745588965,4685.048968378522
2023-12-20,0.9943136876531546,1.0014152343577147,0.9955998506113508,0.9984584210521128,4671.6337143852,4704.999266344569,4677.676558119841,4691.107122550195,0.9943136876531546,1.0014152343577147,0.9955998506113508,0.9984584210521128,4708.712114511163,4742.342486309076,4714.802919835173,4728.340081630028
2023-12-21,0.9991510458658176,1.0051016887482458,0.9940691563780437,1.0027716337112467,4742.72022696357,4770.966441065736,4718.597768037479,4759.90625231886,0.9991510458658176,1.0051016887482458,0.9940691563780437,1.0027716337112467,4707.9120750304455,4735.950982257032,4683.96665758585,4724.971967332748
2023-12-22,0.9987657839441002,1.0058203045725391,0.9948187282257754,1.0032070019939079,4748.761759314138,4782.303394729732,4729.994969784118,4769.878107890295,0.9987657839441002,1.0058203045725391,0.9948187282257754,1.0032070019939079,4715.579172726103,4748.886431628852,4696.943518563602,4736.5479680872195
2023-12-26,1.0089221706893967,1.0051057680704165,0.9979414508905479,1.0024135372007206,4817.351134499197,4799.128766094222,4764.920942639644,4786.274036749141,1.0089221706893967,1.0051057680704165,0.9979414508905479,1.0024135372007206,4723.246270421761,4705.379868076565,4671.840279609784,4692.776250291343
2023-12-27,1.0098813342780752,1.0073539313426625,0.9963651879452439,1.0013103973348343,4828.828390357359,4816.743411029448,4764.199855375219,4787.845769688297,1.0098813342780752,1.0073539313426625,0.9963651879452439,1.0013103973348343,4730.913368117419,4719.073438090084,4667.595317569298,4690.761759422664
2023-12-28,1.0083874043398713,1.0098743079365522,0.9974578643545893,1.0071137116306579,4823.469890549124,4830.582270868307,4771.190075460525,4817.377372528507,1.0083874043398713,1.0098743079365522,0.9974578643545893,1.0071137116306579,4738.580465813077,4745.567673613825,4687.220735959565,4732.595171505203
2023-12-29,1.008142779191143,1.0047603258518856,0.9928135599021226,0.9989293316102218,4808.66967246929,4792.535945058099,4735.551902427941,4764.723093794384,1.008142779191143,1.0047603258518856,0.9928135599021226,0.9989293316102218,4746.247563508735,4730.323270589618,4674.078946917166,4702.871462389856
2024-01-02,1.0224372587870203,1.0078655682638218,0.9897480696676845,1.0031966908142214,4849.246104092844,4780.135053128702,4694.206837261984,4757.991361094413,1.0224372587870203,1.0078655682638218,0.9897480696676845,1.0031966908142214,4758.344943725325,4690.529408516005,4606.211953242362,4668.800809314196
2024-01-03,1.019653806098911,1.0066097916806673,0.9939304296357524,0.999407762914784,4797.277423472218,4735.907813997121,4676.253824654585,4702.023637039105,1.019653806098911,1.0066097916806673,0.9939304296357524,0.999407762914784,4770.442323941915,4709.416004927849,4650.09570917859,4675.721369908084
2024-01-04,0.9992748503182295,1.003399266835053,0.9942821311907756,0.9968166552256053,4685.280005190077,4704.618074424177,4661.870742871566,4673.754315023191,0.9992748503182295,1.003399266835053,0.9942821311907756,0.9968166552256053,4782.539704158505,4802.279203998728,4758.6444990994005,4770.774757179904
2024-01-05,1.0101385129366607,1.0040696199603525,0.9940978430101373,0.9991957970511733,4744.8630285066,4716.355981662566,4669.516152100937,4693.462465740653,1.0101385129366607,1.0040696199603525,0.9940978430101373,0.9991957970511733,4794.637084375095,4765.830995949937,4718.499812206013,4742.69732491002
2024-01-08,1.0127441521483203,1.0046482611623389,0.9953803167061785,1.00193839301511,4824.247278524609,4785.682177977247,4741.53395384255,4772.773612663197,1.0127441521483203,1.0046482611623389,0.9953803167061785,1.00193839301511,4806.734464591685,4768.309361725038,4724.321402931253,4755.4476566338235
2024-01-09,0.9981063616687187,1.005717771554869,0.9945326286952101,0.9986166577493316,4747.492909277261,4783.696580400735,4730.494448388767,4749.920132584696,0.9981063616687187,1.005717771554869,0.9945326286952101,0.9986166577493316,4807.180630369931,4843.839471130484,4789.968456809948,4809.638369874141
2024-01-10,0.9922946237463753,1.0024746166568828,0.9965033155460932,0.9989595903512224,4746.591717959599,4795.287205047365,4766.72378474896,4778.473252465555,0.9922946237463753,1.0024746166568828,0.9965033155460932,0.9989595903512224,4807.626796148178,4856.948444708943,4828.017735480955,4839.9182862742855
2024-01-11,1.0006548849816728,1.007834087296981,0.9952941807493003,1.0055618822228107,4783.370507384791,4817.688817460521,4757.745054585035,4806.827131876768,1.0006548849816728,1.007834087296981,0.9952941807493003,1.0055618822228107,4808.072961926426,4842.568499857133,4782.315173238844,4831.650721964837
2024-01-12,0.9937311353465308,1.0064205466865557,0.9945680402184818,1.004180723148188,4753.840817204794,4814.544803855546,4757.8444278383795,4803.829868817997,0.9937311353465308,1.0064205466865557,0.9945680402184818,1.004180723148188,4808.519127704672,4869.921326928857,4812.568787559038,4859.083149534759
2024-01-16,1.0004641048736242,1.0044433293629078,0.9949522886399013,1.0004739175137236,4768.191914545595,4787.156818877031,4741.922708611996,4768.238681392056,1.0004641048736242,1.0044433293629078,0.9949522886399013,1.0004739175137236,4808.965293482919,4828.0923689779065,4782.471456429787,4809.012460238274
2024-01-17,1.0041382544197348,1.0027076866304647,0.9931135665017813,0.9964707814243602,4758.822056728552,4752.042295555964,4706.573745500907,4722.4842920341425,1.0041382544197348,1.0027076866304647,0.9931135665017813,0.9964707814243602,4815.307067373371,4808.446833580157,4762.438592924516,4778.5379902657
2024-01-18,1.0049876160539386,1.0021171131481847,0.9908201268990997,0.9926468295239249,4804.785493096917,4791.061790934682,4737.051577496982,4745.784933144113,1.0049876160539386,1.0021171131481847,0.9908201268990997,0.9926468295239249,4821.648841263823,4807.876973045469,4753.677200045728,4762.441207137582
2024-01-19,1.0030762946322502,1.0101621793289897,0.9964400363105773,1.0063158165069226,4854.698681524112,4888.9930171382375,4822.580452136295,4870.377351888369,1.0030762946322502,1.0101621793289897,0.9964400363105773,1.0063158165069226,4827.990615154275,4862.096280893754,4796.049083818891,4843.583029502218
2024-01-22,1.008034084863818,1.003432105563484,0.9949145327558145,0.9988039284392635,4889.3987662460095,4867.07718778829,4825.763297114786,4844.628538619657,1.008034084863818,1.003432105563484,0.9949145327558145,0.9988039284392635,4834.332389044726,4812.262205189461,4771.413608184206,4790.066381744783
2024-01-23,1.0065936989595725,1.0046929436690102,0.99020289861638,0.9955053720658305,4896.675707958737,4887.429293772268,4816.9410206092425,4842.735432951439,1.0065936989595725,1.0046929436690102,0.99020289861638,0.9955053720658305,4840.674162935178,4831.5334967114595,4761.851372952357,4787.3507837403795
2024-01-24,1.0047325863464902,1.0055064232962556,0.9966513260045613,1.000173187677086,4891.590833257205,4895.358297138985,4852.246813219507,4869.393172865278,1.0047325863464902,1.0055064232962556,0.9966513260045613,1.000173187677086,4847.248400351816,4850.981712048735,4808.261035158773,4825.251962486493
2024-01-25,1.005580967527442,1.0007811484559577,0.9895659425605341,0.9922784353607663,4921.474148034105,4897.98306552721,4843.094053442063,4856.369427205248,1.005580967527442,1.0007811484559577,0.9895659425605341,0.9922784353607663,4853.822637768453,4830.6544681046535,4776.519970714262,4789.61285869018
2024-01-26,1.0035224076173188,1.0030327388836882,0.9963424820750485,0.9999896437783304,4908.197989984078,4905.803034897953,4873.0811895546,4890.919348030501,1.0035224076173188,1.0030327388836882,0.9963424820750485,0.9999896437783304,4860.39687518509,4858.025244651732,4825.622078524027,4843.286510540065
2024-01-29,1.0095241124258905,1.0066869232978304,0.9957293877286196,1.0030150186121682,4974.864159346918,4960.882689927078,4906.884721669497,4942.787800669463,1.0095241124258905,1.0066869232978304,0.9957293877286196,1.0030150186121682,4866.971112601727,4853.292868211829,4800.465988274804,4835.59041433938
2024-01-30,1.006790621714405,1.003681606968823,0.9958447244196849,0.9999153022182451,4958.413608224793,4943.1018038732445,4904.505392425215,4924.552865965791,1.006790621714405,1.003681606968823,0.9958447244196849,0.9999153022182451,4873.545350018365,4858.495622667242,4820.5598277936715,4840.26416857138
2024-01-31,1.0079493312101333,1.0060786676872655,0.9955013201632497,1.0010806413930564,4884.169676778382,4875.105096078798,4823.85097204905,4850.886409966263,1.0079493312101333,1.0060786676872655,0.9955013201632497,1.0010806413930564,4873.423990859837,4864.379353189187,4813.237993611803,4840.21395072803
2024-02-01,1.0101664459667923,1.0030116880629842,0.9947111384429304,0.9974749502691391,4956.068515537816,4920.965913857733,4880.24184031732,4893.801626260947,1.0101664459667923,1.0030116880629842,0.9947111384429304,0.9974749502691391,4873.30263170131,4838.786240208577,4798.742254913399,4812.075593691346
2024-02-02,1.0031427292767365,1.0028070821067616,0.9943229621473675,0.9978806143354639,4974.193568818918,4972.529225405409,4930.459783333557,4948.1007930499745,1.0031427292767365,1.0028070821067616,0.9943229621473675,0.9978806143354639,4873.181272542782,4871.550727401829,4830.3356008864475,4847.618369839728
2024-02-05,1.0054884038542944,1.0109374480736915,0.9949149222607525,1.0064473730521983,4969.938137455045,4996.871727713124,4917.67542689967,4974.678139996136,1.0054884038542944,1.0109374480736915,0.9949149222607525,1.0064473730521983,4873.059913384254,4899.468491394718,4821.815951642989,4877.707519799766
2024-02-06,0.999875491916242,1.005273986426425,0.9959189086443296,1.0008226426872657,4953.613158316203,4980.3585417733875,4934.011334772997,4958.305561080532,0.999875491916242,1.005273986426425,0.9959189086443296,1.0008226426872657,4872.938554225727,4899.248362042929,4853.655966218938,4877.5545364616155
2024-02-07,1.001371649697973,1.0071924067775362,0.9973571557580635,1.0048895040987926,5001.911472540357,5030.9865033982005,4981.858834440873,5019.483366343716,1.001371649697973,1.0071924067775362,0.9973571557580635,1.0048895040987926,4881.530060529243,4909.905340244319,4861.960030908981,4898.679050129004
2024-02-08,1.004370627000835,1.0021068484430837,0.992955043835696,0.9975214512075378,5019.754000393743,5008.439838902173,4962.699943136863,4985.522436204665,1.004370627000835,1.0021068484430837,0.992955043835696,0.9975214512075378,4890.1215668327595,4879.0995874456785,4834.540899763159,4856.774014284507
2024-02-09,1.0140771629045089,1.0059521156278213,0.9910507290832848,1.0022136416271885,5097.370407827433,5056.528963935963,4981.62550531733,5037.737113139642,1.0140771629045089,1.0059521156278213,0.9910507290832848,1.0022136416271885,4898.713073136275,4859.463322949457,4787.479040348615,4841.403837803349
2024-02-12,1.0060712613166436,1.0026146059944827,0.9921089082087939,0.9955453017882501,5052.328902930373,5034.9701329673335,4982.21219959925,4999.469218332306,1.0060712613166436,1.0026146059944827,0.9921089082087939,0.9955453017882501,4907.304579439791,4890.44408342504,4839.200537529045,4855.962203026927
2024-02-13,1.0088155290774863,1.0061001045749882,0.9952089168995482,1.0006145935070032,4996.834814160733,4983.384854977695,4929.438950919335,4956.214186121083,1.0088155290774863,1.0061001045749882,0.9952089168995482,1.0006145935070032,4915.896085743308,4902.663988993996,4849.591900669036,4875.9334306211795
2024-02-14,1.00231893248234,1.006939153737711,0.995254361708634,0.9999921993652484,5012.216100149839,5035.320070963872,4976.888866247429,5000.580991989848,1.00231893248234,1.006939153737711,0.995254361708634,0.9999921993652484,4906.213786128817,4928.8291358777515,4871.633680535881,4894.824746447161
2024-02-15,1.007427933933307,1.004558347127904,0.9947280546707025,0.9997653515498116,5067.090502142371,5052.657255299632,5003.213538418872,5028.549781650633,1.007427933933307,1.004558347127904,0.9947280546707025,0.9997653515498116,4896.531486514326,4882.584064894715,4834.804630835943,4859.288052373777
2024-02-16,0.9956798613734361,1.0039072788496357,0.9922296646605095,0.9977689439438424,4983.9452436950305,5025.1281577913705,4966.675042534706,4994.402292736979,0.9956798613734361,1.0039072788496357,0.9922296646605095,0.9977689439438424,4886.849186899836,4927.229785085675,4869.91543976353,4897.102514155521
2024-02-20,0.9985628643857019,1.0036880383329958,0.9950388871495812,0.9971912910730152,4968.359517379704,4993.859871606204,4950.825933401613,4961.535240646698,0.9985628643857019,1.0036880383329958,0.9950388871495812,0.9971912910730152,4877.166887285345,4902.199190767507,4859.955126563473,4870.467867941946
2024-02-21,0.9901520501597152,1.0074502372514074,0.996567888590207,1.0040491102286224,4932.73948348567,5018.915591939061,4964.701907378693,5001.971857336951,0.9901520501597152,1.0074502372514074,0.996567888590207,1.0040491102286224,4867.484587670855,4952.52067788536,4899.024182698071,4935.801090866936
2024-02-22,1.0045857933998883,1.0063004856361477,0.9941084834003968,1.0036911986676444,5110.358068599034,5119.080759445652,5057.05967831232,5105.807238358267,1.0045857933998883,1.0063004856361477,0.9941084834003968,1.0036911986676444,4866.227582475724,4874.533575562988,4815.475346833289,4861.894153126252
2024-02-23,1.00583969469891,1.0053999608152022,0.9947998424410982,0.9995152785286184,5118.517038383814,5116.279320596401,5062.337438214261,5086.333349376434,1.00583969469891,1.0053999608152022,0.9947998424410982,0.9995152785286184,4864.970577280594,4862.843705158379,4811.573841503669,4834.381111832865
2024-02-26,1.015153760676219,1.004803845910108,0.9930689774451459,0.997553943812254,5146.352444360913,5093.88324095667,5034.39297322749,5057.129644774536,1.015153760676219,1.004803845910108,0.9930689774451459,0.997553943812254,4863.713572085464,4814.125989526217,4757.90294112648,4779.390909388077
2024-02-27,1.0035243431130565,1.0075723991114627,0.9941793304191118,0.9985110349074382,5096.077248709861,5116.634005719848,5048.621592147725,5070.618767246255,1.0035243431130565,1.0075723991114627,0.9941793304191118,0.9985110349074382,4862.456566890333,4882.070935597652,4817.176431283074,4838.165184649785
2024-02-28,0.9987087733176245,1.0104818148118757,0.9967277851761872,1.007637284390092,5063.21379061476,5122.900285460655,5053.170656174827,5108.479198909513,0.9987087733176245,1.0104818148118757,0.9967277851761872,1.007637284390092,4861.199561695203,4918.50465971848,4851.557132448397,4904.658951731287
2024-02-29,1.0065103891968477,1.0053200936367035,0.9943444088774915,1.0016234905224335,5129.44870115222,5123.382633597923,5067.447580630094,5104.543746044763,1.0065103891968477,1.0053200936367035,0.9943444088774915,1.0016234905224335,4866.818598762777,4861.063116621398,4807.991963761353,4843.188788664257
2024-03-01,1.0058401196868338,1.004976970855389,0.9925141361632616,0.9982687947668365,5167.08116204084,5162.647097441802,5098.624518601568,5128.18666022082,1.0058401196868338,1.004976970855389,0.9925141361632616,0.9982687947668365,4872.437635830352,4868.256415804088,4807.8846095751205,4835.761023144847
2024-03-04,1.0074253577726595,1.0055342889093153,0.9961241711174634,1.002096705471168,5169.049139463627,5159.346159679251,5111.063315795149,5141.708090937289,1.0074253577726595,1.0055342889093153,0.9961241711174634,1.002096705471168,4878.056672897926,4868.899923947173,4823.335170654894,4852.254793169274
2024-03-05,1.0002899798244453,1.001910801696271,0.9908591375602167,0.9956568660119084,5080.122706035419,5088.354293034767,5032.226758970194,5056.592742571378,1.0002899798244453,1.001910801696271,0.9908591375602167,0.9956568660119084,4883.675709965501,4891.588983681394,4837.631886455029,4861.055643940484
2024-03-06,1.005779475823057,1.0023746113487593,0.9926068383362884,0.9968274618826399,5134.262837002509,5116.881821028693,5067.019684065552,5088.564954320025,1.005779475823057,1.0023746113487593,0.9926068383362884,0.9968274618826399,4889.294747033075,4872.743021342987,4825.259927456025,4845.7772207896305
2024-03-07,1.0073190473881153,1.0031966797881147,0.992715308674083,0.9971991217794658,5195.10696223757,5173.84642847203,5119.790224343368,5142.914862700545,1.0073190473881153,1.0031966797881147,0.992715308674083,0.9971991217794658,4890.5698204248965,4870.555579032822,4819.668149295571,4841.437221478282
2024-03-08,0.9951554701382901,1.0083880438560353,0.9954297544437687,1.00422900057593,5098.8681307928555,5166.667736424729,5100.2734785459925,5145.358087960886,0.9951554701382901,1.0083880438560353,0.9954297544437687,1.00422900057593,4891.844893816718,4956.891713249072,4893.193181917896,4936.447274924155
2024-03-11,0.9886217003162651,1.0078775050088387,0.9913719813232379,0.9995883996083303,5059.706544916625,5158.256597984935,5073.782318093452,5115.833453891458,0.9886217003162651,1.0078775050088387,0.9913719813232379,0.9995883996083303,4893.1199672085395,4988.425342758922,4906.732307405348,4947.398944964349
2024-03-12,1.009217078194345,1.0107445704874367,0.9961483297383531,1.0084365181415056,5222.970868266849,5230.876053306517,5155.3365664450075,5218.93125924219,1.009217078194345,1.0107445704874367,0.9961483297383531,1.0084365181415056,4894.3950406003605,4901.802912370861,4831.015596264855,4890.609562397452
2024-03-13,1.0013039440837508,1.0059532299223553,0.9909599008365261,0.9955536505974392,5172.045275415239,5196.060278050241,5118.615085389917,5142.343226967459,1.0013039440837508,1.0059532299223553,0.9909599008365261,0.9955536505974392,4895.670113992182,4918.401842820326,4845.095037680444,4867.55523425566
2024-03-14,0.9981400952026567,1.0050263228685319,0.9968118973144147,1.0006656371583145,5140.900597539378,5176.367975407916,5134.059740879946,5153.908350871155,0.9981400952026567,1.0050263228685319,0.9968118973144147,1.0006656371583145,4901.60003665927,4935.4164657775145,4895.077610750333,4914.002300231222
2024-03-15,1.0009006209840523,1.0087038002961377,0.9976154665992198,1.0062172158389324,5121.698558631284,5161.628129457364,5104.888127980202,5148.904052997243,1.0009006209840523,1.0087038002961377,0.9976154665992198,1.0062172158389324,4907.529959326357,4945.789837928895,4891.422472502413,4933.5978305864155
2024-03-18,1.0060763801303676,1.0082598737136297,0.996369829144454,1.0041912555868164,5180.709833370917,5191.953558898439,5130.726725593035,5171.002535343864,1.0060763801303676,1.0082598737136297,0.996369829144454,1.0041912555868164,4913.459881993444,4924.123593353567,4866.055182108103,4904.253340621208
2024-03-19,0.9968119295598301,1.0031421708627972,0.9903045595946286,0.9952606823495322,5162.000545344876,5194.781763234704,5128.30206490638,5153.9673961538765,0.9968119295598301,1.0031421708627972,0.9903045595946286,0.9952606823495322,4919.389804660531,4950.63032617055,4887.275131357913,4911.734208369446
2024-03-20,1.006056293141708,1.0048466035428127,0.9953208367482747,1.000965796338369,5256.261830274031,5249.94166180185,5200.17315009177,5229.665918865368,1.006056293141708,1.0048466035428127,0.9953208367482747,1.000965796338369,4925.319727327618,4919.397486111099,4872.76247430222,4900.398334262138
2024-03-21,1.0052288680164634,1.0038466761571354,0.9914618234867393,0.9978019491610999,5268.937268574333,5261.69246847791,5196.776891660448,5230.00885058638,1.0052288680164634,1.0038466761571354,0.9914618234867393,0.9978019491610999,4931.119042780618,4924.338743472504,4863.5852327167595,4894.686522623159
2024-03-22,0.9958780268880048,1.0086772595866549,0.9961864181239151,1.0020919423302135,5212.604850776657,5279.598338583278,5214.219026015834,5245.129602705957,0.9958780268880048,1.0086772595866549,0.9961864181239151,1.0020919423302135,4936.918358233616,5000.368665575698,4938.44716227686,4967.7229270612015
2024-03-25,0.9980315036858254,1.0092666855041554,0.9943840464404412,1.00397843078857,5207.918012218337,5266.545325630928,5188.884887295046,5238.950207756608,0.9980315036858254,1.0092666855041554,0.9943840464404412,1.00397843078857,4942.717673686616,4998.359536228486,4924.653763555326,4972.169631451784
2024-03-26,0.9975991126904964,1.0088311740386875,0.9960223228525298,1.0025373810966085,5191.0867908140135,5249.533720604233,5182.881838748967,5216.78346552669,0.9975991126904964,1.0088311740386875,0.9960223228525298,1.0025373810966085,4948.516989139614,5004.232802934475,4940.69543917809,4973.01290618055
2024-03-27,1.0058872477057907,1.0031017119877876,0.9920976875195546,0.9974810526482941,5279.389160711366,5264.769304350783,5207.014791969507,5235.269330014045,1.0058872477057907,1.0031017119877876,0.9920976875195546,0.9974810526482941,4954.316304592614,4940.596650569558,4886.398311776174,4912.913106244162
2024-03-28,0.9966021126117548,1.0031769752962982,0.9928581612195488,0.9981715425686171,5236.496310401574,5271.042940148105,5216.824279403937,5244.742644695413,0.9966021126117548,1.0031769752962982,0.9928581612195488,0.9981715425686171,4954.128774172306,4986.812546361356,4935.517517898103,4961.930441467556
2024-04-01,1.0054510833694674,1.0093053527273095,0.996139447234754,1.0076164939187406,5272.354227440313,5292.565129470884,5223.526149226186,5283.709142316275,1.0054510833694674,1.0093053527273095,0.996139447234754,1.0076164939187406,4953.9412437519995,4972.931549946067,4908.062036839237,4964.610401911093
2024-04-02,1.007030470113322,1.002967850591026,0.9920679140027698,0.996168599647324,5242.409291620633,5221.260066285269,5164.51706739476,5185.864457730036,1.007030470113322,1.002967850591026,0.9920679140027698,0.996168599647324,4953.753713331692,4933.768998726023,4880.150361602682,4900.322329921208
2024-04-03,1.0117815223779234,1.0077048609803536,0.9942176249743165,1.0024590471629864,5272.889286057324,5251.643805950503,5181.355210377401,5224.305299699432,1.0117815223779234,1.0077048609803536,0.9942176249743165,1.0024590471629864,4953.566182911385,4933.607316702086,4867.575357526323,4907.924414461998
2024-04-04,0.9998107403637779,1.0023694572669057,0.9900280336038374,0.9927631512028299,5146.2358409078415,5159.40609413879,5095.882194846008,5109.960419502718,0.9998107403637779,1.0023694572669057,0.9900280336038374,0.9927631512028299,4953.378652491077,4966.05534536308,4904.9120288872555,4918.462666602923
2024-04-05,1.009628264854561,1.002157159304766,0.9932974371031816,0.9973806782992221,5254.448763913186,5215.5665904561665,5169.4575838135725,5190.708159299774,1.009628264854561,1.002157159304766,0.9932974371031816,0.9973806782992221,4948.056936916981,4911.442019398376,4868.021672103501,4888.033106636867
2024-04-08,0.9942887853141023,1.0055239187702125,0.9935015704138659,1.0011600096169322,5172.678033830232,5231.127579770966,5168.582634905392,5208.424822431032,0.9942887853141023,1.0055239187702125,0.9935015704138659,1.0011600096169322,4942.735221342884,4998.586489777397,4938.82187657662,4976.892945815876
2024-04-09,0.9958567085669894,1.0050671548834933,0.9939752555425555,1.000699805468695,5188.323824530244,5236.309420899061,5178.521623603715,5213.555923509409,0.9958567085669894,1.0050671548834933,0.9939752555425555,1.000699805468695,4937.413505768786,4983.078491148764,4928.085344906491,4961.425365955618
2024-04-10,0.9951785894462715,1.0027217377183648,0.9886216077344708,0.9948018924521052,5135.758435840006,5174.685908538902,5101.92021373882,5133.814438264032,0.9951785894462715,1.0027217377183648,0.9886216077344708,0.9948018924521052,4932.09179019469,4969.47553222808,4899.595476455441,4930.224884925604
2024-04-11,0.9946281962803101,1.0067470835539343,0.9932161964682368,1.0004129417272907,5171.13167015311,5234.138492221918,5163.790598410152,5201.206908816688,0.9946281962803101,1.0067470835539343,0.9932161964682368,1.0004129417272907,4926.770074620593,4986.799512133709,4919.775904894148,4955.424109227762
2024-04-12,0.9979978622527128,1.0103190117501406,0.997380584313948,1.0059896614687964,5113.152227444171,5176.278527990788,5109.989659479925,5154.097491465846,0.9979978622527128,1.0103190117501406,0.997380584313948,1.0059896614687964,4923.856099970368,4984.645375585263,4920.810614745275,4963.2855124052085
2024-04-15,0.9961134464522542,1.0101788518821635,0.9905439030958367,0.9995556332756202,5042.146965520949,5113.343516034172,5013.954939568568,5059.5706956272,0.9961134464522542,1.0101788518821635,0.9905439030958367,0.9995556332756202,4920.942125320142,4990.427228986057,4893.427788856754,4937.947017888005
2024-04-16,0.9967412080299711,1.0036044052825392,0.9959494007811738,0.9986069572040874,5034.948505654676,5069.617328888271,5030.948762600029,5044.373169690299,0.9967412080299711,1.0036044052825392,0.9959494007811738,0.9986069572040874,4918.028150669917,4951.891902885442,4914.121288679946,4927.233957439488
2024-04-17,1.0089436981185087,1.0035419362275657,0.9949266913283936,1.0004989094238426,5067.127130127756,5039.998347541443,4996.730778456372,5024.715627897516,1.0089436981185087,1.0035419362275657,0.9949266913283936,1.0004989094238426,4915.114176019691,4888.7992523077255,4846.829702953517,4873.975011659928
2024-04-18,0.9970427129680393,1.0057827978368428,0.9934391347389573,0.9994979539391211,4996.300679808401,5040.09829389616,4978.242716873084,5008.604186943408,0.9970427129680393,1.0057827978368428,0.9934391347389573,0.9994979539391211,4912.2002013694655,4955.260589950732,4894.44619998887,4924.296609111774
2024-04-19,0.9944734770635308,1.0062228179535966,0.9931934793750423,0.998066530176144,4939.778489474282,4998.140168023643,4933.420446556091,4957.626010686848,0.9944734770635308,1.0062228179535966,0.9931934793750423,0.998066530176144,4910.585328474813,4968.60210049006,4904.2648603934185,4928.327374196664
2024-04-22,0.9981873836760624,1.007197448283466,0.9956786324366006,1.001730122166414,5001.517704647279,5046.663534369135,4988.9473556868315,5019.268950127035,0.9981873836760624,1.007197448283466,0.9956786324366006,1.001730122166414,4908.970455580161,4953.280914401756,4896.632706259424,4926.393234975484
2024-04-23,1.0115789619218645,1.008336013505754,0.992332533735572,1.0021898070758,5129.26170537291,5112.818173281601,5031.671728932904,5081.653526268197,1.0115789619218645,1.008336013505754,0.992332533735572,1.0021898070758,4907.355582685508,4891.623443511789,4813.987619963827,4861.807065777846
2024-04-24,1.0033271620527249,1.0032198427149555,0.9955297328476231,0.9988809271016285,5088.504134881461,5087.95985090845,5048.958459001991,5065.954476316432,1.0033271620527249,1.0032198427149555,0.9955297328476231,0.9988809271016285,4905.740709790856,4905.21597482488,4867.615393014902,4884.00096563775
2024-04-25,0.9983562631525054,1.0027769854758133,0.9931096469929436,0.9971107029984364,5040.121726024371,5062.439389015805,5013.634604072116,5033.833615231367,0.9983562631525054,1.0027769854758133,0.9931096469929436,0.9971107029984364,4904.1258368962035,4925.841309982956,4878.353407940695,4898.007396056568
2024-04-26,1.0014096922923374,1.0074715291372371,0.9933952191311917,1.0040851949946288,5107.14937430323,5138.064499738744,5066.275881760313,5120.794331064807,1.0014096922923374,1.0074715291372371,0.9933952191311917,1.0040851949946288,4899.138522847716,4928.7944954577715,4859.929780904927,4912.227729450833
2024-04-29,0.9823456376946511,1.0049611094205948,0.995083561661163,0.9994590869483286,5025.847281204243,5141.551879184364,5091.016665663992,5113.402596872431,0.9823456376946511,1.0049611094205948,0.995083561661163,0.9994590869483286,4894.151208799229,5006.82391180511,4957.612910654594,4979.412246399158
2024-04-30,0.9977600128679902,1.0017376204574526,0.9947822992357993,0.9985288167434896,5024.4101191992095,5044.44011796139,5009.415276438722,5028.281577187023,0.9977600128679902,1.0017376204574526,0.9947822992357993,0.9985288167434896,4889.163894750741,4908.654729383396,4874.572680639476,4892.9311414851845
2024-05-01,1.010798627091554,1.0056758702556983,0.9942974910944016,1.001118241338896,5072.581722209985,5046.873730532494,4989.772586333234,5024.0017711527025,1.010798627091554,1.0056758702556983,0.9942974910944016,1.001118241338896,4884.176580702254,4859.423431760696,4804.443130505378,4837.400979590348
2024-05-02,0.9949151854842657,1.0036482561876432,0.9935659364988056,0.996687744920701,5038.449482329418,5082.675498985463,5031.616615617251,5047.426077827414,0.9949151854842657,1.0036482561876432,0.9935659364988056,0.996687744920701,4879.189266653766,4922.017344325641,4872.572379843766,4887.882121183423
2024-05-03,0.9899197678938807,1.0057895797367582,0.9944211506084094,0.997275587557888,5076.100686608563,5157.477749078352,5099.1828318782955,5113.819785123463,0.9899197678938807,1.0057895797367582,0.9944211506084094,0.997275587557888,4880.615428323546,4958.858586038973,4902.808659166951,4916.881930018428
2024-05-06,0.9954671499686197,1.0041584393761256,0.9908912786658682,0.9963738657154932,5157.256482528427,5202.283793213469,5133.55008303541,5161.953941066884,0.9954671499686197,1.0041584393761256,0.9908912786658682,0.9963738657154932,4882.041589993327,4924.666036575466,4859.600272857755,4886.488370569338
2024-05-07,1.005515745698464,1.0040080909990063,0.9930896729082312,0.999180801163555,5216.314033959921,5208.492773675545,5151.851296146031,5183.450242196174,1.005515745698464,1.0040080909990063,0.9930896729082312,0.999180801163555,4883.467751663106,4876.1455559272945,4823.118298150802,4852.700956138375
2024-05-08,1.0078705083910942,1.0039751387467888,0.9934958378352893,0.997727776705274,5228.499600265228,5208.291708022554,5153.928553062995,5175.882455380649,1.0078705083910942,1.0039751387467888,0.9934958378352893,0.997727776705274,4884.893913332887,4866.01404006819,4815.223514090518,4835.734653423869
2024-05-09,1.0014614740193901,1.0054654785440795,0.9944255061943347,1.001316569575737,5221.700242455022,5242.577442367114,5185.014143337757,5220.944699093458,1.0014614740193901,1.0054654785440795,0.9944255061943347,1.001316569575737,4886.320075002667,4905.856370903165,4851.990256310136,4885.6130587965035
2024-05-10,0.9888750025639867,1.004915654593983,0.9955230792043711,1.0012407775959902,5164.577698390883,5248.352890934903,5199.298475299085,5229.160184335026,0.9888750025639867,1.004915654593983,0.9955230792043711,1.0012407775959902,4902.741675145921,4982.269596268478,4935.702162891962,4964.049929917948
2024-05-13,1.0038125534798636,1.0089310166137908,0.9953660876787096,1.004027520882153,5241.32694299083,5268.052588767579,5197.224397527368,5242.449378084491,1.0038125534798636,1.0089310166137908,0.9953660876787096,1.004027520882153,4919.163275289175,4944.24620116717,4877.7715391219135,4920.216718730443
2024-05-14,0.9998856390060233,1.0025972843438247,0.9921862453712191,0.9996357993853279,5246.079984460122,5260.307119821058,5205.683729864269,5244.7691559190125,0.9998856390060233,1.0025972843438247,0.9921862453712191,0.9996357993853279,4935.584875432429,4948.969961881009,4897.579518328073,4934.351629744037
2024-05-15,1.0075378331950873,1.0035155087754746,0.9917709061769622,0.9977173200302001,5348.161949274502,5326.810847906535,5264.468735623242,5296.033192318307,1.0075378331950873,1.0035155087754746,0.9917709061769622,0.9977173200302001,4952.006475575682,4932.236918625525,4874.512686140416,4903.739062498221
2024-05-16,1.0168036476235593,1.0090491126238152,0.9974940030789894,1.0058038009857537,5386.1106018267565,5345.034054479612,5283.825483709715,5327.8433142016365,1.0168036476235593,1.0090491126238152,0.9974940030789894,1.0058038009857537,4968.428075718936,4930.536935677375,4874.074971939638,4914.679304270676
2024-05-17,1.0018879681114141,1.0035568141603288,0.9939982514619493,0.9986155205942928,5313.282404646219,5322.1327458320475,5271.441107030612,5295.927731902096,1.0018879681114141,1.0035568141603288,0.9939982514619493,0.9986155205942928,4976.865291418933,4985.155262196026,4937.673227833352,4960.609451460448
2024-05-20,1.004946518573302,1.0028825134622206,0.9936201595801721,0.9965334231289196,5334.386763634501,5323.430756184217,5274.264977672299,5289.728959313312,1.004946518573302,1.0028825134622206,0.9936201595801721,0.9965334231289196,4985.30250711893,4975.0634648765745,4929.11511322145,4943.567126144573
2024-05-21,1.003864505263737,1.0058892494452878,0.9976595887397776,1.002433953887354,5341.974616955502,5352.749110890649,5308.9557121157395,5334.362066555704,1.003864505263737,1.0058892494452878,0.9976595887397776,1.002433953887354,4993.739722818927,5003.811844499632,4962.873268272522,4986.623422564939
2024-05-22,1.0056346440043453,1.0036472810893473,0.9902553363449583,0.9946403974342803,5336.913112077501,5326.366157213977,5255.294972536058,5278.5665355877,1.0056346440043453,1.0036472810893473,0.9902553363449583,0.9946403974342803,5002.176938518924,4992.291498512316,4925.677964897804,4947.489913785782
2024-05-23,1.0084908300688,1.0028033924896045,0.9944573830439843,0.9981657034315685,5312.5683342696275,5282.607823092439,5238.642380694423,5258.177219164954,1.0084908300688,1.0028033924896045,0.9944573830439843,0.9981657034315685,5010.614154218921,4982.356529671546,4940.889982021712,4959.3145051491465
2024-05-24,1.0062293262691755,1.009342896193898,0.9965018816314857,1.0073603430378888,5337.764831646621,5354.281448297695,5286.163461528175,5343.76455891995,1.0062293262691755,1.009342896193898,0.9965018816314857,1.0073603430378888,5010.526384602588,5026.030429108993,4962.088501965418,5016.158290981303
2024-05-28,0.9926623000829969,1.0070375239444234,0.996891462568501,1.0055320064904663,5267.1058707323855,5343.381383550068,5289.545976046969,5335.393047718673,0.9926623000829969,1.0070375239444234,0.996891462568501,1.0055320064904663,5010.438614986256,5082.997204879657,5031.785208913163,5075.3981424530775
2024-05-29,0.9910024936348378,1.005023756506261,0.9950711768560573,1.0015004442044648,5219.560583850009,5293.409874330651,5240.990134942011,5274.852764602706,0.9910024936348378,1.005023756506261,0.9950711768560573,1.0015004442044648,5010.350845369923,5081.240118335643,5030.92146002318,5063.426812230773
2024-05-30,0.9992151362129189,1.0042587491842545,0.995249952425563,1.0009300939332655,5231.370861340012,5257.77659617918,5210.611220924986,5240.349488185732,0.9992151362129189,1.0042587491842545,0.995249952425563,1.0009300939332655,5010.263075753591,5035.552752543766,4990.380857001719,5018.8622142487275
2024-05-31,0.999912416309028,1.0018111016481988,0.9954227197451765,0.9974912915587612,5277.047776195059,5287.0681070593855,5253.353357682367,5264.270266114278,0.999912416309028,1.0018111016481988,0.9954227197451765,0.9974912915587612,5010.175306137258,5019.688885772115,4987.679168986276,4998.043984194442
2024-06-03,0.9992427575513088,1.0030736899993076,0.9963275333308932,0.9990297353818214,5279.399185246584,5299.639533742341,5263.996889600441,5278.273703916315,0.9992427575513088,1.0030736899993076,0.9963275333308932,0.9990297353818214,5010.068266797456,5029.276044832292,4995.451726175141,5009.000202402285
2024-06-04,1.0003016960207731,1.0021248151637518,0.9939799658609908,0.9973698176821263,5292.936376222558,5302.583119468567,5259.485952558895,5277.422811094142,1.0003016960207731,1.0021248151637518,0.9939799658609908,0.9973698176821263,5009.961227457653,5019.092228890214,4978.299156787424,4995.2770608120545
2024-06-05,1.0056821448665954,1.0045469201851354,0.9960278361439769,1.001430972041751,5384.452374080097,5378.37434707882,5332.762915549936,5361.691467240696,1.0056821448665954,1.0045469201851354,0.9960278361439769,1.001430972041751,5009.854188117851,5004.199011525627,4961.760782826452,4988.676765321124
2024-06-06,1.0075479742759037,1.002960097505742,0.9927147654500195,0.999244469443316,5393.364004379941,5368.805283544337,5313.9624308633365,5348.915675151293,1.0075479742759037,1.002960097505742,0.9927147654500195,0.999244469443316,5009.747148778048,4986.935229986011,4935.99321594313,4968.460321031888
2024-06-07,0.9998931780494074,1.0035918218380189,0.9908463539116953,0.9969589631849798,5346.4188240984,5366.195435449668,5298.045545902295,5330.729606560455,0.9998931780494074,1.0035918218380189,0.9908463539116953,0.9969589631849798,5009.640109438245,5028.170963214145,4964.313934544513,4994.93917858159
2024-06-10,0.9989664692624924,1.007723296248872,0.9978144243402651,1.0060886690601967,5355.249458757677,5402.19296929799,5349.073587859049,5393.430076211212,0.9989664692624924,1.007723296248872,0.9978144243402651,1.0060886690601967,5004.266370918852,5048.133203442517,4998.495266643104,5039.944630431335
2024-06-11,1.0028216110608679,1.0044864613564808,0.9968359526819959,1.0001681146006338,5390.487062367704,5399.436165458718,5358.312233170585,5376.223669775079,1.0028216110608679,1.0044864613564808,0.9968359526819959,1.0001681146006338,4998.892632399459,5007.1916237504565,4969.055158575426,4985.665410569716
2024-06-12,0.9903081441587771,1.0049192686011845,0.9946533865937923,0.9992551031015953,5368.490158729055,5447.697502665079,5392.045848326546,5416.99189156684,0.9903081441587771,1.0049192686011845,0.9946533865937923,0.9992551031015953,4993.518893880066,5067.193867063257,5015.429296541824,5038.632941247294
2024-06-13,1.0010058604938106,1.0068888593626266,0.9943484526409245,1.002950151696602,5439.205584399638,5471.172270673079,5403.030961053097,5449.770357279894,1.0010058604938106,1.0068888593626266,0.9943484526409245,1.002950151696602,4988.145155360673,5017.460920097556,4954.970407800002,4997.8338166628455
2024-06-14,0.9946366022289016,1.0064855518175664,0.992044142463069,1.0023362246148313,5402.468168666503,5466.826923252294,5388.3869642024065,5444.289437617918,0.9946366022289016,1.0064855518175664,0.992044142463069,1.0023362246148313,4982.7714168412795,5042.130389955366,4969.78412641626,5021.343753973362
2024-06-17,0.9973898153410045,1.0071760890653052,0.9968277959543361,1.0018416777009382,5458.943859018846,5512.5063859549,5455.867797651151,5483.309925643106,0.9973898153410045,1.0071760890653052,0.9968277959543361,1.0018416777009382,4982.246525255498,5031.131752985066,4979.439078163814,5004.484847155861
2024-06-18,0.9971428621728462,1.0071576673388252,0.9942663238235858,0.9997803931709905,5471.352799028272,5526.304335418154,5455.56914680973,5485.82501074102,0.9971428621728462,1.0071576673388252,0.9942663238235858,0.9997803931709905,4981.721633669717,5031.755559042887,4967.350459920988,4994.8987276763855
2024-06-20,1.0014192914598103,1.0044888678243633,0.9958066683832892,1.0005992255494351,5480.93802343909,5497.73833671027,5450.219183195367,5476.449663300402,1.0014192914598103,1.0044888678243633,0.9958066683832892,1.0005992255494351,4981.196742083936,4996.465235428417,4953.278786017245,4977.117621903318
2024-06-21,1.0195441127844371,1.0041496394741567,0.9943299126895783,0.9999720438645492,5571.421149604091,5487.296202863266,5433.635127481723,5464.4672303430925,1.0195441127844371,1.0041496394741567,0.9943299126895783,0.9999720438645492,4980.671850498155,4905.466845723663,4857.495565067685,4885.058476341086
2024-06-24,0.9994732935329855,1.004894415715647,0.992201491361234,0.9975429968429864,5445.000571639545,5474.534140544802,5405.384738742126,5434.484566211,0.9994732935329855,1.004894415715647,0.992201491361234,0.9975429968429864,4980.146958912374,5007.159171571344,4943.913230902047,4970.528731739424
2024-06-25,1.0103244787276324,1.0047004279136482,0.9929720790275997,0.9967806358499114,5525.76767150504,5495.008050388116,5430.862191825651,5451.6923316539205,1.0103244787276324,1.0047004279136482,0.9929720790275997,0.9967806358499114,4988.928088838543,4961.156827555953,4903.242869787659,4922.049319110452
2024-06-26,0.9984689439296118,1.0032384265392458,0.9923654637719078,0.9957670957032475,5469.51302795202,5495.639776739334,5436.078773996133,5454.712573552819,0.9984689439296118,1.0032384265392458,0.9923654637719078,0.9957670957032475,4997.70921876471,5021.582256931621,4967.159025655394,4984.185461345214
2024-06-27,1.012258571035611,1.0045310722880194,0.9910055223350317,1.0005517810002016,5550.08215137402,5507.713280315813,5433.554448245075,5485.895343492575,1.012258571035611,1.0045310722880194,0.9910055223350317,1.0005517810002016,5006.490348690879,4968.271212783975,4901.375720626184,4948.590190565801
2024-06-28,0.999606150881069,1.0005713123652489,0.9912308242031946,0.9930559505030454,5458.329394763059,5463.599639744194,5412.59609094506,5422.5621566028685,0.999606150881069,1.0005713123652489,0.9912308242031946,0.9930559505030454,5015.271478617046,5020.113932677178,4973.250391637319,4982.407502033697
2024-07-01,1.0088161353456182,1.0077485289541936,0.9928916854110982,1.0009306271062974,5523.3591344694405,5517.513893391816,5436.171337877449,5480.185267163418,1.0088161353456182,1.0077485289541936,0.9928916854110982,1.0009306271062974,5024.052608543215,5018.735771819646,4944.746507629462,4984.781618665683
2024-07-02,1.0045644587062272,1.0032891300421893,0.9939521366289261,0.9976022327052027,5534.1556486571935,5527.129850293722,5475.69226021012,5495.800675995289,1.0045644587062272,1.0032891300421893,0.9939521366289261,0.9976022327052027,5028.201276615764,5021.817804494046,4975.082842099709,4993.352867075649
2024-07-03,1.0150192761852908,1.005512924006035,0.9955117087126607,1.0002564951556105,5620.182032623479,5567.545170479896,5512.168241376177,5538.440218806519,1.0150192761852908,1.005512924006035,0.9955117087126607,1.0002564951556105,5032.349944688314,4985.218533506392,4935.633647377353,4959.157758055797
2024-07-05,1.0124792073001896,1.0037968907504398,0.993974117839674,0.998002214824106,5636.664118089542,5588.32801221694,5533.642769095854,5556.067950346614,1.0124792073001896,1.0037968907504398,0.993974117839674,0.998002214824106,5036.498612760864,4993.309108282081,4944.446492850741,4964.4839461909
2024-07-08,1.0142654578442833,1.0061834312615177,0.9952588426067939,1.0018076640368112,5652.349256747515,5607.309334905749,5546.428241021272,5582.923840527544,1.0142654578442833,1.0061834312615177,0.9952588426067939,1.0018076640368112,5040.647280833414,5000.481617098175,4946.189126241101,4978.735141368186
2024-07-09,1.0041288063599245,1.0030413230792987,0.9959285750610665,1.0001850490998818,5600.0062704931715,5593.941397986787,5554.273744544066,5578.012015129058,1.0041288063599245,1.0030413230792987,0.9959285750610665,1.0001850490998818,5044.795948905963,5039.332375693188,5003.597555458277,5024.982304956185
2024-07-10,0.9993147344631658,1.0039393683205977,0.9964038897004127,1.0010755426177786,5630.049275639374,5656.104046575098,5613.6498382220525,5639.969510309729,0.9993147344631658,1.0039393683205977,0.9964038897004127,1.0010755426177786,5044.246844662392,5067.590636101233,5029.553756485615,5053.134886308983
2024-07-11,1.005113082185968,1.0017975587057197,0.9954457905790768,0.9985757050695943,5613.094211990826,5594.57853849444,5559.106835320477,5576.585967989352,1.005113082185968,1.0017975587057197,0.9954457905790768,0.9985757050695943,5043.69774041882,5027.06031067881,4995.1868835830865,5010.892919971742
2024-07-12,1.0014468965989844,1.0024068361935279,0.9957785361943396,0.9994999996313636,5623.474830817107,5628.865227619327,5591.645003218886,5612.542322929978,1.0014468965989844,1.0024068361935279,0.9957785361943396,0.9994999996313636,5043.148636175248,5047.982759755313,5014.603553913656,5033.344331203735
2024-07-15,0.9969737097878949,1.0060801297892445,0.9961113918061686,1.002664383806885,5614.17829403179,5665.45854847179,5609.322391766733,5646.2237313810065,0.9969737097878949,1.0060801297892445,0.9961113918061686,1.002664383806885,5042.599531931676,5088.658950335144,5038.238008444809,5071.382427471259
2024-07-16,0.9994557716019309,1.0022443556687275,0.9956360597178324,0.9985603385103746,5664.115748822463,5679.919212445812,5642.4686776329,5659.041150405995,0.9994557716019309,1.0022443556687275,0.9956360597178324,0.9985603385103746,5042.050427688105,5056.118265291464,5022.780760649217,5037.533150455305
2024-07-17,0.9892705028573272,1.005860835958876,0.9962580459244602,1.003129280880687,5528.3106730025165,5621.021933763909,5567.358950298284,5605.757266467118,0.9892705028573272,1.005860835958876,0.9962580459244602,1.003129280880687,5041.350242507952,5125.895045535243,5076.958958055702,5111.974964206548
2024-07-18,0.9855957723373183,1.0016500344733053,0.9934726669648082,0.9968558306250501,5464.724463343772,5553.738764640344,5508.398614526406,5527.156869925347,0.9855957723373183,1.0016500344733053,0.9934726669648082,0.9968558306250501,5040.650057327799,5122.75665683584,5080.935000171519,5098.237574489089
2024-07-19,0.9981059894252362,1.0052948177479013,0.9952812094959358,0.9999154017744467,5494.573471785925,5534.147971702197,5479.0230582751265,5504.534286768329,0.9981059894252362,1.0052948177479013,0.9952812094959358,0.9999154017744467,5039.949872147647,5076.249959282251,5025.686107182444,5049.086524602079
2024-07-22,0.9932441117708986,1.0057838871349802,0.99374251835332,0.9985568151045947,5526.8174679791055,5596.593919412755,5529.590806550397,5556.379527536158,0.9932441117708986,1.0057838871349802,0.99374251835332,0.9985568151045947,5039.249686967493,5102.870561563392,5041.778365652506,5066.203824720746
2024-07-23,0.9993056543263552,1.0031635846414177,0.9952310294563771,0.9990908846782356,5551.8823959671045,5573.31605373571,5529.244839591972,5550.68919164226,0.9993056543263552,1.0031635846414177,0.9952310294563771,0.9990908846782356,5038.549501787341,5058.001380982392,5018.005037718999,5037.4666223911845
2024-07-24,0.9975349373050859,1.0035738344115068,0.9949623540179688,0.9998775002843854,5413.751784296551,5446.525663949721,5399.7900403615395,5426.465178118397,0.9975349373050859,1.0035738344115068,0.9949623540179688,0.9998775002843854,5034.7171195141245,5065.196391475086,5021.7328834411355,5046.5404065934545
2024-07-25,0.9951633546817291,1.0062607222353313,0.9966723069799462,1.0038455145732912,5373.105887864685,5433.023016707445,5381.253053292266,5419.982779194405,0.9951633546817291,1.0062607222353313,0.9966723069799462,1.0038455145732912,5030.884737240907,5086.9856545288285,5038.512997516581,5074.77596924745
2024-07-26,0.9819892059216235,1.0020578591351565,0.990177006586177,0.9931372093563156,5360.777274046735,5470.334058804733,5405.475296654599,5421.635339597063,0.9819892059216235,1.0020578591351565,0.990177006586177,0.9931372093563156,5027.052354967691,5129.7888919782345,5068.967787810071,5084.12181823838
2024-07-29,0.9827578497904347,1.008208874370835,0.9927408251674295,1.00203218601134,5369.336822644032,5508.389513480032,5423.879207935258,5474.642929560396,0.9827578497904347,1.008208874370835,0.9927408251674295,1.00203218601134,5023.219972694474,5153.3090836845995,5074.246460360108,5121.737863633657
2024-07-30,0.9961969389485433,1.0057138580007985,0.9962735983285556,1.0006852064130833,5415.764886777419,5467.5030461898605,5416.181640897292,5440.165083552342,0.9961969389485433,1.0057138580007985,0.9962735983285556,1.0006852064130833,5019.387590421257,5067.339058170548,5019.773842502225,5042.0019482186035
2024-07-31,0.9988984077327324,1.003141173143807,0.9918849773168582,0.9951660325558521,5516.2166770224685,5539.646500452045,5477.4864102368865,5495.605381583182,0.9988984077327324,1.003141173143807,0.9918849773168582,0.9951660325558521,5017.573910987538,5038.885777011398,4982.344697276915,4998.825789888778
2024-08-01,1.0044782161471322,1.008569314294136,0.9962820124383414,1.0050208491511956,5471.071410324263,5493.354312779586,5426.429311507665,5474.026958654835,1.0044782161471322,1.008569314294136,0.9962820124383414,1.0050208491511956,5015.760231553817,5036.1887157750425,4974.83331850442,5018.469814497835
2024-08-02,1.0051060802524585,1.0040269096907135,0.9882493416320235,0.9950557444594116,5373.859964434585,5368.090114275981,5283.734399996112,5320.125241096912,1.0051060802524585,1.0040269096907135,0.9882493416320235,0.9950557444594116,5013.946552120097,5008.563136753779,4929.857132956808,4963.810703290549
2024-08-05,1.0013207612060433,1.0045493003776815,0.9930745759444886,0.9969098745226724,5193.179903465739,5209.924173027781,5150.412465458179,5170.303589533171,1.0013207612060433,1.0045493003776815,0.9930745759444886,0.9969098745226724,5012.132872686377,5028.293395807293,4970.856412809604,4990.054083351389
2024-08-06,0.9981933259774746,1.0083979982534594,0.9954457859834789,1.0013310848360664,5230.562973921746,5284.035762788075,5216.1657819270085,5247.004924473533,0.9981933259774746,1.0083979982534594,0.9954457859834789,1.0013310848360664,5010.319193252657,5061.540398639051,4996.528225102609,5026.068821129206
2024-08-07,1.0091043724965274,1.0098377613136795,0.9965959674884806,1.0060177295758046,5246.838184795694,5250.651439950477,5181.800732956354,5230.789184929396,1.0091043724965274,1.0098377613136795,0.9965959674884806,1.0060177295758046,5007.215503276696,5010.854607372627,4945.1483066768005,4991.899459954551
2024-08-08,1.014382072275418,1.0133302036893772,0.9940269674238746,1.0059956740311709,5395.8127008753545,5390.217485786941,5287.537588087491,5351.202848830748,1.014382072275418,1.0133302036893772,0.9940269674238746,1.0059956740311709,5004.111813300735,4998.922774415575,4903.696769075735,4962.740346205556
2024-08-09,1.0049338454186754,1.0068166924241313,0.9933060063860907,1.000252515088225,5370.527259332668,5380.5894949853455,5308.38622708829,5345.509481033889,1.0049338454186754,1.0068166924241313,0.9933060063860907,1.000252515088225,5001.008123324775,5010.378026838513,4943.142704895722,4977.711693298782
2024-08-12,1.0054117293516212,1.0056439929981043,0.9936793858642746,1.0011428023493685,5373.312392229511,5374.553699739139,5310.610173019171,5350.497581447942,1.0054117293516212,1.0056439929981043,0.9936793858642746,1.0011428023493685,4997.904433348814,4999.059016565395,4939.582922054336,4976.683585643008
2024-08-13,0.9969027023466484,1.0036919629375551,0.9922033195312278,0.996224136189093,5417.597952713696,5454.493714146738,5392.05948576009,5413.910332430093,0.9969027023466484,1.0036919629375551,0.9922033195312278,0.996224136189093,4994.800743372853,5028.817106019466,4971.255335456309,4991.400910329761
2024-08-14,1.00806044505191,1.012068838706286,0.9935889675852617,1.0060304631292463,5499.1814204516295,5521.048049598919,5420.236471860796,5488.107442767296,1.00806044505191,1.012068838706286,0.9935889675852617,1.0060304631292463,5003.87821317192,5023.775347094198,4932.043720346403,4993.801652420222
2024-08-15,0.9991296024086828,1.0037213368150935,0.9833171713364258,0.9925539920644446,5538.395194663859,5563.848188660163,5450.743410495503,5501.945139891471,0.9991296024086828,1.0037213368150935,0.9833171713364258,0.9925539920644446,5012.955682970987,5035.9938964638295,4933.619612841384,4979.96372360487
2024-08-16,1.0022663761651653,1.00647450337136,0.9925239637258257,0.9980869342663334,5566.83801981537,5590.2110103503765,5512.726225524168,5543.624354648782,1.0022663761651653,1.00647450337136,0.9925239637258257,0.9980869342663334,5022.033152770055,5043.1187192852585,4973.217070117931,5001.091319066804
2024-08-19,1.000570424125211,1.0082798699861821,0.9931118498701734,1.0017290300985582,5611.449081100214,5654.685580850006,5569.6195320344,5617.946833050239,1.000570424125211,1.0082798699861821,0.9931118498701734,1.0017290300985582,5031.110622569122,5069.875585064555,4993.607103317544,5036.936374239701
2024-08-20,1.009086918843671,1.0098395666499616,0.9930739267730728,1.0050691942326295,5647.9805751982885,5652.193235287833,5558.3539370201015,5625.492888423335,1.009086918843671,1.0098395666499616,0.9930739267730728,1.0050691942326295,5040.188092368189,5043.947418190547,4960.206387670341,5020.120358494291
2024-08-21,1.0052340075239894,1.0056253128124653,0.9941514825757216,0.9994031615768267,5650.2695711912165,5652.469039521946,5587.976360835745,5617.495260749107,1.0052340075239894,1.0056253128124653,0.9941514825757216,0.9994031615768267,5043.562071655539,5045.525368257747,4987.957702852958,5014.306959667026
2024-08-22,1.005267698673627,1.0039498823048079,0.9932169489946923,0.9983241825816249,5599.984452939254,5592.643372362455,5532.854064747793,5561.304624456503,1.005267698673627,1.0039498823048079,0.9932169489946923,0.9983241825816249,5046.936050942888,5040.319967536357,4986.435387213464,5012.076200446085
2024-08-23,1.0105927802999908,1.0054876011725673,0.9941302105979817,1.0016795357392312,5694.296185806131,5665.530492442959,5601.536025937493,5644.073528871629,1.0105927802999908,1.0054876011725673,0.9941302105979817,1.0016795357392312,5050.310030230237,5024.797541069474,4968.04041331813,5005.767214088471
2024-08-26,1.0089194647925717,1.0026601067580871,0.9929940654125605,0.9964207167636642,5666.939206625509,5631.781394043094,5577.488786371887,5596.73573874682,1.0089194647925717,1.0026601067580871,0.9929940654125605,0.9964207167636642,5053.684009517587,5022.330845352771,4973.913582837901,4991.077701227494
2024-08-27,1.0033470767613397,1.0038137660164734,0.991698308997732,0.9965689157309705,5644.629984443945,5647.255484855476,5579.096346759441,5606.497406119294,1.0033470767613397,1.0038137660164734,0.991698308997732,0.9965689157309705,5057.057988804936,5059.4101904314975,4998.346008232038,5022.894782291515
2024-08-28,0.9941808800292558,1.0026077943195788,0.9947553897999143,0.9983609185501965,5559.638433682004,5606.763255238063,5562.851195731285,5583.013961498038,0.9941808800292558,1.0026077943195788,0.9947553897999143,0.9983609185501965,5056.833162542413,5099.696086681484,5059.755367262731,5078.094643061709
2024-08-29,1.0069918236924238,1.0059774676494198,0.9962255669653652,1.0041612362187113,5631.057998415086,5625.38575999685,5570.853521447644,5615.229466485585,1.0069918236924238,1.0059774676494198,0.9962255669653652,1.0041612362187113,5056.60833627989,5051.514748524428,5002.545589953956,5042.394544390637
2024-08-30,1.0052289827770649,1.0080505501636294,0.9974853559178906,1.0039132340506811,5677.935386317973,5693.872727544244,5634.196284366612,5670.503511211867,1.0052289827770649,1.0080505501636294,0.9974853559178906,1.0039132340506811,5056.383510017367,5070.576223369517,5017.432437347052,5049.765186951279
2024-09-03,0.9979249808688601,1.0109983126789546,0.9973562170903653,1.0083168589171865,5517.457364475266,5589.738900920052,5514.312709357433,5574.913330773,0.9979249808688601,1.0109983126789546,0.9973562170903653,1.0083168589171865,5056.158683754844,5122.39696962245,5053.276944172438,5108.810922592296
2024-09-04,0.9997777104167871,1.0038588757013973,0.9944836525161578,0.9985801512338499,5518.842945940393,5541.371263993012,5489.619375744866,5512.232335421438,0.9997777104167871,1.0038588757013973,0.9944836525161578,0.9985801512338499,5055.933857492321,5076.572546998493,5029.161499692747,5049.877731259182
2024-09-05,0.9956027445736657,1.005631517897628,0.9962431483206848,1.0032426422013416,5479.210100514158,5534.4025519129855,5482.73450489954,5521.255589517285,0.9956027445736657,1.005631517897628,0.9962431483206848,1.0032426422013416,5069.893162061904,5120.962536444554,5073.154280611112,5108.797699993841
2024-09-06,1.010698047302118,1.0057960797575602,0.9966149161472078,1.0014759583656103,5466.279532989722,5439.767633682384,5390.112044788882,5416.402602743734,1.010698047302118,1.0057960797575602,0.9966149161472078,1.0014759583656103,5083.852466631487,5059.1953696288065,5013.013741602879,5037.464982543131
2024-09-09,1.0058921280259487,1.0041738552163546,0.9951825829547334,0.9989724840723856,5503.286127036367,5493.885370581437,5444.693670474494,5465.428408984226,1.0058921280259487,1.0041738552163546,0.9951825829547334,0.9989724840723856,5097.811771201069,5089.103649215788,5043.536324155478,5062.7433563917975
2024-09-10,0.9831253701474312,1.0114398716368742,0.9972483377161049,1.0093440231716921,5402.785134152611,5558.388043377875,5480.398184885609,5546.870266220498,0.9831253701474312,1.0114398716368742,0.9972483377161049,1.0093440231716921,5111.771075770652,5258.992634824605,5185.203599550165,5248.095247890212
2024-09-11,1.0138048726140836,1.009093071920173,0.9961573792634904,1.0060883623801604,5630.80405713206,5604.63410354399,5532.78758488873,5587.94555614652,1.0138048726140836,1.009093071920173,0.9961573792634904,1.0060883623801604,5125.730380340235,5101.907827682136,5036.5058212091,5086.716214986856
2024-09-12,1.0199170520410623,1.0097206953815268,0.9887489179317845,1.0034855282097064,5707.211043129295,5650.154678388132,5532.801645005963,5615.264179334747,1.0199170520410623,1.0097206953815268,0.9887489179317845,1.0034855282097064,5107.025040233976,5055.9688796617065,4950.957013883296,5024.747561405671
2024-09-13,0.9909356065012445,1.0047033647606844,0.9869092208233555,0.9955058696088221,5575.023540888132,5652.4812242109065,5552.371014536615,5600.735932536626,0.9909356065012445,1.0047033647606844,0.9869092208233555,0.9955058696088221,5088.319700127718,5159.015268153022,5067.644756740175,5111.787380219628
2024-09-16,0.9913615173982457,1.0025212580484713,0.990358432347113,0.9935266928038307,5584.428650040884,5647.292473500263,5578.778181670199,5596.625277966331,0.9913615173982457,1.0025212580484713,0.990358432347113,0.9935266928038307,5069.614360021458,5126.682927301513,5064.484793974864,5080.6866118039625
2024-09-17,0.9962157908872852,1.003213803084079,0.9909372141912433,0.9927101904360087,5613.257571017679,5652.688430581489,5583.515008337696,5593.504984826926,0.9962157908872852,1.003213803084079,0.9909372141912433,0.9927101904360087,5050.9090199152,5086.38960880928,5024.146132907952,5033.135291470481
2024-09-18,0.9817534880706922,1.003900778788893,0.9943089042195776,0.9976877603868685,5515.746351888048,5640.175589438486,5586.2859442206845,5605.269236671128,0.9817534880706922,1.003900778788893,0.9943089042195776,0.9976877603868685,5032.203679808941,5145.724720685451,5096.559357801098,5113.87846350858
2024-09-19,0.9982868341165608,1.008720641295273,0.997270006679167,1.0059697666870382,5703.851586881747,5763.466604930323,5698.041800962356,5747.749097733729,0.9982868341165608,1.008720641295273,0.997270006679167,1.0059697666870382,5026.054519286684,5078.585397118344,5020.935118767322,5064.735624403526
2024-09-20,1.0068673662562877,1.0067273594935293,0.9929058509061235,1.002741716988296,5741.711499444794,5740.913103879826,5662.095260084715,5718.184778211607,1.0068673662562877,1.0067273594935293,0.9929058509061235,1.002741716988296,5019.905358764427,5019.207331673482,4950.2978930032195,4999.336245529801
2024-09-23,0.9922264393207615,1.0090802119933215,0.9960964863124029,1.0059556121599602,5674.116349106526,5770.495827898649,5696.247483731518,5752.627585029583,0.9922264393207615,1.0090802119933215,0.9960964863124029,1.0059556121599602,5013.7561982421685,5098.918923051899,5033.311686105517,5083.130206725949
2024-09-24,0.9952444241781843,1.0061023937831994,0.9939958790595721,1.0020285121741972,5705.666616703838,5767.914596391518,5698.508794936993,5744.5593182988205,0.9952444241781843,1.0061023937831994,0.9939958790595721,1.0020285121741972,5007.607037719911,5062.239290549984,5001.324939402168,5041.741413123619
2024-09-25,0.9938901911433651,1.0052707448348257,0.9941183167538148,1.0002509607896166,5687.298085172032,5752.42057233853,5688.603479227684,5723.6960628879915,0.9938901911433651,1.0052707448348257,0.9941183167538148,1.0002509607896166,5001.457877197654,5058.727141362086,5002.605851734018,5033.466565617938
2024-09-26,1.0053427254232077,1.00731919398025,0.9939324810965184,1.0008447024715774,5776.065934364735,5787.421477518308,5710.509858917504,5750.223128239127,1.0053427254232077,1.00731919398025,0.9939324810965184,1.0008447024715774,4999.9055799042435,5009.735219008362,4943.1586190575645,4977.53540753847
2024-09-27,1.0013242054445866,1.008056031886269,0.9981794343222687,1.0048603372371836,5745.768515955963,5784.396880488833,5727.723284645013,5766.05944132429,1.0013242054445866,1.008056031886269,0.9981794343222687,1.0048603372371836,4998.353282610833,5031.956831401318,4982.655392779719,5016.004744402296
2024-09-30,1.002281966876819,1.005529234507198,0.9945156219528407,0.9995869093668172,5775.6297884883315,5794.342103263038,5730.876381190805,5760.099573488096,1.002281966876819,1.005529234507198,0.9945156219528407,0.9995869093668172,4996.8009853174235,5012.989992634026,4958.082459741857,4983.364979815471
2024-10-01,1.0004178446569303,1.0029556951943357,0.9974631773841734,1.0001606867399109,5711.135370685251,5725.623324940664,5694.2679138919,5709.667320426466,1.0004178446569303,1.0029556951943357,0.9974631773841734,1.0001606867399109,4995.248688024013,5007.920587705814,4980.495554724149,4993.9646568019925
2024-10-02,0.9984481551864233,1.0050955951371403,0.9969077173126975,1.0025958393652088,5700.679679963091,5738.633504259308,5691.884488305539,5724.361048689234,0.9984481551864233,1.0050955951371403,0.9969077173126975,1.0025958393652088,4993.696390730603,5026.943281635315,4985.991955592724,5014.440858438718
2024-10-03,1.0068324534099975,1.0045661259321288,0.9954164632511481,1.0009002958984545,5738.884574489781,5725.966643845578,5673.814115543749,5705.071632603436,1.0068324534099975,1.0045661259321288,0.9954164632511481,1.0009002958984545,5015.346363987466,5004.057080217126,4958.479757691069,4985.796437874782
2024-10-04,1.006768409508195,1.0041116267490608,0.9957776365027476,1.0014005548201164,5789.995596870295,5774.716253247721,5726.786891961857,5759.1246888093265,1.006768409508195,1.0041116267490608,0.9957776365027476,1.0014005548201164,5036.996337244331,5023.704099525877,4982.0080372052325,5010.140245865858
2024-10-07,1.0034761006615012,1.0038174887318911,0.9953593861886806,0.999479364256826,5715.739660801871,5717.6841867675275,5669.507342167552,5692.974490045025,1.0034761006615012,1.0038174887318911,0.9953593861886806,0.999479364256826,5058.646310501194,5060.367289706966,5017.728955624223,5038.4982712462215
2024-10-08,1.0096799409287456,1.006094915876996,0.9966120719191766,1.0018820602922158,5806.800598673537,5786.182653547668,5731.645585176534,5761.953973408371,1.0096799409287456,1.006094915876996,0.9966120719191766,1.0018820602922158,5080.296283758059,5062.257904753689,5014.5441145064015,5041.060539426533
2024-10-09,1.0216773023056138,1.0082089837732209,0.9953407591165995,0.99962004105997,5917.595802046208,5839.586762373846,5765.053490433709,5789.839262620989,1.0216773023056138,1.0082089837732209,0.9953407591165995,0.99962004105997,5101.946257014923,5034.689563370502,4970.429556347621,4991.79899114315
2024-10-10,1.011284996847785,1.0083314179392195,0.9968000869159389,1.0029244629454772,5845.277846030041,5828.206012259586,5761.554342378473,5796.953542048006,1.011284996847785,1.0083314179392195,0.9968000869159389,1.0029244629454772,5114.644796934436,5099.706864458311,5041.386349070672,5072.360810366534
2024-10-11,1.0080153728189192,1.0041972957272205,0.9911688641222617,0.9955757608528627,5861.6396334032,5839.437400572659,5763.676679936875,5789.302916632222,1.0080153728189192,1.0041972957272205,0.9911688641222617,0.9955757608528627,5127.343336853951,5107.922410681992,5041.652347962083,5064.068347952898
2024-10-14,1.004474661264576,1.0022483863568687,0.9932559474553804,0.996273014394591,5886.070843811226,5873.025206793298,5820.330863696411,5838.010423400145,1.004474661264576,1.0022483863568687,0.9932559474553804,0.996273014394591,5140.0418767734645,5128.649706621139,5082.634098353045,5098.072865512237
2024-10-15,1.0037641214767423,1.0021655193597907,0.9931494718872005,0.9966110728654214,5837.1493450588405,5827.853058112217,5775.422397886762,5795.55250759137,1.0037641214767423,1.0021655193597907,0.9931494718872005,0.9966110728654214,5152.740416692979,5144.534124435681,5098.250987574314,5116.02083099201
2024-10-16,1.0124447997683768,1.0073490721929215,0.9960458176229054,1.004558114286198,5915.178369302748,5885.406733814978,5819.367808087297,5869.100645973683,1.0124447997683768,1.0073490721929215,0.9960458176229054,1.004558114286198,5165.438956612493,5139.440828382131,5081.772231036551,5125.201511136436
2024-10-17,1.0085621982917585,1.0020298057574382,0.9922854749043113,0.9950576638606182,5891.485824455359,5853.327049437902,5796.405833089288,5812.599491711886,1.0085621982917585,1.0020298057574382,0.9922854749043113,0.9950576638606182,5170.549383451154,5137.060067424836,5087.104255110915,5101.316308589739
2024-10-18,1.0077127324980315,1.0038252821077718,0.9909190093993503,0.9960308182806887,5909.902630899231,5887.104017218986,5811.412986854088,5841.392059046207,1.0077127324980315,1.0038252821077718,0.9909190093993503,0.9960308182806887,5175.659810289816,5155.693682939726,5089.406461588429,5115.660951515773
2024-10-21,1.0065831002375512,1.003768382789192,0.9932881202412254,0.9994729657653866,5892.517337128619,5876.040037480273,5814.688790129728,5850.8947521312575,1.0065831002375512,1.003768382789192,0.9932881202412254,0.9994729657653866,5180.770237128477,5166.283202348194,5112.342467327923,5144.1751730481465
2024-10-22,0.9941683573872783,1.0040386800792955,0.9966810013708465,1.000510729870708,5817.077892744443,5874.831124879974,5831.7798752210965,5854.188382619487,0.9941683573872783,1.0040386800792955,0.9966810013708465,1.000510729870708,5185.880663967138,5237.367230820028,5198.987369439101,5218.964383219614
2024-10-23,1.0049467498131204,1.0030545705256546,0.995846744449281,0.9985090358963823,5826.098386301581,5815.128628256841,5773.341833205151,5788.776254886405,1.0049467498131204,1.0030545705256546,0.995846744449281,0.9985090358963823,5190.9910908058,5181.217154201429,5143.985568594041,5157.737472548754
2024-10-24,1.0002746361921622,1.0021121263060535,0.9956024548475364,0.9984298439662816,5811.455597827395,5822.131158140488,5784.310878320507,5800.737613265941,1.0002746361921622,1.0021121263060535,0.9956024548475364,0.9984298439662816,5197.8855456865585,5207.433986642431,5173.606749644597,5188.299159609428
2024-10-25,0.9941077908894962,1.0047639034639906,0.9961374562211182,1.0022318262839192,5773.897342421101,5835.7893229872725,5785.685882227001,5821.082714876156,0.9941077908894962,1.0047639034639906,0.9961374562211182,1.0022318262839192,5204.780000567318,5260.571457107354,5215.406576098346,5247.314439319638
2024-10-28,0.9978042363312878,1.0025672698592167,0.9935504771863588,0.9991738910340693,5810.732926359981,5838.470547370546,5785.961074904305,5818.709137914723,0.9978042363312878,1.0025672698592167,0.9935504771863588,0.9991738910340693,5211.6744554480765,5236.552461838609,5189.456462110258,5218.828358155001
2024-10-29,1.0044629848903195,1.0040618376608963,0.995324850261676,0.9991628629186498,5858.952233826442,5856.612374128996,5805.650225588335,5828.037046375451,1.0044629848903195,1.0040618376608963,0.995324850261676,0.9991628629186498,5218.568910328836,5216.484797234155,5171.092810175036,5191.032752044888
2024-10-30,1.0066407885894566,1.0045366772880264,0.9958578380054748,1.0010725464009802,5852.277353398867,5840.044744649081,5789.588837077289,5819.905430834987,1.0066407885894566,1.0045366772880264,0.9958578380054748,1.0010725464009802,5225.4633652095945,5214.540942189807,5169.489164795546,5196.558669617764
2024-10-31,1.0102145444788246,1.0037844625505614,0.9972083371207209,1.000241808325074,5763.72857279671,5727.042061859101,5689.522307025417,5706.829625308293,1.0102145444788246,1.0037844625505614,0.9972083371207209,1.000241808325074,5239.591478886602,5206.24113497797,5172.133320004807,5187.866759956393
2024-11-01,1.0094064208966125,1.0036874712110229,0.993084450929309,0.996295324538111,5782.687504032514,5749.924785073708,5689.182202483826,5707.57665521393,1.0094064208966125,1.0036874712110229,0.993084450929309,0.996295324538111,5253.71959256361,5223.953823899904,5168.767633044382,5185.479464115186
2024-11-04,0.9990356742847195,1.0053796458924522,0.9936462638323049,0.9981734899788385,5707.181106129574,5743.422249293352,5676.39307493217,5702.25571446721,0.9990356742847195,1.0053796458924522,0.9936462638323049,0.9981734899788385,5267.847706240618,5301.29904050471,5239.4297085449225,5263.301466566701
2024-11-05,1.0079573307082084,1.0097137036562736,0.9934192023486599,1.0019492346610708,5828.775333726199,5838.932016955353,5744.704826573737,5794.031956228654,1.0079573307082084,1.0097137036562736,0.9934192023486599,1.0019492346610708,5281.975819917626,5291.17970103422,5205.791997326604,5250.491731179041
2024-11-06,1.0135185271521285,1.0073065058828217,0.9951026224777708,1.0049378203766646,6009.191888226056,5972.360565639485,5900.003252775602,5958.3165345260595,1.0135185271521285,1.0073065058828217,0.9951026224777708,1.0049378203766646,5296.103933594633,5263.643244027968,5199.872298381585,5251.265764691841
2024-11-07,0.9937909336959486,1.0034736965051474,0.9941147559289218,0.9989053158427136,5936.0126260592715,5993.848736594896,5937.946848639043,5966.561342060113,0.9937909336959486,1.0034736965051474,0.9941147559289218,0.9989053158427136,5300.718869855087,5352.365148558968,5302.446084868426,5327.998150671409
2024-11-08,0.9922004737483788,1.0059839413494296,0.9957744672660684,1.002430446609821,5948.7776283773555,6031.416959718159,5970.205649472404,6010.111839867047,0.9922004737483788,1.0059839413494296,0.9957744672660684,1.002430446609821,5305.333806115541,5379.034533502915,5324.444085876449,5360.03386149086
2024-11-11,0.9990587502768378,1.0038786702699787,0.9947777868721746,0.998958680101905,5995.701230973901,6024.627257824737,5970.009671245325,5995.100674829568,0.9990587502768378,1.0038786702699787,0.9947777868721746,0.998958680101905,5309.948742375994,5335.566383079145,5287.195629768302,5309.4168742557395
2024-11-12,0.9976953566581873,1.002046700078431,0.9923169367635897,0.9949597620427326,5970.199037289026,5996.23743280233,5938.014626423953,5953.829266466091,0.9976953566581873,1.002046700078431,0.9923169367635897,0.9949597620427326,5314.563678636448,5337.742589453433,5285.91369562357,5299.991603417549
2024-11-13,1.0043569162523225,1.0061227839633102,0.9937638008966359,1.0022464145349195,6011.457799398326,6022.0271886783175,5948.0539786107065,5998.825644629016,1.0043569162523225,1.0061227839633102,0.9937638008966359,1.0022464145349195,5319.178614896901,5328.530833827271,5263.076374992627,5308.0011784495055
2024-11-14,0.999048785253955,1.0065396497106802,0.9986303824385651,1.003103074448132,5943.511061769272,5988.075487869288,5941.021912292038,5967.630717414593,0.999048785253955,1.0065396497106802,0.9986303824385651,1.003103074448132,5328.858981789668,5368.814748645881,5326.627249332048,5350.484287486497
2024-11-15,0.9999513372345052,1.004532275262088,0.9950230841722201,0.9989517356545449,5870.334319395631,5897.227265799119,5841.402418403119,5864.466038368284,0.9999513372345052,1.004532275262088,0.9950230841722201,0.9989517356545449,5338.539348682436,5362.996056727611,5312.2283954254135,5333.202676617591
2024-11-18,1.0046076717283072,1.005454254904094,0.9960130533539204,1.003413440625372,5920.775866251386,5925.765305787866,5870.122451507732,5913.737521938505,1.0046076717283072,1.005454254904094,0.9960130533539204,1.003413440625372,5348.219715575203,5352.726661877759,5302.46463253999,5341.861999514083
2024-11-19,0.9928952693651505,1.0058681814928112,0.9964477667426169,1.001709525113644,5874.941450928208,5951.701912529334,5895.961506860729,5927.095225906929,0.9928952693651505,1.0058681814928112,0.9964477667426169,1.001709525113644,5357.900082467971,5427.905015619767,5377.070207030922,5405.463912268412
2024-11-20,1.0090994941076583,1.0039806225765933,0.9959310714056389,0.9999926569983496,5970.952707579366,5940.663781654185,5893.033701925019,5917.066550651504,1.0090994941076583,1.0039806225765933,0.9959310714056389,0.9999926569983496,5367.5804493607375,5340.352257380292,5297.535256932233,5319.139556159553
2024-11-21,1.005984839546351,1.0039584580755632,0.9950501435439685,0.998579046618574,5984.312074857774,5972.257719138684,5919.264739401441,5940.257160410378,1.005984839546351,1.0039584580755632,0.9950501435439685,0.998579046618574,5357.521518093244,5346.7297229221485,5299.28717218303,5318.080869080083
2024-11-22,1.0074739559300672,1.008232083735724,0.9962868014042623,1.003127816189127,6013.954584091587,6018.480106727006,5947.174655094519,5988.010998290404,1.0074739559300672,1.008232083735724,0.9962868014042623,1.003127816189127,5347.462586825751,5351.486571816052,5288.083493274342,5324.394179424253
2024-11-25,1.0037023652193837,1.00524776397347,0.9941485075312505,1.001149604881461,6009.537430443582,6018.790304581835,5952.334949537383,5994.253109779113,1.0037023652193837,1.00524776397347,0.9941485075312505,1.001149604881461,5337.403655558257,5345.621646513726,5286.598958153584,5323.828802263561
2024-11-26,1.0011672158246194,1.0037071403753166,0.9938413009728624,0.9971786706937558,6028.658541826003,6043.953027698218,5984.544593177217,6004.64099880964,1.0011672158246194,1.0037071403753166,0.9938413009728624,0.9971786706937558,5327.344724290764,5340.860002699184,5288.362551064121,5306.121141931447
2024-11-27,0.9906299203501538,1.0033736679041678,0.9918998575089795,0.9955279795883981,5942.531328401282,6018.977756603447,5950.1493512334155,5971.913512276107,0.9906299203501538,1.0033736679041678,0.9918998575089795,0.9955279795883981,5317.28579302327,5385.688883245785,5324.102282888899,5343.57652003028
2024-11-29,1.0066874082431922,1.005178406618142,0.9937853574216235,1.0014153182305885,6072.720987738068,6063.618116515147,5994.890914403054,6040.917737387837,1.0066874082431922,1.005178406618142,0.9937853574216235,1.0014153182305885,5317.833588661596,5309.8622765528635,5249.678410937368,5289.9837346533905
2024-12-02,1.006999672793734,1.0046715981519079,0.9948831010843837,1.0004184339635378,6089.478071334628,6075.39985476431,6016.20734472243,6049.6803329426075,1.006999672793734,1.0046715981519079,0.9948831010843837,1.0004184339635378,5318.3813842999225,5306.0858601097325,5254.388762294629,5283.623142538987
2024-12-03,1.0083509859526407,1.0063516730618693,0.9941648635792101,0.9996808534037922,6100.402462895162,6088.306859823542,6014.578124870592,6047.949201390535,1.0083509859526407,1.0063516730618693,0.9941648635792101,0.9996808534037922,5318.929179938248,5308.383046872782,5244.099104603984,5273.195282068911
2024-12-04,1.003686072076246,1.002670929590878,0.9957409618085759,1.0005635097154746,6108.92524083135,6102.746586245583,6060.567406638279,6089.9197962481385,1.003686072076246,1.002670929590878,0.9957409618085759,1.0005635097154746,5319.476975576575,5314.096780286354,5277.368359831952,5302.927579261285
2024-12-05,1.00051510832749,1.0026337082907404,0.9966339641811668,0.9986014475432895,6078.239339751417,6091.110067574159,6054.660962136648,6066.613639984713,1.00051510832749,1.0026337082907404,0.9966339641811668,0.9986014475432895,5320.0247712149,5331.2899727005915,5299.387618584981,5309.849289914406
2024-12-06,0.9970577733680407,1.0021646753127675,0.9971642426941043,0.9998001352085844,6072.351045410178,6103.453457117089,6072.999472352623,6089.052769456785,0.9970577733680407,1.0021646753127675,0.9971642426941043,0.9998001352085844,5322.680650233582,5349.943271206905,5323.249024741879,5337.320440117866
2024-12-09,0.9959693979975892,1.0033557580707793,0.996555156137962,1.0013639409351753,6028.453370669708,6073.161900238717,6031.9988768296635,6061.105729889477,0.9959693979975892,1.0033557580707793,0.996555156137962,1.0013639409351753,5325.336529252264,5364.830567116332,5328.468512251446,5354.180544562278
2024-12-10,1.0046535671667873,1.0063817492288158,0.9927984440793182,0.9989177696784899,6062.993859030516,6073.423282238473,5991.449258158718,6028.378837410415,1.0046535671667873,1.0063817492288158,0.9927984440793182,0.9989177696784899,5327.992408270946,5337.157498813117,5265.1209788813285,5297.573678400498
2024-12-11,0.9955559616551742,1.0025412100772775,0.9934338082396874,0.9984652250971457,6057.151626342794,6099.651204940071,6044.240041753824,6074.852137883803,0.9955559616551742,1.0025412100772775,0.9934338082396874,0.9984652250971457,5330.648287289628,5368.050406278168,5319.285336430669,5346.225774423988
2024-12-12,1.0024961152747371,1.003717986597146,0.9929629237006515,0.9976184387640794,6066.354617556253,6073.748466395979,6008.666892043568,6036.838577571136,1.0024961152747371,1.003717986597146,0.9929629237006515,0.9976184387640794,5333.3041663083095,5339.804552010761,5282.587350985436,5307.354806445637
2024-12-13,1.0017192166887814,1.0039263967030112,0.9934285470182378,0.9993047972765282,6061.4931349133185,6074.848979825624,6011.325546576589,6046.883265752027,1.0017192166887814,1.0039263967030112,0.9934285470182378,0.9993047972765282,5321.835905941834,5333.561996102541,5277.790046780973,5309.008814571255
2024-12-16,1.0062912842478668,1.0069929429240259,0.9953913160951393,1.002132442075329,6112.293763824283,6116.555694755967,6046.086485267164,6087.032623760914,1.0062912842478668,1.0069929429240259,0.9953913160951393,1.002132442075329,5310.367645575359,5314.070415926686,5252.846688053294,5288.420738887595
2024-12-17,1.0071280349640621,1.0087463396712615,0.9964552324697404,1.0054065619297643,6093.7389596339035,6103.530690278331,6029.161994133736,6083.322997677851,1.0071280349640621,1.0087463396712615,0.9964552324697404,1.0054065619297643,5298.899385208884,5307.413927074821,5242.745545168442,5289.842033922441
2024-12-18,1.0064031713533934,1.0044371118135706,0.9958218841427325,0.9984504802016836,5909.760446694542,5898.215430507177,5847.625435187588,5863.060971821118,1.0064031713533934,1.0044371118135706,0.9958218841427325,0.9984504802016836,5287.431124842409,5277.101860487874,5231.839261729232,5245.649353959015
2024-12-19,0.9892484471081523,1.0034322433609542,0.9941064743176273,0.9986465857043301,5803.999779059298,5887.217246378187,5832.502213339465,5859.139410054161,0.9892484471081523,1.0034322433609542,0.9941064743176273,0.9986465857043301,5275.962864475934,5351.60936412507,5301.872201232267,5326.085996206472
2024-12-20,0.9969451032289901,1.003065693658961,0.9932487703966472,0.9950536278558412,5912.731865485656,5949.032169237249,5890.809469906955,5901.513808768816,0.9969451032289901,1.003065693658961,0.9932487703966472,0.9950536278558412,5285.645812257553,5318.096218072214,5266.048438146679,5275.6175079379955
2024-12-23,1.004552734750862,1.0071328693742756,0.9949216969405781,1.003437921449584,6001.268356093082,6016.682260942778,5943.731862041799,5994.608383394317,1.004552734750862,1.0071328693742756,0.9949216969405781,1.003437921449584,5295.328760039173,5308.929500551341,5244.560383485533,5289.452211469729
2024-12-24,1.000705826544583,1.0031800432740927,0.9934736294599751,0.9993310505211372,6044.303220562343,6059.247588577251,6000.620460883428,6035.99951838969,1.000705826544583,1.0031800432740927,0.9934736294599751,0.9993310505211372,5305.011707820792,5318.128198571184,5266.671878882659,5297.7236490261375
2024-12-26,1.009553134897626,1.0029379306970878,0.9920536135880916,0.9958300621758259,6095.267911726559,6055.328020997431,5989.612976863326,6012.413625092145,1.009553134897626,1.0029379306970878,0.9920536135880916,0.9958300621758259,5314.694655602412,5279.869554084715,5222.570121326349,5242.450868988456
2024-12-27,1.0091764745415635,1.003796775835864,0.9961590266032274,0.9998780939444835,6025.631261251749,5993.50994103181,5947.906162403615,5970.11211844748,1.0091764745415635,1.003796775835864,0.9961590266032274,0.9998780939444835,5324.377603384031,5295.994512790691,5255.698031471122,5275.319692654074
2024-12-30,0.9990642658886885,1.0031021620224083,0.9946425671521197,0.9995695415087824,5901.412674748529,5925.264284936644,5875.293965613541,5904.397307519886,0.9990642658886885,1.0031021620224083,0.9946425671521197,0.9995695415087824,5329.036862185998,5350.57511360482,5305.451396900944,5331.732016538906
2024-12-31,0.9985814405634893,1.004956097759945,0.9950006694395084,1.002433555526216,5873.286558261436,5910.779933267825,5852.225787395496,5895.943273189659,0.9985814405634893,1.004956097759945,0.9950006694395084,1.002433555526216,5333.696120987965,5367.744905574004,5314.570244741611,5354.271318763222
2025-01-02,0.9991840302889445,1.0024605307884014,0.9958916714001447,0.9973456396817241,5863.761440952186,5882.989747958273,5844.440068195319,5852.972753754182,0.9991840302889445,1.0024605307884014,0.9958916714001447,0.9973456396817241,5338.355379789932,5355.860787740759,5320.765244986495,5328.533382949798
2025-01-03,1.0008608856370427,1.008981326818751,0.9973884302349324,1.0052611160477718,5947.585787071557,5995.841265180624,5926.950825018179,5973.734024280403,1.0008608856370427,1.008981326818751,0.9973884302349324,1.0052611160477718,5343.014638591899,5386.3649550328055,5324.4772171464365,5366.504911650915
2025-01-06,1.0043754022996092,1.0036887207519456,0.9947145400842899,1.000731943580099,6001.524691393039,5997.42150820676,5943.797368528864,5979.753641029652,1.0043754022996092,1.0036887207519456,0.9947145400842899,1.000731943580099,5347.673897393865,5344.017745540828,5296.235818985241,5328.274747388851
2025-01-07,1.005655080485157,1.0016204000486686,0.9911256571618988,0.9946867393311217,5942.446040239207,5918.604992499584,5856.591241939374,5877.633783309778,1.005655080485157,1.0016204000486686,0.9911256571618988,0.9946867393311217,5364.322673548415,5342.801052302753,5286.820439950653,5305.81581340764
2025-01-08,1.005889053157235,1.0077040841645437,0.9930522947703542,0.9977554486768898,5953.102888847807,5963.844696106811,5877.131743524648,5904.966184132003,1.005889053157235,1.0077040841645437,0.9930522947703542,0.9977554486768898,5380.9714497029645,5390.680900263142,5312.30161959622,5337.460991611646
2025-01-10,1.0076657086257574,1.0073632695519086,0.994231894677955,1.0014293998591155,5871.7083907906335,5869.946066209754,5793.429019564231,5835.369170155061,1.0076657086257574,1.0073632695519086,0.994231894677955,1.0014293998591155,5397.620225857514,5396.000193293022,5325.661216779043,5364.215073687132
2025-01-13,1.011228187031704,1.0089403099944252,0.993724664235838,1.0044463897138225,5901.7501697181715,5888.397615995665,5799.595759906483,5862.170108575606,1.011228187031704,1.0089403099944252,0.993724664235838,1.0044463897138225,5414.2690020120635,5402.019361542968,5320.552487663461,5377.958231142518
2025-01-14,1.0155663719160803,1.0062321214505696,0.9928477208921163,1.0002425178457108,5933.862910132185,5879.323724744748,5801.119876877755,5844.327009945882,1.0155663719160803,1.0062321214505696,0.9928477208921163,1.0002425178457108,5430.917778166613,5381.001250600464,5309.42584110176,5348.9708037470255
2025-01-15,0.9932260531477062,1.0017824548748868,0.9923206685718977,0.9941452333996809,5909.605625884068,5960.515446084638,5904.21866914262,5915.074665657095,0.9932260531477062,1.0017824548748868,0.9923206685718977,0.9941452333996809,5433.252036686918,5480.05818616677,5428.299304552166,5438.280235413982
2025-01-16,0.9889528768297609,1.0068940753249096,0.9926870666232177,1.0004918994355858,5871.7494737164125,5978.272469189599,5893.920628144696,5940.260574194881,0.9889528768297609,1.0068940753249096,0.9926870666232177,1.0004918994355858,5435.586295207222,5534.196587916457,5456.110539931687,5499.008278808071
2025-01-17,1.0004396004824196,1.00585731410395,0.995653038071713,1.0018940694372271,5999.296134628907,6031.784321194593,5970.592747283118,6008.018090431442,1.0004396004824196,1.00585731410395,0.995653038071713,1.0018940694372271,5437.920553727527,5467.368704562942,5411.903044922068,5445.826364953204
2025-01-21,1.009234468342271,1.005273314630906,0.9902217916419961,0.9993826423240442,6105.101515274799,6081.139545797862,5990.089270872428,6045.505455252301,1.009234468342271,1.005273314630906,0.9902217916419961,0.9993826423240442,5440.254812247831,5418.902305752782,5337.767422887974,5387.1487743683265
2025-01-22,1.0021490460872826,1.0047249766092288,0.9947594541885736,1.0002130134483846,6099.449889634254,6115.127955885112,6054.474099189709,6087.666478661845,1.0021490460872826,1.0047249766092288,0.9947594541885736,1.0002130134483846,5442.589070768136,5456.5787376350945,5402.456804752041,5432.074636690434
2025-01-23,1.0014479414512545,1.0079060208481934,0.993449373198005,1.0023337297224733,6127.569533837205,6167.0846488240495,6078.628614280365,6132.989415390194,1.0014479414512545,1.0079060208481934,0.993449373198005,1.0023337297224733,5436.515817768427,5471.5745056349015,5393.094346687987,5441.324457087907
2025-01-24,0.982989781979281,1.003963344380451,0.9964006326145765,1.0016823950535787,5997.456577403268,6125.421315267782,6079.279395733358,6111.504695996697,0.982989781979281,1.003963344380451,0.9964006326145765,1.0016823950535787,5430.442564768719,5546.309207623149,5504.529656470756,5533.708299109341
2025-01-27,0.9983241542615072,1.0130487136956823,0.9947775360847959,1.0075541659064808,6002.204346183375,6090.732520378277,5980.881084651896,6057.6977605962165,0.9983241542615072,1.0130487136956823,0.9947775360847959,1.0075541659064808,5424.369311769011,5504.374837011603,5405.098850650552,5474.520349085444
2025-01-28,1.0144725657643912,1.0103569450162226,0.9951728808227807,1.0068458276977723,6155.515187288596,6130.542835274934,6038.410488968386,6109.238428721773,1.0144725657643912,1.0103569450162226,0.9951728808227807,1.0068458276977723,5418.296058769303,5396.314536122224,5315.216477927386,5377.561665152173
2025-01-29,0.9944206213984377,1.0065952427400033,0.9928609269480682,0.9986547725890611,6005.614403017799,6079.14071543213,5996.194924726738,6031.185754644843,0.9944206213984377,1.0065952427400033,0.9928609269480682,0.9986547725890611,5412.222805769595,5478.484266823941,5403.7340298002755,5435.267550763661
2025-01-30,0.999702249591605,1.0047767868952624,0.9932961192626562,0.9995723103123912,6069.3623066530645,6100.17068529491,6030.46960038386,6068.57342319928,0.999702249591605,1.0047767868952624,0.9932961192626562,0.9995723103123912,5414.85948618874,5442.345576640125,5380.1608590768765,5414.155673689602
2025-01-31,0.9917359840208478,1.004789354908032,0.9941184830841054,0.9983628352089831,5990.610963557452,6069.460242002614,6005.002520624032,6030.640656964918,0.9917359840208478,1.004789354908032,0.9941184830841054,0.9983628352089831,5417.496166607886,5488.802026112874,5430.510900115704,5453.696265713747
2025-02-03,0.9835178607589092,1.0032951991938939,0.9940295631972071,0.9984046101565816,5895.766662569535,6014.32330223174,5958.779798655081,5985.006323906338,0.9835178607589092,1.0032951991938939,0.9940295631972071,0.9984046101565816,5420.132847027033,5529.125073762514,5478.062474883542,5502.173207060273
2025-02-04,0.9944139329491424,1.0065558395931362,0.9958027219507943,1.0002585269690045,6004.151997474968,6077.463372762605,6012.5373388122625,6039.440954815613,0.9944139329491424,1.0065558395931362,0.9958027219507943,1.0002585269690045,5422.7695274461785,5488.982156988562,5430.342915578297,5454.641452507815
2025-02-05,1.0024358572381158,1.0046292645024417,0.9957760322122844,1.0007526035282834,6076.244899931694,6089.54019419626,6035.876503734117,6066.0418912346195,1.0024358572381158,1.0046292645024417,0.9957760322122844,1.0007526035282834,5425.406207865324,5437.27741668365,5389.361750978084,5416.296063749073
2025-02-06,1.0020503785729207,1.0071365774097736,0.9947880118924929,1.002192411719082,6096.043621574862,6126.985868232776,6051.862505508812,6096.907690161855,1.0020503785729207,1.0071365774097736,0.9947880118924929,1.002192411719082,5431.29836400139,5458.866502302907,5391.934993542551,5432.068209920193
2025-02-07,1.000111428164054,1.0038417375045878,0.9933870822585804,0.9989363778201996,6026.6614650023075,6049.140271785271,5986.140623819383,6019.580623380744,1.000111428164054,1.0038417375045878,0.9933870822585804,0.9989363778201996,5437.190520137455,5457.470662941906,5400.633043858553,5430.802259379334
2025-02-10,1.0020712335753124,1.0089979199495247,0.9957130511056409,1.0044367299786159,6079.005014210617,6121.025341498595,6040.433481749304,6093.355156211474,1.0020712335753124,1.0089979199495247,0.9957130511056409,1.0044367299786159,5443.0826762735205,5480.707273551835,5408.546096743365,5455.931655529885
2025-02-11,1.0110449029653563,1.0049676761745427,0.9961166804850572,0.999938397319966,6135.525993645265,6098.646342865212,6044.93407552357,6068.126164136213,1.0110449029653563,1.0049676761745427,0.9961166804850572,0.999938397319966,5448.974832409585,5416.221929213234,5368.519940298282,5389.116887861082
2025-02-12,1.0054301520571154,1.0131976344470879,0.9955460944213395,1.0075691519512753,6084.833117345101,6131.841687744743,6025.015097055114,6097.77828053456,1.0054301520571154,1.0131976344470879,0.9955460944213395,1.0075691519512753,5454.866988545651,5497.008735723693,5401.241960889614,5466.471931850049
2025-02-13,1.0025844318150985,1.004943873788167,0.9937686366397745,0.9991839624821964,6130.873981459554,6145.3021342858065,6076.964776856786,6110.079873456005,1.0025844318150985,1.004943873788167,0.9937686366397745,0.9991839624821964,5461.683998747782,5474.537306720013,5413.659028563342,5443.159584888573
2025-02-14,0.9955822385784852,1.0051107229200487,0.9945684812311388,0.9994471260110304,6087.6170234791625,6145.880179688617,6081.418272390359,6111.249380120827,0.9955822385784852,1.0051107229200487,0.9945684812311388,0.9994471260110304,5468.501008949915,5520.83875084254,5462.9326763079935,5489.729934100818
2025-02-18,0.995414160310892,1.0017687031835567,0.9912829960056545,0.9952564321204591,6101.470728758438,6140.4214076598655,6076.148426656339,6100.503921196923,0.995414160310892,1.0017687031835567,0.9912829960056545,0.9952564321204591,5475.318019152046,5510.271453090848,5452.59437379675,5474.450428517273
2025-02-19,1.0078050893131825,1.0083587199538118,0.9947299041032512,1.0036728998890292,6192.105639503589,6195.507229204212,6111.769740295991,6166.7168478531785,1.0078050893131825,1.0083587199538118,0.9947299041032512,1.0036728998890292,5482.135029354178,5485.14660169143,5411.010233880574,5459.657250039216
2025-02-20,1.0062485576792672,1.0055934898596288,0.9911545731408469,0.9969995727924725,6155.745676574072,6151.738286086077,6063.407924280594,6099.164826549407,1.0062485576792672,1.0055934898596288,0.9911545731408469,0.9969995727924725,5488.9520395563095,5485.378731731706,5406.616361572062,5438.500057219775
2025-02-21,0.9995950347645981,1.0048662292748969,0.9963490384079354,1.0016750442772713,6010.694891394048,6042.391269239761,5991.176293321909,6023.202258994988,0.9995950347645981,1.0048662292748969,0.9963490384079354,1.0016750442772713,5490.916487248035,5519.871902028489,5473.085771515694,5502.342272820749
2025-02-24,0.9961367525883366,1.0071669394299312,0.9953237414875216,1.003214100618811,5960.1352249241645,6026.1315903441355,5955.270776255214,6002.4807675275015,0.9961367525883366,1.0071669394299312,0.9953237414875216,1.003214100618811,5492.880934939761,5553.70341022098,5488.397842468815,5531.906731313115
2025-02-25,1.0015952322741886,1.0052517065278437,0.9960624719275377,1.0021755902030205,5964.750007000862,5986.525225299941,5931.801035946469,5968.206183556538,1.0015952322741886,1.0052517065278437,0.9960624719275377,1.0021755902030205,5494.845382631487,5514.905143323227,5464.492140459026,5498.029280660109
2025-02-26,1.0004805114155586,1.0026287597281367,0.9966788367761764,0.9997563561650051,5958.9219548217525,5971.717050666366,5936.278952569113,5954.6088427001405,1.0004805114155586,1.0026287597281367,0.9966788367761764,0.9997563561650051,5496.809830323213,5508.61267136591,5475.9227842578375,5492.831198401347
2025-02-27,1.0017894560542422,1.0064489815000672,0.9955555145965543,1.0011166277172923,5872.059021923864,5899.371156491349,5835.518337693725,5868.115191528848,1.0017894560542422,1.0064489815000672,0.9955555145965543,1.0011166277172923,5498.774278014938,5524.350189714165,5464.556472336288,5495.081155542565
2025-02-28,0.9970011833776413,1.004310140401674,0.9943883823188322,1.0004094216571817,5936.643546422165,5980.164731021769,5921.085622517487,5956.937901257688,0.9970011833776413,1.004310140401674,0.9943883823188322,1.0004094216571817,5500.917114132215,5541.2440138894935,5486.501081032301,5519.721942645506
2025-03-03,1.0034110684315283,1.0042038502675725,0.9961162718651435,1.0003803653467296,5869.67379522528,5874.311346987225,5827.001277854967,5851.945030776071,1.0034110684315283,1.0042038502675725,0.9961162718651435,1.0003803653467296,5503.0599502494915,5507.40784525332,5463.052714837549,5486.438506364959
2025-03-04,1.0068256800154742,1.003475104369248,0.9940434103284514,0.9980208607556077,5817.5898029814125,5798.22967431117,5743.731931389341,5766.714236575014,1.0068256800154742,1.003475104369248,0.9940434103284514,0.9980208607556077,5505.202786366769,5486.882238182844,5435.310859597472,5457.0590843486325
2025-03-05,0.9944972150160588,1.0026106707816276,0.9937172376446496,0.9976156380290757,5810.479263369276,5857.883183428861,5805.922144179759,5828.699055217819,0.9944972150160588,1.0026106707816276,0.9937172376446496,0.9976156380290757,5507.345622484046,5552.276472383913,5503.02624893809,5524.614884851477
2025-03-06,1.001948467066419,1.0054553267654869,0.9957393235603235,1.0000655043446762,5749.701317229987,5769.8255017502825,5714.070023037388,5738.895897992012,1.001948467066419,1.0054553267654869,0.9957393235603235,1.0000655043446762,5509.488458601322,5528.771888511164,5475.345780001501,5499.134471620543
2025-03-07,1.0036858835839717,1.0091550734488357,0.995334549592164,1.0040364880488777,5791.468285456233,5823.026604814471,5743.279418056705,5793.491343339634,1.0036858835839717,1.0091550734488357,0.995334549592164,1.0040364880488777,5521.244389979248,5551.330230931085,5475.303965086091,5523.173054082853
2025-03-10,1.0032111327692936,1.00341024050875,0.995040819365486,0.9974320794012125,5632.589097601166,5633.706999950808,5586.7163827766835,5600.142255722872,1.0032111327692936,1.00341024050875,0.995040819365486,0.9974320794012125,5533.000321357174,5534.098458280112,5487.938673602062,5501.127166147595
2025-03-11,0.9973810448825606,1.00353779899363,0.9966354247954534,0.9987155412126105,5557.47699875877,5591.782863638436,5553.3223514400015,5564.91290572455,0.9973810448825606,1.00353779899363,0.9966354247954534,0.9987155412126105,5544.756252735099,5578.983593458147,5540.611115165697,5552.175139336427
2025-03-12,1.0086696094575445,1.0032872083820732,0.9939365066173813,0.997974836045623,5647.843744235629,5617.706065893743,5565.348681502704,5587.960499470257,1.0086696094575445,1.0032872083820732,0.9939365066173813,0.997974836045623,5556.512184113025,5526.861863656039,5475.351153113803,5497.597314256255
2025-03-13,1.0106688047958177,1.002251083846871,0.9935663657619914,0.9959309270518352,5580.428019056204,5533.949404482176,5485.996559882151,5499.052532335249,1.0106688047958177,1.002251083846871,0.9935663657619914,0.9959309270518352,5568.268115490951,5521.890779075003,5474.042425020152,5487.069948156202
2025-03-14,0.9901967864987792,1.0037518976609896,0.9949751339768225,0.9981170340513217,5583.660267259425,5660.09672579646,5610.605081987263,5628.322067993359,0.9901967864987792,1.0037518976609896,0.9949751339768225,0.9981170340513217,5529.102236398012,5604.791833116061,5555.783772924255,5573.32764598597
2025-03-17,0.9887985858267955,1.0013208609531443,0.9947967203075886,0.9966675940184629,5611.550630397363,5682.616044412408,5645.590763352002,5656.20819616606,0.9887985858267955,1.0013208609531443,0.9947967203075886,0.9966675940184629,5489.936357305073,5559.461632196963,5523.238767961918,5533.626098357084
2025-03-18,1.0033015199274025,1.0042907388179636,0.9921646980263022,0.9979641804610716,5633.19691187559,5638.751039611668,5570.667443420358,5603.22956546756,1.0033015199274025,1.0042907388179636,0.9921646980263022,0.9979641804610716,5450.770478212135,5456.144740104562,5390.265974995578,5421.773599589467
2025-03-19,0.9952132781736148,1.0125728897637765,0.9969343646341806,1.0072908265563205,5648.123965485935,5746.644795547463,5657.8916302647185,5716.66755504682,0.9952132781736148,1.0125728897637765,0.9969343646341806,1.0072908265563205,5411.604599119196,5505.9997965914845,5420.963235714733,5477.277875197143
2025-03-20,0.9648311842384358,1.0028608184165837,0.9759485318495973,0.9841277971538405,5463.732864911996,5679.090500003088,5526.689181525766,5573.007461224512,0.9648311842384358,1.0028608184165837,0.9759485318495973,0.9841277971538405,5372.438720026257,5584.197919464224,5434.343092258317,5479.887434460076
2025-03-21,0.9917490418169408,1.0035011210404454,0.9945018368746499,0.9999818646451375,5620.797199440021,5687.402813563987,5636.398830597291,5667.457216788196,0.9917490418169408,1.0035011210404454,0.9945018368746499,0.9999818646451375,5381.471052680719,5445.240687420406,5396.4083869179,5426.14434790329
2025-03-24,0.9931875778869834,1.004702283105823,0.9946488056799329,1.000523087990952,5728.278878593629,5794.690746972651,5736.70661217541,5770.586946603974,0.9931875778869834,1.004702283105823,0.9946488056799329,1.000523087990952,5390.5033853351815,5452.999190604259,5398.434166528999,5430.316702506072
2025-03-25,1.0059250279860266,1.0080385527075504,0.9970606485292695,1.0029759974822652,5810.87681291548,5823.08590549807,5759.670395326604,5793.841295855927,1.0059250279860266,1.0080385527075504,0.9970606485292695,1.0029759974822652,5399.535717989643,5410.880551756798,5351.954106872558,5383.706113301924
2025-03-26,1.0301506643801857,1.0124107101702695,0.996002714022744,1.0084723668359392,5884.426625072496,5783.092458634614,5689.366703040718,5760.595853840252,1.0301506643801857,1.0124107101702695,0.996002714022744,1.0084723668359392,5408.568050644105,5315.428519818902,5229.28212705606,5294.751158082362
2025-03-27,1.0084061755984235,1.003368786982079,0.9907402087382599,0.9945045295800792,5741.168963596261,5712.489548612941,5640.5911378116225,5662.022583303561,1.0084061755984235,1.003368786982079,0.9907402087382599,0.9945045295800792,5417.600383298567,5390.5373216482985,5322.691058912323,5342.914641957515
2025-03-28,1.0224474913766592,1.0079209002478244,0.9916333695430462,0.9997053963005014,5706.218102523652,5625.146069029093,5534.246337417568,5579.29583442932,1.0224474913766592,1.0079209002478244,0.9916333695430462,0.9997053963005014,5426.179207609849,5349.085872836636,5262.647144981205,5305.485788651405
2025-03-31,1.0212478763248383,1.007494318279032,0.985628726607475,0.9959169805580943,5731.089894753544,5653.906990034186,5531.200569412159,5588.936707344942,1.0212478763248383,1.007494318279032,0.985628726607475,0.9959169805580943,5434.758031921131,5361.565948206909,5245.20418852585,5299.955020413786
2025-04-01,1.0160548391284423,1.0053691768094926,0.9920726545770767,0.997576193034792,5723.508032649254,5663.314948810248,5588.4147083184935,5619.416525698495,1.0160548391284423,1.0053691768094926,0.9920726545770767,0.997576193034792,5443.336856232412,5386.090281250409,5314.856478959278,5344.340727813672
2025-04-02,1.0066335552566734,1.002951873546602,0.9971554526345204,1.0009911543282706,5708.588692853938,5687.709986326574,5654.838657226786,5676.590806460993,1.0066335552566734,1.002951873546602,0.9971554526345204,1.0009911543282706,5451.915680543694,5431.975735028178,5400.582386478862,5421.356502442752
2025-04-03,1.0079175499338495,1.0039006222814404,0.9971253511839325,1.000843487765716,5439.247216569018,5417.569786154239,5381.006900171116,5401.071898597442,1.0079175499338495,1.0039006222814404,0.9971253511839325,1.000843487765716,5460.494504854976,5438.732396065602,5402.026684770792,5422.170062941418
2025-04-04,1.0051700748251253,1.003557490394728,0.9962893097416452,1.0008250117128423,5100.313373268672,5092.1309908620815,5055.251660773887,5078.266175431899,1.0051700748251253,1.003557490394728,0.9962893097416452,1.0008250117128423,5466.155143082473,5457.385844335288,5417.861186714922,5442.526515775442
2025-04-07,1.005333430172954,1.003088492101515,0.9956190346545151,1.0009626558763678,5089.249156893036,5077.884719140895,5040.072458179819,5067.123204710143,1.005333430172954,1.003088492101515,0.9956190346545151,1.0009626558763678,5471.815781309969,5459.5970614318785,5418.942395119542,5448.0265875412015
2025-04-08,1.0096213188127763,1.0044528829558148,0.991843521064289,0.9975012057148585,5030.7108187407375,5004.957691605746,4942.128141453508,4970.319082799826,1.0096213188127763,1.0044528829558148,0.991843521064289,0.9975012057148585,5477.4764195374655,5449.436217726267,5381.026922934964,5411.721435506386
2025-04-09,1.0071009714667105,1.003659947298309,0.9957352618124822,1.0006722552093459,5495.6492911966925,5476.871966412142,5433.627750184533,5460.56842945188,1.0071009714667105,1.003659947298309,0.9957352618124822,1.0006722552093459,5483.137057764961,5464.402484302134,5421.256724453262,5448.136066460906
2025-04-10,1.005183265199208,1.0045745921050142,0.9952947573094135,1.0009092524465648,5295.355700232688,5292.14917993882,5243.262546243856,5272.839987351126,1.005183265199208,1.0045745921050142,0.9952947573094135,1.0009092524465648,5488.797695992458,5485.474039906359,5434.80155299902,5465.459472842969
2025-04-11,0.9993245065908309,1.0031426301962278,0.9941277261418888,0.996020817915154,5359.737085668999,5380.21505708924,5331.86488128036,5342.01821397342,0.9993245065908309,1.0031426301962278,0.9941277261418888,0.996020817915154,5481.975472069642,5502.92048023873,5453.467592229869,5463.852489827167
2025-04-14,0.9896725344568567,1.0050246098953217,0.992271530475609,1.0005357458342794,5350.140031097733,5433.132890355812,5364.190125605228,5408.86622590774,0.9896725344568567,1.0050246098953217,0.992271530475609,1.0005357458342794,5475.153248146825,5560.08534717576,5489.531642007984,5535.2516594774415
2025-04-15,0.9880055728294519,1.01029140463916,0.9942952685548421,1.0050089219867209,5331.900514498605,5452.16890301783,5365.843675141117,5423.661298661197,0.9880055728294519,1.01029140463916,0.9942952685548421,1.0050089219867209,5468.331024224009,5591.676791532451,5503.142708706295,5562.439746147642
2025-04-16,0.9754169048344776,1.0041342040266392,0.9928268319396764,0.9962006120584108,5146.006964835254,5297.51082018334,5237.85651726415,5255.655569036558,0.9754169048344776,1.0041342040266392,0.9928268319396764,0.9962006120584108,5461.5088003011915,5622.301361391249,5558.989651439178,5577.879963589217
2025-04-17,0.9937853203008397,1.0048309665791355,0.99451705525683,1.0004244507760995,5249.869711553246,5308.220547147599,5253.735247805255,5284.942246114901,0.9937853203008397,1.0048309665791355,0.99451705525683,1.0004244507760995,5454.686576378375,5515.313894221434,5458.702921518892,5491.127420434375
2025-04-21,1.0004734542160043,1.00375645362358,0.9893568084377796,0.9937772190075771,5160.642171536993,5177.576539081149,5103.300289283755,5126.101651084884,1.0004734542160043,1.00375645362358,0.9893568084377796,0.9937772190075771,5468.3843232100735,5486.328529943237,5407.622999414671,5431.784064118757
2025-04-22,1.0031978723715014,1.017647778969876,0.9942463659764817,1.0128895822035189,5304.6695816111305,5381.077219725751,5257.336164155801,5355.917017192479,1.0031978723715014,1.017647778969876,0.9942463659764817,1.0128895822035189,5482.082070041773,5561.045130130274,5433.165605942825,5535.04345499024
2025-04-23,1.002200841280127,1.0100748408227427,0.9921619199463305,1.0015655355997652,5387.691414604184,5430.020933785349,5333.72357896268,5384.276100209354,1.002200841280127,1.0100748408227427,0.9921619199463305,1.0015655355997652,5495.779816873471,5538.958555088361,5440.729273133168,5492.295984100772
2025-04-24,1.0128925032755205,1.0123332398195724,0.9924762065557138,1.005734524382659,5555.482415190477,5552.414983765197,5443.503723430583,5516.222547298277,1.0128925032755205,1.0123332398195724,0.9924762065557138,1.005734524382659,5509.47756370517,5506.435533625194,5398.426165508449,5470.542806083641
2025-04-25,1.0125559430774784,1.0103049665564015,0.9922798185643267,1.0052021879033324,5594.584222251115,5582.147104267095,5482.554376329804,5553.953180625371,1.0125559430774784,1.0103049665564015,0.9922798185643267,1.0052021879033324,5523.175310536868,5510.896939123607,5412.575406334003,5483.06288090248
2025-04-28,1.008428713075609,1.0016589561217577,0.9906930099894191,0.993375425518955,5575.3502474167735,5537.921953658168,5477.293978979001,5492.124383837922,1.008428713075609,1.0016589561217577,0.9906930099894191,0.993375425518955,5518.401617274216,5481.355629552637,5421.346930784951,5436.02585256143
2025-04-29,1.0023600377837483,1.0048809277606805,0.9943376492123348,0.9974075739444032,5573.953768909001,5587.972009519425,5529.342629869428,5546.413959417256,1.0023600377837483,1.0048809277606805,0.9943376492123348,0.9974075739444032,5513.627924011564,5527.494447861523,5469.49960287217,5486.386172656786
2025-04-30,1.0007499210896968,1.0050322074785272,0.9900436272916628,1.0009697126709725,5573.236355543788,5597.084665380367,5513.612363004908,5574.460388047406,1.0007499210896968,1.0050322074785272,0.9900436272916628,1.0009697126709725,5508.8542307489115,5532.427044489131,5449.919015624719,5510.064123207433
2025-05-01,1.0004945862818604,1.0022668006692723,0.9929331112728815,0.9959988024979025,5606.911730765625,5616.843468302696,5564.536166208806,5581.716729030596,1.0004945862818604,1.0022668006692723,0.9929331112728815,0.9959988024979025,5504.080537486259,5513.830126191439,5462.4821440493915,5479.347614024885
2025-05-02,0.9956784883746628,1.004770068165717,0.9951549045963684,0.999861175214608,5662.094989485544,5713.795803535938,5659.11754132103,5685.880549257655,0.9956784883746628,1.004770068165717,0.9951549045963684,0.999861175214608,5499.306844223607,5549.521233259335,5496.414999226334,5522.408556909701
2025-05-05,1.0045497510995658,1.0049727547195881,0.9948908865399049,1.0004310493080695,5676.087822617965,5678.477953812467,5621.511567487348,5652.81559238933,1.0045497510995658,1.0049727547195881,0.9948908865399049,1.0004310493080695,5501.484822701983,5503.801430707663,5448.587396047559,5478.928473083311
2025-05-06,1.0150393877027406,1.0059065586861786,0.9979807902858875,1.0017170777811732,5691.234493304373,5640.027542963122,5595.588472861845,5616.537500582038,1.0150393877027406,1.0059065586861786,0.9979807902858875,1.0017170777811732,5503.662801180359,5454.143529379733,5411.169082039146,5431.427671756397
2025-05-07,1.0173087548565474,1.0075877314519603,0.9970279888268196,1.0047982578405956,5728.750445048578,5674.008640370795,5614.543772920692,5658.300333412589,1.0173087548565474,1.0075877314519603,0.9970279888268196,1.0047982578405956,5505.8407796587335,5453.229016685614,5396.077968598547,5438.131930879644
2025-05-08,1.0145113993077182,1.005055031350869,0.9955379680350326,1.0010674252512677,5746.131694994957,5692.571394269441,5638.667318672342,5669.985832577665,1.0145113993077182,1.005055031350869,0.9955379680350326,1.0010674252512677,5508.018758137109,5456.6779332575525,5405.007579132625,5435.028290669353
2025-05-09,1.001980229999953,1.0041621392180482,0.9910798634891732,0.9962786495360734,5671.117923579033,5683.467333381623,5609.4228301610065,5638.847491295717,1.001980229999953,1.0041621392180482,0.9910798634891732,0.9962786495360734,5510.196736615485,5522.195724912031,5450.252276458208,5478.84199614758
2025-05-12,1.0143214723319245,1.0019664847045215,0.991636049577254,0.9949353610569369,5927.88740538751,5855.682510245318,5795.309484578892,5814.591287735339,1.0143214723319245,1.0019664847045215,0.991636049577254,0.9949353610569369,5514.785581992716,5447.612491910479,5391.446733569002,5409.384829010113
2025-05-13,1.0195086245421154,1.0076987740395171,0.992324684961129,1.001929483210587,6001.388493798389,5931.86921832232,5841.368874257934,5897.907999393281,1.0195086245421154,1.0076987740395171,0.992324684961129,1.001929483210587,5519.374427369948,5455.438737876022,5372.207118191124,5424.205185261832
2025-05-14,1.007590284889116,1.0046643764249328,0.9959741695580353,1.0007566955874705,5937.306360931908,5920.06521123403,5868.857472054287,5897.038889284817,1.007590284889116,1.0046643764249328,0.9959741695580353,1.0007566955874705,5523.963272747179,5507.922416520239,5460.279655087103,5486.499139865546
2025-05-15,1.0013916323094942,1.0003618873265703,0.9917160418451894,0.9936532567544749,5925.164190961016,5919.071261979204,5867.914399475057,5879.3767644882555,1.0013916323094942,1.0003618873265703,0.9917160418451894,0.9936532567544749,5528.55211812441,5522.867030869045,5475.13444972212,5485.829559651581
2025-05-16,1.0041639578372386,1.0026761269720352,0.9970763047997919,1.0000028835861658,5983.190443098246,5974.325381427635,5940.959512992984,5958.397181502139,1.0041639578372386,1.0026761269720352,0.9970763047997919,1.0000028835861658,5533.140963501642,5524.942722723563,5494.086600864441,5510.212625742566
2025-05-19,1.0020207273266846,1.008372938473972,0.9965376441129618,1.004545350605827,5975.650809485416,6013.532855883379,5942.951894432059,5990.706652872911,1.0020207273266846,1.008372938473972,0.9965376441129618,1.004545350605827,5538.855286115413,5573.968310559071,5508.546527409828,5552.810609207815
2025-05-20,1.011599278956471,1.0069618233988318,0.9961851934136725,1.0046417429668086,6009.3650526697575,5981.816433427824,5917.798294066185,5968.034088424608,1.011599278956471,1.0069618233988318,0.9961851934136725,1.0046417429668086,5544.569608729185,5519.1517425033,5460.085097890947,5506.435395506222
2025-05-21,1.002141301918129,1.0023588156999699,0.9941436885942031,0.9976435067520135,5857.125074603715,5858.396357828201,5810.382143794565,5830.837215997885,1.002141301918129,1.0023588156999699,0.9941436885942031,0.9976435067520135,5550.283931342957,5551.48861499973,5505.989753829349,5525.373232433351
2025-05-22,1.0020077923865833,1.0040701862135195,0.997482699044189,1.000678176063917,5853.739543200344,5865.788068561244,5827.3039026431425,5845.971911347164,1.0020077923865833,1.0040701862135195,0.997482699044189,1.000678176063917,5555.998253956729,5567.433949954798,5530.9072208326725,5548.625710526132
2025-05-23,1.005163724050648,1.0046122351926108,0.9972457502437988,1.00186058760376,5832.78416119558,5829.583970620385,5786.837584429721,5813.616654958851,1.005163724050648,1.0046122351926108,0.9972457502437988,1.00186058760376,5561.7125765705005,5558.66111097918,5517.901311351891,5543.43585698819
2025-05-27,1.0033154465340097,1.0038251030033454,0.9919173851130362,0.9986437439220389,5941.172549269,5944.19050043843,5873.678472642248,5913.50887538411,1.0033154465340097,1.0038251030033454,0.9919173851130362,0.9986437439220389,5555.309167167317,5558.131110421543,5492.198651607519,5529.442175448795
2025-05-28,0.9973081307172661,1.0029847569159904,0.9972579390518974,0.9995212413651787,5872.698793135158,5906.125890337656,5872.40323700405,5885.7308058409235,0.9973081307172661,1.0029847569159904,0.9972579390518974,0.9995212413651787,5548.905757764133,5580.489841788518,5548.626497210271,5561.21924648295
2025-05-29,1.0021795717707886,1.0025519144886565,0.993356253851927,0.9970680592559055,5925.055998836104,5927.2573522824005,5872.891043335748,5894.835867890986,1.0021795717707886,1.0025519144886565,0.993356253851927,0.9970680592559055,5542.50234836095,5544.561570526626,5493.705444429635,5514.2333924618015
2025-05-30,1.0074975591731778,1.0032602614197836,0.9969811184558127,0.9999747753853969,5956.013245588483,5930.963654832721,5893.843308164043,5911.540879898097,1.0074975591731778,1.0032602614197836,0.9969811184558127,0.9999747753853969,5536.098938957766,5512.815409004736,5478.312142585975,5494.7619898343155
2025-06-02,0.9942433114665447,1.0023083393330157,0.9932315512528851,0.996223968082961,5901.76864226672,5949.642163780421,5895.76289434405,5913.525701102371,0.9942433114665447,1.0023083393330157,0.9932315512528851,0.996223968082961,5529.695529554583,5574.550896469927,5524.068410049799,5540.711372367973
2025-06-03,1.004700664535519,1.0060034127110364,0.9980704229603126,1.0035738146352073,5998.434706522927,6006.212595147591,5958.849711129561,5991.706995683603,1.004700664535519,1.0060034127110364,0.9980704229603126,1.0035738146352073,5538.548754285616,5545.730330390173,5501.998647857699,5532.33684129308
2025-06-04,1.0010013438063061,1.004690271344058,0.99677930768913,1.001607375664157,5976.788833612131,5998.814719043815,5951.579858143335,5980.407334689306,1.0010013438063061,1.004690271344058,0.99677930768913,1.001607375664157,5547.40197901665,5567.845471974971,5524.0040768491635,5550.760518291738
2025-06-05,1.008950591120647,1.0050088833443573,0.9955543307024002,1.0029106268907972,5992.460245842858,5969.049260847141,5912.8958363407655,5956.587086292512,1.008950591120647,1.0050088833443573,0.9955543307024002,1.0029106268907972,5556.2552037476835,5534.54835850035,5482.48247164891,5522.99333445706
2025-06-06,1.0080117659165246,1.0043681644352587,0.9965519858678041,1.0004323562566162,6048.433479734877,6026.5705591507485,5979.670673921737,6002.95429318795,1.0080117659165246,1.0043681644352587,0.9965519858678041,1.0004323562566162,5565.1084284787175,5544.992554836137,5501.840398586566,5523.263444116955
2025-06-09,1.0080051647362098,1.0056077206832519,0.996604237775848,1.003270824760848,6053.958058785908,6039.559297497129,5985.4854595732095,6025.524181014682,1.0080051647362098,1.0056077206832519,0.996604237775848,1.003270824760848,5573.961653209751,5560.704517547752,5510.91799836426,5547.7821946126005
2025-06-10,0.9944701413766003,1.0023551452023396,0.9925910335953082,0.9951135837657814,6005.416234446428,6053.032274399341,5994.068659585683,6009.301860780639,0.9944701413766003,1.0023551452023396,0.9925910335953082,0.9951135837657814,5579.9951632278235,5624.238103643062,5569.4514456293455,5583.605533484367
2025-06-11,1.0060083246232472,1.0063151289156531,0.9947968113608417,1.0017052221248903,6058.423572879104,6060.271221961003,5990.905149249716,6032.5092568894,1.0060083246232472,1.0063151289156531,0.9947968113608417,1.0017052221248903,5586.028673245897,5587.732255147265,5523.774879692322,5562.134980369409
2025-06-12,1.0093183206504244,1.0090089157700848,0.9968427397213302,1.0048616486595057,6101.591671095184,6099.721238148263,6026.173540727768,6074.649930175364,1.0093183206504244,1.0090089157700848,0.9968427397213302,1.0048616486595057,5592.06218326397,5590.347945748149,5522.9420425705175,5567.370283400735
2025-06-13,1.006036909408516,1.0035167079787066,0.9913573624233066,0.9946440583999355,6013.052426427418,5997.98925808749,5925.313214483232,5944.957697734663,1.006036909408516,1.0035167079787066,0.9913573624233066,0.9946440583999355,5598.095693282044,5584.0720241318595,5516.411305772298,5534.700136350802
2025-06-16,1.005412227777526,1.0037406347531408,0.9896183757759947,0.9959565386931601,6065.762565526869,6055.677660935521,5970.476519077911,6008.715353155091,1.005412227777526,1.0037406347531408,0.9896183757759947,0.9959565386931601,5604.129203300116,5594.811807882421,5516.094877887111,5551.423554939188
2025-06-17,1.0026512903291032,1.0080633749685228,0.9960722363019591,1.0043064383206939,5998.581927677732,6030.960914691681,5959.221289568457,6008.484214669982,1.0026512903291032,1.0080633749685228,0.9960722363019591,1.0043064383206939,5607.323968379636,5637.591033520056,5570.530630863897,5616.580377954909
2025-06-18,0.9963257191362542,1.0012947548375322,0.9954447086911592,0.9965841667385084,5958.894603810449,5988.6137603651505,5953.625394869693,5960.440345321343,0.9963257191362542,1.0012947548375322,0.9954447086911592,0.9965841667385084,5610.5187334591565,5638.500413901388,5605.557579178341,5611.974106020773
2025-06-20,1.0077903696118917,1.0057971508314372,0.9964052239102592,1.003295540325724,6014.3316793846325,6002.436468617884,5946.386951460601,5987.507257377469,1.0077903696118917,1.0057971508314372,0.9964052239102592,1.003295540325724,5613.713498538676,5602.610634777745,5550.294609020315,5588.675867104369
2025-06-23,1.0103607951924252,1.0065403656203158,0.9935168883892163,1.0007575772135768,6087.595552369545,6064.576814724558,5986.108150416054,6029.734531499927,1.0103607951924252,1.0065403656203158,0.9935168883892163,1.0007575772135768,5616.908263618196,5595.669313595332,5523.267774235846,5563.521003661769
2025-06-24,1.0028503670807933,1.0019756174852639,0.9960089236205819,0.9982882050042234,6109.544949322268,6104.215817331376,6067.865644302837,6081.75143676263,1.0028503670807933,1.0019756174852639,0.9960089236205819,0.9982882050042234,5620.103028697716,5615.200818943834,5581.762695609618,5594.536082974222
2025-06-25,1.004504009682031,1.001384445732138,0.9909120792107419,0.9933717055162241,6119.599147624482,6100.594264911501,6036.794932484513,6051.77936947772,1.004504009682031,1.001384445732138,0.9909120792107419,0.9933717055162241,5614.307994741322,5596.872332309735,5538.340867508966,5552.088049698229
2025-06-26,1.0030336342405515,1.0046143388861855,0.9962192364353981,1.0013958804602219,6159.649608543912,6169.356747386843,6117.802255334509,6149.592129823832,1.0030336342405515,1.0046143388861855,0.9962192364353981,1.0013958804602219,5608.512960784928,5617.351550229562,5570.409913084953,5599.355378237352
2025-06-27,0.9957414979032471,1.0076258853552567,0.9945993232061285,1.0013236009642121,6146.781968461597,6220.145124109974,6139.731244104056,6181.240681404149,0.9957414979032471,1.0076258853552567,0.9945993232061285,1.0013236009642121,5602.7179268285345,5669.587561936602,5596.291276272551,5634.126629744833
2025-06-30,1.008448068383707,1.0067272892465224,0.9975165943510375,1.0053474587909195,6257.3698419174825,6246.692493410209,6189.540592118469,6238.130714424716,1.008448068383707,1.0067272892465224,0.9975165943510375,1.0053474587909195,5596.92289287214,5587.372507038271,5536.252820525881,5579.714398596828
2025-07-01,0.9948443703551315,1.0015169371897543,0.995354309729795,0.9970949896898547,6166.0553559048085,6207.41199187147,6169.215965248367,6180.004717047616,0.9948443703551315,1.0015169371897543,0.995354309729795,0.9970949896898547,5591.127858915746,5628.628371992198,5593.993770739744,5603.776571455269
2025-07-02,0.998355809217994,1.0051546946006806,0.9972975338644907,1.0020481097020468,6217.180933440321,6259.52044825017,6210.590608338407,6240.174439320721,0.998355809217994,1.0051546946006806,0.9972975338644907,1.0020481097020468,5589.894468430276,5627.962110688942,5583.969078414007,5610.568029760837
2025-07-03,0.9949608142913098,1.0029490371432912,0.9968748492804205,0.9995073849337683,6247.707189220137,6297.868036385726,6259.726084829009,6276.256697583859,0.9949608142913098,1.0029490371432912,0.9968748492804205,0.9995073849337683,5588.661077944806,5633.530654207079,5599.4121474259555,5614.199010718301
2025-07-07,0.9949988146880147,1.0053496267264215,0.9961584454503449,1.0024661886291317,6198.822715530037,6263.3080675130705,6206.04719198674,6245.344305835718,0.9949988146880147,1.0053496267264215,0.9961584454503449,1.0024661886291317,5587.427687459335,5645.552795667846,5593.939607808412,5629.36081471064
2025-07-08,0.9932594605383741,1.0043382957323777,0.9965744652655675,1.0021699765510448,6183.556636770859,6252.528146847832,6204.1942650000965,6239.029232418061,0.9932594605383741,1.0043382957323777,0.9965744652655675,1.0021699765510448,5586.194296973865,5648.502815982896,5604.838227625632,5636.307963856127
2025-07-09,0.9988970110176396,1.0042655721104095,0.9954304290133443,1.0003241112851746,6256.351693226342,6289.976387176243,6234.63958882212,6265.289993247983,0.9988970110176396,1.0042655721104095,0.9954304290133443,1.0003241112851746,5584.960906488394,5614.977217976471,5565.5788032689625,5592.940006551676
2025-07-10,0.9922066121516977,1.004283655188792,0.9973230417386398,1.00202015733593,6231.513939354251,6307.363325067,6263.647470717858,6293.147517342015,0.9922066121516977,1.004283655188792,0.9973230417386398,1.00202015733593,5597.677786739318,5665.812180030281,5626.542867757205,5653.042327969106
2025-07-11,0.9902524008166673,1.0068678468992043,0.9963209376322132,1.003975613803569,6198.732466012133,6302.741004627294,6236.719989343246,6284.6363485068905,0.9902524008166673,1.0068678468992043,0.9963209376322132,1.003975613803569,5610.394666990243,5704.531485052235,5644.776695812687,5688.145188869502
2025-07-14,1.0053456848373636,1.0061003703587177,0.9960275274194142,1.0031449691409249,6302.069746144105,6306.8005376158435,6243.658317280244,6288.274427758037,1.0053456848373636,1.0061003703587177,0.9960275274194142,1.0031449691409249,5623.1115472411675,5627.332663354426,5570.993117365619,5610.80247780219
2025-07-15,1.0094507243882795,1.0053140767109974,0.9946228513621039,1.0017706679953007,6302.768054906564,6276.939819605057,6210.18637442065,6254.815626002339,1.0094507243882795,1.0053140767109974,0.9946228513621039,1.0017706679953007,5635.8284274920925,5612.733257008884,5553.043457110497,5592.950177867256
2025-07-16,1.0113849321990334,1.003930485371452,0.9931801211262702,0.9977594637099367,6335.011799815085,6288.319381221163,6220.982324698618,6249.6659528399305,1.0113849321990334,1.003930485371452,0.9931801211262702,0.9977594637099367,5648.545307743017,5606.912513631478,5546.872149591627,5572.447598898822
2025-07-17,1.0044809583402448,1.0049521915290014,0.9946614742345478,0.9998687264966759,6325.5782078135235,6328.545732847072,6263.741381385671,6296.533323491107,1.0044809583402448,1.0049521915290014,0.9946614742345478,0.9998687264966759,5656.12111741999,5658.774579357744,5600.82868907553,5630.150150312806
2025-07-18,1.0114983433156857,1.0031812681644323,0.9937961186144764,0.9993193191323801,6369.192653206776,6316.821777565116,6257.725461730449,6292.50389551958,1.0114983433156857,1.0031812681644323,0.9937961186144764,0.9993193191323801,5663.696927096963,5617.127011003797,5564.576610879373,5595.502745368582
2025-07-21,1.0167045516622375,1.0088243818510518,0.992423170821053,1.002423557115783,6410.932220961405,6361.243022199993,6257.823545929233,6320.881981749281,1.0167045516622375,1.0088243818510518,0.992423170821053,1.002423557115783,5671.272736773935,5627.316415207104,5535.828931638319,5591.6120183352205
2025-07-22,0.995310656923879,1.0038735030859511,0.9950410681191503,1.0001049363071364,6280.032027140045,6334.0603325411785,6278.331024225953,6310.282108222234,0.995310656923879,1.0038735030859511,0.9950410681191503,1.0001049363071364,5678.8485464509085,5727.704756462015,5677.310379466337,5706.202806467611
2025-07-23,1.0067059829250091,1.0018580304550444,0.993930079590118,0.9956645034886028,6401.55274188167,6370.725048440886,6320.311922406398,6331.340967878711,1.0067059829250091,1.0018580304550444,0.993930079590118,0.9956645034886028,5686.424356127882,5659.040476951502,5614.259087293404,5624.056059266828
2025-07-24,0.9953267374299613,1.0015771159323206,0.9926860375600144,0.9935580875550738,6333.6123946249445,6373.385740667933,6316.808697107518,6322.357856443579,0.9953267374299613,1.0015771159323206,0.9926860375600144,0.9935580875550738,5694.375735696363,5730.134851114739,5679.267995997227,5684.2570916835375
2025-07-25,1.001091072031673,1.0031929964302648,0.994304957631122,0.9990422588141125,6395.610466424428,6409.038904714247,6352.256424520492,6382.521336350192,1.001091072031673,1.0031929964302648,0.994304957631122,0.9990422588141125,5702.327115264845,5714.2999125728875,5663.672645921693,5690.6568452055
2025-07-28,0.9872840050158672,1.0051214053868334,0.9939316242802761,0.9991921968758712,6308.517716730238,6422.494602498627,6350.9944748773805,6384.608323831536,0.9872840050158672,1.0051214053868334,0.9939316242802761,0.9991921968758712,5710.278494833326,5813.446907594579,5748.727165261025,5779.15339966827
2025-07-29,0.9923732366963285,1.0016389107002837,0.9925193941562377,0.994372129989478,6322.270958739171,6381.301270624009,6323.202107454208,6335.005628064765,0.9923732366963285,1.0016389107002837,0.9925193941562377,0.994372129989478,5718.229874401807,5771.620324624214,5719.072059501842,5729.747850624826
2025-07-30,1.006991546067005,1.0111579294022015,0.9940461441963423,1.0067929357361918,6407.386508469745,6433.896788993267,6325.016210906906,6406.122770795814,1.006991546067005,1.0111579294022015,0.9940461441963423,1.0067929357361918,5726.181253970289,5749.873077644515,5652.56820547309,5725.051871347774
2025-07-31,1.0109200657988076,1.0083951429776272,0.9973680150512642,1.004032200946862,6408.616555924303,6392.610085440941,6322.704820935834,6364.951694360529,1.0109200657988076,1.0083951429776272,0.9973680150512642,1.004032200946862,5728.6039057209055,5714.295867702461,5651.808189155956,5689.572284104261
2025-08-01,1.016518717653427,1.0030500251096395,0.9940805011506968,0.9987912496068156,6341.053925909254,6257.036087134183,6201.0841069830585,6230.469802959812,1.016518717653427,1.0030500251096395,0.9940805011506968,0.9987912496068156,5731.026557471523,5655.091473028561,5604.522232026052,5631.080940723426
2025-08-04,1.00096483993312,1.0056882291360987,0.9959408226132427,1.003147375217634,6336.047378886253,6365.946149137756,6304.245650692469,6349.86269628511,1.00096483993312,1.0056882291360987,0.9959408226132427,1.003147375217634,5733.44920922214,5760.504417367589,5704.672026467456,5745.950602579705
2025-08-05,1.0085065474410073,1.0053507229962213,0.9960015388347458,1.002515244331636,6352.774358574919,6332.895220790567,6274.002933412442,6315.034001941398,1.0085065474410073,1.0053507229962213,0.9960015388347458,1.002515244331636,5735.8718609727575,5717.923138005169,5664.749737702583,5701.796378763147
2025-08-06,1.0021154165779658,1.0015690529768841,0.9930123574117175,0.9948924358354204,6358.482445112188,6355.015735281509,6300.722988518793,6312.652198921893,1.0021154165779658,1.0015690529768841,0.9930123574117175,0.9948924358354204,5738.294512723374,5735.165935713009,5686.168745971821,5696.934415797623
2025-08-07,0.9998961774324746,1.002395206684665,0.9942839467659911,0.9964050056179029,6339.341764921889,6355.185610380777,6303.760222496383,6317.207735617504,0.9998961774324746,1.002395206684665,0.9942839467659911,0.9964050056179029,5743.39829814893,5757.752708814755,5711.161675201266,5723.345025908362
2025-08-08,0.9965264796011567,1.0052260316047599,0.9970232552249145,1.0021650197279408,6367.256115087611,6422.841467637033,6370.43023809683,6403.283285300691,0.9965264796011567,1.0052260316047599,0.9970232552249145,1.0021650197279408,5748.5020835744845,5798.685790523138,5751.367753244781,5781.028223451982
2025-08-11,0.9914329847330927,1.0029656325712186,0.9938474761349931,0.9989301423544045,6318.848556547129,6392.351310911034,6334.237196772572,6366.631315788679,0.9914329847330927,1.0029656325712186,0.9938474761349931,0.9989301423544045,5753.60586900004,5820.53354974935,5767.617942548677,5797.114296453066
2025-08-12,0.9896883206723285,1.0024343308009642,0.9874565713555673,0.9920154022524379,6379.293389856868,6461.451112103623,6364.908069380862,6394.293199222674,0.9896883206723285,1.0024343308009642,0.9874565713555673,0.9920154022524379,5758.709654425595,5832.874995220278,5745.723751623428,5772.250268053235
2025-08-13,1.004447127464649,1.0027779546728046,0.9930547630482129,0.9949124852260318,6495.337705520349,6484.543866128065,6421.668069632313,6433.681178712953,1.004447127464649,1.0027779546728046,0.9930547630482129,0.9949124852260318,5763.81343985115,5754.235234778923,5698.44069763337,5709.100854612513
2025-08-14,1.0116492800553643,1.0055689543370334,0.9959001056240357,1.002637889321725,6543.8938340093255,6504.563003887274,6442.0196692333,6485.60329259315,1.0116492800553643,1.0055689543370334,0.9959001056240357,1.002637889321725,5762.776141806736,5728.140071110285,5673.062277075823,5711.443502572838
2025-08-15,1.0014613906378176,1.0085690346041989,0.9951603186795203,1.0011712526086507,6459.225677335796,6505.068559390163,6418.58502341917,6457.354345075276,1.0014613906378176,1.0085690346041989,0.9951603186795203,1.0011712526086507,5761.738843762322,5802.6314719870115,5725.486691259128,5760.069583650718
2025-08-18,0.9957405806165804,1.002997776406043,0.9934681447565974,0.9958444470595988,6421.680365483419,6468.483109709031,6407.02508575701,6422.350215754412,0.9957405806165804,1.002997776406043,0.9934681447565974,0.9958444470595988,5760.701545717908,5802.686918028481,5747.554723115736,5761.302448794966
2025-08-19,1.0016855369137234,1.0035944746066445,0.9940603745386629,0.997165682600783,6422.176600802539,6434.415506658803,6373.288863505947,6393.198142456182,1.0016855369137234,1.0035944746066445,0.9940603745386629,0.997165682600783,5759.664247673494,5770.640586829622,5715.819774037928,5733.675209865136
2025-08-20,0.9991001634115687,1.0085902041633041,0.9958360645177708,1.002786046547624,6390.0248431444425,6450.721055983577,6369.148384721469,6413.598940788362,0.9991001634115687,1.0085902041633041,0.9958360645177708,1.002786046547624,5758.62694962908,5813.325774058668,5739.813292556005,5779.871692386395
2025-08-21,1.0075418611192857,1.002178554227401,0.9928481606667804,0.9948824706282053,6418.21293744624,6384.047760782763,6324.611567634704,6337.570467921675,1.0075418611192857,1.002178554227401,0.9928481606667804,0.9948824706282053,5771.378750817996,5740.656776253532,5687.2106245743225,5698.863513389188
2025-08-22,1.0011156394887297,1.0048722762322564,0.9970317395615855,1.0023677553705541,6474.124740166061,6498.418571889141,6447.714526888213,6482.2220608833895,1.0011156394887297,1.0048722762322564,0.9970317395615855,1.0023677553705541,5784.130552006912,5805.835214789047,5760.535065723232,5791.364882828487
2025-08-25,1.0037659776592798,1.0047680887475041,0.9973347948009809,1.0015532541727685,6463.5703352609535,6470.023249233578,6422.157890857852,6449.321900659792,1.0037659776592798,1.0047680887475041,0.9973347948009809,1.0015532541727685,5796.882353195827,5802.669678341889,5759.741414718927,5784.103580038591
2025-08-26,1.0091584222856262,1.0033034677539878,0.9974996838772135,1.0014319027140979,6525.157808993522,6487.300024289219,6449.7731059690295,6475.198597035193,1.0091584222856262,1.0033034677539878,0.9974996838772135,1.0014319027140979,5809.634154384743,5775.927708431157,5742.515847329301,5765.153277045775
2025-08-27,1.0110719111521342,1.0047752192480144,0.9957971304760147,1.000115360274885,6553.161484941443,6512.35010603408,6454.159521467242,6482.147696085639,1.0110719111521342,1.0047752192480144,0.9957971304760147,1.000115360274885,5822.385955573659,5786.125655881083,5734.424191922483,5759.291266416949
2025-08-28,1.0079264478470549,1.0035266150722673,0.9927722126509664,0.996351614569944,6553.396654198852,6524.789557473771,6454.865938546812,6478.1387087077355,1.0079264478470549,1.0035266150722673,0.9927722126509664,0.996351614569944,5826.38090930209,5800.947404964644,5738.780919411794,5759.471872657437
2025-08-29,1.0071616110111978,1.0054224713166855,0.996074817915829,1.0004173740173803,6506.525869151201,6495.290574548331,6434.902303188914,6462.956344669521,1.0071616110111978,1.0054224713166855,0.996074817915829,1.0004173740173803,5830.375863030521,5820.30812614851,5766.1953281938595,5791.334028876584
2025-09-02,1.0044623073414216,1.0030170134284684,0.9934621686247732,0.9978846784332687,6444.168111241184,6434.895770330876,6373.596281298977,6401.969069875772,1.0044623073414216,1.0030170134284684,0.9934621686247732,0.9978846784332687,5834.370816758953,5825.975896844345,5770.4770421099265,5796.164976813828
2025-09-03,1.0118398766135521,1.0024431500520823,0.9961030445996348,0.9993052125951454,6524.6066027721035,6464.01406675484,6423.1314183700415,6443.779830168773,1.0118398766135521,1.0024431500520823,0.9961030445996348,0.9993052125951454,5838.365770487384,5784.146196838314,5747.563477071689,5766.040143635681
2025-09-04,1.0034306843954641,1.0032484382722158,0.994990279890212,0.9991876154766755,6524.386584394059,6523.201605521009,6469.50639906855,6496.797810838581,1.0034306843954641,1.0032484382722158,0.994990279890212,0.9991876154766755,5842.360724215815,5841.299616947356,5793.217431565075,5817.655939334529
2025-09-05,1.0121639938053284,1.003021121984479,0.9947760207816487,0.9989151371235834,6560.340925849236,6501.0814021424,6447.640778696256,6474.468461266506,1.0121639938053284,1.003021121984479,0.9947760207816487,0.9989151371235834,5846.626970788889,5793.814421335044,5746.187721151692,5770.096760979326
2025-09-08,1.0041499799663294,1.003422580781307,0.9911663142321976,0.9960972138036415,6522.104742378304,6517.380175561706,6437.773885885258,6469.800818236721,1.0041499799663294,1.003422580781307,0.9911663142321976,0.9960972138036415,5850.893217361962,5846.654871454606,5775.241130227654,5803.972064284957
2025-09-09,1.0106823498026012,1.0042449043666752,0.9951148787821957,0.9999083752336301,6582.1799781479185,6540.255406627452,6480.795110705715,6512.013283630291,1.0106823498026012,1.0042449043666752,0.9951148787821957,0.9999083752336301,5855.159463935037,5817.865580673803,5764.972843685397,5792.742880550527
2025-09-10,0.9975301599302775,1.0055658332775312,0.9939061511681797,0.9973340299404198,6515.90690587097,6568.396245602165,6492.234735676597,6514.625776932019,0.9975301599302775,1.0055658332775312,0.9939061511681797,0.9973340299404198,5859.425710508111,5906.62672046598,5838.138524447263,5858.27365601258
2025-09-11,1.0036511324569457,1.0064386237483742,0.9943996242205563,0.9993750109950923,6611.521725526156,6629.884240783703,6550.5776925641885,6583.352903679841,1.0036511324569457,1.0064386237483742,0.9943996242205563,0.9993750109950923,5863.691957081184,5879.97748672132,5809.641308721143,5838.709313000475
2025-09-12,1.0026471826330268,1.0075700642505978,0.9971585723439693,1.0032002868090295,6601.719818138812,6634.133498344569,6565.581216298674,6605.361616433825,1.0026471826330268,1.0075700642505978,0.9971585723439693,1.0032002868090295,5872.749634548557,5901.584155525909,5840.601502456274,5875.989300907522
2025-09-15,1.0019275282925337,1.00225861240328,0.9966477756978649,0.9991560877063981,6628.031139363033,6630.221353459169,6593.104097618571,6609.697283882381,1.0019275282925337,1.00225861240328,0.9966477756978649,0.9991560877063981,5881.80731201593,5883.750938564246,5850.812567845281,5865.537592855573
2025-09-16,1.0014688553385114,1.0013426556798348,0.9935750035129887,0.9954727034332033,6616.464374696264,6615.630603839306,6564.311590209473,6576.84923813435,1.0014688553385114,1.0013426556798348,0.9935750035129887,0.9954727034332033,5890.864989483303,5890.122654714709,5844.431578096363,5855.594275728891
2025-09-17,0.9984509763578674,1.0025215588696852,0.9948965876772408,0.9979821993256374,6590.125901803651,6616.993171085527,6566.665692475476,6587.031809318971,0.9984509763578674,1.0025215588696852,0.9948965876772408,0.9979821993256374,5899.922666950676,5923.976048236128,5878.919514226565,5897.15262785643
2025-09-18,1.0077235277139982,1.0090034381812265,0.9960057155883909,1.0061459908694188,6683.182126858128,6691.670441880367,6605.470065553585,6672.71996560635,1.0077235277139982,1.0090034381812265,0.9960057155883909,1.0061459908694188,5908.980344418049,5916.48534513052,5840.2707037025375,5899.7301543104895
2025-09-19,1.009199261043609,1.0034033375264109,0.9899377717963306,0.9937773738209073,6725.667187328585,6687.041066477511,6597.301688848594,6622.890178997101,1.009199261043609,1.0034033375264109,0.9899377717963306,0.9937773738209073,5909.924232781803,5875.982998213104,5797.127933323318,5819.612845793248
2025-09-22,1.0114321400079271,1.0018446313507219,0.9904337113463353,0.992535337208745,6770.273887178062,6706.0975011038945,6629.715655324532,6643.783413441037,1.0114321400079271,1.0018446313507219,0.9904337113463353,0.992535337208745,5910.868121145557,5854.8381641751985,5788.15208547659,5800.434108977045
2025-09-23,1.0040688330560474,1.006105429199946,0.9963145532098772,1.0045704448840826,6684.005896147463,6697.563353749705,6632.386275553896,6687.345085957748,1.0040688330560474,1.006105429199946,0.9963145532098772,1.0045704448840826,5911.812009509312,5923.803192927857,5866.1559317480305,5914.7654273741655
2025-09-24,0.9976884955300199,1.0016460937010558,0.9958355558739904,0.998817383846824,6622.626302673407,6648.896720604798,6610.326544824872,6630.119829453703,0.9976884955300199,1.0016460937010558,0.9958355558739904,0.998817383846824,5912.755897873066,5936.210425044669,5901.774534523004,5919.446203597877
2025-09-25,1.0007986897135694,1.0017962327035521,0.995783322101591,0.9981261328977701,6609.995121925007,6616.583614061805,6576.870023150821,6592.34363247256,1.0007986897135694,1.0017962327035521,0.995783322101591,0.9981261328977701,5913.69978623682,5919.594248157339,5884.064077597608,5897.907700542921
2025-09-26,0.9929200333870164,1.0028844207789251,0.9939608740269013,0.9968940583906274,6596.6628258133205,6662.863226328945,6603.5778587725235,6623.065055729811,0.9929200333870164,1.0028844207789251,0.9939608740269013,0.9968940583906274,5934.650302332158,5994.207117241236,5940.871372519554,5958.402918752541
2025-09-29,1.0031614792332968,1.0052518882839196,0.9954411865639977,1.0004877719722862,6682.269277083629,6696.193930755729,6630.842786351967,6664.459151539513,1.0031614792332968,1.0052518882839196,0.9954411865639977,1.0004877719722862,5955.600818427497,5968.011225037461,5909.7667405730335,5939.727468541614
2025-09-30,0.9997798271045857,1.003445361063364,0.9957036176561785,0.9981566889192581,6686.987382395937,6711.504159657868,6659.723818548644,6676.131087568901,0.9997798271045857,1.003445361063364,0.9957036176561785,0.9981566889192581,5976.551334522835,5998.463410841197,5952.184294542417,5966.848429518512
2025-10-01,1.00173526858644,1.0041701213620784,0.9917938966089928,0.996510555400422,6722.845734537316,6739.18651848518,6656.127198922272,6687.781639403312,1.00173526858644,1.0041701213620784,0.9917938966089928,0.996510555400422,5997.501850618173,6012.079588355689,5937.98173716888,5966.220904459305
2025-10-02,1.0177135438495688,1.0074636062898927,0.9980676682230437,1.0054786990116678,6834.302646690202,6765.470728498832,6702.3737158016165,6752.141381408003,1.0177135438495688,1.0074636062898927,0.9980676682230437,1.0054786990116678,6018.452366713512,5957.837313157915,5902.272556220495,5946.0991674109755
2025-10-03,1.0072012601410922,1.0045317786166068,0.9953278223485672,1.00047420846695,6764.152150842946,6746.224473515622,6684.412636050284,6718.9746844802585,1.0072012601410922,1.0045317786166068,0.9953278223485672,1.00047420846695,6021.184626037708,6005.226106374545,5950.20361764962,5980.969406178638
2025-10-06,1.0130516812568622,1.0069105316928644,0.9945758861315411,1.0023613703545056,6828.251986142002,6786.85891855878,6703.719953774704,6756.196297373067,1.0130516812568622,1.0069105316928644,0.9945758861315411,1.0023613703545056,6023.916885361904,5987.399721194916,5914.054124867961,5960.3490086721595
2025-10-07,0.9987667757614591,1.0027754365221595,0.9940319375146178,0.9968617838554951,6706.309404860136,6733.225918317327,6674.516907316278,6693.518165258269,0.9987667757614591,1.0027754365221595,0.9940319375146178,0.9968617838554951,6026.6491446861,6050.837766625785,5998.078702053186,6015.154251063954
2025-10-08,0.994731897279419,1.0052385525530436,0.9965563815772085,1.001460340096644,6718.140709293958,6789.099717148542,6730.462765385625,6763.582728117507,0.994731897279419,1.0052385525530436,0.9965563815772085,1.001460340096644,6029.381404010296,6093.065530455217,6040.4401744459155,6070.164602087162
2025-10-09,1.0022699019263719,1.0057230795062828,0.9955405856960137,1.0020109950066585,6750.398039163326,6773.6555700135605,6705.075354127078,6748.654272579295,1.0022699019263719,1.0057230795062828,0.9955405856960137,1.0020109950066585,6032.113663334492,6052.89644811299,5991.61359414153,6030.555444370784
2025-10-10,1.0061195598729407,1.0042317344630742,0.9945441990947081,1.001113379500297,6592.608477263043,6580.238482386639,6516.760810010066,6559.805430309492,1.0061195598729407,1.0042317344630742,0.9945441990947081,1.001113379500297,6044.695287728006,6033.353365938399,5975.151337346235,6014.618509465335
2025-10-13,1.000933039735522,1.0052719769343947,0.9947596857039422,1.0000180056476051,6660.929118188774,6689.803530344856,6619.847175647738,6654.839822543231,1.000933039735522,1.0052719769343947,0.9947596857039422,1.0000180056476051,6057.27691212152,6083.534556813537,6019.918054574245,6051.739463926176
2025-10-14,1.0084212023819863,1.0087997985677761,0.9908377877072672,1.0004640257844055,6700.263079198656,6702.778589621861,6583.433421241272,6647.393131159583,1.0084212023819863,1.0087997985677761,0.9908377877072672,1.0004640257844055,6069.858536515034,6072.137371276521,5964.0209763642515,6021.962938739723
2025-10-15,1.0097856982960174,1.0033580360612273,0.9913877843275878,0.9942382748728678,6736.34098047463,6693.4616600466115,6613.607392516398,6632.623185973393,1.0097856982960174,1.0033580360612273,0.9913877843275878,0.9942382748728678,6082.440160908547,6043.723162852806,5971.620398866609,5988.790317395024
2025-10-16,1.0104288687976735,1.0033063802745203,0.9929017166316148,0.9960512558974595,6698.203701280593,6650.988226286414,6582.014982671138,6602.8934989321715,1.0104288687976735,1.0033063802745203,0.9929017166316148,0.9960512558974595,6095.021785302061,6052.058124964607,5989.296011241836,6008.294390080547
2025-10-17,1.000779250631485,1.0035613620724493,0.996743839576087,0.9995260232621122,6669.202934000722,6687.742952464423,6642.31091437344,6660.851414278948,1.000779250631485,1.0035613620724493,0.996743839576087,0.9995260232621122,6101.780813269783,6118.743429351344,6077.176792217241,6094.139848779084
2025-10-20,0.9932485743032906,1.0016075989062367,0.9920882906980515,0.9937289042362898,6689.6582702473215,6745.957387621363,6681.8436093291675,6692.893354788963,0.9932485743032906,1.0016075989062367,0.9920882906980515,0.9937289042362898,6108.539841237505,6159.948356831698,6101.4040256792405,6111.4938998775815
2025-10-21,1.0009963330665779,1.0036778495964631,0.9938845509282883,1.0000591065409365,6742.0606519199755,6760.121604279539,6694.160310094847,6735.748103240498,1.0009963330665779,1.0036778495964631,0.9938845509282883,1.0000591065409365,6115.298869205227,6131.6808223266,6071.851484003443,6109.573153612558
2025-10-22,1.0172487387084737,1.010505112129771,0.9956768782084324,1.0037164895666741,6814.956200103548,6769.777948202188,6670.437677869571,6724.298250202976,1.0172487387084737,1.010505112129771,0.9956768782084324,1.0037164895666741,6122.057897172949,6081.473062037986,5992.233033395126,6040.617429790067
2025-10-23,1.0055447119024423,1.0047865696608669,0.9960989781295561,1.0007065839981029,6775.802708471893,6770.694012465571,6712.153198187325,6743.201273876176,1.0055447119024423,1.0047865696608669,0.9960989781295561,1.0007065839981029,6128.816925140671,6124.196031661911,6071.244972016765,6099.328430163644
2025-10-24,1.0134088663667422,1.0024852905775705,0.9901336067317147,0.9915263530316928,6882.758863614339,6808.569323162779,6724.680515503719,6734.139616621817,1.0134088663667422,1.0024852905775705,0.9901336067317147,0.9915263530316928,6123.848649582044,6057.8394334944105,5983.200415670646,5991.616532631325
2025-10-27,0.9943443598093681,1.0062753915396496,0.9937213848263207,0.9978516548263715,6836.276568786975,6918.304320897737,6831.993516102527,6860.389783196076,0.9943443598093681,1.0062753915396496,0.9937213848263207,0.9978516548263715,6118.880374023419,6192.300165845104,6115.0467832158965,6140.463157124403
2025-10-28,1.004821452670492,1.002609209485303,0.9867913218610435,0.990450104335209,6924.1140999925665,6908.86977555018,6799.870451899046,6825.082719462448,1.004821452670492,1.002609209485303,0.9867913218610435,0.990450104335209,6113.9120984647925,6100.4515375475,6004.206404383698,6026.468542970609
2025-10-29,0.9912897982250554,1.0036190832093552,0.9955098315943298,0.9987334936889968,6830.571570751585,6915.527618571551,6859.650090485573,6881.863024278465,0.9912897982250554,1.0036190832093552,0.9955098315943298,0.9987334936889968,6108.943822906167,6184.924539625485,6134.950291276816,6154.816500608955
2025-10-30,0.9959467906944276,1.0044288930928973,0.9958523513604881,1.0007320768662908,6794.687628026221,6852.555414503397,6794.0433307807125,6827.334477287971,0.9959467906944276,1.0044288930928973,0.9958523513604881,1.0007320768662908,6103.975547347541,6155.960800088059,6103.396745959293,6133.303690229298
2025-10-31,1.0061122137763063,1.0040095583348276,0.9966411928447114,1.0013278744979879,6882.008764672691,6867.626180921888,6817.225087296395,6849.2829271411365,1.0061122137763063,1.0040095583348276,0.9966411928447114,1.0013278744979879,6114.3871656226665,6101.608820156758,6056.8294816620155,6085.311579143564
2025-11-03,1.0140761774523703,1.008951661648794,0.9965906828497033,1.0063147978158042,6948.419545618318,6913.306517067686,6828.609461165682,6895.238805189956,1.0140761774523703,1.008951661648794,0.9965906828497033,1.0063147978158042,6124.798783897792,6093.8478268990175,6019.190212806696,6077.921744858345
2025-11-04,1.0157012370844845,1.0036373219040118,0.9924166518208748,0.9991042821485263,6877.871711979441,6796.180307139111,6720.198978637645,6765.484601782853,1.0157012370844845,1.0036373219040118,0.9924166518208748,0.9991042821485263,6135.210402172918,6062.339901277771,5994.562912041233,6034.958667854103
2025-11-05,1.010233454599145,1.0052475877554767,0.9956687037080951,1.0012255823980958,6865.839525157623,6831.954128186669,6766.85325432429,6804.6194133963545,1.010233454599145,1.0052475877554767,0.9956687037080951,1.0012255823980958,6145.622020448044,6115.291156897671,6057.019278783849,6090.823817612725
2025-11-06,1.0085285550329983,1.0018821726904927,0.9948882629643313,0.9972919564573034,6777.634618959359,6732.968802775372,6685.967491364455,6702.1210808191445,1.0085285550329983,1.0018821726904927,0.9948882629643313,0.9972919564573034,6156.03363872317,6115.464283426193,6072.773629477349,6087.445715781768
2025-11-07,1.000139567806096,1.0024972752644306,0.995038741002342,0.9972573104051786,6729.739123853659,6745.603665799301,6695.416680456559,6710.344990254366,1.000139567806096,1.0024972752644306,0.995038741002342,0.9972573104051786,6155.514037341265,6170.024913445845,6124.120207916609,6137.774737285878
2025-11-10,1.0007032650245606,1.0063787650905847,0.9945751819321117,1.002064344480385,6837.235009051759,6876.012465967864,6795.365310288418,6846.534489158117,1.0007032650245606,1.0063787650905847,0.9945751819321117,1.002064344480385,6154.994435959359,6189.902557625983,6117.302625953928,6163.365985019202
2025-11-11,1.0067661291134002,1.0030394798404425,0.9943937065991127,0.9984260992225084,6892.935047249097,6867.420133070372,6808.225895538551,6835.8341151978175,1.0067661291134002,1.0030394798404425,0.9943937065991127,0.9984260992225084,6154.474834577454,6131.693407486822,6078.84082107126,6103.491291727914
2025-11-12,1.0074350139106385,1.0028017705913745,0.9947923092278221,0.9979365312970341,6901.856685500672,6870.11470617986,6815.242527135071,6836.7833409934765,1.0074350139106385,1.0028017705913745,0.9947923092278221,0.9979365312970341,6153.955233195548,6125.652889543056,6076.72678910708,6095.933389622229
2025-11-13,0.9995779738932574,1.0025903850712443,0.9957523061072358,0.9989997328985603,6734.646603326083,6754.942693513658,6708.871204874439,6730.750710406721,0.9995779738932574,1.0025903850712443,0.9957523061072358,0.9989997328985603,6153.435631813643,6171.980136358996,6129.884692232315,6149.875960798999
2025-11-14,1.0053251841820923,1.0079569974667693,0.9969884576637353,1.0045986996456986,6769.970376052469,6787.693296210945,6713.829942637936,6765.078149271095,1.0053251841820923,1.0079569974667693,0.9969884576637353,1.0045986996456986,6162.71436265443,6178.847563915571,6111.609640460487,6158.260961150993
2025-11-17,1.0009423046570003,1.005918489913109,0.9968185844447803,1.0022962263244781,6678.6974430164155,6711.900591281128,6651.182291035197,6687.731363489711,1.0009423046570003,1.005918489913109,0.9968185844447803,1.0022962263244781,6171.993093495217,6202.6771607883675,6146.565481383198,6180.341621818905
2025-11-18,0.9949444685835624,1.003539565030399,0.9918647149643325,0.995608795363975,6583.865930847379,6640.74243446696,6563.486215627776,6588.261993737939,0.9949444685835624,1.003539565030399,0.9918647149643325,0.995608795363975,6181.271824336004,6234.670410057997,6162.1382999298185,6185.399074187206
2025-11-19,0.9944783615550501,1.001626098909695,0.9941090382916229,0.9964894230614337,6605.484393986491,6652.96080913402,6603.0312897790855,6618.842186281732,0.9944783615550501,1.001626098909695,0.9941090382916229,0.9964894230614337,6190.550555176791,6235.0446650132935,6188.251546548918,6203.069256846047
2025-11-20,1.0075394717650212,1.00432222108742,0.9950727502229285,1.000474245548843,6588.058796398251,6567.021966357579,6506.541896247676,6541.860977824952,1.0075394717650212,1.00432222108742,0.9950727502229285,1.000474245548843,6199.829286017578,6180.032141061551,6123.116117468566,6156.353871272122
2025-11-21,1.0028589372776244,1.0026946252505176,0.9953903284385089,0.9987805664545728,6621.867534254781,6620.782583582914,6572.55238477619,6594.93809249388,1.0028589372776244,1.0026946252505176,0.9953903284385089,0.9987805664545728,6204.276497773528,6203.259966723958,6158.071281297744,6179.045291961718
2025-11-24,0.994257388601249,1.002367807421799,0.9964801105104486,0.9989365120583499,6666.615101458006,6720.996432900052,6681.518718585819,6697.989185732683,0.994257388601249,1.002367807421799,0.9964801105104486,0.9989365120583499,6208.723709529478,6259.369900548691,6222.603683040917,6237.942888668582
2025-11-25,1.00677727390205,1.0034689816332452,0.9958093069589257,0.997971465286732,6811.734221948402,6789.350713452741,6737.5262737672565,6752.155177554194,1.00677727390205,1.0034689816332452,0.9958093069589257,0.997971465286732,6213.170921285427,6192.7543049627475,6145.483802154776,6158.8272293434675
2025-11-26,0.9997785817858361,1.0022727169041827,0.9924510290200842,0.9959314588017236,6811.101564060004,6828.093133908604,6761.181804812515,6784.89261554721,0.9997785817858361,1.0022727169041827,0.9924510290200842,0.9959314588017236,6217.6181330413765,6233.129147200519,6172.048118062884,6193.692893931601
2025-11-28,1.0035865598476876,1.0054505428056861,0.9929149949907664,0.9980026063214045,6873.654671187199,6886.421258224997,6800.564163041308,6835.409670929868,1.0035865598476876,1.0054505428056861,0.9929149949907664,0.9980026063214045,6222.065344797326,6233.621720928963,6155.90346446975,6187.445786193314
2025-12-01,0.9972418223746607,1.0049978006511753,0.9944787859248693,0.9992197743136951,6793.839556364285,6846.678166650217,6775.016011355342,6807.314611082709,0.9972418223746607,1.0049978006511753,0.9944787859248693,0.9992197743136951,6221.888782743308,6270.279086032972,6204.649929430546,6234.22941738795
2025-12-02,1.009523091173899,1.0106496407429815,0.9939500433516899,1.0040181156996963,6894.4067131702905,6902.100337000895,6788.05260756473,6856.811198816035,1.009523091173899,1.0106496407429815,0.9939500433516899,1.0040181156996963,6221.71222068929,6228.655169575206,6125.735196690612,6187.784940093246
2025-12-03,1.011791702397808,1.0055745671865606,0.9885671538937775,0.9957159565313853,6930.489859748313,6887.904224349128,6771.4082053692855,6820.375501772161,1.011791702397808,1.0055745671865606,0.9885671538937775,0.9957159565313853,6221.535658635272,6183.306319217221,6078.727256143827,6122.685444791767
2025-12-04,1.0030381792885885,1.0044334835599202,0.9957295704810631,1.0005409409126256,6877.953159963366,6887.5209287884,6827.837152337108,6860.829296750783,1.0030381792885885,1.0044334835599202,0.9957295704810631,1.0005409409126256,6221.359096581254,6230.013491897597,6176.027342688993,6205.869938733196
2025-12-05,0.9998581162007838,1.0071429982073357,0.9949758056708321,1.0021424524785747,6869.425201545865,6919.475254883679,6835.8817752808845,6885.119505508799,0.9998581162007838,1.0071429982073357,0.9949758056708321,1.0021424524785747,6221.1825345272355,6266.50954640114,6190.804479376284,6235.395824117141
2025-12-08,0.9940431356886714,1.0046948047420066,0.9951831129663729,1.002032590731582,6805.726268923846,6878.653027614196,6813.531134755402,6860.426152769683,0.9940431356886714,1.0046948047420066,0.9951831129663729,1.002032590731582,6219.554053493886,6286.199683908355,6226.686691951781,6269.542676435199
2025-12-09,0.9894373783641808,1.005960235699615,0.9939550289282229,0.9996100367610602,6768.256281073963,6881.281051905573,6799.159314933798,6837.8424525644,0.9894373783641808,1.005960235699615,0.9939550289282229,0.9996100367610602,6217.925572460537,6321.760235879023,6246.315863330728,6281.853653377024
2025-12-10,0.9967805396066775,1.00547143820757,0.9960870956392758,1.0022443503296983,6864.5086064985135,6924.360044075309,6859.733079797088,6902.136122528526,0.9967805396066775,1.00547143820757,0.9960870956392758,1.0022443503296983,6216.297091427188,6270.496792914072,6211.972514906736,6250.371463223237
2025-12-11,1.0026417133207168,1.0052809024113531,0.9960466575982663,1.0019741952365229,6919.230463626267,6937.443507540748,6873.717984085635,6914.623921327245,1.0026417133207168,1.0052809024113531,0.9960466575982663,1.0019741952365229,6214.668610393839,6231.027081601016,6173.790512826597,6210.531136728425
2025-12-12,0.9986911804754874,1.002917745040346,0.9959973555763517,0.9986915163479011,6818.474152490147,6847.330641665908,6800.08230543554,6818.476445628823,0.9986911804754874,1.002917745040346,0.9959973555763517,0.9986915163479011,6213.04012936049,6239.334359012439,6196.281352946912,6213.042218884084
2025-12-15,0.9971490613070259,1.0058576945361397,0.9960708302075754,1.0011743691127677,6797.076547889955,6856.439033382542,6789.726774818239,6824.515098800873,0.9971490613070259,1.0058576945361397,0.9960708302075754,1.0011743691127677,6233.9942502676395,6288.439038499024,6227.253345888084,6259.159741256179
2025-12-16,1.0009981870231686,1.0071265526760735,0.9965818646438726,1.0040262782759153,6807.047931286173,6848.722411100996,6777.015790863141,6827.639739108576,1.0009981870231686,1.0071265526760735,0.9965818646438726,1.0040262782759153,6254.948371174789,6293.242756974426,6227.352048992519,6273.870038261382
2025-12-17,1.0018932614529485,1.0029289877612768,0.9944093485037169,0.998859775736467,6734.155424327692,6741.116986208279,6683.852827313338,6713.766062428362,1.0018932614529485,1.0029289877612768,0.9944093485037169,0.998859775736467,6275.902492081937,6282.390326235175,6229.022939403348,6256.900607050639
2025-12-18,1.001827722534992,1.003921321119796,0.991578407628295,0.9985086999694107,6787.142381521163,6801.326009469549,6717.7057328638675,6764.656800204765,1.001827722534992,1.003921321119796,0.991578407628295,0.9985086999694107,6296.856612989087,6310.015652010596,6232.43588984765,6275.995332430931
2025-12-19,1.0168630175170832,1.0058703229545616,0.9945159060692706,1.0004743466588595,6949.750293220505,6874.620722232951,6797.01896003043,6837.741922239975,1.0168630175170832,1.0058703229545616,0.9945159060692706,1.0004743466588595,6317.810733896236,6249.512681449487,6178.9672336956855,6215.987264187212
2025-12-22,1.002650494056091,1.009353066429305,0.997249557280952,1.0037727950404218,6896.721396859881,6942.824973903309,6859.571107261455,6904.4411329575905,1.002650494056091,1.009353066429305,0.997249557280952,1.0037727950404218,6334.462190793568,6376.80714701797,6300.340600069981,6341.552570935081
2025-12-23,1.0055559095972677,1.0050268307187413,0.9946906373187976,0.9985466052228418,6948.180168576105,6944.524344632052,6873.103418839054,6899.747347302739,1.0055559095972677,1.0050268307187413,0.9946906373187976,0.9985466052228418,6351.113647690899,6347.771973643695,6282.4883446171925,6306.842724265999
2025-12-24,0.9957319961995443,1.0029082630449673,0.9933681929796153,0.9966559703236706,6902.463984255051,6952.2102248408655,6886.077982144343,6908.869019082201,0.9957319961995443,1.0029082630449673,0.9933681929796153,0.9966559703236706,6367.76510458823,6413.657756199216,6352.648442960977,6373.673973849849
2025-12-26,0.993191057177306,1.0039486279536018,0.9935494426501171,0.9962305523353655,6882.7544347753,6957.303754800783,6885.238024598752,6903.817953850942,0.993191057177306,1.0039486279536018,0.9935494426501171,0.9962305523353655,6384.416561485561,6453.568224228809,6386.7203298607155,6403.955000827555
2025-12-29,1.013178185924432,1.0063271986628777,0.9882998359797162,0.9987056259129942,6996.745125665787,6949.43398889418,6824.941709318565,6896.8013890924,1.013178185924432,1.0063271986628777,0.9882998359797162,0.9987056259129942,6401.068018382893,6357.784777524059,6243.89131206054,6309.6331233956735
2025-12-30,0.9954993715475658,1.0035406422319793,0.9946268941712599,1.0007944747381818,6865.202586041185,6920.657118585865,6859.185772659609,6901.718888468439,0.9954993715475658,1.0035406422319793,0.9946268941712599,1.0007944747381818,6401.068018382893,6452.7734459063095,6395.457982666293,6435.115569447438
