,open_rel,high_rel,low_rel,close_rel,open,high,low,close,daisy_chained_open_rel,daisy_chained_high_rel,daisy_chained_low_rel,daisy_chained_close_rel,daisy_chained_open,daisy_chained_high,daisy_chained_low,daisy_chained_close
2022-12-20,1.0079643231675173,1.0205353982995533,1.001903353348728,1.0169751861530327,3852.056616703447,3900.0984888495386,3828.893893224566,3886.4927109061528,1.0079643231675173,1.0205353982995533,1.001903353348728,1.0169751861530327,3848.0650779837038,3896.0571686722724,3824.9263559453047,3882.4654891689866
2022-12-21,0.9690202028254346,0.9842095025165416,0.9669071892582026,0.9824344467524566,3758.2867154462783,3817.1975029402556,3750.0915191065833,3810.313055662598,0.9690202028254346,0.9842095025165416,0.9669071892582026,0.9824344467524566,3858.9817229498954,3919.4708951276093,3850.566954390357,3912.401994261715
2022-12-22,0.978300587220147,1.0011016296248592,0.971934455160836,0.9978190936299398,3739.4463815844174,3826.6008580617654,3715.112542062228,3814.0537253001453,0.978300587220147,1.0011016296248592,0.971934455160836,0.9978190936299398,3869.898367916087,3960.093260918768,3844.7156332963823,3947.1084167355907
2022-12-23,0.9919800647053356,0.9950769062396588,0.9700446937922942,0.9783610992979181,3813.9847923803686,3825.8915906483653,3729.647239586489,3761.6223218026216,0.9919800647053356,0.9950769062396588,0.9700446937922942,0.9783610992979181,3880.8150128822786,3892.9304469988792,3794.999662573037,3827.5350254172786
2022-12-27,0.9469525079209132,0.9666023808588797,0.9417998079380304,0.9625740851529715,3626.117890956157,3701.3621669038653,3606.386914546703,3685.9368155720163,0.9469525079209132,0.9666023808588797,0.9417998079380304,0.9625740851529715,3891.73165784847,3972.487590110884,3870.555383981465,3955.932329108114
2022-12-28,1.0141845898457513,1.017791851805256,1.004521174419269,1.0094779249527537,3836.883423996243,3850.5304895866802,3800.3245974864667,3819.0770752397566,1.0141845898457513,1.017791851805256,1.004521174419269,1.0094779249527537,3902.6483028146617,3916.5292815881708,3865.462851377966,3884.5367500061457
2022-12-29,0.995856717274135,0.9972521724974718,0.9791045551549864,0.9826919221693242,3833.3313446689826,3838.7028425510684,3768.8475820669864,3782.6563621679365,0.995856717274135,0.9972521724974718,0.9791045551549864,0.9826919221693242,3901.038192290161,3906.5045651402315,3835.415474587243,3849.468154546062
2022-12-30,0.981725544254441,0.9842402540048475,0.971023269290538,0.9824377999604217,3769.3352271649264,3778.990455251612,3728.2438424410207,3772.069932948039,0.981725544254441,0.9842402540048475,0.971023269290538,0.9824377999604217,3899.4280817656604,3909.4165453190576,3856.9184905899365,3902.257171746616
2023-01-03,0.9968722402458311,1.0092512698701122,0.9952350411033526,1.0069606758152803,3812.1790088136922,3859.5181511610904,3805.9181300849746,3850.7585988122455,0.9968722402458311,1.0092512698701122,0.9952350411033526,1.0069606758152803,3897.8179712411593,3946.2205670684343,3891.416444563599,3937.2642351421487
2023-01-04,1.0052286310038343,1.0053317779050501,0.9960678655839864,0.9965667590350609,3873.1157583988434,3873.5131803148206,3837.819604059132,3839.7418255593184,1.0052286310038343,1.0053317779050501,0.9960678655839864,0.9965667590350609,3896.2078607166586,3896.607652122246,3860.7012653629727,3862.6349474386566
2023-01-05,0.9979371565158209,1.0032812331259284,0.9936214454161353,1.001716237110485,3800.2444857278974,3820.5952638668477,3783.809826289185,3814.635602540438,0.9979371565158209,1.0032812331259284,0.9936214454161353,1.001716237110485,3894.597750192158,3915.4538017047053,3877.7550475935313,3909.346172661124
2023-01-06,0.9914694073954988,1.0062225249572752,0.9885703067945164,1.0032368163815153,3861.8526593580596,3919.3172325105834,3850.5604305891848,3907.6876587513125,0.9914694073954988,1.0062225249572752,0.9885703067945164,1.0032368163815153,3889.1162100528763,3946.9864662910827,3877.7442614503743,3935.274791141181
2023-01-09,1.038316275434467,1.0418891180355705,1.0318915779030513,1.037597956599655,4041.220392455735,4055.126217415064,4016.214891440687,4038.424630901951,1.038316275434467,1.0418891180355705,1.0318915779030513,1.037597956599655,3883.6346699135947,3896.998242963611,3859.604248097974,3880.9479279285856
2023-01-10,1.0062166806848718,1.010828523551618,1.0016258533323523,1.008919393020609,3943.6147257741836,3961.6896909296784,3925.6221256728218,3954.2073310960222,1.0062166806848718,1.010828523551618,1.0016258533323523,1.008919393020609,3878.153129774313,3895.928061546986,3860.4591958461765,3888.5699043169348
2023-01-11,0.9877290353162793,0.998577231947759,0.9855668354753057,0.9979488067747901,3920.8990558818555,3963.962165712144,3912.315965771128,3961.467562861275,0.9877290353162793,0.998577231947759,0.9855668354753057,0.9979488067747901,3872.6715896350315,3915.2050187348996,3864.1940724254955,3912.7410997585894
2023-01-12,0.9929626363351503,0.9959006849752451,0.9879680814697068,0.9939749022232041,3955.1389841710807,3966.841731372847,3935.2448230676923,3959.1710112883998,0.9929626363351503,0.9959006849752451,0.9879680814697068,0.9939749022232041,3867.19004949575,3878.632567119418,3847.7382673535826,3871.1324179459602
2023-01-13,1.0143971780285093,1.0183939885565825,1.01068737334472,1.0150453188579256,4056.6656106820315,4072.6492156967433,4041.829767869136,4059.257584191542,1.0143971780285093,1.0183939885565825,1.01068737334472,1.0150453188579256,3868.1385331453153,3883.37932555699,3853.9921625139436,3870.61004881144
2023-01-17,0.9917221863099147,0.9951210410793743,0.9822833096848242,0.9887725784547845,3957.93349389728,3971.49822131655,3920.2632204528427,3946.161697435691,0.9917221863099147,0.9951210410793743,0.9822833096848242,0.9887725784547845,3869.0870167948806,3882.3472473735856,3832.262354094581,3857.5794700096417
2023-01-18,0.9932618636588006,0.9996212738992222,0.9876197906507309,0.9926226006496264,3902.3868056545157,3927.372038171698,3880.2198906960307,3899.875230788291,0.9932618636588006,0.9996212738992222,0.9876197906507309,0.9926226006496264,3870.0355004444455,3894.813602063754,3848.0523521567447,3867.544746867627
2023-01-19,0.9884432032711106,1.0002384704417668,0.9872265874591737,0.9981894786377059,3853.791783073569,3899.7797604818825,3849.0483805151994,3891.7910487866197,0.9884432032711106,1.0002384704417668,0.9872265874591737,0.9981894786377059,3870.983984094011,3917.17711907093,3866.2194206803338,3909.152768829245
2023-01-20,1.0012263214859183,1.0027426376319601,0.9941144382684821,1.000930139364201,3977.481696998174,3983.5054296831013,3949.228958609755,3976.3050809396186,1.0012263214859183,1.0027426376319601,0.9941144382684821,1.000930139364201,3871.932467743576,3877.7963504554386,3844.4294637319313,3870.7870751896326
2023-01-23,0.9922503239033145,0.9951613595705933,0.9865173880129336,0.9879843027118144,3988.6577745297823,4000.3595848154664,3965.612461508271,3971.5091798839785,0.9922503239033145,0.9951613595705933,0.9865173880129336,0.9879843027118144,3874.703210308298,3886.070703947359,3852.3162938580545,3858.044545042335
2023-01-24,0.9905280442279203,1.0011274796717042,0.989766545599392,0.9998980432431981,3978.9016272613444,4021.479029467252,3975.8427253454774,4016.5404448057643,0.9905280442279203,1.0011274796717042,0.989766545599392,0.9998980432431981,3877.4739528730197,3918.96599854293,3874.493026573686,3914.1533051961587
2023-01-25,0.9910730671246546,0.9939594055157832,0.9839530882216858,0.9847228037382364,3980.36747364738,3991.959643620599,3951.772071977699,3954.8634188295796,0.9910730671246546,0.9939594055157832,0.9839530882216858,0.9847228037382364,3880.244695437742,3891.5452741770155,3852.3685869182896,3855.3821735539923
2023-01-26,0.9964057910654713,1.0039195906852953,0.9936172551981697,1.0002179325994056,4045.8359662159714,4076.3452236062935,4034.513311524304,4061.3149000646044,0.9964057910654713,1.0039195906852953,0.9936172551981697,1.0002179325994056,3883.0154380024637,3912.296881550313,3872.14845196199,3897.871437998498
2023-01-27,1.003577984104584,1.0052886154362894,0.9953450969509354,0.9979237786253606,4085.1243989767554,4092.087626450342,4051.6119378445997,4062.108616321248,1.003577984104584,1.0052886154362894,0.9953450969509354,0.9979237786253606,3885.7861805671855,3892.4096295607555,3853.9089974937046,3863.893478792887
2023-01-30,0.997593340633679,1.002445286797275,0.994604016135193,1.0001098114545204,4008.100596197776,4027.5945999354876,3996.0901779074943,4018.211197167628,0.997593340633679,1.002445286797275,0.994604016135193,1.0001098114545204,3877.0731593080054,3895.92989127991,3865.455369467729,3886.8532381019045
2023-01-31,0.9987863325311777,1.0115824342805275,0.9956129942355368,1.0085497508104702,4071.652363196599,4123.816951587998,4058.7159323005894,4111.453914153963,0.9987863325311777,1.0115824342805275,0.9956129942355368,1.0085497508104702,3868.360138048825,3917.920217434529,3856.069606062578,3906.1744501319686
2023-02-01,0.9935421823915829,1.0108118157687187,0.9904623157617058,1.0071375991658038,4092.608893129232,4163.7461396326635,4079.9222757087764,4148.611269859771,0.9935421823915829,1.0108118157687187,0.9904623157617058,1.0071375991658038,3859.6471167896448,3926.735049092257,3847.6826541138003,3912.4616948560383
2023-02-02,1.0043630079158157,1.0054127947866567,0.9939529225863832,0.9949102185489073,4197.99632596621,4202.384183137477,4154.484667709661,4158.485935081981,1.0043630079158157,1.0054127947866567,0.9939529225863832,0.9949102185489073,3850.934095530464,3854.959194047733,3811.019689865841,3814.6901592405025
2023-02-03,0.9887885991993666,0.993624016287047,0.9830120280020636,0.9914709906557786,4090.1042648161956,4110.105870891044,4066.2095935899756,4101.199923427815,0.9887885991993666,0.993624016287047,0.9830120280020636,0.9914709906557786,3842.221074271284,3861.010471167871,3819.7745537417413,3852.6442739234817
2023-02-06,1.0076530937214523,1.015002389584918,1.0019481949749296,1.008619851358545,4142.542480536388,4172.756023774765,4119.089185397534,4146.516898523087,1.0076530937214523,1.015002389584918,1.0019481949749296,1.008619851358545,3851.3966383641305,3879.486715752133,3829.5916858547116,3855.0917266210026
2023-02-07,1.0023420035525823,1.0034475417794562,0.9928973452722645,0.9966742071406827,4173.752102792952,4178.355563969655,4134.424545713709,4150.151398533802,1.0023420035525823,1.0034475417794562,0.9928973452722645,0.9966742071406827,3860.572202456977,3864.830240264727,3824.195611343894,3838.742390676753
2023-02-08,0.9665403324217258,0.9739204515683582,0.9559791576108407,0.961051112567942,3980.077773266127,4010.468070695279,3936.5883339593765,3957.473934399025,0.9665403324217258,0.9739204515683582,0.9559791576108407,0.961051112567942,3869.7477665498227,3899.295627747705,3827.463879095106,3847.7705188791974
2023-02-09,1.029222397530185,1.03202157334847,1.0222730136005467,1.0223077281567918,4200.77121551945,4212.19605162178,4172.407305010631,4172.548992471946,1.029222397530185,1.03202157334847,1.0222730136005467,1.0223077281567918,3878.923330642669,3889.472837157657,3852.7325602873466,3852.8633921682454
2023-02-10,1.011940442670372,1.0217436747732418,1.011047571776774,1.0192217396731362,4139.30190312545,4179.401631912955,4135.649650450023,4169.085757263377,1.011940442670372,1.0217436747732418,1.011047571776774,1.0192217396731362,3888.0988947355154,3925.7650797171345,3884.66828737153,3916.0752475275644
2023-02-13,0.9940032198783841,0.9998442282828708,0.9909717609475788,0.997494681932338,4112.47958157064,4136.645527232438,4099.9375568508085,4126.924772611843,0.9940032198783841,0.9998442282828708,0.9909717609475788,0.997494681932338,3883.151776368087,3905.9701352104644,3871.3091435709985,3896.791447554054
2023-02-14,1.0055132930139288,1.0129713137562582,1.0037534132941757,1.006938481896106,4158.933696633701,4189.781039966672,4151.654605328439,4164.828463124941,1.0055132930139288,1.0129713137562582,1.0037534132941757,1.006938481896106,3878.204658000659,3906.969798136868,3871.416907133428,3883.7015263163657
2023-02-15,1.0028808161297116,1.0079528131584201,1.0013760620117194,1.0056336805970272,4159.548472979592,4180.585087855864,4153.307354799807,4170.96625364423,1.0028808161297116,1.0079528131584201,1.0013760620117194,1.0056336805970272,3873.257539633231,3892.8462588673437,3867.4459814310308,3883.88946406745
2023-02-16,1.0083184797917513,1.011525764452808,1.0015040332986693,1.0015040332986693,4124.435992924977,4137.55510217541,4096.562112845209,4096.562112845209,1.0083184797917513,1.011525764452808,1.0015040332986693,1.0015040332986693,3868.3104212658027,3880.614839886489,3842.167496274691,3842.167496274691
2023-02-17,0.9936381268823608,0.996117818033867,0.979763832947017,0.9839433038232893,4053.139346984569,4063.2542303637665,3996.5448533358476,4013.5932911925415,0.9936381268823608,0.996117818033867,0.979763832947017,0.9839433038232893,3863.3633028983745,3873.0045873238314,3809.4186759831287,3825.6688720777424
2023-02-21,0.9932798359116595,1.008189232710049,0.9895219146569698,0.9974501282651438,3970.477219283113,4030.0751474811873,3955.455530334892,3987.14729571939,0.9932798359116595,1.008189232710049,0.9895219146569698,0.9974501282651438,3839.3730521018633,3897.003071580001,3824.847375574932,3855.4926867732534
2023-02-22,0.9917844044843065,1.0033311665521805,0.9752951859432566,0.9887411336823566,3958.2611475170916,4004.34485226808,3892.4518518588343,3946.1153015829696,0.9917844044843065,1.0033311665521805,0.9752951859432566,0.9887411336823566,3815.382801305352,3859.8030575680414,3751.9489738081356,3803.675374746743
2023-02-23,0.9882726673861797,0.9990690826955789,0.986355252244502,0.9919266668096826,3965.2661888069165,4008.5848618811256,3957.5729056856608,3979.9272037738256,0.9882726673861797,0.9990690826955789,0.986355252244502,0.9919266668096826,3791.3925505088405,3832.8117356457906,3784.036611480782,3805.410692111879
2023-02-24,0.9758249345423721,0.9937061539431224,0.9722441988371164,0.9937061539431224,3874.064023130599,3945.0531794003537,3859.848359151306,3945.0531794003537,0.9758249345423721,0.9937061539431224,0.9722441988371164,0.9937061539431224,3767.4022997123293,3836.436964340611,3753.5780250364946,3836.436964340611
2023-02-27,0.9689515987552694,0.9806765581096912,0.9531232846077773,0.9707617299072211,3858.5978146271837,3905.2894167667364,3795.565668896475,3865.8061913057318,0.9689515987552694,0.9806765581096912,0.9531232846077773,0.9707617299072211,3743.412048915818,3788.709826613667,3682.26152089165,3750.4052431817013
2023-02-28,0.9716413623685969,0.979602720943035,0.9598165291772245,0.9720911618052026,3857.561954807685,3889.1697425519906,3810.615593312958,3859.3477260409254,0.9716413623685969,0.979602720943035,0.9598165291772245,0.9720911618052026,3729.9818145666063,3760.5442461921066,3684.588097839085,3731.708525453689
2023-03-01,1.0306578747216144,1.0446999424845944,1.0240187303583494,1.0413757599559728,4072.5312195962397,4128.016905734202,4046.297370950678,4114.881764132431,1.0306578747216144,1.0446999424845944,1.0240187303583494,1.0413757599559728,3716.551580217395,3767.1872668152578,3692.610830255873,3755.2002669264566
2023-03-02,1.006631722986485,1.0095281205726805,0.9952908730830412,0.9972094384548515,4007.7532103122417,4019.2847828420413,3962.601317549166,3970.2397977922233,1.006631722986485,1.0095281205726805,0.9952908730830412,0.9972094384548515,3703.121345868183,3713.776396253185,3661.401477123004,3668.4593516361538
2023-03-03,0.9583009261936318,0.9667927551907447,0.9519858874278873,0.960716900330596,3876.9405590460046,3911.2954421098843,3851.3921856137576,3886.7147206534723,0.9583009261936318,0.9667927551907447,0.9519858874278873,0.960716900330596,3689.691111518972,3722.3867138238115,3665.376679834746,3698.993198217587
2023-03-06,0.9820615067567818,0.9899718381215382,0.9789699381857647,0.9825537935524316,3975.7974451842906,4007.8217888879976,3963.281477150014,3977.790428893535,0.9820615067567818,0.9899718381215382,0.9789699381857647,0.9825537935524316,3676.26087716976,3705.8725069115058,3664.687862130965,3678.103709492117
2023-03-07,1.0154645898610484,1.022649424160888,1.0121968356730422,1.0201552098392281,4048.017577084387,4076.6589849922393,4034.991099821945,4066.716123846804,1.0154645898610484,1.022649424160888,1.0121968356730422,1.0201552098392281,3669.1872152873016,3695.1482408318134,3657.3798100768704,3686.1358740859937
2023-03-08,1.0076884324810613,1.016104507501264,1.0033557562876234,1.0141491761527412,4022.7022993487217,4056.299354990121,4005.4062126577555,4048.493652693505,1.0076884324810613,1.016104507501264,1.0033557562876234,1.0141491761527412,3662.113553404843,3692.699021496475,3646.367860888122,3685.5930101520835
2023-03-09,1.0132845826490628,1.0224676583688308,1.004183724110549,1.013893917269554,3970.373245885476,4006.3554751397573,3934.713169856846,3972.760813915639,1.0132845826490628,1.0224676583688308,1.004183724110549,1.013893917269554,3655.0398915223846,3688.1643549331216,3622.2119954160335,3657.237835104392
2023-03-10,1.034734927808258,1.0360565934497732,1.0137017984544232,1.0193684876636318,3995.722049875091,4000.82578069971,3914.5007278936164,3936.383158277004,1.034734927808258,1.0360565934497732,1.0137017984544232,1.0193684876636318,3647.966229639926,3652.6257723861395,3573.813764574346,3593.791722516525
2023-03-13,0.9903792710599142,1.009209671810016,0.9847109470107993,0.9989801812631574,3818.664778181975,3891.270284178188,3796.8090810463596,3851.827823707232,0.9903792710599142,1.009209671810016,0.9847109470107993,0.9989801812631574,3640.8925677574675,3710.118033336495,3620.0543298165862,3672.511757445701
2023-03-14,0.9639899146759723,0.9848628715961308,0.9614874221746518,0.9830087751668926,3778.1560326903914,3859.9632040179995,3768.348038854891,3852.6964624238503,0.9639899146759723,0.9848628715961308,0.9614874221746518,0.9830087751668926,3610.4015194446365,3688.576357409797,3601.0290119198007,3681.6322675771053
2023-03-15,0.9712354419429383,0.9817280775293712,0.9458958810785826,0.9629193243182783,3779.98035356098,3820.8169567788855,3681.3605564461677,3747.6146058940367,0.9712354419429383,0.9817280775293712,0.9458958810785826,0.9629193243182783,3579.9104711318055,3618.585641315564,3486.5105030553536,3549.2578041490933
2023-03-16,1.00687266239563,1.0086957897182567,0.9858844471578055,0.996820551051727,3987.497667432165,3994.717762105418,3904.3784583901142,3947.6884919191334,1.00687266239563,1.0086957897182567,0.9858844471578055,0.996820551051727,3549.4194228189745,3555.8462966143234,3475.4319350286196,3513.983800642584
2023-03-17,1.0061501968247224,1.0116071251472312,0.9998551436867251,1.0054245202554988,3940.7281068915804,3962.1009306366514,3916.072649969175,3937.8858930134966,1.0061501968247224,1.0116071251472312,0.9998551436867251,1.0054245202554988,3518.9283745061434,3538.013536912634,3496.9119388127147,3516.390379802953
2023-03-20,0.9581269596048376,0.9608000931176397,0.9455572119928062,0.9592421990523763,3786.1057497656884,3796.6688239608716,3736.435512194413,3790.5126965093987,0.9581269596048376,0.9608000931176397,0.9455572119928062,0.9592421990523763,3488.4373261933124,3498.169918132697,3442.67222553408,3492.4977932091256
2023-03-21,1.0040401096151124,1.008104847746853,0.9961768268637607,1.0018412338403204,4019.0420335750446,4035.3126519004454,3987.566334948142,4010.2402197024035,1.0040401096151124,1.008104847746853,0.9961768268637607,1.0018412338403204,3460.06831695226,3474.075996019718,3432.9703003943173,3452.4906710709733
2023-03-22,0.9906464703016689,1.0078631510107852,0.9872490280798862,1.0064637391015976,3900.145434183561,3967.9269896349306,3886.7698060796697,3962.4175469308166,0.9906464703016689,1.0078631510107852,0.9872490280798862,1.0064637391015976,3431.699307711208,3491.3396264745384,3419.9302251272566,3486.4919224510236
2023-03-23,1.0020772386438224,1.0085385231172919,0.9963163117073084,1.0061746228067523,3956.922433777634,3982.4362370037124,3934.1741463648827,3973.1018565694785,1.0020772386438224,1.0085385231172919,0.9963163117073084,1.0061746228067523,3403.3302984701554,3425.2746001343207,3383.7646038967055,3417.246143605051
2023-03-24,0.9571333323498163,0.9637480847297868,0.9511056225849092,0.959487794064902,3800.766891427797,3827.034006981136,3776.830916228448,3810.116435353785,0.9571333323498163,0.9637480847297868,0.9511056225849092,0.959487794064902,3374.9612892291034,3398.2856605216884,3353.706897148403,3383.2633897586898
2023-03-27,0.959338513798083,0.9688059478620312,0.9507630010320136,0.9587425656125725,3815.7977187872893,3853.454721799665,3781.6883594948654,3813.427317000976,0.959338513798083,0.9688059478620312,0.9507630010320136,0.9587425656125725,3346.592279988051,3379.6188303600024,3316.6771411636473,3344.513352093239
2023-03-28,1.007256173548742,1.0110279207957917,1.0047086915246015,1.0088749701006865,4000.0862243289125,4015.064851018704,3989.969485390904,4006.5149025117535,1.007256173548742,1.0110279207957917,1.0047086915246015,1.0088749701006865,3341.193658122938,3353.705011553005,3332.743344283458,3346.563407065843
2023-03-29,1.0056900334819945,1.0074446761324314,0.9999515005045134,1.005597812488092,4050.728373759112,4057.7957409729684,4027.6146532470843,4050.356925117662,1.0056900334819945,1.0074446761324314,0.9999515005045134,1.005597812488092,3335.795036257825,3341.615048437391,3316.760772036864,3335.4891464473894
2023-03-30,1.003577984104584,1.0052886154362894,0.9953450969509354,0.9979237786253606,4065.323805350372,4072.2532820677843,4031.9737790817576,4042.4195801689693,1.003577984104584,1.0052886154362894,0.9953450969509354,0.9979237786253606,3330.3964143927114,3336.073183456695,3303.075390724506,3311.632804635921
2023-03-31,0.9884229614028857,0.9927122052043121,0.9846317537506443,0.987503905582747,4061.7363595224924,4079.3621919681323,4046.1571120050603,4057.9596742502385,0.9884229614028857,0.9927122052043121,0.9846317537506443,0.987503905582747,3324.9977925275984,3339.426561109739,3312.2443888057496,3321.9061417945627
2023-04-03,0.9919341506023966,1.0098460550214758,0.9846255272658426,1.0076772300158252,4091.242323501091,4165.120152396627,4061.097833463241,4156.174811972572,0.9919341506023966,1.0098460550214758,0.9846255272658426,1.0076772300158252,3319.5991706624854,3379.54301171126,3295.1401882270334,3372.2848386907044
2023-04-04,0.9902606035881795,1.0011314955273538,0.9877019702400368,0.997137988364536,4060.662631073689,4105.2398105594675,4050.1706991662954,4088.8640350876167,0.9902606035881795,1.0011314955273538,0.9877019702400368,0.997137988364536,3330.960016926955,3367.526660360528,3322.3534891606705,3354.0936179488053
2023-04-05,0.9795892991292425,0.9817676553724615,0.9730928905361262,0.9769282238243472,4006.892477372271,4015.802782182409,3980.31969759116,3996.0076681666333,0.9795892991292425,0.9817676553724615,0.9730928905361262,0.9769282238243472,3342.3208631914254,3349.7533305791826,3320.1553679212248,3333.2413770047337
2023-04-06,1.0297394492419927,1.0355167009632096,1.023923374494502,1.0287069428523012,4227.101033927365,4250.816767787995,4203.225930767421,4222.862574547554,1.0297394492419927,1.0355167009632096,1.023923374494502,1.0287069428523012,3353.681709455895,3372.497210253335,3334.739768836017,3350.3190163041922
2023-04-10,0.9925798444706021,0.9951132550464834,0.9822485475247831,0.9888280681419955,4078.6197647125955,4089.029827444055,4036.167329119561,4063.203303082955,0.9925798444706021,0.9951132550464834,0.9822485475247831,0.9888280681419955,3365.0425557203653,3373.631320086721,3330.017409811819,3352.323289783589
2023-04-11,1.0171117741636901,1.0182316002060756,1.0119186235160185,1.0144427868525265,4179.251253332152,4183.852551350752,4157.912908909909,4168.28454460982,1.0171117741636901,1.0182316002060756,1.0119186235160185,1.0144427868525265,3376.403401984835,3380.1207755864243,3359.1642234016986,3367.543433920188
2023-04-12,0.9760261683692864,0.9885336199364527,0.9648931925126246,0.9855127856968553,3993.8502796587013,4045.0301460989676,3948.294699102034,4032.669043432247,0.9760261683692864,0.9885336199364527,0.9648931925126246,0.9855127856968553,3372.9574391119377,3416.1807697714944,3334.484030352908,3405.7413515970848
2023-04-13,0.9992215019808213,0.9997070436147157,0.9913064507807736,0.9920052679389195,4142.992175942921,4145.005338376207,4110.174632356259,4113.072082033707,0.9992215019808213,0.9997070436147157,0.9913064507807736,0.9920052679389195,3369.5114762390403,3371.148788991374,3342.8208417794026,3345.1773487495766
2023-04-14,0.9861348756127158,0.9958503320386743,0.9815694355841186,0.9949768113900426,4080.271106730198,4120.470167856501,4061.3809594502727,4116.855853879896,0.9861348756127158,0.9958503320386743,0.9815694355841186,0.9949768113900426,3366.0655133661426,3399.228180695712,3350.481874034804,3396.2465117543857
2023-04-17,1.0028808161297116,1.0079528131584201,1.0013760620117194,1.0056336805970272,4163.279189615594,4184.334672320812,4157.032473750491,4174.707210936051,1.0028808161297116,1.0079528131584201,1.0013760620117194,1.0056336805970272,3362.6195504932452,3379.6257551134495,3357.5741696917926,3371.8497957315353
2023-04-18,0.9948969917651551,0.9979687941308241,0.9914939895905733,0.9942625572720332,4133.66766417529,4146.4306036703365,4119.528632530185,4131.031671332852,0.9948969917651551,0.9979687941308241,0.9914939895905733,0.9942625572720332,3359.173587620348,3369.545231578017,3347.683679501128,3357.0314808394346
2023-04-19,1.000622401097064,1.0025447715006757,0.9962865963106846,1.0007820546830624,4157.105777805775,4165.092304094987,4139.092590104666,4157.769061821877,1.000622401097064,1.0025447715006757,0.9962865963106846,1.0007820546830624,3364.276812323592,3370.7401756927084,3349.6990380407206,3364.8135970855465
2023-04-20,0.9877883488656658,0.9931874768384437,0.9822600880519876,0.9881231329150082,4079.358445261938,4101.655709972636,4056.527889036218,4080.7410330810717,0.9877883488656658,0.9931874768384437,0.9822600880519876,0.9881231329150082,3369.3800370268364,3387.7966482672114,3350.5229492240946,3370.5219969354184
2023-04-21,0.9930553452595399,1.00001288767693,0.98916214098497,0.99557672951741,4104.814130737213,4133.5732714703445,4088.7214930041937,4115.236322994805,0.9930553452595399,1.00001288767693,0.98916214098497,0.99557672951741,3374.4832617300804,3398.125559757412,3361.253835271882,3383.0511316027805
2023-04-24,1.0067779498744462,1.0086862468016764,0.9994898745454054,1.0040601695379836,4165.080649748579,4172.975350468408,4134.929590589324,4153.83708378542,1.0067779498744462,1.0086862468016764,0.9994898745454054,1.0040601695379836,3379.586486433325,3385.992322504897,3355.1216271292387,3370.463348903993
2023-04-25,1.0075959526504543,1.0158204100324126,1.001737961290418,1.0124024185313738,4102.55790869017,4136.044856100272,4078.706335328905,4122.128059364898,1.0075959526504543,1.0158204100324126,1.001737961290418,1.0124024185313738,3384.689711136569,3412.3170911465522,3365.0117012834266,3400.835464373552
2023-04-26,0.9968738339224754,1.0089436287566071,0.9938992837985798,1.0027652481059355,4043.310301651221,4092.265268800511,4031.2455560942017,4067.205818665193,0.9968738339224754,1.0089436287566071,0.9938992837985798,1.0027652481059355,3391.9100103928904,3432.97805383846,3381.788963979266,3411.9558236786293
2023-04-27,1.003510933016704,1.0122346970918736,1.001697722415265,1.0093164425039927,4149.8689368506275,4185.94475461888,4142.370676389966,4173.876750508886,1.003510933016704,1.0122346970918736,1.001697722415265,1.0093164425039927,3399.130309649212,3428.6797743401407,3392.988533899345,3418.79495166948
2023-04-28,0.9974206003650362,1.0038740490595708,0.993976241448173,0.999721636536653,4158.725244810011,4185.632770072899,4144.364059193328,4168.319369106844,0.9974206003650362,1.0038740490595708,0.993976241448173,0.999721636536653,3406.3506089055336,3428.390166622833,3394.5875732418904,3414.209014839231
2023-05-01,1.0108341916781733,1.0136001376200299,1.009664161434193,1.010982120594719,4213.025502469708,4224.553605582394,4208.14896851673,4213.642050963111,1.0108341916781733,1.0136001376200299,1.009664161434193,1.010982120594719,3413.570908161855,3422.9114633967292,3409.6197347296525,3414.0704617485394
2023-05-02,1.0106661169450257,1.017512714559262,1.0066047763617125,1.0151228200017055,4163.519922044389,4191.725028644044,4146.788904604184,4181.879666822626,1.0106661169450257,1.017512714559262,1.0066047763617125,1.0151228200017055,3420.791207418177,3443.9648159193744,3407.044829732415,3435.875764399712
2023-05-03,0.9826572832152809,0.9842357071036105,0.9611072002817435,0.9763526120399525,4019.80528131291,4026.2622188340947,3931.649279552542,3994.0144477024355,0.9826572832152809,0.9842357071036105,0.9611072002817435,0.9763526120399525,3429.326863146844,3434.835326304996,3354.120298692132,3407.324504242916
2023-05-04,1.019279602806883,1.0213948135137247,1.0091568951336616,1.0133892734654681,4139.5187085113685,4148.109044538209,4098.408165654729,4115.596785183428,1.019279602806883,1.0213948135137247,1.0091568951336616,1.0133892734654681,3437.8625188755113,3444.9967768245087,3403.7202901843184,3417.995406445401
2023-05-05,1.0232578890854773,1.0246219871189082,1.0197603943222942,1.0221067813303293,4232.450443729806,4238.092694220584,4217.983931015589,4227.689174277574,1.0232578890854773,1.0246219871189082,1.0197603943222942,1.0221067813303293,3446.3981746041786,3450.992544237233,3434.6183880067892,3442.5211698838334
2023-05-08,1.0264972166366328,1.0308165450573596,1.0230837013868,1.0280011636297046,4247.768662108383,4265.642561432761,4233.643126382744,4253.992175239353,1.0264972166366328,1.0308165450573596,1.0230837013868,1.0280011636297046,3454.933830332846,3469.471613429797,3443.4447886424587,3459.9957411312175
2023-05-09,1.0124761425224627,1.014296015365678,1.0095702715701602,1.0098873440441631,4170.561351994253,4178.0577176138395,4158.591575543657,4159.897650966395,1.0124761425224627,1.014296015365678,1.0095702715701602,1.0098873440441631,3463.469486061513,3469.694891082203,3453.529108257985,3454.6137469891682
2023-05-10,0.9906732956829766,0.9926049023521937,0.9859887630368545,0.9867584785534049,4099.049455149711,4107.041748168531,4079.6665454918107,4082.8513512017107,0.9906732956829766,0.9926049023521937,0.9859887630368545,0.9867584785534049,3466.224292999071,3472.9827087053745,3449.8337826965385,3452.526907295528
2023-05-11,0.9861616928891052,0.9904700692060531,0.9777308770560097,0.9838135681468332,4073.4592118815954,4091.255477263907,4038.6347153850948,4063.760000858672,0.9861616928891052,0.9904700692060531,0.9777308770560097,0.9838135681468332,3468.979099936629,3484.1344923088163,3439.3223771787802,3460.7192012671503
2023-05-12,0.9781292039247229,0.988921856915368,0.9742338690168237,0.9828022042933808,4033.8830873218712,4078.392851667531,4017.8184145349023,4053.154914682246,0.9781292039247229,0.988921856915368,0.9742338690168237,0.9828022042933808,3471.7339068741867,3510.0409313269943,3457.907956044663,3488.3200733659028
2023-05-15,0.9871347875991514,1.0037544720227884,0.9865913580853435,0.9972675000709457,4083.065879250618,4151.809547538419,4080.818102621244,4124.977615193451,0.9871347875991514,1.0037544720227884,0.9865913580853435,0.9972675000709457,3474.4887138117447,3532.986202384185,3472.575966194907,3510.153544558085
2023-05-16,1.0039769470304913,1.0059761693610643,0.9969418623729096,1.001686631135354,4126.244854600616,4134.461458457037,4097.33136016642,4116.8318853031915,1.0039769470304913,1.0059761693610643,0.9969418623729096,1.001686631135354,3477.2435207493027,3484.1677662870948,3452.877719705909,3469.311081533053
2023-05-17,0.997223908124877,1.0028195257075776,0.9948985147745233,1.0012952745850487,4147.224872392495,4170.495758926903,4137.554096288844,4164.156749086063,0.997223908124877,1.0028195257075776,0.9948985147745233,1.0012952745850487,3476.43539566133,3495.9423517888285,3468.328811286306,3490.628639882142
2023-05-18,1.009371460558396,1.0133206216695754,1.002667063566678,1.0046147793063933,4237.391859997175,4253.970635799961,4209.246466206092,4217.423074267204,1.009371460558396,1.0133206216695754,1.002667063566678,1.0046147793063933,3475.6272705733577,3489.2256459883997,3452.5416317102627,3459.24831423974
2023-05-19,1.0248769479197106,1.0267438393345794,1.0164321787297865,1.0183525979515344,4296.263668140468,4304.08963961377,4260.86336459169,4268.913723560873,1.0248769479197106,1.0267438393345794,1.0164321787297865,1.0183525979515344,3474.819145485385,3481.1487931997726,3446.1873709880506,3452.698503366072
2023-05-22,0.9897038643914937,0.9980936900463674,0.9848338312030427,0.995758025829227,4149.462112963708,4184.637547699102,4129.043865716813,4174.844971832392,0.9897038643914937,0.9980936900463674,0.9848338312030427,0.995758025829227,3474.0110203974127,3503.4605838808943,3456.916463555622,3495.262047407277
2023-05-23,0.9988379803094746,1.0028635848787557,0.9948694660681838,0.9982833880412483,4140.762754411351,4157.451220201672,4124.310961142942,4138.463647796038,0.9988379803094746,1.0028635848787557,0.9948694660681838,0.9982833880412483,3473.20289530944,3487.2009027150716,3459.4034048769104,3471.2744429380923
2023-05-24,1.01868906747199,1.0194974103931236,1.0156060969583114,1.0173610949785794,4192.149998023432,4195.476523146198,4179.462834446721,4186.685072499649,1.01868906747199,1.0194974103931236,1.0156060969583114,1.0173610949785794,3459.384341835822,3462.129407954125,3448.914827376588,3454.8746564010958
2023-05-25,1.028081372567379,1.032892158013819,1.022986232367563,1.0275440087850307,4267.853640311509,4287.824557719607,4246.702286702816,4265.6228927891225,1.028081372567379,1.032892158013819,1.022986232367563,1.0275440087850307,3445.565788362204,3461.6889068153773,3428.4896684870287,3443.764839221631
2023-05-26,0.9875571116918387,0.9948122115498939,0.9847663932751631,0.9906865895537442,4153.1220553644425,4183.633015062501,4141.3858285990345,4166.2829180387935,0.9875571116918387,0.9948122115498939,0.9847663932751631,0.9906865895537442,3431.7472348885863,3456.958606040648,3422.0495271850064,3442.622126955174
2023-05-30,0.9957489881112263,1.0035293510744758,0.9915989703024508,0.9925998569889738,4187.642284481524,4220.36275653073,4170.189301586363,4174.3985505642695,0.9957489881112263,1.0035293510744758,0.9915989703024508,0.9925998569889738,3417.928681414968,3444.6349357435333,3403.6836607658365,3407.1192247016857
2023-05-31,0.9801069014823753,0.9907244978032687,0.9719797800701713,0.9855913802366504,4096.680230023077,4141.059977653036,4062.710244130704,4119.604418854558,0.9801069014823753,0.9907244978032687,0.9719797800701713,0.9855913802366504,3404.11012794135,3440.9871942243035,3375.8829863219516,3423.158835429961
2023-06-01,0.9797338212667057,0.9859778756673043,0.971310807013301,0.9775780504967071,4135.47605424319,4161.832332749205,4099.922342619284,4126.376502707611,0.9797338212667057,0.9859778756673043,0.971310807013301,0.9775780504967071,3383.7054025402263,3405.270484964087,3354.6148493550054,3376.2600198834843
2023-06-02,1.0219167359273373,1.0223622987193628,1.014769591996751,1.014844203059298,4376.225572433152,4378.133637166838,4345.618857679126,4345.9383698550455,1.0219167359273373,1.0223622987193628,1.014769591996751,1.014844203059298,3363.3006771391024,3364.7670995857093,3339.7782186292725,3340.023776245039
2023-06-05,0.9996979407020388,1.0069451154838254,0.9932563560820129,0.9957298840681554,4272.499061992966,4303.471965103618,4244.969082059746,4255.540421231642,0.9996979407020388,1.0069451154838254,0.9932563560820129,0.9957298840681554,3342.895951737979,3367.129823043704,3321.355898215472,3329.6271433133456
2023-06-06,0.9737926514558071,0.9922294003534158,0.9710549426100228,0.9912164815941975,4171.581649938959,4250.56191670398,4159.853715899946,4246.222724677304,0.9737926514558071,0.9922294003534158,0.9710549426100228,0.9912164815941975,3322.491226336855,3385.3957228566264,3313.1504148131858,3381.9397369386147
2023-06-07,0.9700292813184285,0.9726490460146591,0.958778877860287,0.9649846764380163,4139.619358612021,4150.799256848478,4091.6080368463327,4118.091406392764,0.9700292813184285,0.9726490460146591,0.958778877860287,0.9649846764380163,3302.0865009357312,3311.0044684709933,3263.7888885804455,3284.914110370858
2023-06-08,1.003327792694486,1.0120156267757865,0.9994850427085278,1.008336843695672,4308.219308884634,4345.524260281353,4291.718809437429,4329.727823250157,1.003327792694486,1.0120156267757865,0.9994850427085278,1.008336843695672,3311.361049343333,3340.0341864670604,3298.6785215408354,3327.8928114456835
2023-06-09,0.9977116102341625,0.9983140076840621,0.9880175666690125,0.9912375375401067,4289.022532771231,4291.612155072707,4247.349196650751,4261.191400629663,0.9977116102341625,0.9983140076840621,0.9880175666690125,0.9912375375401067,3320.6355977509343,3322.6405282294536,3288.3713784931965,3299.0882527769054
2023-06-12,1.0091659607267145,1.0119737570091505,1.005404250981318,1.0089728953935133,4378.700461975964,4390.883293499714,4362.37866671037,4377.862765009777,1.0091659607267145,1.0119737570091505,1.005404250981318,1.0089728953935133,3329.910146158536,3339.1749347989467,3317.4977621349217,3329.2730951313342
2023-06-13,0.9933443109568418,1.0018045019435484,0.9881763626932454,0.9921620412649822,4339.931228013552,4376.893887036383,4317.352410370416,4334.7658799071205,0.9933443109568418,1.0018045019435484,0.9881763626932454,0.9921620412649822,3339.1846945661373,3367.6241187862297,3321.8123358041603,3335.21042621189
2023-06-14,1.0140434667671083,1.0148519321073315,1.0071078363592214,1.0089277654564213,4433.99632235119,4437.531409813197,4403.669654185968,4411.627457957094,1.0140434667671083,1.0148519321073315,1.0071078363592214,1.0089277654564213,3348.459242973739,3351.128865460165,3325.5571914283764,3331.5667547329003
2023-06-15,1.0066253033885662,1.0102759258269045,1.002302684739536,1.0072984567112937,4455.162532749252,4471.3196035617475,4436.031314227628,4458.1418016511125,1.0066253033885662,1.0102759258269045,1.002302684739536,1.0072984567112937,3333.381190187481,3345.470014229028,3319.067089748592,3335.610298294081
2023-06-16,0.9951222400145334,1.003619139020134,0.9939907618439097,1.0016849194506023,4388.081078345686,4425.548919231794,4383.091723519286,4417.019803960182,0.9951222400145334,1.003619139020134,0.9939907618439097,1.0016849194506023,3318.303137401223,3346.636627996363,3314.5301460917062,3340.186840615562
2023-06-20,1.0091659607267145,1.0119737570091505,1.005404250981318,1.0089728953935133,4428.936743500939,4441.259347123629,4412.42769032422,4428.089435742466,1.0091659607267145,1.0119737570091505,1.005404250981318,1.0089728953935133,3303.2250846149645,3312.415627571796,3290.9121703118635,3302.593138754305
2023-06-21,1.0043978609448874,1.0076056599637755,1.0023333550434825,1.0057147834071638,4384.889697548485,4398.893953647254,4375.876704779781,4390.63897277282,1.0043978609448874,1.0076056599637755,1.0023333550434825,1.0057147834071638,3288.1470318287065,3298.648562380292,3281.3883565906776,3292.45830612932
2023-06-22,0.9774850883762476,0.9810133962800069,0.9668075988738845,0.978090905507816,4283.232133904996,4298.6927910254,4236.444549429486,4285.886757935644,0.9774850883762476,0.9810133962800069,0.9668075988738845,0.978090905507816,3273.0689790424485,3284.883374254849,3237.3158406265056,3275.0975330162005
2023-06-23,0.9691881987827988,0.9949982052492893,0.9675435035155099,0.9944897713935497,4214.350120413207,4326.580545831642,4207.1984426415975,4324.369707643714,0.9691881987827988,0.9949982052492893,0.9675435035155099,0.9944897713935497,3274.954801024145,3362.1686204846524,3269.397260529333,3360.4505868778165
2023-06-26,1.0086886679429838,1.0135230101572388,1.0003796625324028,1.0123216214035882,4366.431679564947,4387.358676828858,4330.463490763515,4382.15808116428,1.0086886679429838,1.0135230101572388,1.0003796625324028,1.0123216214035882,3276.840623005842,3292.545537174738,3249.8478676280192,3288.6426882609962
2023-06-27,0.9953385107455106,0.998067184058552,0.9874591378747564,0.9904639568523061,4358.000088833251,4369.947339353805,4323.500963862212,4336.657293321706,0.9953385107455106,0.998067184058552,0.9874591378747564,0.9904639568523061,3278.726444987539,3287.714918009144,3252.771146441008,3262.6692658624233
2023-06-28,1.0106134342064785,1.0123692953772667,1.0082546650898014,1.0089096228863896,4423.313515640967,4430.998674164944,4412.989513444948,4415.856172026523,1.0106134342064785,1.0123692953772667,1.0082546650898014,1.0089096228863896,3280.612266969236,3286.3120721578593,3272.955326503968,3275.0814238910675
2023-06-29,1.0028808161297116,1.0079528131584201,1.0013760620117194,1.0056336805970272,4409.105335265309,4431.404065882204,4402.489774070803,4421.208138723994,1.0028808161297116,1.0079528131584201,1.0013760620117194,1.0056336805970272,3282.4980889509325,3299.099085087394,3277.572924926246,3291.5084042424114
2023-06-30,0.9997169563064694,1.003108007189435,0.9941166786568857,0.9964321863350942,4449.120348007185,4464.211813035718,4424.196984361031,4434.501873421977,0.9997169563064694,1.003108007189435,0.9941166786568857,0.9964321863350942,3285.7463840618066,3296.8916718420987,3267.3400822372923,3274.95040727274
2023-07-03,1.004394744614467,1.0087151858557282,1.001122546661635,1.0036155710948698,4475.1711801567735,4494.421294946924,4460.591607680114,4471.699502414591,1.004394744614467,1.0087151858557282,1.001122546661635,1.0036155710948698,3288.9946791726807,3303.142411755293,3278.2795278700964,3286.4431947350645
2023-07-05,1.005566582032925,1.0070871954851084,0.9996394443652195,1.0026358566063063,4471.573588315651,4478.33548262709,4445.216673992145,4458.541179874054,1.005566582032925,1.0070871954851084,0.9996394443652195,1.0026358566063063,3292.242974283555,3297.2214899224014,3272.8374195517495,3282.6477268203457
2023-07-06,0.9983660971569586,1.0023071832039427,0.9972951427819521,1.001008048897253,4404.381890556667,4421.768346350682,4399.657278945432,4416.037098434633,0.9983660971569586,1.0023071832039427,0.9972951427819521,1.001008048897253,3295.4912693944293,3308.50033961101,3291.956172596968,3304.2120471923686
2023-07-07,1.0049479009931614,1.006894663284072,1.00003008627201,1.006001403286918,4420.715569073867,4429.279279053469,4399.082348006258,4425.349872988988,1.0049479009931614,1.006894663284072,1.00003008627201,1.006001403286918,3298.7395645053034,3305.129808004859,3282.5968470813086,3302.1976837712646
2023-07-10,1.0075572776483888,1.0101284225245686,1.003742358035116,1.0082654539893716,4442.8540425088995,4454.19158297476,4426.032040026585,4445.976767329754,1.0075572776483888,1.0101284225245686,1.003742358035116,1.0082654539893716,3300.7950825209855,3309.218248679391,3288.29726410505,3303.11509452996
2023-07-11,1.01074421520613,1.012661359701324,1.0084397081752012,1.0102615936289805,4486.956364795964,4495.467067667701,4476.726058913844,4484.813882133388,1.01074421520613,1.012661359701324,1.0084397081752012,1.0102615936289805,3302.850600536667,3309.115332752796,3295.3200677702825,3301.2735180840164
2023-07-12,0.9915090080079594,0.9956519296833445,0.9847148480103624,0.9883188788499144,4434.186925252876,4452.714733852666,4403.802354678022,4419.920157237433,0.9915090080079594,0.9956519296833445,0.9847148480103624,0.9883188788499144,3304.906118552349,3318.715339732469,3282.259767621464,3294.2727533602597
2023-07-13,1.003562999269226,1.004285367389005,0.9964581336370348,0.9969339384483429,4526.10926922418,4529.367178339108,4494.066041028373,4496.211939759564,1.003562999269226,1.004285367389005,0.9964581336370348,0.9969339384483429,3306.961636568031,3309.3419989980207,3283.5495357873765,3285.1174176828185
2023-07-14,1.0031156112440633,1.004794549513568,0.9983682559951179,1.0001165536419196,4519.457137211228,4527.021459269419,4498.068307925524,4505.945123109378,1.0031156112440633,1.004794549513568,0.9983682559951179,1.0001165536419196,3309.017154583713,3314.5555346796896,3293.3568659972548,3299.124044615291
2023-07-17,0.9934553451959838,1.0050345668827143,0.9931062336360001,1.0030975258243098,4493.189900698943,4545.5602887514715,4491.610942426565,4536.79945882293,0.9934553451959838,1.0050345668827143,0.9931062336360001,1.0030975258243098,3312.7849872127167,3351.39716233755,3311.620836714792,3344.9378880793483
2023-07-18,1.0025480763997614,1.007687293435194,0.9959503451926679,1.004683030444159,4566.586437039385,4589.99546785144,4536.533903345698,4576.311110012535,1.0025480763997614,1.007687293435194,0.9959503451926679,1.004683030444159,3316.5528198417205,3333.553984326371,3294.7267103966524,3323.61551142017
2023-07-19,0.9952235696741137,1.0009477933018172,0.993420564785421,0.9988312589739408,4543.912156532495,4570.047358833973,4535.680141052092,4560.383855722501,0.9952235696741137,1.0009477933018172,0.993420564785421,0.9988312589739408,3320.320652470724,3339.4181281631936,3314.305366508,3332.3568277130726
2023-07-20,0.9982650303251484,1.0038116838948454,0.9958390078175536,0.9981544122761543,4527.002138070606,4552.1554909442175,4516.00044138159,4526.500499598764,0.9982650303251484,1.0038116838948454,0.9958390078175536,0.9981544122761543,3324.0884850997277,3342.5580965774157,3316.0101559615614,3323.7201418524583
2023-07-21,1.0056932805920702,1.010060324231839,1.0036591409606874,1.006011566843243,4562.166656481032,4581.97705122586,4552.939107505605,4563.610511133677,1.0056932805920702,1.010060324231839,1.0036591409606874,1.006011566843243,3327.8563177287315,3342.306940047542,3321.1253147936673,3328.9095323939305
2023-07-24,0.9883748077377033,0.9896157122577358,0.9784367113732477,0.9867078633344804,4501.691434314453,4507.343307677575,4456.426983089049,4494.099102657758,0.9883748077377033,0.9896157122577358,0.9784367113732477,0.9867078633344804,3323.012402271602,3327.1844441709104,3289.5995540125027,3317.4079727753806
2023-07-25,1.0049127472475585,1.007809145971137,0.9992004819503097,1.0014172357818152,4589.898776543334,4603.127961857329,4563.808233288762,4573.93316774401,1.0049127472475585,1.007809145971137,0.9992004819503097,1.0014172357818152,3318.168486814472,3327.7322414749156,3299.306890372821,3306.6264937183582
2023-07-26,0.9915618845792725,0.9951606957435427,0.9849769712401928,0.9909323975178475,4528.215236402393,4544.650107286824,4498.143583411151,4525.34052636463,0.9915618845792725,0.9951606957435427,0.9849769712401928,0.9909323975178475,3313.3245713573424,3325.350073389735,3291.320947069294,3311.2211273056823
2023-07-27,1.005565202637196,1.0078871000187761,1.0017121420643096,1.0069417307485948,4562.66160609804,4573.197006496195,4545.178690524019,4568.907478515982,1.005565202637196,1.0078871000187761,1.0017121420643096,1.0069417307485948,3308.4806559002127,3316.1200934541343,3295.80343085506,3313.009667660884
2023-07-28,0.9927221685754214,0.996077006645257,0.9894275634621202,0.9943497529732448,4548.881302511353,4564.253942160096,4533.784664123031,4556.339268566591,0.9927221685754214,0.996077006645257,0.9894275634621202,0.9943497529732448,3303.636740443083,3314.8011595087423,3292.6727680023623,3309.0531074640166
2023-07-31,1.0024198014313845,1.0041665707999634,0.9991498929235524,1.0033053675732757,4600.064371976567,4608.0802267382005,4585.058892630465,4604.12819957906,1.0024198014313845,1.0041665707999634,0.9991498929235524,1.0033053675732757,3311.69417412278,3317.464975869911,3300.891377789508,3314.619818876319
2023-08-01,1.0076288893522323,1.0089411669832937,1.0019107814092596,1.0066194344027533,4611.645366765041,4617.65130716745,4585.4751305992,4607.025364014113,1.0076288893522323,1.0089411669832937,1.0019107814092596,1.0066194344027533,3319.751607802477,3324.075060436313,3300.9126302405343,3316.425840025323
2023-08-02,1.0101055582171488,1.0134334336597532,1.0047908543121762,1.005335143540442,4559.000325401697,4574.020325145594,4535.012993944033,4537.469583503997,1.0101055582171488,1.0134334336597532,1.0047908543121762,1.005335143540442,3327.809041482174,3338.7727807634155,3310.29966380982,3312.0928334446858
2023-08-03,1.0033442399673915,1.0153443533994162,1.0022991026136,1.0139749726843807,4516.9454004668005,4570.968591125298,4512.24030706514,4564.803789778087,1.0033442399673915,1.0153443533994162,1.0022991026136,1.0139749726843807,3335.8664751618708,3375.76382494616,3332.39165712677,3371.21097953473
2023-08-04,1.012194793666413,1.0130889395382887,1.0059077669881478,1.008787099866309,4532.638651882007,4536.642663920643,4504.485157805935,4517.378896814328,1.012194793666413,1.0130889395382887,1.0059077669881478,1.008787099866309,3343.923908841568,3346.877841995212,3323.153856519105,3332.6661264033646
2023-08-07,0.9805323536132111,0.98879023997826,0.9764840756031331,0.9832866554172826,4430.476607860077,4467.789371927369,4412.1847065682205,4442.921755303666,0.9805323536132111,0.98879023997826,0.9764840756031331,0.9832866554172826,3333.2556952625528,3361.327840618797,3319.4938385697324,3342.618764355645
2023-08-08,1.0037108254923817,1.0089392060805011,1.0018648685441525,1.0052407804677999,4516.076414003913,4539.600885054485,4507.770752230189,4522.96026282121,1.0037108254923817,1.0089392060805011,1.0018648685441525,1.0052407804677999,3322.587481683538,3339.895008363885,3316.4768038945404,3327.65209702867
2023-08-09,0.9745168816721947,0.9857434449169036,0.9713943942535621,0.9804312813484566,4353.858817415681,4404.0158462897,4339.908449150582,4380.282639993313,0.9745168816721947,0.9857434449169036,0.9713943942535621,0.9804312813484566,3311.919268104523,3350.073015693733,3301.30741884806,3332.019498911681
2023-08-10,1.0201852453556326,1.0219896225639669,1.0164724521830588,1.0172833497609566,4559.034430002612,4567.097885002532,4542.442588489219,4546.066351912255,1.0201852453556326,1.0219896225639669,1.0164724521830588,1.0172833497609566,3301.251054525508,3307.089898195217,3289.2367047473736,3291.860714941928
2023-08-11,0.9840483607434853,1.0020388173824735,0.9823138984511556,0.9970680183647673,4392.8410847769555,4473.1513827362305,4385.098358380881,4450.96148738124,0.9840483607434853,1.0020388173824735,0.9823138984511556,0.9970680183647673,3290.582840946493,3350.7415590325827,3284.7829310181874,3334.1195853512295
2023-08-14,0.9930448421392418,0.9962622218181008,0.9870534520660612,0.9879298379326333,4458.493288649397,4472.938422541163,4431.593624810037,4435.528351962903,0.9930448421392418,0.9962622218181008,0.9870534520660612,0.9879298379326333,3281.3091442871278,3291.940303035348,3261.51184793164,3264.4076818717394
2023-08-15,0.9619803315937814,0.9769231147147228,0.9610002002916931,0.9721417882432659,4269.134034366778,4335.448013867879,4264.784348866493,4314.22915637326,0.9619803315937814,0.9769231147147228,0.9610002002916931,0.9721417882432659,3272.0354476277626,3322.861139642618,3268.7016743078348,3306.5981567234476
2023-08-16,0.9916558855096906,0.9928477797006474,0.9779623663247814,0.9850459318925708,4367.579766226896,4372.8292615689525,4307.268988875225,4338.467349212407,0.9916558855096906,0.9928477797006474,0.9779623663247814,0.9850459318925708,3262.761750968398,3266.6833399331585,3217.707119331023,3241.013577884618
2023-08-17,1.025711251441543,1.0259155851623107,1.017054367372384,1.0220974653032302,4482.727424850062,4483.620436769956,4444.893724989572,4466.933878462625,1.025711251441543,1.0259155851623107,1.017054367372384,1.0220974653032302,3253.4880543090326,3254.136187317885,3226.0289922513984,3242.025364380162
2023-08-18,0.9859087324227679,0.994780948321524,0.9845101879503964,0.9921465574050397,4308.135247155093,4346.9042576900465,4302.024013388726,4335.392733358376,0.9859087324227679,0.994780948321524,0.9845101879503964,0.9921465574050397,3244.2143576496674,3273.409119047287,3239.612331206581,3264.7404375011583
2023-08-21,1.0037108254923817,1.0089392060805011,1.0018648685441525,1.0052407804677999,4416.096778676617,4439.100450736807,4407.974992674506,4422.828228678813,1.0037108254923817,1.0089392060805011,1.0018648685441525,1.0052407804677999,3247.402598241992,3264.3184830518703,3241.430195396799,3252.352609376852
2023-08-22,0.9958051685285318,1.0020975713436833,0.9950391025443965,0.9988864594916984,4369.14496717736,4396.753199148978,4365.783814368667,4382.664285342801,0.9958051685285318,1.0020975713436833,0.9950391025443965,0.9988864594916984,3250.5908388343173,3271.131028413179,3248.0901819300634,3260.6490475012324
2023-08-23,1.0149563709701646,1.0190406596747534,1.0099561322949069,1.0140743322622714,4502.35661118736,4520.474556723803,4480.17550242153,4498.443878658759,1.0149563709701646,1.0190406596747534,1.0099561322949069,1.0140743322622714,3253.779079426642,3266.872620707266,3237.749156900867,3250.951411975041
2023-08-24,1.0063438816986405,1.0086856681421528,0.9989278940619657,0.9989278940619657,4404.072792916578,4414.321176347185,4371.618132062322,4371.618132062322,1.0063438816986405,1.0086856681421528,0.9989278940619657,0.9989278940619657,3256.9673200189673,3264.5463613940774,3232.965952476945,3232.965952476945
2023-08-25,1.0049137329424722,1.011637854030195,1.0034241046945174,1.010053952908943,4427.358482361979,4456.98300987937,4420.795612293682,4450.004800870459,1.0049137329424722,1.011637854030195,1.0034241046945174,1.010053952908943,3260.155560611292,3281.970050786657,3255.3228872617165,3276.831536027994
2023-08-28,0.9678685732526826,0.9804425365523871,0.9639684804959143,0.9787397541587384,4290.86142448685,4346.605701723063,4273.571104267342,4339.056739509477,0.9678685732526826,0.9804425365523871,0.9639684804959143,0.9787397541587384,3260.9915975900985,3303.356428727185,3247.851208428684,3297.6193284310652
2023-08-29,1.0165818906449757,1.0190757193400874,1.0094266250798651,1.0156905457191996,4572.209208821562,4583.425527575558,4540.027471757954,4568.200269143043,1.0165818906449757,1.0190757193400874,1.0094266250798651,1.0156905457191996,3261.827634568905,3269.829389694048,3238.8690877290146,3258.9676450908464
2023-08-30,1.0008452244208907,1.005174191336116,0.9960726614225051,1.003659017577442,4518.686078381147,4538.230801237691,4497.138576876625,4531.389988689865,1.0008452244208907,1.005174191336116,0.9960726614225051,1.003659017577442,3262.6636715477116,3276.7757068005253,3247.105553733825,3271.836379262275
2023-08-31,0.9992706625195857,1.0100862858232178,0.9959063928801485,1.0069636663353385,4504.372394613036,4553.125547153886,4489.20741093013,4539.049840193152,0.9992706625195857,1.0100862858232178,0.9959063928801485,1.0069636663353385,3263.499708526518,3298.822254081831,3252.512402084413,3288.6241484326188
2023-09-01,1.0012822041207288,1.0042396504371767,0.9965973223606635,1.0007161258411155,4521.560138902264,4534.91528625469,4500.404290396614,4519.003859589535,1.0012822041207288,1.0042396504371767,0.9965973223606635,1.0007161258411155,3264.3357455053247,3273.9774805591014,3249.0623021844413,3262.4902422543023
2023-09-05,0.9922174923553522,0.9993122651234827,0.9901184275407259,0.9968326959601356,4461.833386148318,4493.7373731752305,4452.394248517962,4482.587172174416,0.9922174923553522,0.9993122651234827,0.9901184275407259,0.9968326959601356,3268.45339592303,3291.824213637856,3261.538888192127,3283.6562904609223
2023-09-06,1.0096652791148149,1.0118481800229104,1.0083396274117855,1.0116635369791411,4508.640110581623,4518.387810928705,4502.720439414779,4517.5632911096145,1.0096652791148149,1.0118481800229104,1.0083396274117855,1.0116635369791411,3272.571046340735,3279.6463597704765,3268.2742863445214,3279.0478867007896
2023-09-07,0.9847106162288083,0.994091101465693,0.9783260058209342,0.9938915104454411,4383.084812320698,4424.838665378005,4354.666017549794,4423.950257804121,0.9847106162288083,0.994091101465693,0.9783260058209342,0.9938915104454411,3276.6886967584396,3307.9028722118574,3255.443489880497,3307.2387200952303
2023-09-08,1.0075572776483888,1.0101284225245686,1.003742358035116,1.0082654539893716,4491.176489544916,4502.637342119039,4474.171523517949,4494.333178503084,1.0075572776483888,1.0101284225245686,1.003742358035116,1.0082654539893716,3280.8063471761448,3289.178504885102,3268.384212217818,3283.112309810685
2023-09-11,1.0063070265112506,1.0089092012634358,1.005060198033254,1.00657847500996,4515.762529188177,4527.4396843016175,4510.167436266306,4516.980643468195,1.0063070265112506,1.0089092012634358,1.005060198033254,1.00657847500996,3284.92399759385,3293.418369653459,3280.8539308246122,3285.810096631251
2023-09-12,1.004708641072344,1.0116992489795789,1.0037788971008101,1.0069639657027403,4482.909485600691,4514.100879021982,4478.761060974104,4492.972518569057,1.004708641072344,1.0116992489795789,1.0037788971008101,1.0069639657027403,3265.200050077879,3287.918808885822,3262.1784775161345,3272.5296238419223
2023-09-13,0.9897684307017331,0.9999527536174262,0.988972540630288,0.9984689536631706,4421.73107805415,4467.2289296206345,4418.175486913374,4460.600142352994,0.9897684307017331,0.9999527536174262,0.988972540630288,0.9984689536631706,3245.4761025619086,3278.8707589465557,3242.866358578349,3274.0053407910127
2023-09-14,1.0110366400910271,1.0120738674088054,1.0088527028214003,1.0104041771195076,4554.821167274086,4559.49398006341,4544.98231148069,4551.971858341094,1.0110366400910271,1.0120738674088054,1.0088527028214003,1.0104041771195076,3225.752155045938,3229.061469587985,3218.78421731289,3223.7342570663136
2023-09-15,0.9875980934798307,1.002693059997128,0.9856615990251764,0.9949111621598967,4395.12754737516,4462.304978766419,4386.509527373722,4427.673043183431,0.9875980934798307,1.002693059997128,0.9856615990251764,0.9949111621598967,3206.0282075299674,3255.0308218177843,3199.741788098484,3229.768537353087
2023-09-18,0.9699780763110225,0.9757280781054829,0.9496497434697908,0.9687972210800803,4319.826462193428,4345.434267685111,4229.2936220350175,4314.567487996769,0.9699780763110225,0.9757280781054829,0.9496497434697908,0.9687972210800803,3186.3042600139966,3205.1925788948274,3119.527231632759,3182.4252403281903
2023-09-19,1.0021557659631912,1.0097937071160068,0.9984889418635641,1.0049719837362585,4453.530116152124,4487.472744738178,4437.234933194585,4466.045247124745,1.0021557659631912,1.0097937071160068,0.9984889418635641,1.0049719837362585,3190.5031997805313,3214.819654882071,3178.8293518416845,3199.469023379435
2023-09-20,0.9805323536132111,0.98879023997826,0.9764840756031331,0.9832866554172826,4316.499527076077,4352.852394432296,4298.678197620113,4328.624514477961,0.9805323536132111,0.98879023997826,0.9764840756031331,0.9832866554172826,3194.702139547066,3221.6074090584125,3181.5123224312715,3203.676013620676
2023-09-21,1.0018086935630341,1.013261904209815,0.9979330832403084,1.006346196777201,4337.831643127938,4387.4240452284985,4321.050250430535,4357.47903204528,1.0018086935630341,1.013261904209815,0.9979330832403084,1.006346196777201,3198.9010793136003,3235.4726205020556,3186.525768414398,3213.389897410759
2023-09-22,1.0190542054782512,1.0267881354499355,1.0163524317698598,1.0252441723404155,4402.375310918374,4435.786352431849,4390.703486391701,4429.116339160936,1.0190542054782512,1.0267881354499355,1.0163524317698598,1.0252441723404155,3203.100019080135,3227.4093748599294,3194.607780521699,3222.5563766200157
2023-09-25,1.006589043957962,1.0130657110481225,1.004230170369333,1.0050639600098268,4366.019582825022,4394.111737728568,4355.78811016676,4359.404622705023,1.006589043957962,1.0130657110481225,1.004230170369333,1.0050639600098268,3207.29895884667,3227.9355907867407,3199.7828698823873,3202.439577365848
2023-09-26,0.995205926006578,1.001104427836496,0.9839876753253712,0.9919940191766596,4253.042380966891,4278.249805492101,4205.1008501332335,4239.31620077203,0.995205926006578,1.001104427836496,0.9839876753253712,0.9919940191766596,3190.9525630704825,3209.8650705632567,3154.9832176024497,3180.6541493819736
2023-09-27,0.9868819159336613,1.0015558726391924,0.980688146119775,0.9947914146936758,4218.4366184775945,4281.160593154955,4191.96128747044,4252.245850022265,0.9868819159336613,1.0015558726391924,0.980688146119775,0.9947914146936758,3174.606167294295,3221.8094169474384,3154.6820208158765,3200.0494783311515
2023-09-28,0.9716413623685969,0.979602720943035,0.9598165291772245,0.9720911618052026,4177.766365776256,4211.997819238767,4126.923130503312,4179.70036841383,0.9716413623685969,0.979602720943035,0.9598165291772245,0.9720911618052026,3158.259771518108,3184.137672033772,3119.823887230325,3159.721816590398
2023-09-29,0.9920534880116914,1.0067500589500726,0.9915150278468189,1.0058369093255877,4253.974959268533,4316.9945902808595,4251.666015158552,4313.078959033586,0.9920534880116914,1.0067500589500726,0.9915150278468189,1.0058369093255877,3141.913375741921,3188.4586007392004,3140.208028989189,3185.566582260466
2023-10-02,0.9745168816721947,0.9857434449169036,0.9713943942535621,0.9804312813484566,4179.108450194223,4227.2523317472005,4165.718006373034,4204.471702621908,0.9745168816721947,0.9857434449169036,0.9713943942535621,0.9804312813484566,3125.5669799657335,3161.573924571914,3115.552229318941,3144.5362278896114
2023-10-03,0.9856916549745847,0.9932798350750706,0.9773229879838025,0.9866912342187948,4168.933570132257,4201.027398458257,4133.538711528093,4173.161240566681,0.9856916549745847,0.9932798350750706,0.9773229879838025,0.9866912342187948,3120.3008816098554,3144.3219889590605,3093.809068620011,3123.465144978838
2023-10-04,0.9733697885778445,0.9743756985745173,0.944883582256405,0.9625555051925196,4150.205436048785,4154.494384797098,4028.747373845747,4104.096035264605,0.9733697885778445,0.9743756985745173,0.944883582256405,0.9625555051925196,3115.034783253977,3118.253955109554,3023.871563914817,3080.4262826650374
2023-10-05,0.9957157096559722,0.9977945718701162,0.9858537951868,0.9883383028645645,4239.946677699964,4248.79886799161,4197.952772126479,4208.53227787486,0.9957157096559722,0.9977945718701162,0.9858537951868,0.9883383028645645,3109.768684898099,3116.261281681569,3078.9684549810963,3086.7279430546255
2023-10-06,1.003926311512378,1.006224768725979,0.9984940896897732,1.0048361881291745,4325.416513151081,4335.3194160558805,4302.011785428388,4329.336716554549,1.003926311512378,1.006224768725979,0.9984940896897732,1.0048361881291745,3104.5025865422203,3111.610246021661,3087.704195559179,3107.3162535194547
2023-10-09,0.9915757710686847,0.994809019161468,0.9864460625196287,0.9935494722186862,4299.135407591653,4313.15367201761,4276.8947354238535,4307.692704719669,0.9915757710686847,0.994809019161468,0.9864460625196287,0.9935494722186862,3099.2364881863423,3109.3422216631834,3083.203240528565,3105.405423329107
2023-10-10,1.007831346203014,1.011199782707259,1.0011180871599321,1.0048120810180394,4392.370886275823,4407.051340986084,4363.112892183903,4379.21220397606,1.007831346203014,1.011199782707259,1.0011180871599321,1.0048120810180394,3100.9142107023463,3111.2782787214787,3080.258730551578,3091.6244794856707
2023-10-11,0.9959843841976868,1.0011475051821603,0.9909049300104738,0.9977610886944878,4359.373850414065,4381.972572807056,4337.141333409343,4367.150397161338,0.9959843841976868,1.0011475051821603,0.9909049300104738,0.9977610886944878,3102.5919332183507,3118.6755764669965,3086.7689204920075,3108.126547140966
2023-10-12,1.005566582032925,1.0070871954851084,0.9996394443652195,1.0026358566063063,4373.82246087623,4380.436536353982,4348.041723605402,4361.074948253356,1.005566582032925,1.0070871954851084,0.9996394443652195,1.0026358566063063,3104.2696557343547,3108.9639189309014,3085.972077099611,3095.2222568115017
2023-10-13,1.0015063475924681,1.0046235685338276,0.9978212046079351,1.0045986032384726,4334.299140983731,4347.7897874293285,4318.350652878129,4347.681743123397,1.0015063475924681,1.0046235685338276,0.9978212046079351,1.0045986032384726,3105.947378250359,3115.614740053424,3094.51873357047,3115.537315787625
2023-10-16,1.0027066706951846,1.0058613881874663,1.0017792318472374,1.0028329698796072,4385.46797615258,4399.265543218348,4381.411701784033,4386.020362054547,1.0027066706951846,1.0058613881874663,1.0017792318472374,1.0028329698796072,3107.625100766363,3117.4023163283623,3104.7507484482435,3108.0165318071545
2023-10-17,0.9925798444706021,0.9951132550464834,0.9822485475247831,0.9888280681419955,4340.750175838837,4351.829286969281,4295.569348035381,4324.342907598575,0.9925798444706021,0.9951132550464834,0.9822485475247831,0.9888280681419955,3132.153648580649,3140.147999083335,3099.5525338152406,3120.3146615391875
2023-10-18,1.021196386730346,1.02362007361956,1.0129176812053169,1.0152450410588263,4406.053930186751,4416.511169638954,4370.334627328461,4380.376254152412,1.021196386730346,1.02362007361956,1.0129176812053169,1.0152450410588263,3156.682196394935,3164.1742021954196,3131.091386752797,3138.285630200622
2023-10-19,1.0199560519421167,1.0312793287854565,1.0183348319938623,1.0288919223248856,4363.371990208375,4411.812968544183,4356.436411269743,4401.59964370586,1.0199560519421167,1.0312793287854565,1.0183348319938623,1.0288919223248856,3181.2107442092206,3216.527687409958,3176.1542103435777,3209.081441987225
2023-10-20,1.0142818289384228,1.0218633527625118,1.003832231142875,1.0147314497891866,4284.488730528527,4316.514300205292,4240.347957504487,4286.388000941491,1.0142818289384228,1.0218633527625118,1.003832231142875,1.0147314497891866,3205.7392920235066,3229.7014572944076,3172.7122917526935,3207.1603637480343
2023-10-23,1.0394651011929286,1.039661923781694,1.0185474101046998,1.0242332384716524,4383.465910334628,4384.295919064355,4295.255170307923,4319.2325359644965,1.0394651011929286,1.039661923781694,1.0185474101046998,1.0242332384716524,3230.2678398377925,3230.879490655038,3165.263497961936,3182.9329209137272
2023-10-24,1.006589043957962,1.0130657110481225,1.004230170369333,1.0050639600098268,4275.668150239356,4303.1789595048895,4265.648410074409,4269.190081654541,1.006589043957962,1.0130657110481225,1.004230170369333,1.0050639600098268,3232.002419772167,3252.7980004841816,3224.428439912017,3227.1056100559126
2023-10-25,0.9758249345423721,0.9937061539431224,0.9722441988371164,0.9937061539431224,4085.5545611939674,4160.419114144447,4070.5628443652745,4160.419114144447,0.9758249345423721,0.9937061539431224,0.9722441988371164,0.9937061539431224,3233.7369997065416,3292.9926701954228,3221.870980376255,3292.9926701954228
2023-10-26,0.9937820278301053,1.0094775842176962,0.9819751363450968,0.9982900361709727,4111.504818999546,4176.440945752979,4062.6569933410246,4130.155486347633,0.9937820278301053,1.0094775842176962,0.9819751363450968,0.9982900361709727,3235.471579640916,3286.5718462955506,3197.03169969354,3250.14837239748
2023-10-27,0.9908418899767084,0.9971878608712422,0.9801625428548304,0.9949137041216818,4079.6626725334,4105.791382715426,4035.6918490741928,4096.427837939489,0.9908418899767084,0.9971878608712422,0.9801625428548304,0.9949137041216818,3237.2061595752907,3257.939251581275,3202.3153776726413,3250.5092929652847
2023-10-30,1.0026848856199826,1.0192742654212885,0.9935015477397569,1.0093872131757706,4178.007435099055,4247.132394642733,4139.742119152973,4205.934827605064,1.0026848856199826,1.0192742654212885,0.9935015477397569,1.0093872131757706,3238.940739509665,3292.5288795646784,3209.2760984928077,3260.591052665186
2023-10-31,1.0053728869511203,1.0185257536252679,1.0002965103365482,1.0156690732983131,4216.3328132956085,4271.4933055536485,4195.043505049416,4259.512959598465,1.0053728869511203,1.0185257536252679,1.0002965103365482,1.0156690732983131,3248.3882232789465,3290.8855073823884,3231.9863069096755,3281.655492477278
2023-11-01,0.9897481249263249,0.9913393861009414,0.9790199757938796,0.9790199757938796,4194.413988700275,4201.157530781736,4148.94959461785,4148.94959461785,0.9897481249263249,0.9913393861009414,0.9790199757938796,0.9790199757938796,3257.835707048228,3263.073471428222,3222.523139705076,3222.523139705076
2023-11-02,0.9751429432459289,0.9778310287246395,0.9656623130178142,0.9702091985766489,4210.452697488407,4222.059259206673,4169.517421902057,4189.149873430283,0.9751429432459289,0.9778310287246395,0.9656623130178142,0.9702091985766489,3267.2831908175094,3276.289805243531,3235.517690182734,3250.7523415329256
2023-11-03,0.9961067661849604,0.9987857348424954,0.9881979412725533,0.9914620517700254,4341.371963334561,4353.047819593442,4306.902615365821,4321.128718711373,0.9961067661849604,0.9987857348424954,0.9881979412725533,0.9914620517700254,3276.730674586791,3285.5432427515693,3250.7142975575753,3261.4517118141525
2023-11-06,1.0145842183125457,1.016368707683794,1.0055889525672368,1.007013652654775,4429.654405468208,4437.44545037329,4390.381255129504,4396.601467217694,1.0145842183125457,1.016368707683794,1.0055889525672368,1.007013652654775,3286.1781583560723,3291.9580136798304,3257.0430256708755,3261.6575448259864
2023-11-07,1.0066626730076198,1.0092973228865594,1.0020346019355322,1.0051718434425392,4407.551714243103,4419.087212580054,4387.288260422495,4401.024295891945,1.0066626730076198,1.0092973228865594,1.0020346019355322,1.0051718434425392,3289.7856495658275,3298.3957168661973,3274.661057975841,3284.9136007249804
2023-11-08,0.987327296858234,0.9917251087315438,0.9785079588561224,0.9870920645409997,4327.238330124331,4346.512972046436,4288.585111915436,4326.207358629003,0.987327296858234,0.9917251087315438,0.9785079588561224,0.9870920645409997,3293.3931407755827,3308.062768065407,3263.9747833830934,3292.608484560229
2023-11-09,1.034124201527582,1.0368770650270633,1.0264714288104861,1.0290497199411068,4495.699847510934,4507.667508645404,4462.430566039267,4473.639299985971,1.034124201527582,1.0368770650270633,1.0264714288104861,1.0290497199411068,3297.0006319853383,3305.7773269743466,3272.602018697462,3280.8221410720685
2023-11-10,1.0297394492419927,1.0355167009632096,1.023923374494502,1.0287069428523012,4546.546805871216,4572.054758760802,4520.867440003105,4541.988042359194,1.0297394492419927,1.0355167009632096,1.023923374494502,1.0287069428523012,3300.6081231950934,3319.1258598660816,3281.96594767117,3297.298646239952
2023-11-13,1.005488885623231,1.0101335447311781,0.9973536337881129,1.001856667461432,4435.7644933711645,4456.254639258829,4399.87542313795,4419.74078133948,1.005488885623231,1.0101335447311781,0.9973536337881129,1.001856667461432,3304.2156144048486,3319.4787917183944,3277.481727511558,3292.2794984151606
2023-11-14,1.0019118630646657,1.0100431156182925,0.9971659353356259,1.005712549034132,4504.2951627798175,4540.850834885157,4482.958895488373,4521.381906692747,1.0019118630646657,1.0100431156182925,0.9971659353356259,1.005712549034132,3314.2976522544386,3341.1956182750623,3298.598250231178,3326.8702198124556
2023-11-15,1.0090279981456547,1.0145462840109514,1.0042216412471945,1.0141457418423006,4543.531992290105,4568.380171347233,4521.889543939167,4566.576578026858,1.0090279981456547,1.0145462840109514,1.0042216412471945,1.0141457418423006,3324.3796901040287,3342.5604318559854,3308.5444949597945,3341.240791317824
2023-11-16,0.9734690137774208,0.981493207981322,0.9717806813313592,0.9783946090884178,4388.63194667192,4424.806939949715,4381.020538805286,4410.8377124767685,0.9734690137774208,0.981493207981322,0.9717806813313592,0.9783946090884178,3334.4617279536187,3361.9473161869323,3328.6786163745355,3351.3335634403747
2023-11-17,0.9795892991292425,0.9817676553724615,0.9730928905361262,0.9769282238243472,4421.885688055384,4431.718831704399,4392.560769737885,4409.87354090758,0.9795892991292425,0.9817676553724615,0.9730928905361262,0.9769282238243472,3344.5437658032088,3351.9811763582575,3322.363528759449,3335.458241053978
2023-11-20,1.0152563255945481,1.018966177485504,1.0111134630944847,1.0143360967807302,4616.7563098821365,4633.626416174032,4597.917139806598,4612.571679778757,1.0152563255945481,1.018966177485504,1.0111134630944847,1.0143360967807302,3354.625803652799,3366.8839541980246,3340.936892691757,3351.5851692373562
2023-11-21,1.0072270179251417,1.0120188316050733,1.005414277774218,1.010595649228804,4570.987580477698,4592.7337414018275,4562.761021252179,4586.275069373665,1.0072270179251417,1.0120188316050733,1.005414277774218,1.010595649228804,3338.541156812635,3354.424038130875,3332.5326726350245,3349.706776925339
2023-11-22,1.0043641677643076,1.0080209217025335,1.0003272688858404,1.0069566745442091,4576.505854118199,4593.168292248199,4558.111239950598,4588.318922361634,1.0043641677643076,1.0080209217025335,1.0003272688858404,1.0069566745442091,3322.456509972471,3334.553124245828,3309.1023687263537,3331.032573619987
2023-11-24,1.0120159884941051,1.0127017815810717,1.004418188280452,1.0046690967501801,4614.124976980714,4617.2517408338435,4579.484022554596,4580.627999576966,1.0120159884941051,1.0127017815810717,1.004418188280452,1.0046690967501801,3306.371863132307,3308.6124275032826,3281.5489817413677,3282.368728379724
2023-11-27,1.0215016449963203,1.023251794447845,1.0163835651347934,1.0181910894435653,4648.271730440606,4656.235663009307,4624.982266296319,4633.207279136683,1.0215016449963203,1.023251794447845,1.0163835651347934,1.0181910894435653,3290.287216292143,3295.924499790569,3273.801728654573,3279.6238182766715
2023-11-28,0.9760261683692864,0.9885336199364527,0.9648931925126246,0.9855127856968553,4445.691834043579,4502.661900112349,4394.982353643829,4488.90233244275,0.9760261683692864,0.9885336199364527,0.9648931925126246,0.9855127856968553,3274.2025694519793,3316.160389217133,3236.855601371778,3306.026620728422
2023-11-29,0.9772403430544423,0.9837049945794529,0.9693024291194241,0.9740558665923011,4447.010360296684,4476.428274233367,4410.888247902269,4432.519145397594,0.9772403430544423,0.9837049945794529,0.9693024291194241,0.9740558665923011,3275.2784418236274,3296.945101335033,3248.67405676196,3264.605481810182
2023-11-30,0.9782588909609964,0.9849271792440872,0.9697227543837524,0.9745756114572663,4468.490962131639,4498.9503693511415,4429.499597474104,4451.666478014501,0.9782588909609964,0.9849271792440872,0.9697227543837524,0.9745756114572663,3276.354314195276,3298.687538341228,3247.765350517226,3264.01838880381
2023-12-01,0.9897002747107799,0.9926747312034194,0.9832591925384029,0.9868891533409169,4547.306573194391,4560.973100229167,4517.712183812722,4534.390510614777,0.9897002747107799,0.9926747312034194,0.9832591925384029,0.9868891533409169,3277.430186566924,3287.2802126270417,3256.1002974223793,3268.1210509921307
2023-12-04,0.9934860496892643,0.9939563845613897,0.983545262089208,0.9839660604298962,4540.012680149006,4542.162007040947,4494.585467790021,4496.5084236313305,0.9934860496892643,0.9939563845613897,0.983545262089208,0.9839660604298962,3278.5060589385726,3280.058165008381,3245.701438896248,3247.090074307857
2023-12-05,1.0016429532822526,1.0091097810436742,1.001558645195359,1.007276063676254,4574.683663371638,4608.786009787048,4574.298613163341,4600.4110925009145,1.0016429532822526,1.0091097810436742,1.001558645195359,1.007276063676254,3279.5819313102206,3304.0298379523224,3279.305889555488,3298.0258758362675
2023-12-06,0.9765190665636023,0.9933132289223245,0.9730298328784449,0.9832665400444908,4442.517250280459,4518.9196048654885,4426.643539907224,4473.213801286004,0.9765190665636023,0.9933132289223245,0.9730298328784449,0.9832665400444908,3282.1305530174513,3338.5765920936456,3270.4030600510587,3304.8091566674875
2023-12-07,0.9969611091959307,0.9996799717747973,0.9924146839009432,0.9982496981711082,4571.654892717768,4584.122481770793,4550.806850349327,4577.563833436452,0.9969611091959307,0.9996799717747973,0.9924146839009432,0.9982496981711082,3284.679174724682,3293.6369878323003,3269.700106486071,3288.924677716227
2023-12-08,1.008502036695199,1.0093533892745703,1.0053271427574115,1.007666729362312,4643.516522698273,4647.436464974153,4628.898136297943,4639.670458673949,1.008502036695199,1.0093533892745703,1.0053271427574115,1.007666729362312,3287.2277964319132,3290.00279317128,3276.879181135887,3284.5050994186013
2023-12-11,1.0085882582450276,1.010874427508917,1.005571737036657,1.0090088217043023,4662.138708442145,4672.706388694318,4648.195020147725,4664.082737798834,1.0085882582450276,1.010874427508917,1.005571737036657,1.0090088217043023,3289.776418139144,3297.2333617142203,3279.9372392125706,3291.1481967012505
2023-12-12,1.0038855893229852,1.0079540214257743,1.00127584591203,1.0069523051357698,4661.743511139146,4680.636089294868,4649.624645661693,4675.984419358974,1.0038855893229852,1.0079540214257743,1.00127584591203,1.0069523051357698,3292.3250398463747,3305.6677962594445,3283.7661725104495,3302.3825856144467
2023-12-13,1.0068329025346179,1.0105823216602405,1.003140398918743,1.0062884215424415,4739.253087191674,4756.901940463702,4721.872140346426,4736.690166158211,1.0068329025346179,1.0105823216602405,1.003140398918743,1.0062884215424415,3296.5751521153143,3308.8515108768106,3284.4851462776573,3294.792410902657
2023-12-14,0.9970630519092111,1.0007473121159876,0.9911650385562016,0.9944182148681829,4705.688926638118,4723.076976897009,4677.8529577179215,4693.206485981133,0.9970630519092111,1.0007473121159876,0.9911650385562016,0.9944182148681829,3300.825264384254,3313.0221852788823,3281.299607056956,3292.069403951468
2023-12-15,0.9954782408579552,1.0057337367259889,0.9916690076865311,1.0009063520445214,4697.850959474454,4746.248593019919,4679.8744643842,4723.467247504985,0.9954782408579552,1.0057337367259889,0.9916690076865311,1.0009063520445214,3305.075376653194,3339.124525572405,3292.428387254456,3323.097183547731
2023-12-18,0.9807998515635237,0.9819035665105117,0.9679195837162022,0.9764212845490514,4649.540544327978,4654.772771257071,4588.48086178168,4628.783684681852,0.9807998515635237,0.9819035665105117,0.9679195837162022,0.9764212845490514,3309.3254889221334,3313.0495433260458,3265.8660627983068,3294.5517270757714
2023-12-19,1.0064545757443468,1.0106333678749846,1.0021315361609062,1.0078497035028022,4799.147805342071,4819.07383237404,4778.53395308358,4805.800290691657,1.0064545757443468,1.0106333678749846,1.0021315361609062,1.0078497035028022,3313.575601191073,3327.3335431590845,3299.342749722264,3318.1688152440206
2023-12-20,1.0035679294683908,1.0039959812837465,0.9914399198952902,0.9956990632581125,4715.113381417815,4717.12451866449,4658.131747640037,4678.142693858754,1.0035679294683908,1.0039959812837465,0.9914399198952902,0.9956990632581125,3314.3259461497823,3315.7396055506774,3274.27267658728,3288.338679436983
2023-12-21,1.0042477713574436,1.0100520896025194,1.0018175106816343,1.0069924054568138,4766.913108690946,4794.464756320759,4755.377268828048,4779.941200602131,1.0042477713574436,1.0100520896025194,1.0018175106816343,1.0069924054568138,3315.0762911084917,3334.2366600424352,3307.0538689758555,3324.1364769412085
2023-12-22,0.9902368738957052,0.9948280801778292,0.9840206777498504,0.9924652199234291,4708.209947730737,4730.039434855912,4678.654235049771,4718.804908604534,0.9902368738957052,0.9948280801778292,0.9840206777498504,0.9924652199234291,3315.8266360672005,3331.2003759099252,3295.011587366424,3323.288294290483
2023-12-26,0.9890881528396294,0.9942618651189532,0.976552467007991,0.9795813802669484,4722.64865777102,4747.351840476722,4662.793891846405,4677.256195429612,0.9890881528396294,0.9942618651189532,0.976552467007991,0.9795813802669484,3316.57698102591,3333.9252982641597,3274.5427427719965,3284.6991923901032
2023-12-27,1.001132228518401,1.0062198033853371,0.9987617076983959,1.0043542477023597,4786.993841239016,4811.32048747126,4775.659006296496,4802.400183728649,1.001132228518401,1.0062198033853371,0.9987617076983959,1.0043542477023597,3317.327325984619,3334.1853899329317,3309.472426033335,3328.0037301391544
2023-12-28,1.0015437799494171,1.002842465283168,0.9914392123944364,0.9977167333116932,4790.734439821044,4796.9465063122425,4742.400756606928,4772.428336286488,1.0015437799494171,1.002842465283168,0.9914392123944364,0.9977167333116932,3308.140341532498,3312.4299526603854,3274.76453886508,3295.4994489178785
2023-12-29,1.0012591742921337,1.0039481768086813,0.9944156362219637,1.000271111104237,4775.836047313848,4788.662132187353,4743.193534120609,4771.123153878323,1.0012591742921337,1.0039481768086813,0.9944156362219637,1.000271111104237,3298.953357080377,3307.8130950053087,3276.405236203626,3295.6978819202877
2024-01-02,0.9773663070538857,0.9929621929742238,0.9723823580119256,0.9832577902091366,4635.482242084381,4709.450877703938,4611.844219049701,4663.424545137599,0.9773663070538857,0.9929621929742238,0.9723823580119256,0.9832577902091366,3289.7663726282553,3342.2613488534244,3272.990648068488,3309.596811870092
2024-01-03,0.9847106162288083,0.994091101465693,0.9783260058209342,0.9938915104454411,4632.87635433946,4677.009755086808,4602.8379754463895,4676.070717258816,0.9847106162288083,0.994091101465693,0.9783260058209342,0.9938915104454411,3280.579388176134,3311.830626877174,3259.308955055568,3311.1656861562024
2024-01-04,0.9861530329247892,0.9958656398847321,0.980133417186233,0.9955088046044969,4623.756002413801,4669.295308414746,4595.5319504927475,4667.6222219730125,0.9861530329247892,0.9958656398847321,0.980133417186233,0.9955088046044969,3271.392403724013,3303.6123001987803,3251.423367942574,3302.4285607727807
2024-01-05,1.0003960848137101,1.0063524300166424,0.9921595732898554,0.9968674025236548,4699.100505430351,4727.078888371373,4660.41163404004,4682.5254378302125,1.0003960848137101,1.0063524300166424,0.9921595732898554,0.9968674025236548,3277.853613708602,3297.369911247454,3250.866223941031,3266.291689215224
2024-01-08,1.0127360969279446,1.0139811780266117,1.0080846340875977,1.008739591884186,4824.208907160141,4830.139900776886,4802.051477861635,4805.171395523995,1.0127360969279446,1.0139811780266117,1.0080846340875977,1.008739591884186,3284.3148236931916,3288.3526360329083,3269.2300761417314,3271.354111817712
2024-01-09,1.019520816489812,1.022637128051974,1.0143876667038492,1.017335766047593,4849.350763633791,4864.173499579214,4824.934936676858,4838.957571205377,1.019520816489812,1.022637128051974,1.0143876667038492,1.017335766047593,3290.7760336777806,3300.8347624809294,3274.2074202471263,3283.723199138916
2024-01-10,1.0068104633209543,1.0108183250932123,1.000608756601899,1.0064642831211883,4816.027510772618,4835.198917167127,4786.361956767354,4814.371575096048,1.0068104633209543,1.0108183250932123,1.000608756601899,1.0064642831211883,3297.23724366237,3310.3627241617987,3276.9270670071824,3296.1035265534697
2024-01-11,1.009875320944736,1.0119751471454304,1.007324642165551,1.0094437750686414,4827.446404192864,4837.484077390472,4815.253547465453,4825.383511334122,1.009875320944736,1.0119751471454304,1.007324642165551,1.0094437750686414,3303.698453646959,3310.5678091290515,3295.3541824643935,3302.2866977460444
2024-01-12,0.9936602059972607,1.0011628876581373,0.9879399847924124,0.9990635652396093,4753.501503255876,4789.393056865627,4726.136937449486,4779.3502553002,0.9936602059972607,1.0011628876581373,0.9879399847924124,0.9990635652396093,3318.6100834125937,3343.6674167566734,3299.5057823092725,3336.656134122617
2024-01-16,0.9765190665636023,0.9933132289223245,0.9730298328784449,0.9832665400444908,4654.070340860797,4734.11098277922,4637.440722902011,4686.228664521242,0.9765190665636023,0.9933132289223245,0.9730298328784449,0.9832665400444908,3333.5217131782283,3390.8515767665035,3321.610592699284,3356.555415363675
2024-01-17,0.9686835523801006,0.9920330378570219,0.9676408914704301,0.9860744711546915,4590.794778275296,4701.452893342377,4585.853389265577,4673.2139944410255,0.9686835523801006,0.9920330378570219,0.9676408914704301,0.9860744711546915,3348.433342943863,3429.1451455954148,3344.829193222577,3408.5482609128826
2024-01-18,1.0049479009931614,1.006894663284072,1.00003008627201,1.006001403286918,4804.595617774245,4813.902971481351,4781.083840661303,4809.632349030558,1.0049479009931614,1.006894663284072,1.00003008627201,1.006001403286918,3363.3449727094976,3369.860368341175,3346.8861021523717,3366.870818815492
2024-01-19,1.0225680853971004,1.025031821757096,1.0182295175561613,1.020779958002055,4949.035245385741,4960.959261258211,4928.0374013634855,4940.381048537925,1.0225680853971004,1.025031821757096,1.0182295175561613,1.020779958002055,3378.2566024751322,3386.3960444778436,3363.923282607979,3372.3491687651967
2024-01-22,1.01117727517978,1.0154949426589062,1.008576580367619,1.012678952852748,4904.644590850261,4925.587134721039,4892.030102712511,4911.928373285555,1.01117727517978,1.0154949426589062,1.008576580367619,1.012678952852748,3383.264606340955,3397.7109471781537,3374.563027571481,3388.289020007868
2024-01-23,0.9934553451959838,1.0050345668827143,0.9931062336360001,1.0030975258243098,4832.762872240383,4889.091154057653,4831.064584145686,4879.668224124937,0.9934553451959838,1.0050345668827143,0.9931062336360001,1.0030975258243098,3388.2726102067777,3427.7646315425955,3387.081932495576,3421.1581713783053
2024-01-24,0.9847640260244557,0.9926657646653321,0.9810409649266473,0.9879026075878499,4794.372898901363,4832.8429085614025,4776.246989793629,4809.653240171827,0.9847640260244557,0.9926657646653321,0.9810409649266473,0.9879026075878499,3393.2806140726007,3420.5082704846645,3380.4517629830634,3404.0954770177327
2024-01-25,0.9973436320131922,1.0015636514314155,0.9891976883766708,0.9960139927606013,4881.159310053685,4901.8127602895765,4841.291758545567,4874.651842809224,0.9973436320131922,1.0015636514314155,0.9891976883766708,0.9960139927606013,3398.288617938423,3412.667657916328,3370.5326202523693,3393.7580852383517
2024-01-26,1.0074121128959737,1.0091488362977135,1.000470453332952,1.000470453332952,4927.22242181082,4935.716683867028,4893.270973137869,4893.270973137869,1.0074121128959737,1.0091488362977135,1.000470453332952,1.000470453332952,3403.296621804246,3409.1637191028467,3379.845914553334,3379.845914553334
2024-01-29,1.0035252884699197,1.007248179503966,0.9998631432796823,1.0018995672496578,4945.302374809572,4963.64852122298,4927.255579662245,4937.290934436606,1.0035252884699197,1.007248179503966,0.9998631432796823,1.0018995672496578,3396.651258986447,3409.2521995538173,3384.2559260397534,3391.1486492435643
2024-01-30,1.0013677437475341,1.010465128676677,0.9995064686135038,1.0068829156332477,4931.706096924293,4976.510444778774,4922.539372727448,4958.868153006276,1.0013677437475341,1.010465128676677,0.9995064686135038,1.0068829156332477,3390.005896168648,3420.803960857744,3383.7047808010398,3408.6768243343413
2024-01-31,1.0024970931903505,1.0035274877631397,0.9956434741567484,0.9995321954707438,4857.750039617822,4862.742971079458,4824.539800547647,4843.38318298281,1.0024970931903505,1.0035274877631397,0.9956434741567484,0.9995321954707438,3383.360533350849,3386.8380460090243,3360.230028228767,3373.3542021623807
2024-02-01,0.9948360697153639,1.0005684853519108,0.9931636632931441,0.9957165397593692,4880.85477687682,4908.979097148691,4872.649633212191,4885.174530202019,0.9948360697153639,1.0005684853519108,0.9931636632931441,0.9957165397593692,3376.7151705330502,3396.1723810554504,3371.038617069501,3379.703699643825
2024-02-02,0.9902368738957052,0.9948280801778292,0.9840206777498504,0.9924652199234291,4910.198465267983,4932.964466650586,4879.374772897185,4921.247964164514,0.9902368738957052,0.9948280801778292,0.9840206777498504,0.9924652199234291,3370.069807715251,3385.69504454521,3348.9142483715905,3377.653530223615
2024-02-05,1.000634035326076,1.00344969121541,0.9918708406635441,0.9922210250850156,4945.943916150082,4959.861168236442,4902.629109940173,4904.360005000466,1.000634035326076,1.00344969121541,0.9918708406635441,0.9922210250850156,3372.4459013624437,3381.935531765169,3342.911227466541,3344.0914571761245
2024-02-06,0.9948826828461068,0.9973103332521212,0.9862241090177055,0.9889115145580003,4928.877633836667,4940.904772307656,4885.981067618787,4899.295092768682,0.9948826828461068,0.9973103332521212,0.9862241090177055,0.9889115145580003,3374.8219950096363,3383.057024252455,3345.450546591307,3354.566712229
2024-02-07,1.004186524017996,1.009378081220978,1.0014335375592722,1.0072891436548477,5015.9719386613315,5041.904078383659,5002.220606120819,5031.469709904583,1.004186524017996,1.009378081220978,1.0014335375592722,1.0072891436548477,3377.198088656829,3394.657909759497,3367.9394694818784,3387.6325655759965
2024-02-08,0.990032249833865,0.9933079169869398,0.980325540173504,0.980325540173504,4948.092081767172,4964.463571388196,4899.5788204885575,4899.5788204885575,0.990032249833865,0.9933079169869398,0.980325540173504,0.980325540173504,3379.5741823040216,3390.756000009668,3346.439357283138,3346.439357283138
2024-02-09,1.0035252884699197,1.007248179503966,0.9998631432796823,1.0018995672496578,5044.330250275783,5063.04377157643,5025.922074641084,5036.158383732802,1.0035252884699197,1.007248179503966,0.9998631432796823,1.0018995672496578,3381.9502759512143,3394.4966786224677,3369.6085910141255,3376.4714819510477
2024-02-12,1.0075656356297933,1.0115787160836716,1.003720652230414,1.0076488138073525,5059.833411631122,5079.986459577625,5040.524520196783,5060.251119130316,1.0075656356297933,1.0115787160836716,1.003720652230414,1.0076488138073525,3385.6794125171855,3399.164393934776,3372.759280392382,3385.958912564998
2024-02-13,1.0024970931903505,1.0035274877631397,0.9956434741567484,0.9995321954707438,4965.538527077649,4970.642246563751,4931.591386888981,4950.852884639824,1.0024970931903505,1.0035274877631397,0.9956434741567484,0.9995321954707438,3389.4085490831567,3392.892278061189,3366.2366964140147,3379.384330812347
2024-02-14,1.015772668151461,1.0188932509158697,1.013630066470672,1.015665020351375,5079.493119811558,5095.097968394916,5068.778782994572,5078.954814069493,1.015772668151461,1.0188932509158697,1.013630066470672,1.015665020351375,3393.1376856491283,3403.561835964545,3385.980432125414,3392.778093568438
2024-02-15,0.9670553997759435,0.9770323980084914,0.9637106545245513,0.9768458285833612,4864.027555915056,4914.209163235249,4847.204390381771,4913.270769400589,0.9670553997759435,0.9770323980084914,0.9637106545245513,0.9768458285833612,3396.8668222150995,3431.9119026616727,3385.118111463008,3431.2565612092476
2024-02-16,1.0055132930139288,1.0129713137562582,1.0037534132941757,1.006938481896106,5033.167174111732,5070.498818998913,5024.357972982926,5040.301056824691,1.0055132930139288,1.0129713137562582,1.0037534132941757,1.006938481896106,3400.5959587810707,3425.818614088641,3394.644133077211,3405.4158767144327
2024-02-20,1.017160607036305,1.0185895337888993,1.0146944462538259,1.0166933859170357,5060.892771915206,5068.002411262007,5048.622364280373,5058.568108564071,1.017160607036305,1.0185895337888993,1.0146944462538259,1.0166933859170357,3411.4291439282524,3416.2215850969505,3403.1579498722067,3409.862142874625
2024-02-21,1.0202744385733151,1.020637029707156,1.0156082194370077,1.017000601246048,5082.803198084542,5084.60955459511,5059.557027591285,5066.493595287562,1.0202744385733151,1.020637029707156,1.0156082194370077,1.017000601246048,3422.262329075434,3423.4785528004304,3406.6106324674847,3411.281038421623
2024-02-22,1.0095359105328048,1.0119023780331469,1.0024801753423462,1.0030829000485244,5135.539462957694,5147.577754125959,5099.646726371775,5102.712805033845,1.0095359105328048,1.0119023780331469,1.0024801753423462,1.0030829000485244,3433.095514222616,3441.143082293464,3409.1013079946065,3411.1509740475944
2024-02-23,1.001282133563634,1.0040299823507841,0.9937154048517518,0.9961889328378943,5095.3245212786205,5109.30777418667,5056.8189522095945,5069.406241425477,1.001282133563634,1.0040299823507841,0.9937154048517518,0.9961889328378943,3443.928699369798,3453.379976869292,3417.902793885547,3426.41053983908
2024-02-26,1.015928362673031,1.0201517574706127,1.013927983386465,1.0169384843322251,5150.2793124218115,5171.689939049995,5140.138329617185,5155.400154476745,1.015928362673031,1.0201517574706127,1.013927983386465,1.0169384843322251,3454.7618845169795,3469.1239437979725,3447.9594027990534,3458.196900149112
2024-02-27,0.9976130972327042,1.0007275907142765,0.9927680471154273,0.9950835547936359,5066.058878105174,5081.874836613425,5041.454841500621,5053.213406281946,0.9976130972327042,1.0007275907142765,0.9927680471154273,0.9950835547936359,3456.017474743065,3466.806972121503,3439.232833565275,3447.254415299705
2024-02-28,0.9980982105549021,1.0003522876441595,0.9913310895410585,0.9913310895410585,5060.11838394282,5071.546013806855,5025.810704511677,5025.810704511677,0.9980982105549021,1.0003522876441595,0.9913310895410585,0.9913310895410585,3457.2730649691507,3465.080873784599,3433.8327011240526,3433.8327011240526
2024-02-29,0.9947213052481916,0.9975069386659147,0.9903868815678869,0.994854930489014,5069.368346297202,5083.564686314941,5047.278952927975,5070.049336603248,0.9947213052481916,0.9975069386659147,0.9903868815678869,0.994854930489014,3458.5286551952363,3468.21397403503,3443.458375285679,3458.9932543970463
2024-03-01,0.9935011351353007,0.9964497578398506,0.988964575794628,0.9934592753958351,5103.69481128085,5118.842122003939,5080.390143023068,5103.479774450437,0.9935011351353007,0.9964497578398506,0.988964575794628,0.9934592753958351,3459.784245421322,3470.052576294949,3443.9860586048158,3459.6384723950027
2024-03-04,1.0018171877947837,1.0059516293093105,0.9972982890461426,0.9993220019228553,5140.273899715645,5161.487512404607,5117.087656181305,5127.471225766074,1.0018171877947837,1.0059516293093105,0.9972982890461426,0.9993220019228553,3461.0398356474075,3475.3233466055594,3445.4281164906106,3452.419562602284
2024-03-05,1.0034301238203176,1.0057349637386825,0.998925722469042,1.0035109050074464,5096.070398340055,5107.7758735914595,5073.1941204174,5096.480657716067,1.0034301238203176,1.0057349637386825,0.998925722469042,1.0035109050074464,3462.768343448433,3470.722187484572,3447.2239641886204,3463.047113769251
2024-03-06,0.9993850193051174,1.0016988852542767,0.9960670193063048,0.9964696089595502,5101.620671147991,5113.432401490622,5084.683077474053,5086.738201032354,0.9993850193051174,1.0016988852542767,0.9960670193063048,0.9964696089595502,3464.4968512494584,3472.5181654979447,3452.9945770245313,3454.390205895358
2024-03-07,0.9960052826977354,0.9998794463815448,0.9907520994809136,0.9932229453223248,5136.757804773992,5156.738261590323,5109.665247778884,5122.408289287545,0.9960052826977354,0.9998794463815448,0.9907520994809136,0.9932229453223248,3466.225359050484,3479.7079425660654,3447.9436117563664,3456.5424702790906
2024-03-08,1.0055132930139288,1.0129713137562582,1.0037534132941757,1.006938481896106,5151.938404282536,5190.150990579802,5142.921326161235,5159.240630306259,1.0055132930139288,1.0129713137562582,1.0037534132941757,1.006938481896106,3467.9538668515092,3493.676124381188,3461.8841493035516,3472.8692561648872
2024-03-11,1.0024970931903505,1.0035274877631397,0.9956434741567484,0.9995321954707438,5130.719973122622,5135.993470722483,5095.643562125789,5115.545804487538,1.0024970931903505,1.0035274877631397,0.9956434741567484,0.9995321954707438,3469.6823746525347,3473.2486113153927,3445.9617261588864,3459.4207455363558
2024-03-12,0.9970226325940732,1.0011524907215161,0.9933763028369844,0.9973204762713932,5159.86131978513,5181.234450656341,5140.99057878316,5161.402741233053,0.9970226325940732,1.0011524907215161,0.9933763028369844,0.9973204762713932,3482.698011797511,3497.124011989732,3469.961023708955,3483.7384090251344
2024-03-13,0.990032249833865,0.9933079169869398,0.980325540173504,0.980325540173504,5113.823480389361,5130.74331669181,5063.685315913603,5063.685315913603,0.990032249833865,0.9933079169869398,0.980325540173504,0.980325540173504,3495.7136489424865,3507.279731136595,3461.4401417393224,3461.4401417393224
2024-03-14,1.0024970931903505,1.0035274877631397,0.9956434741567484,0.9995321954707438,5163.341228535036,5168.648255174296,5128.0418007748485,5148.070582128156,1.0024970931903505,1.0035274877631397,0.9956434741567484,0.9995321954707438,3508.7292860874627,3512.3356562588365,3484.741691527605,3498.3521752412544
2024-03-15,1.019911845253569,1.0233407365245504,1.0147252689365018,1.0203326906497376,5218.980704228585,5236.526649462412,5192.440526422284,5221.134207996866,1.019911845253569,1.0233407365245504,1.0147252689365018,1.0203326906497376,3521.7449232324384,3533.5848488908096,3503.835729512811,3523.198097979178
2024-03-18,1.018756237228025,1.0207811383288377,1.0159031484239507,1.0188719402799429,5246.003743106737,5256.430809333283,5231.31199055726,5246.599546716344,1.018756237228025,1.0207811383288377,1.0159031484239507,1.0188719402799429,3534.7605603774145,3541.786324037319,3524.8612484405994,3535.1620132173475
2024-03-19,1.00672842327449,1.0096407641518583,1.0056480136615105,1.0078212484348046,5213.353207211179,5228.43479356804,5207.758295226269,5219.01241323212,1.00672842327449,1.0096407641518583,1.0056480136615105,1.0078212484348046,3540.1091024650905,3550.350200472355,3536.3098972207813,3543.951966347734
2024-03-20,1.0085882582450276,1.010874427508917,1.005571737036657,1.0090088217043023,5269.490385792136,5281.434751451638,5253.7302087564585,5271.687670052732,1.0085882582450276,1.010874427508917,1.005571737036657,1.0090088217043023,3545.4576445527664,3553.4941413364013,3534.853765228628,3546.936037662656
2024-03-21,1.005732566037112,1.00820272758154,1.0026734356159186,1.0042282148816164,5271.577416860503,5284.524842700469,5255.542892983905,5263.692315148439,1.005732566037112,1.00820272758154,1.0026734356159186,1.0042282148816164,3550.8061866404423,3559.527257420239,3540.005721793098,3545.494974127099
2024-03-22,1.0010927155820921,1.0040953796702932,0.999805481944587,1.0023077274217078,5239.899470045475,5255.615954362655,5233.161857484719,5246.259060716155,1.0010927155820921,1.0040953796702932,0.999805481944587,1.0023077274217078,3556.1547287281182,3566.821011610648,3551.5821232983303,3560.470782607701
2024-03-25,1.0075656356297933,1.0115787160836716,1.003720652230414,1.0076488138073525,5257.668924187031,5278.609940480654,5237.605070262224,5258.102963721389,1.0075656356297933,1.0115787160836716,1.003720652230414,1.0076488138073525,3561.503270815794,3575.688549329784,3547.9121751403627,3561.7972857573145
2024-03-26,1.0034242418240276,1.006753798759509,0.999966718665964,1.005886066866263,5221.398316270674,5238.723932149006,5203.406817915837,5234.2086198239485,1.0034242418240276,1.006753798759509,0.999966718665964,1.005886066866263,3565.6288150425185,3577.460265445686,3553.342641670169,3574.376814086503
2024-03-27,0.9774219677112517,0.9826182690651174,0.9682263530365716,0.971889656088395,5129.989423312827,5157.262159005578,5081.726331648915,5100.95314108338,0.9774219677112517,0.9826182690651174,0.9682263530365716,0.971889656088395,3569.754359269243,3588.732364698643,3536.1700050645127,3549.549172374607
2024-03-28,1.008502036695199,1.0093533892745703,1.0053271427574115,1.007666729362312,5299.0226765094185,5303.495980934839,5282.340672547406,5294.633679424865,1.008502036695199,1.0093533892745703,1.0053271427574115,1.007666729362312,3573.8799034959675,3576.896884883705,3562.628870550936,3570.9197824633616
2024-04-01,1.0024970931903505,1.0035274877631397,0.9956434741567484,0.9995321954707438,5256.864182358765,5262.267334507719,5220.925380478933,5241.316940643623,1.0024970931903505,1.0035274877631397,0.9956434741567484,0.9995321954707438,3578.005447722692,3581.68302187207,3553.5442433906132,3567.4234517600576
2024-04-02,1.0057918579782457,1.0087546567001524,1.001924467533603,1.0087546567001524,5235.961312181731,5251.385079396221,5215.828412331106,5251.385079396221,1.0057918579782457,1.0087546567001524,1.001924467533603,1.0087546567001524,3582.1309919494165,3592.683009288256,3568.3572682313,3592.683009288256
2024-04-03,0.9800664850860946,0.9964676120183984,0.9782690204385748,0.9911007628836375,5107.606686361331,5193.080995357763,5098.2392173254275,5165.111714760447,0.9800664850860946,0.9964676120183984,0.9782690204385748,0.9911007628836375,3586.3844168272876,3646.4015145890307,3579.806904689326,3626.7624549973966
2024-04-04,0.9945819921869601,1.0035910918559945,0.993165588401814,0.9996954373589066,5119.322376004643,5165.694103912094,5112.031848277701,5145.642352128138,0.9945819921869601,1.0035910918559945,0.993165588401814,0.9996954373589066,3590.6378417051587,3623.162474611691,3585.5243437029512,3609.0983908404824
2024-04-05,0.9982979158201056,1.000834665660209,0.9932634972192714,0.9944742060112736,5195.481775219208,5208.683883882052,5169.280949118143,5175.581889312712,0.9982979158201056,1.000834665660209,0.9932634972192714,0.9944742060112736,3594.8912665830303,3604.0261547774044,3576.762221962523,3581.122009150067
2024-04-08,0.9690342254797795,0.9759149702148783,0.9591173643985298,0.967723920543285,5041.29396429375,5077.090281896181,4989.7025853732675,5034.477246995181,0.9690342254797795,0.9759149702148783,0.9591173643985298,0.967723920543285,3599.1446914609014,3624.7008537051884,3562.311918192379,3594.2780139665706
2024-04-09,1.0059370035426265,1.0098207665497116,1.0006633346699028,1.0056247217318033,5240.841254126765,5261.075309855008,5213.365913930073,5239.214293997739,1.0059370035426265,1.0098207665497116,1.0006633346699028,1.0056247217318033,3603.3981163387725,3617.3102641718388,3584.5071436285098,3602.2794819860005
2024-04-10,0.9526738757630326,0.9660781549901081,0.9472052270239508,0.9619468069254018,4916.406910217737,4985.581569768152,4888.185182788882,4964.2611696915055,0.9526738757630326,0.9660781549901081,0.9472052270239508,0.9619468069254018,3621.927691341406,3672.8888138725893,3601.1366832050326,3657.182028645436
2024-04-11,0.9912072065081468,0.999315367511685,0.9886637178619764,0.9983140887202452,5153.345739068246,5195.500554615302,5140.121988987487,5190.294846101879,0.9912072065081468,0.999315367511685,0.9886637178619764,0.9983140887202452,3640.45726634404,3670.2365228387575,3631.115665856253,3666.559075148708
2024-04-12,0.9781029081765193,0.9882967241878218,0.9731116166004663,0.9792466403571619,5011.222220780661,5063.449319671128,4985.649787606995,5017.082029672287,0.9781029081765193,0.9882967241878218,0.9731116166004663,0.9792466403571619,3658.9868413466734,3697.12090509054,3640.3149101567838,3663.2654310165453
2024-04-15,0.9689515987552694,0.9806765581096912,0.9531232846077773,0.9707617299072211,4904.6585816113975,4964.008215370797,4824.538504493339,4913.821139678969,0.9689515987552694,0.9806765581096912,0.9531232846077773,0.9707617299072211,3677.5164163493073,3722.016813027847,3617.4423267917773,3684.386508762178
2024-04-16,1.025711251441543,1.0259155851623107,1.017054367372384,1.0220974653032302,5181.2880726443245,5182.320246044748,5137.558601888534,5163.03335720739,1.025711251441543,1.0259155851623107,1.017054367372384,1.0220974653032302,3696.0459913519408,3696.7822870964596,3664.85179160377,3683.024081188293
2024-04-17,0.9859087324227679,0.994780948321524,0.9845101879503964,0.9921465574050397,4951.440695060949,4995.998826469841,4944.41691102636,4982.768362065164,0.9859087324227679,0.994780948321524,0.9845101879503964,0.9921465574050397,3674.9482943230464,3708.019240559496,3669.73525740162,3698.199619242903
2024-04-18,0.9956535975703638,1.0025552472741683,0.9866422588001824,0.9934448386143317,4989.339655856801,5023.924650720531,4944.1827559187695,4978.27129967705,0.9956535975703638,1.0025552472741683,0.9866422588001824,0.9934448386143317,3653.850597294152,3679.178278481764,3620.7807769990263,3645.744891403599
2024-04-19,1.032944056231333,1.0336449886692056,1.0298208370453685,1.0307005621744842,5130.8707044339635,5134.352397067338,5115.356956396866,5119.726753449963,1.032944056231333,1.0336449886692056,1.0298208370453685,1.0307005621744842,3632.7529002652573,3635.2180040927215,3621.768875053503,3624.862773503233
2024-04-22,1.0023575248177132,1.0109026830634118,0.9987906572305127,1.008073883738922,5022.412613851634,5065.228983757532,5004.540467119207,5051.055001862243,1.0023575248177132,1.0109026830634118,0.9987906572305127,1.008073883738922,3611.655203236363,3642.444781282548,3598.8032062576294,3632.2521628342915
2024-04-23,0.9714590983469102,0.9859234226554678,0.9662336934868216,0.9735755008694874,4925.831931122926,4999.174010745683,4899.336254509603,4936.563255933779,0.9714590983469102,0.9859234226554678,0.9662336934868216,0.9735755008694874,3590.5575062074686,3644.0183140857275,3571.2441695211473,3598.3798272671274
2024-04-24,0.9875980934798307,1.002693059997128,0.9856615990251764,0.9949111621598967,5008.732118835114,5085.288203873234,4998.910935464055,5045.821297344997,0.9875980934798307,1.002693059997128,0.9856615990251764,0.9949111621598967,3598.0039630987253,3652.9977401327706,3590.948952798113,3624.6468356062833
2024-04-25,1.01130308777476,1.0208523316140583,1.0052477898037366,1.0155634451678621,5105.482734383854,5153.691327967044,5074.91304700098,5126.9908078543385,1.01130308777476,1.0208523316140583,1.0052477898037366,1.0155634451678621,3605.450419989982,3639.4949370365403,3583.8623551687533,3620.639246700742
2024-04-26,1.0231298212421036,1.0242537084911763,1.0199138823581553,1.0219448561060376,5217.921163141878,5223.65294315666,5201.520003471298,5211.8778883465475,1.0231298212421036,1.0242537084911763,1.0199138823581553,1.0219448561060376,3612.8968768812388,3616.8655704407834,3601.540687951126,3608.712503842333
2024-04-29,0.9960052826977354,0.9998794463815448,0.9907520994809136,0.9932229453223248,5095.732347179673,5115.553227193868,5068.856168801266,5081.497436169719,0.9960052826977354,0.9998794463815448,0.9907520994809136,0.9932229453223248,3620.3433337724955,3634.425390273876,3601.248729385866,3610.2299169620037
2024-04-30,1.0103694995531796,1.0138654874828124,1.006479491024889,1.0116378657694136,5087.90758520495,5105.512296662323,5068.318708159123,5094.294684276378,1.0103694995531796,1.0138654874828124,1.006479491024889,1.0116378657694136,3627.7897906637522,3640.342336366106,3613.8224913432878,3632.3439325020718
2024-05-01,0.993135772026879,1.0071723633835488,0.991983673904828,1.0056604214634473,4983.94262698197,5054.383716680368,4978.16094928725,5046.796202467949,0.993135772026879,1.0071723633835488,0.991983673904828,1.0056604214634473,3623.0412642874667,3674.2479080592097,3618.838315250418,3668.7322191473563
2024-05-02,0.9759297999402905,0.9851741203664708,0.9713565195958709,0.9771049195365961,4942.303692857619,4989.118780359881,4919.143686537409,4948.254733517229,0.9759297999402905,0.9851741203664708,0.9713565195958709,0.9771049195365961,3618.2927379111807,3652.5663685217214,3601.3371463720578,3622.6495335554473
2024-05-03,1.0135369145931572,1.0161467814199912,1.0084290908536586,1.012391365305955,5197.204455281645,5210.587304297616,5171.0126077884825,5191.330319102223,1.0135369145931572,1.0161467814199912,1.0084290908536586,1.012391365305955,3613.544211534895,3622.849120936018,3595.3333830572615,3609.4600060795283
2024-05-06,0.9944769968187328,1.0045432440810538,0.9914239313789541,1.0030280703223797,5152.126756498682,5204.277366340479,5136.309618252202,5196.427645041966,0.9944769968187328,1.0045432440810538,0.9914239313789541,1.0030280703223797,3608.795685158609,3645.3244634030643,3597.7166059834994,3639.82614364297
2024-05-07,0.9934553451959838,1.0050345668827143,0.9931062336360001,1.0030975258243098,5153.748294273205,5213.817822617457,5151.937208233478,5203.769034718772,0.9934553451959838,1.0050345668827143,0.9931062336360001,1.0030975258243098,3604.0471587823235,3646.0541410012775,3602.7806554292124,3639.0269632255004
2024-05-08,0.9934553451959838,1.0050345668827143,0.9931062336360001,1.0030975258243098,5153.71849061285,5213.7876715804505,5151.907415046469,5203.738941792997,0.9934553451959838,1.0050345668827143,0.9931062336360001,1.0030975258243098,3604.379830860465,3646.3906905398003,3603.1132106025843,3639.362864119394
2024-05-09,0.9965031461070484,1.0021497043083656,0.9937456415532822,0.9997208795394591,5195.847124053838,5225.288730240163,5181.469274710137,5212.624643589103,0.9965031461070484,1.0021497043083656,0.9937456415532822,0.9997208795394591,3604.7125029386066,3625.1381473797455,3594.737611057228,3616.3522092257845
2024-05-10,0.995485485863207,1.0017567144114958,0.9893079781933931,0.9935349185327684,5199.102137308054,5231.854757222632,5166.838991551071,5188.914948322719,0.995485485863207,1.0017567144114958,0.9893079781933931,0.9935349185327684,3605.0451750167476,3627.755764513522,3582.6739857478447,3597.981402171235
2024-05-13,0.9897002747107799,0.9926747312034194,0.9832591925384029,0.9868891533409169,5167.640808380361,5183.171695000158,5134.009213103867,5152.962763037331,0.9897002747107799,0.9926747312034194,0.9832591925384029,0.9868891533409169,3605.377847094889,3616.213490794032,3581.913637203271,3595.137216702661
2024-05-14,1.0004615257008094,1.0076020098444884,0.9984597292210957,1.0039254819250791,5249.101477663923,5286.565313010881,5238.598692109739,5267.275747506675,1.0004615257008094,1.0076020098444884,0.9984597292210957,1.0039254819250791,3605.7105191730307,3631.445160763388,3598.495950257858,3618.194780761257
2024-05-15,1.0088764983253355,1.0098423507678453,1.0044722843908953,1.0071387532930658,5355.26778458563,5360.394674228338,5331.88955638953,5346.043573292587,1.0088764983253355,1.0098423507678453,1.0044722843908953,1.0071387532930658,3600.170547991438,3603.617187419556,3584.4541334251903,3593.969413863048
2024-05-16,1.0072270179251417,1.0120188316050733,1.005414277774218,1.010595649228804,5335.382236651269,5360.764952895234,5325.779970797811,5353.226213529898,1.0072270179251417,1.0120188316050733,1.005414277774218,1.010595649228804,3594.6305768098455,3611.731786036481,3588.161199938141,3606.652677955511
2024-05-17,1.0035252884699197,1.007248179503966,0.9998631432796823,1.0018995672496578,5321.965556583872,5341.709052917999,5302.544211860841,5313.343918008093,1.0035252884699197,1.007248179503966,0.9998631432796823,1.0018995672496578,3589.0906056282524,3602.405460161162,3575.993007541045,3583.276242177672
2024-05-20,1.009348348606371,1.0122857390964826,1.0049581233327536,1.0088862849096918,5357.7522496879365,5373.344300270212,5334.448363206289,5355.299555517682,1.009348348606371,1.0122857390964826,1.0049581233327536,1.0088862849096918,3583.55063444666,3593.979429984881,3567.9637514975193,3581.9101416914323
2024-05-21,0.9923177815410661,0.997060930203205,0.9885264262260975,0.9921897292779209,5280.529765870444,5305.770004592637,5260.354409783818,5279.848347276821,0.9923177815410661,0.997060930203205,0.9885264262260975,0.9921897292779209,3578.0106632650673,3595.1130842901434,3564.3401335239623,3577.548943872841
2024-05-22,0.9981716648594545,1.0021054847790605,0.9933860678918947,0.9975754961040924,5297.307007125774,5318.183828777322,5271.909796162964,5294.1431335793795,0.9981716648594545,1.0021054847790605,0.9933860678918947,0.9975754961040924,3586.970060865555,3601.106401109645,3569.7728255098277,3584.827704443317
2024-05-23,0.9877883488656658,0.9931874768384437,0.9822600880519876,0.9881231329150082,5203.5109756885095,5231.952717988627,5174.388982243782,5205.274564494997,0.9877883488656658,0.9931874768384437,0.9822600880519876,0.9881231329150082,3595.929458466042,3615.5843606013377,3575.804463129928,3597.1482011517974
2024-05-24,1.0035189795619452,1.0063881857194459,1.0015584184660717,1.0063638352260058,5323.387201261842,5338.607536549659,5312.986973605341,5338.478364000098,1.0035189795619452,1.0063881857194459,1.0015584184660717,1.0063638352260058,3604.8888560665296,3615.1957556006537,3597.8460347645973,3615.1082825939343
2024-05-28,1.00672842327449,1.0096407641518583,1.0056480136615105,1.0078212484348046,5341.741283031375,5357.194280220327,5336.008586408521,5347.539857045011,1.00672842327449,1.0096407641518583,1.0056480136615105,1.0078212484348046,3613.8482536670167,3624.3026699231186,3609.969912395583,3617.771162969925
2024-05-29,1.0125200823078482,1.0153030021382672,1.006896331093636,1.0092236909471453,5332.892647511321,5347.550147112146,5303.272631053626,5315.530719034066,1.0125200823078482,1.0153030021382672,1.006896331093636,1.0092236909471453,3622.8076512675043,3632.764968095755,3602.6858094555037,3611.0131278286144
2024-05-30,0.9984796951734396,1.0041665587640407,0.9914851538184812,1.0028871184374544,5227.520474486639,5257.29393507796,5190.900693113582,5250.595450836923,0.9984796951734396,1.0041665587640407,0.9914851538184812,1.0028871184374544,3629.222006506156,3649.892322177847,3603.7986117856226,3645.2418790975275
2024-05-31,1.0008148081037271,1.016263534013522,0.9991686495904085,1.0090361878167466,5281.810157915501,5363.340963391703,5273.122539899877,5325.198571564759,1.0008148081037271,1.016263534013522,0.9991686495904085,1.0090361878167466,3635.636361744808,3691.7565841930536,3629.6564005174587,3665.5019740302596
2024-06-03,1.0112652819243249,1.0127151177485225,1.0068818664403179,1.0085771678285955,5342.918990518978,5350.579053112543,5319.759653150775,5328.7166085056015,1.0112652819243249,1.0127151177485225,1.0068818664403179,1.0085771678285955,3642.05071698346,3647.272270316112,3626.2639379930997,3632.3695304098887
2024-06-04,0.9781292039247229,0.988921856915368,0.9742338690168237,0.9828022042933808,5175.614181895044,5232.721778370564,5155.002640483481,5200.3406156657375,0.9781292039247229,0.988921856915368,0.9742338690168237,0.9828022042933808,3648.4650722221118,3688.7221439003565,3633.935301207145,3665.895569705593
2024-06-05,1.008852740548353,1.0099986344423328,1.0030450077388424,1.0058378949406763,5401.427838478098,5407.562988763283,5370.333062783994,5385.286264649229,1.008852740548353,1.0099986344423328,1.0030450077388424,1.0058378949406763,3654.8794274607635,3659.0307806274145,3633.8391286019514,3643.9572217258824
2024-06-06,1.0053402187621514,1.0078806195006946,0.997856669290634,0.997856669290634,5381.545977425046,5395.144640962439,5341.486836445993,5341.486836445993,1.0053402187621514,1.0078806195006946,0.997856669290634,0.997856669290634,3655.2685696299427,3664.505091556117,3628.059488900845,3628.059488900845
2024-06-07,1.0013790565057261,1.0023760600094254,0.9916360564719772,0.9966247846985734,5354.363801345552,5359.694769109797,5302.268077595097,5328.942757535425,1.0013790565057261,1.0023760600094254,0.9916360564719772,0.9966247846985734,3655.657711799122,3659.297396015913,3620.089688903059,3638.301656384448
2024-06-10,0.9988379803094746,1.0028635848787557,0.9948694660681838,0.9982833880412483,5354.560656463228,5376.141077182185,5333.286285003659,5351.587603777643,0.9988379803094746,1.0028635848787557,0.9948694660681838,0.9982833880412483,3656.046853968301,3670.781775157702,3641.5209005175684,3654.01687978084
2024-06-11,0.9980982105549021,1.0003522876441595,0.9913310895410585,0.9913310895410585,5365.097273159976,5377.2136588194035,5328.721832231842,5328.721832231842,0.9980982105549021,1.0003522876441595,0.9913310895410585,0.9913310895410585,3656.4359961374803,3664.693588947558,3631.6453045967355,3631.6453045967355
2024-06-12,1.000532359790388,1.0035001727923092,0.9939847771398985,0.9943796455176247,5423.915938394486,5440.004541712292,5388.421296418704,5390.561889740408,1.000532359790388,1.0035001727923092,0.9939847771398985,0.9943796455176247,3656.8251383066595,3667.6721369919323,3632.894513177787,3634.337709488093
2024-06-13,0.9996654752609178,1.003963956185383,0.999299302281399,1.0021119006295298,5431.922279544259,5455.279107282763,5429.932590778529,5445.215518926701,0.9996654752609178,1.003963956185383,0.999299302281399,1.0021119006295298,3657.2531597145235,3672.979053357965,3655.9135242869843,3666.2033506841844
2024-06-14,1.0035252884699197,1.007248179503966,0.9998631432796823,1.0018995672496578,5450.747956853216,5470.969211793742,5430.856649037923,5441.917689473242,1.0035252884699197,1.007248179503966,0.9998631432796823,1.0018995672496578,3657.6811811223874,3671.250493855266,3644.333276790756,3651.755700238722
2024-06-17,0.9980167521763876,1.00513448631469,0.9937579594810275,0.9997675917238783,5462.37522851437,5501.332224532151,5439.065876570344,5471.957976050882,0.9980167521763876,1.00513448631469,0.9937579594810275,0.9997675917238783,3658.1092025302514,3684.198392612189,3642.499115107779,3664.5266922636274
2024-06-18,0.9952235696741137,1.0009477933018172,0.993420564785421,0.9988312589739408,5460.821583508952,5492.23057028087,5450.9284415945485,5480.617082927782,0.9952235696741137,1.0009477933018172,0.993420564785421,0.9988312589739408,3658.5372239381154,3679.5800186007823,3651.9092051680364,3671.799435563733
2024-06-20,1.0005852363617012,1.0030089388525072,0.994246900369729,0.9969931641855576,5476.373098097772,5489.638433859377,5441.682307696589,5456.713076425468,1.0005852363617012,1.0030089388525072,0.994246900369729,0.9969931641855576,3658.9652453459794,3667.8283015421353,3635.7870589555014,3645.8296655136455
2024-06-21,0.9981544122867504,0.9985016384586614,0.9893898680266218,0.9917360222312953,5454.534564470422,5456.43202355397,5406.639660615638,5419.460501805581,0.9981544122867504,0.9985016384586614,0.9893898680266218,0.9917360222312953,3664.776359928398,3666.0512190591135,3632.596875256804,3641.2109036678353
2024-06-24,0.9883419794904239,1.0005256284493795,0.9836063571644805,0.9988634908984027,5384.358619806496,5450.7335554605215,5358.559565005658,5441.67844616068,0.9883419794904239,1.0005256284493795,0.9836063571644805,0.9988634908984027,3670.5874745108167,3715.836133568724,3652.9999224748467,3709.663147494941
2024-06-25,0.9963451098651893,1.007575660224082,0.9933756385381723,1.0031197954121414,5449.31030938568,5510.733558463572,5433.069379856826,5486.363097047625,0.9963451098651893,1.007575660224082,0.9933756385381723,1.0031197954121414,3676.398589093235,3717.8380251735302,3665.441582239982,3701.3963977237554
2024-06-26,0.9956813807748965,1.0010604632545201,0.9944053314325039,1.0004097599158877,5454.243035746806,5483.709111661936,5447.252965054113,5480.144623843241,0.9956813807748965,1.0010604632545201,0.9944053314325039,1.0004097599158877,3682.2097036756536,3702.102522890498,3677.4906425767404,3699.696104337344
2024-06-27,1.007940926180988,1.0093347881574934,1.0028513028108805,1.0036566293252909,5526.409065929954,5534.051429945076,5498.503322642692,5502.918823228758,1.007940926180988,1.0093347881574934,1.0028513028108805,1.0036566293252909,3688.0208182580723,3693.1209107869154,3669.3980632349485,3672.3447249623314
2024-06-28,1.0003742398933413,1.0030533367586627,0.9981285068033106,0.9993288254142771,5462.523529452792,5477.152684303942,5450.260748829341,5456.815064598151,1.0003742398933413,1.0030533367586627,0.9981285068033106,0.9993288254142771,3682.0352541492225,3691.89609293736,3673.769479123084,3678.1874411872227
2024-07-01,0.9958814105034096,0.9992466707394175,0.9921314194589393,0.9949309726315401,5452.540351833113,5470.965454498678,5432.008813365444,5447.336618945219,0.9958814105034096,0.9992466707394175,0.9921314194589393,0.9949309726315401,3676.0496900403728,3688.471715109832,3662.2075264340547,3672.5413839233597
2024-07-02,0.987534374823686,0.9911453961778924,0.9781927846979968,0.9781927846979968,5440.336746247434,5460.229898997972,5388.873832829111,5388.873832829111,0.987534374823686,0.9911453961778924,0.9781927846979968,0.9781927846979968,3670.0641259315225,3683.4840941553243,3635.347121973489,3635.347121973489
2024-07-03,1.0084270143429541,1.0092581317292604,1.0039569687191918,1.005583910858763,5583.680546957225,5588.28246054755,5558.92981493754,5567.938226103188,1.0084270143429541,1.0092581317292604,1.0039569687191918,1.005583910858763,3664.078561822673,3667.098393059053,3647.836832765991,3653.74826089132
2024-07-05,0.991885127004683,0.9951453124864953,0.9889030854941261,0.9903400771408606,5522.012960209201,5540.1630322216915,5505.4113685320435,5513.411374057827,0.991885127004683,0.9951453124864953,0.9889030854941261,0.9903400771408606,3658.092997713823,3670.1166296421293,3647.0951665419793,3652.3948216507993
2024-07-08,1.0044225491732557,1.00699181977598,1.0001868598943748,1.0010711732433226,5597.496203160178,5611.814362838571,5573.891342162367,5578.819487809051,1.0044225491732557,1.00699181977598,1.0001868598943748,1.0010711732433226,3656.8847100349517,3666.2388671979684,3641.4634838058632,3644.6830769614617
2024-07-09,0.992669121064383,0.9967033729795847,0.9887952564952166,0.9896795698441644,5536.095834793642,5558.594777039683,5514.491369568693,5519.423167429508,0.992669121064383,0.9967033729795847,0.9887952564952166,0.9896795698441644,3655.6764223560804,3670.5332556102812,3641.410243356055,3644.666880830843
2024-07-10,1.0008699956302083,1.0012767638946611,0.9934117397933948,0.9954816131288791,5638.811477080987,5641.10317287377,5596.792334939405,5608.453815022923,1.0008699956302083,1.0012767638946611,0.9934117397933948,0.9954816131288791,3654.468134677209,3655.95336419466,3627.235868334023,3634.7935793058487
2024-07-11,1.009157000196094,1.0169600225437292,1.007633242334254,1.012918363678022,5635.677633875094,5679.253924296358,5627.168147145335,5656.68311869446,1.009157000196094,1.0169600225437292,1.007633242334254,1.012918363678022,3653.2598469983377,3681.5076500877553,3647.7436751716286,3666.876398412858
2024-07-12,0.9983484732623986,1.000584987621875,0.9941870958471624,0.9988137540607155,5606.07609933401,5618.6349102424965,5582.708508665363,5608.688813864839,0.9983484732623986,1.000584987621875,0.9941870958471624,0.9988137540607155,3652.0515593194664,3660.232936837154,3636.8288537359463,3653.7535997497603
2024-07-15,1.0006534861257854,1.004496906538599,0.9978529786285064,1.0029580620578304,5634.899924141246,5656.543070038289,5619.129650312419,5647.877498221296,1.0006534861257854,1.004496906538599,0.9978529786285064,1.0029580620578304,3658.7569969716474,3672.809954886309,3648.5173120629265,3667.183373767743
2024-07-16,0.9971673118247217,0.9986804080725791,0.9934595772477395,0.9961514819574824,5651.146589573063,5659.72160862892,5630.134116178389,5645.3896785494435,0.9971673118247217,0.9986804080725791,0.9934595772477395,0.9961514819574824,3665.4624346238284,3671.024387358061,3651.833265628492,3661.728370967529
2024-07-17,1.0166769948973045,1.0222037187928037,1.0102295296043877,1.0208143262794063,5681.46555027476,5712.350375618262,5645.4353734023125,5704.586075117418,1.0166769948973045,1.0222037187928037,1.0102295296043877,1.0208143262794063,3672.1678722760093,3692.1300215425445,3648.880067963436,3687.1116306718095
2024-07-18,1.0139747873179616,1.0171597106826233,1.01239242539347,1.0138452642362872,5622.074466015297,5639.733560253767,5613.30091791238,5621.356313631875,1.0139747873179616,1.0171597106826233,1.01239242539347,1.0138452642362872,3678.8733099281903,3690.4287546068626,3673.132231231296,3678.403378117112
2024-07-19,1.009180371009645,1.0126710293693932,1.0048501366375835,1.0077481501524126,5555.537942408096,5574.75401667851,5531.7000021898975,5547.6535665890315,1.009180371009645,1.0126710293693932,1.0048501366375835,1.0077481501524126,3685.5787475803713,3698.3268118861415,3669.7645083896655,3680.3482031654257
2024-07-22,0.9890466705542115,0.9940734432030757,0.9835457004210759,0.9901720639342149,5503.46118409856,5531.432208093626,5472.851530880039,5509.723334276185,0.9890466705542115,0.9940734432030757,0.9835457004210759,0.9901720639342149,3680.074209613267,3698.777974494563,3659.606036656918,3684.26160670657
2024-07-23,1.0004873848755027,1.0055178879378768,0.9970873083046037,1.0031926973371543,5558.447783648226,5586.39595073198,5539.557842240219,5573.477796303921,1.0004873848755027,1.0055178879378768,0.9970873083046037,1.0031926973371543,3674.5696716461625,3693.045600743882,3662.081939729128,3684.5056881059286
2024-07-24,1.0005699784609223,1.004358870541422,0.9883892748645767,0.9901603942872146,5430.2233472046255,5450.7861570814675,5364.11708529579,5373.729180647971,1.0005699784609223,1.004358870541422,0.9883892748645767,0.9901603942872146,3669.0651336790584,3682.9589063557255,3624.3987976594867,3630.8934483696535
2024-07-25,1.012678742760887,1.0160199548276316,1.0051221041713196,1.010292174112076,5467.675321489436,5485.715260504446,5426.875367283873,5454.7897123094035,1.012678742760887,1.0160199548276316,1.0051221041713196,1.010292174112076,3663.5605957119537,3675.6480745468216,3636.222998699401,3654.926723496064
2024-07-26,0.9925323289175165,1.0061885508402613,0.9863567968951509,1.0006143377632766,5418.333236793615,5492.883917892071,5384.620389930318,5462.453731283504,0.9925323289175165,1.0061885508402613,0.9863567968951509,1.0006143377632766,3658.0560577448496,3708.387139035559,3635.2956481682168,3687.8429377845396
2024-07-29,0.9654317187597261,0.9790875605293563,0.9455113160331556,0.9635613433131827,5274.674812712514,5349.284050454559,5165.838895599787,5264.455941645306,0.9654317187597261,0.9790875605293563,0.9455113160331556,0.9635613433131827,3646.394012523047,3697.9715386154276,3571.155509563427,3639.3296850341926
2024-07-30,0.9774916114458263,0.9885641426859983,0.9711648352741812,0.9799351201602713,5314.074496128547,5374.269647863868,5279.679357077969,5327.3584846441045,0.9774916114458263,0.9885641426859983,0.9711648352741812,0.9799351201602713,3634.7319673012444,3675.9043751115446,3611.2063069970864,3643.8179779971674
2024-07-31,1.008985421821661,1.0125448654722817,1.005269213346121,1.0073829132720287,5571.920194925759,5591.576510597582,5551.398176861284,5563.070661962124,1.008985421821661,1.0125448654722817,1.005269213346121,1.0073829132720287,3623.0699220794413,3635.8511902236505,3609.725742014285,3617.3156263280066
2024-08-01,1.0195490317966271,1.0288741630409906,1.01352303918441,1.0255280226435097,5553.157320506053,5603.948326352102,5520.335667064942,5585.722970371952,1.0195490317966271,1.0288741630409906,1.01352303918441,1.0255280226435097,3611.4078768576387,3644.439002755802,3590.0628345821356,3632.5864312642293
2024-08-02,0.9840597778742185,0.9871794211280602,0.9691400059262476,0.9771183050501029,5261.334645991182,5278.014005826442,5181.565190085039,5224.2216450486785,0.9840597778742185,0.9871794211280602,0.9691400059262476,0.9771183050501029,3599.745831635836,3611.1576615385547,3545.1684694813894,3574.3535349219087
2024-08-05,1.0162742929823136,1.0180562532667663,1.008801781503375,1.0140403998119152,5270.733853922962,5279.975688005028,5231.978943464399,5259.14814675653,1.0162742929823136,1.0180562532667663,1.008801781503375,1.0140403998119152,3610.5706859779543,3616.9015492213225,3584.022704706761,3602.6342171994534
2024-08-06,1.0143875105733078,1.0222634801002048,1.0077804078298578,1.0142800460658634,5315.42098702945,5356.691303629476,5280.799570440689,5314.857869786506,1.0143875105733078,1.0222634801002048,1.0077804078298578,1.0142800460658634,3621.3955403200725,3649.513000977964,3597.8079742665004,3621.011888624892
2024-08-07,0.9936912456566036,0.9968456162707411,0.9855017629077267,0.9891661316118115,5166.6976317915105,5183.098781799718,5124.116416238725,5143.169301315615,0.9936912456566036,0.9968456162707411,0.9855017629077267,0.9891661316118115,3632.2203946621903,3643.750504570145,3602.2855367350185,3615.679832799028
2024-08-08,1.012353575249788,1.0192272626100727,1.0116168670118637,1.0185949234414728,5385.02249636195,5421.585770274386,5381.103716864877,5418.222162211461,1.012353575249788,1.0192272626100727,1.0116168670118637,1.0185949234414728,3643.0452490043085,3667.7808302214216,3640.3941382543803,3665.5053009397093
2024-08-09,1.0150355814665935,1.0188854509982155,1.0111225844165672,1.0154403332271156,5424.51255305051,5445.086871806623,5403.600870735641,5426.675611219021,1.0150355814665935,1.0188854509982155,1.0111225844165672,1.0154403332271156,3653.8701033464267,3667.728655145225,3639.784308526391,3655.3271068092135
2024-08-12,1.0214734910692342,1.0226340444279078,1.012903793122865,1.015807422875724,5459.152710935505,5465.355160700066,5413.352902927909,5428.871032742791,1.0214734910692342,1.0226340444279078,1.012903793122865,1.015807422875724,3648.4250565312554,3652.570236988943,3617.8164298876895,3628.1874044042493
2024-08-13,0.9935371150123105,0.9958076134640406,0.990698166721773,0.991802355802406,5399.30790393635,5411.646768837386,5383.879838177805,5389.88047644327,0.9935371150123105,0.9958076134640406,0.990698166721773,0.991802355802406,3642.980009716084,3651.3051949021874,3632.5705023964533,3636.6192074593164
2024-08-14,1.004394744614467,1.0087151858557282,1.001122546661635,1.0036155710948698,5479.184254768286,5502.753169032027,5461.3337277740175,5474.933699592444,1.004394744614467,1.0087151858557282,1.001122546661635,1.0036155710948698,3637.534962900913,3653.181954439364,3625.68430903919,3634.713093377104
2024-08-15,1.0038870986518766,1.0085020615380371,0.998679929709563,1.0015746291245347,5564.767042989056,5590.348797558879,5535.902559964644,5551.948515655703,1.0038870986518766,1.0085020615380371,0.998679929709563,1.0015746291245347,3632.0899160857416,3648.7869731397104,3613.2502419509406,3623.723340538757
2024-08-16,0.992548932144325,0.9999432669405585,0.9924628462574836,0.9975112458216195,5512.864906362617,5553.934890404596,5512.386763825628,5540.42683710473,0.992548932144325,0.9999432669405585,0.9924628462574836,0.9975112458216195,3626.6448692705703,3653.6628081166623,3626.33032262232,3644.776518859464
2024-08-19,1.0045413837712365,1.0072313902212189,0.9991036751570599,1.0020159862278737,5633.719215535037,5648.805444208151,5603.2231861995815,5619.556154762473,1.0045413837712365,1.0072313902212189,0.9991036751570599,1.0020159862278737,3636.3488512439176,3646.0864310213774,3616.6648384277137,3627.207140803611
2024-08-20,0.9852399681007741,0.9883620636440296,0.9757877037554354,0.9834977149116435,5514.506330256205,5531.981073663271,5461.600872443622,5504.754730086258,0.9852399681007741,0.9883620636440296,0.9757877037554354,0.9834977149116435,3646.052833217265,3657.606693870122,3611.0730756836006,3639.605320548187
2024-08-21,1.0111110822494473,1.0180127732905884,1.0023936427355524,1.0083188823444391,5683.303726661807,5722.097096750404,5634.30430677013,5667.609189825741,1.0111110822494473,1.0180127732905884,1.0023936427355524,1.0083188823444391,3655.7568151906125,3680.7104572809153,3624.238182398028,3645.6613825410172
2024-08-22,0.9974072842524386,1.001668568582653,0.9950436632183971,0.9961559823648743,5556.196913948005,5579.9349948892705,5543.030032070932,5549.226361601064,0.9974072842524386,1.001668568582653,0.9950436632183971,0.9961559823648743,3665.46079716396,3681.1209701991675,3656.7745158660196,3660.862276492716
2024-08-23,1.0133787320280123,1.017199144911514,1.0041794452994792,1.0064159674921085,5709.993937272358,5731.520473909866,5658.1595442788985,5670.761474590709,1.0133787320280123,1.017199144911514,1.0041794452994792,1.0064159674921085,3675.164779137307,3689.0200599197537,3641.8022331223237,3649.9133048572326
2024-08-26,1.0044854077895673,1.0091181518195156,0.9964332058407271,1.0035507513122568,5642.033817888753,5668.055199865928,5596.80588789443,5636.784002000737,1.0044854077895673,1.0091181518195156,0.9964332058407271,1.0035507513122568,3666.595749863056,3683.506298725873,3637.2034170190914,3663.18404528207
2024-08-27,1.0055944929567635,1.0086652667335179,1.0043217016778574,1.0064268797823628,5657.27349847616,5674.549057589425,5650.11302929929,5661.956340279617,1.0055944929567635,1.0086652667335179,1.0043217016778574,1.0064268797823628,3658.0267205888053,3669.1971999489524,3653.396718594382,3661.054673974822
2024-08-28,0.9906794285854897,0.9960945102516073,0.9858403329564915,0.9922771414997185,5540.057686947204,5570.339798338834,5512.996593152633,5548.992385151896,0.9906794285854897,0.9960945102516073,0.9858403329564915,0.9922771414997185,3649.4576913145543,3669.40572986798,3631.6314659456984,3655.343334556052
2024-08-29,1.0017988079007814,1.004563979294653,0.9994899334109414,1.0026225508723132,5602.018861828853,5617.481589656528,5589.107728036648,5606.62519957594,1.0017988079007814,1.004563979294653,0.9994899334109414,1.0026225508723132,3640.8886620403036,3650.938265910009,3632.497401354191,3643.882433266455
2024-08-30,0.9883419794904239,1.0005256284493795,0.9836063571644805,0.9988634908984027,5582.55083695371,5651.368959733475,5555.802147807852,5641.980541990537,0.9883419794904239,1.0005256284493795,0.9836063571644805,0.9988634908984027,3632.3196327660526,3677.0965503013795,3614.915440386449,3670.9879209159476
2024-09-03,0.9870487422203953,0.999180098101635,0.9817055368789425,0.9971625699857972,5457.3234023246105,5524.3968197970735,5427.781194016092,5513.242048071574,0.9870487422203953,0.999180098101635,0.9817055368789425,0.9971625699857972,3652.328437622253,3697.217503558649,3632.55723486205,3689.752142431091
2024-09-04,0.9998187460247647,1.0013251850921088,0.989918861804059,0.9921918730184558,5519.0694653689225,5527.385114471396,5464.421411478732,5476.968592492987,0.9998187460247647,1.0013251850921088,0.989918861804059,0.9921918730184558,3672.3372424784543,3677.8703976753613,3635.974938146323,3644.32371513054
2024-09-05,0.9793096975592137,0.9839954112113493,0.9733180874780664,0.9810794214816846,5389.542782644352,5415.330186014651,5356.568495807665,5399.282298976517,0.9793096975592137,0.9839954112113493,0.9733180874780664,0.9810794214816846,3692.346047334655,3710.012855215273,3669.7555452131774,3699.018536278954
2024-09-06,0.9755211983028556,0.9834179053647452,0.970545639446329,0.982345720783871,5276.02835932513,5318.737067732795,5249.118447294315,5312.938243201904,0.9755211983028556,0.9834179053647452,0.970545639446329,0.982345720783871,3712.354852190856,3742.4058432185616,3693.420317405223,3738.3256349789276
2024-09-09,1.0275427369823231,1.0313687669376486,1.025086031271655,1.0268942812653206,5621.737691167139,5642.670092354222,5608.296931388788,5618.189957516633,1.0275427369823231,1.0313687669376486,1.025086031271655,1.0268942812653206,3732.3636570470567,3746.2610207693365,3723.4401166622683,3730.008258615209
2024-09-10,0.9972244712096059,1.0117261143537448,0.9934866853760942,1.0093465180239207,5480.267026021814,5559.961095953292,5459.725949218034,5546.883976730817,0.9972244712096059,1.0117261143537448,0.9934866853760942,1.0093465180239207,3731.8090590205793,3786.0770446330243,3717.821533205796,3777.172129644649
2024-09-11,0.9870260424168597,0.99547807262142,0.9840799958824689,0.992086946478744,5482.070952968753,5529.0146274888075,5465.708227530697,5510.1798720459865,0.9870260424168597,0.99547807262142,0.9840799958824689,0.992086946478744,3731.254460994102,3763.2056700300873,3720.11752154028,3750.386196172365
2024-09-12,1.010635771815382,1.0142030674940887,1.0059195079341654,1.0059195079341654,5655.275226493643,5675.236956960722,5628.884145717686,5628.884145717686,1.010635771815382,1.0142030674940887,1.0059195079341654,1.0059195079341654,3730.6998629676245,3743.8683158077715,3713.2900645950926,3713.2900645950926
2024-09-13,1.0001360178109264,1.0075711808324348,0.9961742649413289,1.0021138689374343,5626.785238924629,5668.615614786895,5604.496338045215,5637.9126689193845,1.0001360178109264,1.0075711808324348,0.9961742649413289,1.0021138689374343,3730.145264941147,3757.8757312425696,3715.369361019857,3737.5219335971265
2024-09-16,0.9992570418139317,1.0073267585217556,0.996927052352627,1.0039650706435883,5628.9048496716405,5674.362290161316,5615.77980933706,5655.425599791691,0.9992570418139317,1.0073267585217556,0.996927052352627,1.0039650706435883,3729.59066691467,3759.7097842776166,3720.8942989279935,3747.1627426148098
2024-09-17,1.002145109636,1.004152554772494,0.9953724183520589,0.998896099704903,5646.666791852812,5657.97790207,5608.505520998144,5628.359985475252,1.002145109636,1.004152554772494,0.9953724183520589,0.998896099704903,3728.817330736619,3736.286704326819,3703.6172590180026,3716.7282984973563
2024-09-18,0.9996681168457495,1.000184613842469,0.9955853946617099,0.9988103240182379,5616.395394149801,5619.297208566591,5593.457599412099,5611.5760910187055,0.9996681168457495,1.000184613842469,0.9955853946617099,0.9988103240182379,3728.043994558569,3729.970157346378,3712.818373511771,3724.845043481415
2024-09-19,0.9941348301874164,0.9992025991065052,0.9917356866711566,0.9954822684070974,5680.1285311520305,5709.083938358893,5666.420688791788,5687.827308061528,0.9941348301874164,0.9992025991065052,0.9917356866711566,0.9954822684070974,3727.2706583805184,3746.2710452717124,3718.275643859487,3732.322555555523
2024-09-20,1.0025234428684178,1.0111361788204478,1.000512221972133,1.009146427204856,5716.940059129296,5766.054616532545,5705.470971407187,5754.707958457052,1.0025234428684178,1.0111361788204478,1.000512221972133,1.009146427204856,3726.4973222024682,3758.511872775217,3719.021378036097,3751.115732445435
2024-09-23,0.9989632425551271,1.0003012682596917,0.9915351423938406,0.9920925052847033,5712.641229978473,5720.292823631825,5670.163119239144,5673.3504379459455,0.9989632425551271,1.0003012682596917,0.9915351423938406,0.9920925052847033,3725.7239860244176,3730.714274204254,3698.020212989976,3700.098948425822
2024-09-24,1.0056986328081523,1.0091420125670372,1.0017769493511268,1.0090038262264316,5765.599862984841,5785.340518105944,5743.1171262435555,5784.548305488297,1.0056986328081523,1.0091420125670372,1.0017769493511268,1.0090038262264316,3732.5714477476663,3745.351281141571,3718.0164277632753,3744.838413397112
2024-09-25,0.9996919843647482,1.004116095992876,0.9976684366319732,1.0032725421431172,5720.497454451024,5745.8133714561955,5708.918188201676,5740.986337003874,0.9996919843647482,1.004116095992876,0.9976684366319732,1.0032725421431172,3739.4189094709145,3755.967613410303,3731.849685375391,3752.8122402891013
2024-09-26,1.0015640971419841,1.0055401308656653,0.9997548118919073,1.0035863928827946,5754.356316796641,5777.200101671668,5743.961303599407,5765.975154077021,1.0015640971419841,1.0055401308656653,0.9997548118919073,1.0035863928827946,3746.266371194163,3761.1383913397185,3739.498891701236,3753.8305985342067
2024-09-27,0.9997566634470549,1.0066675400553153,0.9958557647474837,1.0006593463922537,5736.773693491988,5776.429478319209,5714.389673601068,5741.953441687639,0.9997566634470549,1.0066675400553153,0.9958557647474837,1.0006593463922537,3753.1138329174114,3779.0574525444295,3738.4697526072173,3756.5025293594863
2024-09-30,1.0091894377427502,1.0115608873364936,1.0072402630809767,1.0080754502918208,5815.433951203842,5829.099382058797,5804.201871198866,5809.014620797611,1.0091894377427502,1.0115608873364936,1.0072402630809767,1.0080754502918208,3759.96129464066,3768.796661273718,3752.69920785034,3755.8108848746024
2024-10-01,1.0013116242790816,1.0030103997537034,0.9884462584167677,0.9987398545073576,5716.237735103207,5725.9356195939545,5642.792577736723,5701.556144418878,1.0013116242790816,1.0030103997537034,0.9884462584167677,0.9987398545073576,3763.956183893978,3770.341924654107,3715.594942277134,3754.2888350875546
2024-10-02,0.9989083023607858,1.0009395140777204,0.9861356618383795,0.9969487325873312,5703.306908661,5714.904193207308,5630.381006692702,5692.118666656671,0.9989083023607858,1.0009395140777204,0.9861356618383795,0.9969487325873312,3767.951073147296,3775.61294396219,3719.7717913758015,3760.5594406887963
2024-10-03,1.0151644343715815,1.0167988945868909,1.0048130722392328,1.0088439420088027,5786.376366051953,5795.692691211602,5727.374222979292,5750.349938813654,1.0151644343715815,1.0167988945868909,1.0048130722392328,1.0088439420088027,3771.945962400614,3778.0189643706417,3733.4844311663865,3748.4615348133475
2024-10-04,1.0148627384612454,1.01865382462706,1.0101343083557222,1.0156938621849885,5836.546649282314,5858.349451197946,5809.353116755343,5841.326499996221,1.0148627384612454,1.01865382462706,1.0101343083557222,1.0156938621849885,3775.940851653932,3790.0461257793213,3758.3480563694125,3779.0331654243814
2024-10-07,1.005312407416284,1.0064467299099111,0.9994786546717755,1.0036240000085417,5726.199153898709,5732.660186763059,5692.970448291153,5716.582086608652,1.005312407416284,1.0064467299099111,0.9994786546717755,1.0036240000085417,3779.93574090725,3784.2007495789285,3758.0010563853943,3773.5873944045543
2024-10-08,1.0117786867559735,1.0126852116513518,1.0057662764267212,1.0082461747317426,5818.870758762882,5824.084301284439,5784.29260534601,5798.554822884967,1.0117786867559735,1.0126852116513518,1.0057662764267212,1.0082461747317426,3786.804123553445,3790.1969922280455,3764.3013563719114,3773.5829208586647
2024-10-09,1.0025806800236061,1.0043171166003348,1.0009953456003817,1.0039192514450441,5806.987401923928,5817.0449120338035,5797.805081531235,5814.740461139753,1.0025806800236061,1.0043171166003348,1.0009953456003817,1.0039192514450441,3793.6725061996403,3800.24302150195,3787.673747461963,3798.737536576023
2024-10-10,1.0076269150453738,1.0077625815568503,0.9995749993574274,1.003466955291687,5824.1339503080135,5824.918109527673,5777.593475035898,5800.089174933716,1.0076269150453738,1.0077625815568503,0.9995749993574274,1.003466955291687,3800.540888845836,3801.0525922515453,3770.170883491025,3784.850461264187
2024-10-11,1.005070733975635,1.0077617775834309,1.001874392180302,1.0038137843974488,5844.516470190337,5860.164969500978,5825.929646760221,5837.207270684697,1.005070733975635,1.0077617775834309,1.001874392180302,1.0038137843974488,3807.409271492031,3817.6034837359625,3795.300888494677,3802.6476947034466
2024-10-14,1.00908531667862,1.0107386285329998,1.0055502651047692,1.0077221693499978,5913.088592939212,5922.7767524091,5892.373720974182,5905.100754065585,1.00908531667862,1.0107386285329998,1.0055502651047692,1.0077221693499978,3814.2776541382264,3820.527066707462,3800.915386348277,3809.125044830645
2024-10-15,1.00101658025083,1.0017450953929536,0.9950965927746631,0.9983111849181208,5821.171678469442,5825.408183434828,5786.745412098788,5805.439101206951,1.00101658025083,1.0017450953929536,0.9950965927746631,0.9983111849181208,3804.6798415781395,3807.448793591729,3782.179058416962,3794.3971316920765
2024-10-16,1.0001600169563312,1.0038566338193555,0.9926760979048093,0.9982906896006573,5843.404894266856,5865.0022673905705,5799.680321725911,5832.483405271152,1.0001600169563312,1.0038566338193555,0.9926760979048093,0.9982906896006573,3795.0820290180527,3809.1087487300856,3766.6844864073323,3787.9889133829574
2024-10-17,1.0053916851109816,1.0067061204393069,1.0011572048050066,1.0057198774897507,5872.965366825246,5880.643601362598,5848.229777152302,5874.882492760054,1.0053916851109816,1.0067061204393069,1.0011572048050066,1.0057198774897507,3785.4842164579663,3790.4333067106677,3769.540620941358,3786.7199209979885
2024-10-18,0.992932023205734,0.996249398906349,0.9881245618191032,0.9929736100701432,5823.218648533973,5842.673962284098,5795.02447396364,5823.462541770066,0.992932023205734,0.996249398906349,0.9881245618191032,0.9929736100701432,3775.8864038978795,3788.5016016272593,3757.6047615872235,3776.0445489392655
2024-10-21,0.9874185711812644,0.9938586546739028,0.9853214893544324,0.9938172055897773,5780.328567323698,5818.028687287933,5768.05229225106,5817.786045178444,0.9874185711812644,0.9938586546739028,0.9853214893544324,0.9938172055897773,3766.2885913377927,3790.8528578945475,3758.289738986808,3790.6947595791835
2024-10-22,1.0142968960445462,1.0167534159592835,1.0108882712818594,1.0115798952914032,5934.853998135849,5949.2275874609595,5914.909452924416,5918.956283329058,1.0142968960445462,1.0167534159592835,1.0108882712818594,1.0115798952914032,3762.941590392449,3772.055037343574,3750.295928224326,3752.861785184527
2024-10-23,1.0023589562005428,1.0035723083527532,0.9914556093966842,0.9975673865442926,5811.095859856151,5818.130171890419,5747.884579028525,5783.317118099612,1.0023589562005428,1.0035723083527532,0.9914556093966842,0.9975673865442926,3759.5945894471056,3764.1455660791057,3718.6988969438594,3741.6226251690778
2024-10-24,1.0087670910526876,1.0141802535161397,1.0063867845705086,1.0115728238974424,5860.795571623367,5892.245287693279,5846.966324204815,5877.096486648795,1.0087670910526876,1.0141802535161397,1.0063867845705086,1.0115728238974424,3756.247588501762,3776.404053388312,3747.384273507763,3766.6950221319503
2024-10-25,1.0175790347430616,1.0194639785190271,1.01289536698283,1.016602085972219,5910.2211432718705,5921.169122915931,5883.017838880314,5904.546907576964,1.0175790347430616,1.0194639785190271,1.01289536698283,1.016602085972219,3752.9005875564185,3759.8523882154386,3735.626902772091,3749.297534141473
2024-10-28,0.9955566323926406,1.004053208301062,0.9902669274707361,1.0012684839012982,5797.64395987119,5847.123939605402,5766.839257464381,5830.907041368889,0.9955566323926406,1.004053208301062,0.9902669274707361,1.0012684839012982,3749.553586611075,3781.554143520398,3729.6310313121626,3771.066067783547
2024-10-29,1.0023589562005428,1.0035723083527532,0.9914556093966842,0.9975673865442926,5846.67960280127,5853.756988836942,5783.081253162108,5818.730760321935,1.0023589562005428,1.0035723083527532,0.9914556093966842,0.9975673865442926,3741.9006782695947,3746.430236481501,3701.197454590707,3724.0132960740375
2024-10-30,0.9919093915149015,1.0010860548766933,0.9907179640286337,0.9995246175455024,5766.633872168438,5819.983964654985,5759.707305934347,5810.906283285761,0.9919093915149015,1.0010860548766933,0.9907179640286337,0.9995246175455024,3734.247769928114,3768.7952144702167,3729.7623950827037,3762.916861143027
2024-10-31,0.9920908808709967,1.0013463350987064,0.9901384927182288,0.9984165808711214,5660.324916265428,5713.131447588914,5649.185663279219,5696.41588133114,0.9920908808709967,1.0013463350987064,0.9901384927182288,0.9984165808711214,3726.5948615866337,3761.3611605534697,3719.261098321377,3750.356113273281
2024-11-01,1.009180436149568,1.017068483474386,1.0019690696991277,1.0066004582859178,5781.392882613645,5826.581928128063,5740.080406492363,5766.612705428366,1.009180436149568,1.017068483474386,1.0019690696991277,1.0066004582859178,3718.941953245153,3748.010283421444,3692.367267220629,3709.4344483710192
2024-11-04,0.9897949073606955,0.9960847564453662,0.982604267985528,0.9909875531338463,5654.391469330371,5690.323427297879,5613.313575678246,5661.2046849121925,0.9897949073606955,0.9960847564453662,0.982604267985528,0.9909875531338463,3711.2890449036727,3734.873171098342,3684.3273572444864,3715.760934139947
2024-11-05,0.9760052037406858,0.9803553112062601,0.9687820405410157,0.9737795420644083,5644.003851983488,5669.159479431113,5602.2340327589645,5631.133384668378,0.9760052037406858,0.9803553112062601,0.9687820405410157,0.9737795420644083,3721.6495186913253,3738.2371099187703,3694.106548897259,3713.1627476428293
2024-11-06,0.9926411043709283,0.9970591484256817,0.9874506492451861,0.9950925434381648,5885.4088134594085,5911.6035733818035,5854.634397400679,5899.943493746617,0.9926411043709283,0.9970591484256817,0.9874506492451861,0.9950925434381648,3732.009992478978,3748.62041137756,3712.495557393137,3741.2266117128524
2024-11-07,0.993523142453121,0.9940737115534017,0.9841710250987947,0.9850717910543996,5934.4130821867375,5937.701686479624,5878.5519500176115,5883.932315147034,0.993523142453121,0.9940737115534017,0.9841710250987947,0.9850717910543996,3742.37046626663,3744.444331939696,3707.1432166049126,3710.536192334648
2024-11-08,0.9933803046749525,1.0003318824899716,0.9917588761990951,0.9963236368179167,5955.851351890865,5997.529814743924,5946.130012606723,5973.498217487292,0.9933803046749525,1.0003318824899716,0.9917588761990951,0.9963236368179167,3752.7309400542827,3778.9921826275927,3746.6056074099774,3763.8500789659124
2024-11-11,1.0139580529329553,1.015447519878951,1.0057572557872971,1.0078413115855225,6085.117160969192,6094.055973425543,6035.901307019096,6048.408455283776,1.0139580529329553,1.015447519878951,1.0057572557872971,1.0078413115855225,3763.0914138419353,3768.6192562013557,3732.655885235777,3740.3904186886984
2024-11-12,1.0085176858722549,1.011430313231334,1.0040090467856375,1.007340998441358,6034.959747082714,6052.38888007317,6007.9800958747865,6027.918461263102,1.0085176858722549,1.011430313231334,1.0040090467856375,1.007340998441358,3767.730105262767,3778.6114154667857,3750.8862407888187,3763.334108325896
2024-11-13,0.9954566957457605,1.001685086826646,0.992333421203337,1.0000946702557778,5958.1865975827595,5995.465884990471,5939.492612602029,5985.946637455528,0.9954566957457605,1.001685086826646,0.992333421203337,1.0000946702557778,3772.368796683599,3795.971820569508,3760.53287908149,3789.9448001362616
2024-11-14,0.9800982421709804,0.9827127544457115,0.9696592239190274,0.9808282995789654,5830.771059376331,5846.325237365793,5768.66756516236,5835.114295006194,0.9800982421709804,0.9827127544457115,0.9696592239190274,0.9808282995789654,3777.007488104431,3787.0830417729353,3736.778612661548,3779.8209124919676
2024-11-15,1.0029606123817087,1.0066898684666095,0.9993128796743564,1.0026625129376945,5888.000630260307,5909.893675617447,5866.58617767387,5886.250601702288,1.0029606123817087,1.0066898684666095,0.9993128796743564,1.0026625129376945,3781.646179525263,3795.7072770916434,3767.89246448761,3780.5222005677065
2024-11-18,1.0061634051776809,1.0079595803406218,1.0011891736157197,1.005216266003098,5929.944768023283,5940.530741887095,5900.628537405078,5924.362689641179,1.0061634051776809,1.0079595803406218,1.0011891736157197,1.005216266003098,3786.284870946095,3793.044042279514,3767.5663828648176,3782.7206996505092
2024-11-19,0.997832798669303,1.001375380294815,0.996161070211108,0.9980158426303292,5904.1567130702915,5925.118097696814,5894.265129217722,5905.239780526805,0.997832798669303,1.001375380294815,0.996161070211108,0.9980158426303292,3779.4566216705143,3792.8747350059402,3773.1246738738637,3780.1499309218034
2024-11-20,1.0162022518765204,1.016274194515916,1.006306780821061,1.0103386353801431,6012.980506601077,6013.406199112071,5954.427915864108,5978.284842794198,1.0162022518765204,1.016274194515916,1.006306780821061,1.0103386353801431,3772.628372394933,3772.8954578516596,3735.8916550799486,3750.859825909008
2024-11-21,1.0036501220358194,1.0054509219000631,0.9983912618177491,1.0001103412985568,5970.423517455699,5981.135953616124,5939.140083087862,5949.366388386138,1.0036501220358194,1.0054509219000631,0.9983912618177491,1.0001103412985568,3765.8001231193525,3772.5569123645196,3746.068330115127,3752.518495943181
2024-11-22,1.0076208952801617,1.0102199173873276,1.002076583801393,1.0037710567083709,6014.831715031681,6030.34616165687,5981.735834749007,5991.850719651547,1.0076208952801617,1.0102199173873276,1.002076583801393,1.0037710567083709,3758.9718738437714,3768.6676344677294,3738.2885880900294,3744.609890107639
2024-11-25,0.9909829166210167,0.9991157353635801,0.9887146298044907,0.9987589416562156,5933.381385489177,5982.075580443839,5919.800313052513,5979.939324504176,0.9909829166210167,0.9991157353635801,0.9887146298044907,0.9987589416562156,3752.1436245681907,3782.936793131306,3743.555244511812,3781.5858705150627
2024-11-26,1.01664797832893,1.019408239754124,1.0140753702177765,1.0145246530803895,6121.877965744835,6138.499238750625,6106.38667156447,6109.092086728466,1.01664797832893,1.019408239754124,1.0140753702177765,1.0145246530803895,3756.4174588440364,3766.6163619349722,3746.911916877204,3748.571974266836
2024-11-27,1.01664797832893,1.019408239754124,1.0140753702177765,1.0145246530803895,6098.606893520885,6115.164984142653,6083.174486340185,6085.869617419456,1.01664797832893,1.019408239754124,1.0140753702177765,1.0145246530803895,3760.691293119882,3770.901799932205,3751.174936297802,3752.836882404609
2024-11-29,0.9962295956340027,1.0037441324796716,0.9926486077491037,1.0029670543063123,6009.635488110645,6054.966029887722,5988.033608413538,6050.278399056312,0.9962295956340027,1.0037441324796716,0.9926486077491037,1.0029670543063123,3764.9651273957284,3793.364172451671,3751.4318067963827,3790.42742751177
2024-12-02,0.9948128833727039,1.0039979780423525,0.9936466958073431,1.0000453299055085,6015.782727687246,6071.326372918811,6008.730616551375,6047.424116738096,0.9948128833727039,1.0039979780423525,0.9936466958073431,1.0000453299055085,3769.238961671574,3804.0402969519405,3764.820402481757,3789.0641385123145
2024-12-03,1.0056951901412592,1.0094052014631787,1.0026704974375495,1.0073211217359535,6084.335216931801,6106.780340228056,6066.0361890374825,6094.171907967911,1.0056951901412592,1.0094052014631787,1.0026704974375495,1.0073211217359535,3773.51279594742,3787.4332912760356,3762.1637145029176,3779.6135248144356
2024-12-04,1.006479184200959,1.010963261956268,1.00256266843864,1.0066606144392574,6125.9254898472955,6153.217784264206,6102.0876558250975,6127.029763178395,1.006479184200959,1.010963261956268,1.00256266843864,1.0066606144392574,3775.2931062289854,3792.1128359393947,3760.6022957382957,3775.9736491936696
2024-12-05,1.0035057796411302,1.0128724529505135,1.001279085498319,1.0099477177131404,6096.407996955626,6153.311567644194,6082.880585101691,6135.543479356276,1.0035057796411302,1.0128724529505135,1.001279085498319,1.0099477177131404,3777.073416510551,3812.328432949682,3768.6924112147767,3801.3200860726324
2024-12-06,1.0091894377427502,1.0115608873364936,1.0072402630809767,1.0080754502918208,6146.236157001539,6160.678925318827,6134.365157034181,6139.451672648768,1.0091894377427502,1.0115608873364936,1.0072402630809767,1.0080754502918208,3778.8537267921165,3787.7334879153213,3771.5551506682064,3774.6824627329524
2024-12-09,1.001153844439127,1.0042433793469612,0.9947900102920114,1.000192627590089,6059.83404731337,6078.534538680255,6021.314713796001,6054.015945908671,1.001153844439127,1.0042433793469612,0.9947900102920114,1.000192627590089,3780.634037073682,3792.300976072282,3756.6024378179695,3777.004216185847
2024-12-10,1.0023589562005428,1.0035723083527532,0.9914556093966842,0.9975673865442926,6049.146088364218,6056.468559401113,5983.345371704143,6020.229396730017,1.0023589562005428,1.0035723083527532,0.9914556093966842,0.9975673865442926,3782.4143473552476,3786.9929472276044,3741.2704286722346,3764.333297944714
2024-12-11,0.9958814105034096,0.9992466707394175,0.9921314194589393,0.9949309726315401,6059.13171897074,6079.606601646056,6036.316060957884,6053.349074375089,0.9958814105034096,0.9992466707394175,0.9921314194589393,0.9949309726315401,3788.6112432404598,3801.4136337983123,3774.345229151544,3784.9955119200545
2024-12-12,1.0037298756822823,1.0052321517141045,0.9998722034279485,1.0024693207419086,6073.820410222411,6082.911058059975,6050.476670993373,6066.192477139474,1.0037298756822823,1.0052321517141045,0.9998722034279485,1.0024693207419086,3794.8081391256724,3800.4878039945665,3780.2234122748605,3790.042350776199
2024-12-13,1.003807901875774,1.0042179423068056,0.9920475099425052,0.9986575682158255,6074.131956961477,6076.613148513288,6002.968766937995,6042.966824455099,1.003807901875774,1.0042179423068056,0.9920475099425052,0.9986575682158255,3801.0050350108845,3802.557688402033,3756.4732985416613,3781.502853232012
2024-12-16,1.0180977334067167,1.0200419508794107,1.0094341152011177,1.0097605597999326,6184.00708053107,6195.816412997611,6131.383570460805,6133.366421069574,1.0180977334067167,1.0200419508794107,1.0094341152011177,1.0097605597999326,3807.201930896097,3814.4723807490345,3774.8041139885463,3776.0248617283337
2024-12-17,1.00819172004456,1.009968482313179,1.0016698029979483,1.0067512627069086,6100.174903218815,6110.9253987689435,6060.713326717416,6091.459257647048,1.00819172004456,1.009968482313179,1.0016698029979483,1.0067512627069086,3813.3988267813093,3820.1192778779728,3788.730234171944,3807.9504202806233
2024-12-18,0.9747565189232669,0.99068922713947,0.9697718521144916,0.9861765079117457,5723.926240160451,5817.4856520393105,5694.655479112633,5790.986242699037,0.9747565189232669,0.99068922713947,0.9697718521144916,0.9861765079117457,3827.11435071478,3889.669763349864,3807.543422480857,3871.951807961119
2024-12-19,1.0002899570001367,1.0082050612722804,0.9911871090243829,1.0029291782433087,5868.781200916362,5915.2197508893705,5815.374063614776,5884.265723087752,1.0002899570001367,1.0082050612722804,0.9911871090243829,1.0029291782433087,3840.8298746482506,3871.22163129507,3805.877518878821,3850.963736060777
2024-12-20,1.0038384162408935,1.0046155208302006,0.9864244227977321,0.9908000246318083,5953.615070962303,5958.223961715796,5850.33528794993,5876.28632608756,1.0038384162408935,1.0046155208302006,0.9864244227977321,0.9908000246318083,3854.5453985817207,3857.529329930102,3787.679031234845,3804.480496134666
2024-12-23,0.9564472363687098,0.9652796834290545,0.9487757480737541,0.9599556282032089,5713.882741373218,5766.648398383011,5668.052733294971,5734.8421197799435,0.9564472363687098,0.9652796834290545,0.9487757480737541,0.9599556282032089,3868.2609225151914,3903.982924225848,3837.2343093780396,3882.450283431524
2024-12-24,1.0179833326600238,1.0193697796263095,1.0135016760981816,1.0160389387936792,6148.660048599851,6157.034243734094,6121.590663700061,6136.915831871374,1.0179833326600238,1.0193697796263095,1.0135016760981816,1.0160389387936792,3881.976446448662,3887.2635216832905,3864.886102573696,3874.561697159943
2024-12-26,0.9992570418139317,1.0073267585217556,0.996927052352627,1.0039650706435883,6033.104323085377,6081.825963983367,6019.0368020136975,6061.529470867023,0.9992570418139317,1.0073267585217556,0.996927052352627,1.0039650706435883,3895.580658863989,3927.0402643649363,3886.4972483890037,3913.9348012745254
2024-12-27,1.0232505241856336,1.0242772477131896,1.0163818604245205,1.0190057028892412,6109.665159828548,6115.795561735821,6068.653467497144,6084.320011039197,1.0232505241856336,1.0242772477131896,1.0163818604245205,1.0190057028892412,3909.1848712793158,3913.1073242720495,3882.9441063579225,3892.9681278710013
2024-12-30,0.9618832686391012,0.9683424362413109,0.941157785439288,0.9612554673168043,5681.786754855052,5719.940670331249,5559.362569122747,5678.078370112324,0.9618832686391012,0.9683424362413109,0.941157785439288,0.9612554673168043,3922.789083694643,3949.131107707132,3838.2656265338255,3920.2287603642253
2024-12-31,0.9914059457368913,1.0004951036265166,0.9883882260265981,0.9970658575406317,5831.0829526244725,5884.542016342829,5813.33384184482,5864.372459686706,0.9914059457368913,1.0004951036265166,0.9883882260265981,0.9970658575406317,3936.39329610997,3972.4819440930246,3924.4113913330043,3958.86606720502
2025-01-02,1.0175222758342242,1.0188829646424162,1.0142943393823858,1.01594488982995,5971.380351846937,5979.365622152252,5952.4370453825,5962.123383211553,1.0175222758342242,1.0188829646424162,1.0142943393823858,1.01594488982995,3949.997508525297,3955.2796704296447,3937.466735248627,3943.874133209746
2025-01-03,0.996475576960001,0.9996223209050594,0.9932235450070696,0.9962082790045401,5921.526221817498,5940.225653308688,5902.201119498161,5919.93781173611,0.996475576960001,0.9996223209050594,0.9932235450070696,0.9962082790045401,3935.240871808512,3947.667865175964,3922.3980793171545,3934.1852695804178
2025-01-06,0.9976616663945796,1.0024084861584046,0.993161358460618,0.9957823142673581,5961.407568140843,5989.771620021208,5934.5165181184075,5950.177725026886,0.9976616663945796,1.0024084861584046,0.993161358460618,0.9957823142673581,3920.4842350917274,3939.1376851317104,3902.7994959637663,3913.098995550967
2025-01-07,1.0230288722730108,1.0243325366713942,1.0176187322400776,1.0208701366087722,6045.108297127388,6052.811689167368,6013.139617368585,6032.352263325333,1.0230288722730108,1.0243325366713942,1.0176187322400776,1.0208701366087722,3905.7275983749428,3910.7047384711673,3885.0727236100192,3897.485960538584
2025-01-08,0.9933666518082123,0.9989100082018706,0.9920578497393455,0.9961395241893862,5878.992187063952,5911.799156040721,5871.246369219882,5895.402739033835,0.9933666518082123,0.9989100082018706,0.9920578497393455,0.9961395241893862,3890.970961658158,3912.684030763694,3885.8444448425907,3901.832173775448
2025-01-10,0.9813207012347028,0.9937844222354569,0.9799491767043809,0.991763905639907,5718.194978922663,5790.821579742897,5710.203050623495,5779.047948719964,0.9813207012347028,0.9937844222354569,0.9799491767043809,0.991763905639907,3876.2143249413734,3925.4459918413063,3870.7968064637203,3917.46495632295
2025-01-13,1.005475221485254,1.008995189480617,0.9986593397322718,1.0029730669122476,5868.17459713667,5888.717904750567,5828.39561173228,5853.571472574598,1.005475221485254,1.008995189480617,0.9986593397322718,1.0029730669122476,3881.0354338038846,3894.6221639628634,3854.7268008006104,3871.377363320211
2025-01-14,0.9897949073606955,0.9960847564453662,0.982604267985528,0.9909875531338463,5783.282562166882,5820.033584282194,5741.268303455321,5790.251084081282,0.9897949073606955,0.9960847564453662,0.982604267985528,0.9909875531338463,3885.856542666396,3910.5499928309614,3857.6266610473276,3890.538775668624
2025-01-15,0.9850447168446785,0.9894903367782301,0.9819537599512556,0.9869782166039451,5860.927411201321,5887.378449700159,5842.5364958715745,5872.431560753979,0.9850447168446785,0.9894903367782301,0.9819537599512556,0.9869782166039451,3890.6776515289066,3908.2367265910675,3878.4691530704795,3898.3144868664044
2025-01-16,1.0029262381054345,1.0037732678182332,0.996145267242853,0.9991280946845281,5954.71407055292,5959.743173947909,5914.4531410116815,5932.163201694237,1.0029262381054345,1.0037732678182332,0.996145267242853,0.9991280946845281,3895.498760391418,3898.788736334669,3869.1605686223643,3880.7462667126415
2025-01-17,1.0062188368061717,1.0082315133026745,0.9986296150497438,1.0026891182708202,6033.9522499220975,6046.021586561616,5988.442267384196,6012.7857279698965,1.0062188368061717,1.0082315133026745,0.9986296150497438,1.0026891182708202,3900.319869253929,3908.1214347211453,3870.902419166506,3886.637923704188
2025-01-21,0.995967054142818,0.9965021817617603,0.9893425263581952,0.991827712780496,6024.8437426029,6028.0808580005105,5984.770384147048,5999.803873260287,0.995967054142818,0.9965021817617603,0.9893425263581952,0.991827712780496,3916.412666432595,3918.516933412377,3890.3632259245846,3900.1356531773336
2025-01-22,0.9998837596700307,1.0027122285899643,0.992336330284779,0.9940141726567773,6085.662518342885,6102.8776267231015,6039.72607055537,6049.938040033029,0.9998837596700307,1.0027122285899643,0.992336330284779,0.9940141726567773,3932.5054636112613,3943.6297261805066,3902.8217058677437,3909.420597220014
2025-01-23,1.0143396569364111,1.0163018236822745,1.0102937377118595,1.0130420210555822,6206.450202293388,6218.45613158297,6181.694395874932,6198.510344653001,1.0143396569364111,1.0163018236822745,1.0102937377118595,1.0130420210555822,3948.5982607899273,3956.236538705134,3932.8483987943778,3943.5468534559627
2025-01-24,1.002145109636,1.004152554772494,0.9953724183520589,0.998896099704903,6114.327828715548,6126.575733280131,6073.006013746316,6094.5048393635425,1.002145109636,1.004152554772494,0.9953724183520589,0.998896099704903,3964.6910579685937,3972.6329215824494,3937.896905790796,3951.83731004605
2025-01-27,1.0206300992202268,1.0215067820876695,1.0060982397921436,1.0123319287493904,6136.313932939785,6141.584795810054,6048.944325137509,6086.423008581384,1.0206300992202268,1.0215067820876695,1.0060982397921436,1.0123319287493904,3980.7838551472596,3984.203198754181,3924.104955082702,3948.4183359814
2025-01-28,1.0145706678021085,1.0166612374119697,1.008435838371573,1.010552524691533,6156.110441022854,6168.795390244608,6118.886136487194,6131.729554070815,1.0145706678021085,1.0166612374119697,1.008435838371573,1.010552524691533,3989.4027906933056,3997.623138965138,3965.2799706401447,3973.603012671474
2025-01-29,1.001035366605446,1.0047874825216239,0.997843338057566,1.0022408539804917,6045.5628998939355,6068.223091067669,6026.28524996444,6052.843211852924,1.001035366605446,1.0047874825216239,0.997843338057566,1.0022408539804917,3998.021726239351,4013.0072516789933,3985.273126228868,4002.8363061002838
2025-01-30,1.0170504665068778,1.0177549580244611,1.0072379168782528,1.0089238105038507,6174.686280742561,6178.963368509368,6115.112623813742,6125.347970616664,1.0170504665068778,1.0177549580244611,1.0072379168782528,1.0089238105038507,4006.6406617853972,4009.4159855802204,3967.9844085978175,3974.625937385435
2025-01-31,0.9897883576413044,0.9934900036387315,0.9806058003739937,0.9860084176720714,5978.846267983028,6001.206171679867,5923.378755333119,5956.013427200677,0.9897883576413044,0.9934900036387315,0.9806058003739937,0.9860084176720714,4015.259597331443,4030.276009175801,3978.00885487628,3999.925571504985
2025-02-03,1.0108256763738896,1.0110275915460782,1.0026695374637487,1.0068218380985616,6059.465274820627,6060.675669454374,6010.572729194064,6035.463986010494,1.0108256763738896,1.0110275915460782,1.0026695374637487,1.0068218380985616,4023.878532877489,4024.6823135350464,3991.410706783661,4007.9401181124426
2025-02-04,1.0017040066203773,1.0060720938624879,0.9981153791128051,1.0020973061626428,6048.168587493044,6074.542574090438,6026.500885237624,6050.543282933298,1.0017040066203773,1.0060720938624879,0.9981153791128051,1.0020973061626428,4017.053655912613,4034.5706476679584,4002.6624693408053,4018.6308736872097
2025-02-05,1.0075799943996095,1.0097703705117835,1.002830390122335,1.0063966166435447,6107.425984453344,6120.702905449765,6078.636353118731,6100.252963852513,1.0075799943996095,1.0097703705117835,1.002830390122335,1.0063966166435447,4010.2287789477373,4018.9466071803176,3991.3250692004144,4005.5188645388416
2025-02-06,0.9927242127869952,0.995512203056214,0.9870705505589519,0.9918799898106911,6039.30723918458,6056.268173146692,6004.912789263923,6034.171349612626,0.9927242127869952,0.995512203056214,0.9870705505589519,0.9918799898106911,4003.403901982861,4014.6471566337636,3980.604122212507,3999.99936574415
2025-02-07,0.9980289767794552,1.0045941535374356,0.9961584044180565,1.0033704359584643,6014.112633783229,6053.674323275051,6002.840583439164,6046.300213381346,0.9980289767794552,1.0045941535374356,0.9961584044180565,1.0033704359584643,3996.5790250179853,4022.8690910751334,3989.0883704996477,4017.968748377225
2025-02-10,0.9915195290947372,0.9989861282340584,0.989573024643072,0.995106350973736,6014.993732081477,6060.289407764221,6003.1853796157175,6036.752971801111,0.9915195290947372,0.9989861282340584,0.989573024643072,0.995106350973736,3989.7541480531095,4019.798836043426,3981.921650575903,4004.187083613268
2025-02-11,1.0079251282051713,1.0104952741164415,1.003156570583864,1.004564009944971,6116.593640513082,6132.190570975625,6087.655648588179,6096.196694351057,1.0079251282051713,1.0104952741164415,1.003156570583864,1.004564009944971,3989.5955491830996,3999.76876780958,3970.720519947676,3976.2914831608036
2025-02-12,1.0162022518765204,1.016274194515916,1.006306780821061,1.0103386353801431,6150.025542289145,6150.460936984488,6090.138448325637,6114.539111161565,1.0162022518765204,1.016274194515916,1.006306780821061,1.0103386353801431,3989.43695031309,3989.719384861309,3950.5890164529715,3966.417390702869
2025-02-13,1.001153844439127,1.0042433793469612,0.9947900102920114,1.000192627590089,6122.125839514372,6141.018561743222,6083.21054823637,6116.247931197325,1.001153844439127,1.0042433793469612,0.9947900102920114,1.000192627590089,3989.2783514430803,4001.5891614073125,3963.920504658319,3985.4482092644243
2025-02-14,1.0167013938053722,1.017038398982815,1.0114950697333809,1.011944352595994,6216.752843604143,6218.81350557229,6184.918098243823,6187.665296714043,1.0167013938053722,1.017038398982815,1.0114950697333809,1.011944352595994,3989.119752573071,3990.442022826901,3968.6922698132184,3970.4550717063426
2025-02-18,0.9998012423020011,1.0014508783594178,0.9943547293686386,0.9976536714822539,6128.361698789499,6138.47327497432,6094.97686204342,6115.197991644194,0.9998012423020011,1.0014508783594178,0.9943547293686386,0.9976536714822539,3988.961153703061,3995.5427960059174,3967.2309061347532,3980.392874116737
2025-02-19,1.0093010251993586,1.0109676580439868,1.0022885340419874,1.005226842554654,6201.296893978639,6211.536936170961,6158.211096434076,6176.264504682177,1.0093010251993586,1.0109676580439868,1.0022885340419874,1.005226842554654,3998.654136797834,4005.2570116115,3970.8720122625477,3982.513018459923
2025-02-20,1.0111510629348155,1.0131211323803266,1.008044725662543,1.008494008525156,6185.736850524993,6197.788789759296,6166.733770135121,6169.482267032812,1.0111510629348155,1.0131211323803266,1.008044725662543,1.008494008525156,4008.347119892607,4016.1567563330645,3996.033155624411,3997.8141770112097
2025-02-21,1.0221189328185152,1.0236429482599827,1.0192415911932349,1.0219289448176978,6146.134018498999,6155.29812147055,6128.832189251777,6144.991595951643,1.0221189328185152,1.0236429482599827,1.0192415911932349,1.0219289448176978,4018.04010298738,4024.0311427429037,4006.729018074306,4017.293243319821
2025-02-24,1.0181851816472403,1.0217517143067167,1.016874093521129,1.0202282885128202,6092.0564880908505,6113.395944625663,6084.211920060295,6104.2809072443315,1.0181851816472403,1.0217517143067167,1.016874093521129,1.0202282885128202,4027.7330860821535,4041.8415624714153,4022.5466886374716,4035.81520048455
2025-02-25,1.0121497586981698,1.0141601758259933,1.0087639732881646,1.0099080075415463,6027.604850487276,6039.5773870877465,6007.441651924342,6014.254661911794,1.0121497586981698,1.0141601758259933,1.0087639732881646,1.0099080075415463,4037.4260691769264,4045.4455450025534,4023.920302701641,4028.4838108968866
2025-02-26,1.0096100280633737,1.0160080657238368,1.000172029381259,1.0122294575710142,6013.297903747139,6051.404999935116,5957.084617316542,6028.899383060416,1.0096100280633737,1.0160080657238368,1.000172029381259,1.0122294575710142,4024.554575505106,4050.0587315900675,3986.932385031646,4034.996267561601
2025-02-27,1.0174324358453704,1.0190137976848765,1.010516422248987,1.0138347261468525,5963.751442978147,5973.020706095742,5923.2127451619945,5942.663215740607,1.0174324358453704,1.0190137976848765,1.010516422248987,1.0138347261468525,4011.683081833286,4017.9183091705513,3984.413600577475,3997.49749994853
2025-02-28,1.0027594250738934,1.0084491943199785,0.9985269648401263,1.0071769581910308,5970.930996602498,6004.810727578312,5945.728812140532,5997.235197548493,1.0027594250738934,1.0084491943199785,0.9985269648401263,1.0071769581910308,3998.811588161466,4021.501292816731,3981.9333513620727,4016.4278599991444
2025-03-03,0.9779217006801979,0.9875332784062821,0.9759575577252284,0.9862079815650769,5720.568130902968,5776.793169358797,5709.078444576423,5769.040553920862,0.9779217006801979,0.9875332784062821,0.9759575577252284,0.9862079815650769,3985.9400944896456,4025.1162095130217,3977.9343859036953,4019.7143927696297
2025-03-04,0.9840597778742185,0.9871794211280602,0.9691400059262476,0.9771183050501029,5686.045005523915,5704.070772191101,5599.836325242747,5645.936134325251,0.9840597778742185,0.9871794211280602,0.9691400059262476,0.9771183050501029,3973.0686008178254,3985.6639298174177,3912.8311246089133,3945.042917479258
2025-03-05,0.9823731783268386,0.9884870495434515,0.9681199647121987,0.981365988642906,5739.643002887737,5775.364090274056,5656.366749426434,5733.7583662247025,0.9823731783268386,0.9884870495434515,0.9681199647121987,0.981365988642906,3956.043010236114,3980.663732814431,3898.6449385688534,3951.987030495411
2025-03-06,1.041130749939568,1.042240960466001,1.0337893263574258,1.036993869863862,5974.54963114321,5980.920596453357,5932.420725088616,5950.81006209117,1.041130749939568,1.042240960466001,1.0337893263574258,1.036993869863862,3939.0174196544017,3943.2177937220754,3911.24185411972,3923.3659343033332
2025-03-07,0.9840597778742185,0.9871794211280602,0.9691400059262476,0.9771183050501029,5678.221730289815,5696.2226957931325,5592.131662195634,5638.168043800103,0.9840597778742185,0.9871794211280602,0.9691400059262476,0.9771183050501029,3921.99182907269,3934.4252356870925,3862.5287507239586,3894.3264368779983
2025-03-10,0.9724942584867924,0.981875341284032,0.9647732363711062,0.9744879903492695,5460.127363929605,5512.798016159675,5416.777221999759,5471.321291095394,0.9724942584867924,0.981875341284032,0.9647732363711062,0.9744879903492695,3904.966238490978,3942.63516176124,3873.963144719185,3912.9718956387032
2025-03-11,0.9785737520638239,0.990524172762349,0.968534107069658,0.9815269665881525,5452.681446662271,5519.270027323902,5396.739841979629,5469.136964716847,0.9785737520638239,0.990524172762349,0.968534107069658,0.9815269665881525,3887.9406479092663,3935.42048915314,3848.052449619588,3899.6739718073554
2025-03-12,0.9724942584867924,0.981875341284032,0.9647732363711062,0.9744879903492695,5445.287101545096,5497.8145984516805,5402.054782412735,5456.450604362664,0.9724942584867924,0.981875341284032,0.9647732363711062,0.9744879903492695,3897.154637090083,3934.7482064146725,3866.2135627560897,3905.144279502015
2025-03-13,1.000944033195029,1.0079220121046806,0.9946318035667916,1.001289383270664,5526.732498167017,5565.261548276237,5491.879396030112,5528.639355516637,1.000944033195029,1.0079220121046806,0.9946318035667916,1.001289383270664,3906.3686262708993,3933.601475444727,3881.733986407114,3907.716418610731
2025-03-14,0.9840597778742185,0.9871794211280602,0.9691400059262476,0.9771183050501029,5549.054043846046,5566.645524975864,5464.922345017754,5509.911495079226,0.9840597778742185,0.9871794211280602,0.9691400059262476,0.9771183050501029,3915.5826154517154,3927.995703727248,3856.216710067209,3887.962433297281
2025-03-17,1.01156943814782,1.0217894466136275,1.011501128286329,1.0193518914818314,5740.777949821456,5798.7777242659295,5740.390283160312,5784.944306386371,1.01156943814782,1.0217894466136275,1.011501128286329,1.0193518914818314,3924.796604632532,3964.449299754837,3924.5315686376393,3954.991809498513
2025-03-18,1.011849446809034,1.0205061357993075,1.0086464338020884,1.0130860184076578,5681.190615020811,5729.794980426939,5663.206786011234,5688.133544112739,1.011849446809034,1.0205061357993075,1.0086464338020884,1.0130860184076578,3934.0105938133484,3967.6672868149417,3921.5574693478625,3938.8183107956875
2025-03-19,1.0049374499206336,1.0096719027324288,0.996086584510686,1.001564835567218,5703.311460160073,5730.180852858326,5653.080232207651,5684.170895646276,1.0049374499206336,1.0096719027324288,0.996086584510686,1.001564835567218,3942.8861124578907,3961.461804152124,3908.1596184747355,3929.6536129647043
2025-03-20,0.9973514773781788,0.9999828072332058,0.9880050934123495,0.9945937831154552,5647.891707730115,5662.792639252849,5594.96416343386,5632.27518846668,0.9973514773781788,0.9999828072332058,0.9880050934123495,0.9945937831154552,3951.761631102433,3962.1876329640886,3914.728867444421,3940.8349411391414
2025-03-21,0.993677223169079,0.9971698231614876,0.9901672895219245,0.9933043264438722,5631.725282944146,5651.519802957121,5611.832523402879,5629.611868380233,0.993677223169079,0.9971698231614876,0.9901672895219245,0.9933043264438722,3960.637149746976,3974.5580900247683,3946.6471203169644,3959.1508435416645
2025-03-24,0.995919285110892,0.9996520835314728,0.9929865758683767,0.9981132390507044,5744.034191227027,5765.563367413616,5727.119585381173,5756.6879741516705,0.995919285110892,0.9996520835314728,0.9929865758683767,0.9981132390507044,3969.512668391518,3984.3907723107504,3957.8235419081634,3978.2572806187864
2025-03-25,1.011280496624107,1.0172152189626587,1.0066386397786937,1.0086461904970876,5841.813480823646,5876.096294620642,5814.99909847759,5826.596016335001,1.011280496624107,1.0172152189626587,1.0066386397786937,1.0086461904970876,3978.3881870360606,4001.7354475872644,3960.12707303124,3968.0247988250194
2025-03-26,1.0068270293828843,1.0078251911949208,1.0001767136294415,1.0048240542903253,5751.1973572409115,5756.899057143626,5713.209423594096,5739.755962917196,1.0068270293828843,1.0078251911949208,1.0001767136294415,1.0048240542903253,3983.245869130105,3987.1948333498626,3956.935647036099,3975.321625908013
2025-03-27,1.004146453667583,1.0056165554141647,0.9996807724809536,1.0017974588009135,5716.917046130187,5725.286791105019,5691.492538773538,5703.543490165829,1.004146453667583,1.0056165554141647,0.9996807724809536,1.0017974588009135,3988.103551224149,3993.942259287888,3970.3674939647885,3978.7742001764454
2025-03-28,0.9859079884373987,0.9955022579643007,0.9797798742506381,0.9892351603820995,5502.293328989816,5555.8383715632835,5468.092691400356,5520.862075982874,0.9859079884373987,0.9955022579643007,0.9797798742506381,0.9892351603820995,3992.9612333181935,4031.8183546035625,3968.1421602727823,4006.436394030534
2025-03-31,1.0050769858974937,1.0114226018809398,0.9975910699419107,1.005082293219889,5640.3412833088505,5675.951928365553,5598.331445853512,5640.371067206035,1.0050769858974937,1.0114226018809398,0.9975910699419107,1.005082293219889,3997.818915412238,4023.059393469657,3968.042752166701,3997.8400259482064
2025-04-01,1.0061050881232172,1.006794583445927,0.9969925700245292,0.9994770777022937,5667.460388754251,5671.344364171749,5616.128936428075,5630.124342092459,1.0061050881232172,1.006794583445927,0.9969925700245292,0.9994770777022937,4002.676597506282,4005.4196775531677,3966.4234631483096,3976.307799144128
2025-04-02,0.9911774875781348,0.996715818537411,0.9900042425973097,0.9947867645496412,5620.937796730976,5652.345505451101,5614.284359642065,5641.405898158079,0.9911774875781348,0.996715818537411,0.9900042425973097,0.9947867645496412,4009.353822962071,4031.7566001464675,4004.607998618707,4023.9534971931675
2025-04-03,0.994146447744308,1.008061953866654,0.99012395725664,1.0041677895299377,5364.931188181114,5440.026495280476,5343.223737814604,5419.0115595541,0.994146447744308,1.008061953866654,0.99012395725664,1.0041677895299377,4016.0310484178594,4072.2452055660265,3999.7814840532787,4056.514037467625
2025-04-04,1.0096235586202424,1.0134933100965386,0.9857210775261909,0.9944614143137614,5122.9107063238,5142.546134894645,5001.627605054095,5045.97677314117,1.0096235586202424,1.0134933100965386,0.9857210775261909,0.9944614143137614,4022.708273873648,4038.126774312371,3927.4720765383236,3962.2967642267254
2025-04-07,0.9730509980886314,0.9792456658133962,0.9615861447891385,0.965307091511393,4925.8274150741745,4957.186371763865,4867.789461458817,4886.6258240035495,0.9730509980886314,0.9792456658133962,0.9615861447891385,0.965307091511393,4029.3854993294367,4055.037499432579,3981.909761955281,3997.3181308854614
2025-04-08,1.0083409504779235,1.0191649115318389,0.997406111501545,1.014256034280212,5024.331037812884,5078.264346233501,4969.845250206554,5053.804539930413,1.0083409504779235,1.0191649115318389,0.997406111501545,1.014256034280212,4036.0627247852253,4079.3875403880515,3992.2941007169757,4059.738892292934
2025-04-09,1.0309029156662985,1.0356902144054778,1.0206084264404227,1.0286809944314819,5625.534120499424,5651.657930989251,5569.358122242742,5613.409318513153,1.0309029156662985,1.0356902144054778,1.0206084264404227,1.0286809944314819,4016.5989383197466,4035.2511884404853,3976.489599344338,4007.9418995848946
2025-04-10,0.997539027552068,1.0024425608595602,0.9742547383013527,0.9810409644382935,5255.085474095672,5280.917532736206,5132.422674108441,5168.172852709152,0.997539027552068,1.0024425608595602,0.9742547383013527,0.9810409644382935,3997.1351518542674,4016.7835914744833,3903.8350919274203,3931.027474672548
2025-04-11,0.980519547798389,0.9896973570848879,0.9686600701422672,0.9820224774111144,5258.879321879967,5308.103217094804,5195.27267379823,5266.940074447674,0.980519547798389,0.9896973570848879,0.9686600701422672,0.9820224774111144,3977.6713653887887,4014.9029629412044,3929.5610500083926,3983.7682964475885
2025-04-14,1.005710907249239,1.007951819483433,0.9983231468411862,1.0029197311164373,5436.842993262168,5448.957297572854,5396.904982129047,5421.753978823527,1.005710907249239,1.007951819483433,0.9983231468411862,1.0029197311164373,3958.2075789233095,3967.0272066365546,3929.1313413806483,3947.2222605347642
2025-04-15,0.9758876561234382,0.9966490623743369,0.9742645741569436,0.9816446294658148,5266.5046016654305,5378.546229481218,5257.745428832586,5297.5728567141,0.9758876561234382,0.9966490623743369,0.9742645741569436,0.9816446294658148,3938.7437924578308,4022.5381303412064,3932.1929318335906,3961.9792979725785
2025-04-16,0.9742155568493944,0.9943008366089086,0.9658889372118272,0.992436253799922,5139.66901327035,5245.632923697619,5095.740266048437,5235.795944172248,0.9742155568493944,0.9943008366089086,0.9658889372118272,0.992436253799922,3932.752763045173,4013.833832748288,3899.139528113501,4006.306809449991
2025-04-17,0.9786319166625899,0.9814399581729134,0.9537924850318434,0.9736074304474011,5169.818826153463,5184.652867040049,5038.599560677719,5143.2759728244855,0.9786319166625899,0.9814399581729134,0.9537924850318434,0.9736074304474011,3926.761733632516,3938.0290035441635,3827.093484567607,3906.6009766972097
2025-04-21,0.9782853331688518,0.99571964439816,0.9731431706587901,0.9923098342556418,5046.191405551571,5136.121069734589,5019.667102892171,5118.532587057452,0.9782853331688518,0.99571964439816,0.9731431706587901,0.9923098342556418,3920.7707042198585,3990.643914415809,3900.16195190372,3976.9780816976263
2025-04-22,1.0165483412384957,1.0265896334595674,1.0126589037175715,1.0247763497514049,5375.263656867268,5428.359600222163,5354.697244721626,5418.771391161489,1.0165483412384957,1.0265896334595674,1.0126589037175715,1.0247763497514049,3914.7796748072014,3953.449204923162,3899.8012519072186,3946.4661565845795
2025-04-23,0.9923947459795057,0.9942477906335627,0.9841296102882086,0.9882007707802656,5334.975219121386,5344.936927755344,5290.543006763968,5312.428995606798,0.9923947459795057,0.9942477906335627,0.9841296102882086,0.9882007707802656,3908.788645394544,3916.087313522858,3876.2343934966257,3892.269651612815
2025-04-24,1.0156423066403615,1.019183617079594,1.0102267162648024,1.015798443458706,5570.5644541918555,5589.987727449646,5540.861186567701,5571.420828729008,1.0156423066403615,1.019183617079594,1.0102267162648024,1.015798443458706,3915.447412159045,3929.099674086585,3894.5695310559645,3916.049342087853
2025-04-25,0.990602986302032,0.9932324907932679,0.9836755244408638,0.9880043643770542,5473.28952594585,5487.818090455872,5435.013844395905,5458.931594099744,0.990602986302032,0.9932324907932679,0.9836755244408638,0.9880043643770542,3922.106178923547,3932.5172073125113,3894.6781968301625,3911.817424246268
2025-04-28,1.0016472770291083,1.0046709361257324,0.9962871807602797,0.9980499571682475,5537.857382874682,5554.574438105144,5508.222750628396,5517.968700693948,1.0016472770291083,1.0046709361257324,0.9962871807602797,0.9980499571682475,3928.764945688048,3940.624655327315,3907.74101959208,3914.6551642391373
2025-04-29,1.028091905878525,1.0315038677549426,1.0192329181010087,1.0213017007066445,5717.044312966478,5736.017652927718,5667.7809879636325,5679.28513634053,1.028091905878525,1.0315038677549426,1.0192329181010087,1.0213017007066445,3935.42371245255,3948.4843304747924,3901.5124732251843,3909.431547459283
2025-04-30,1.0085176858722549,1.011430313231334,1.0040090467856375,1.007340998441358,5616.49550368374,5632.716100204094,5591.386622092023,5609.942460779829,1.0085176858722549,1.011430313231334,1.0040090467856375,1.007340998441358,3942.082479217051,3953.4673239664853,3924.459161949099,3937.4830567479826
2025-05-01,1.0050596174823963,1.0073130989930357,1.001043867502557,1.0058814553974165,5632.494804717797,5645.123630590831,5609.9899796257805,5637.100499450878,1.0050596174823963,1.0073130989930357,1.001043867502557,1.0058814553974165,3944.1026475517992,3952.9458666382307,3928.3438509074126,3947.327742899485
2025-05-02,1.0067553867986556,1.0089857633510064,1.002994670218724,1.0065390798334881,5725.085655446311,5737.769070875268,5703.699701292711,5723.855589116702,1.0067553867986556,1.0089857633510064,1.002994670218724,1.0065390798334881,3946.1228158865474,3954.865098189339,3931.3821453177607,3945.2749695659068
2025-05-05,1.0067553867986556,1.0089857633510064,1.002994670218724,1.0065390798334881,5688.550502459388,5701.15297752326,5667.301024710474,5687.328285909544,1.0067553867986556,1.0089857633510064,1.002994670218724,1.0065390798334881,3948.1429842212956,3956.8897420264234,3933.3947673501493,3947.2947038563107
2025-05-06,1.0296221050360264,1.0304771992389266,1.018727682722178,1.024073949473473,5772.998476947547,5777.7929131847295,5711.914431531807,5741.89046804231,1.0296221050360264,1.0304771992389266,1.018727682722178,1.024073949473473,3950.1631525560438,3953.443736369988,3908.3665114563055,3928.8775570344906
2025-05-07,1.0025623110949589,1.0057921541378492,0.9941680764021872,0.9979584934628085,5645.70909122282,5663.897241753387,5598.438805282109,5619.783705067244,1.0025623110949589,1.0057921541378492,0.9941680764021872,0.9979584934628085,3952.183320890792,3964.9156285607914,3919.0925553819807,3934.0346920655816
2025-05-08,1.0178488135342834,1.0196598437457602,1.0142886962955746,1.0156600401293054,5765.034608929369,5775.292175385361,5744.870318496356,5752.637527689978,1.0178488135342834,1.0196598437457602,1.0142886962955746,1.0156600401293054,3940.463055904864,3947.474212715739,3926.68054688458,3931.989517767
2025-05-09,1.004708641072344,1.0116992489795789,1.0037788971008101,1.0069639657027403,5686.56048469177,5726.126696292008,5681.298217489846,5699.325419120597,1.004708641072344,1.0116992489795789,1.0037788971008101,1.0069639657027403,3928.7427909189364,3956.0783778711666,3925.107184757865,3937.5618554921184
2025-05-12,1.01452709958407,1.0180705621028614,1.0120823415094744,1.0137761697023513,5929.089130118226,5949.7977983359215,5914.801499426255,5924.700553212784,1.01452709958407,1.0180705621028614,1.0120823415094744,1.0137761697023513,3917.0225259330086,3930.7036020832616,3907.5834755098376,3914.123234959614
2025-05-13,0.9861972240897778,0.9900253187461675,0.9802175381418035,0.9822230687705238,5805.299269465682,5827.833540065252,5770.099549148634,5781.905205471127,0.9861972240897778,0.9900253187461675,0.9802175381418035,0.9822230687705238,3905.302260947081,3920.46136538536,3881.6229395274418,3889.564762022398
2025-05-14,0.9851724173269294,0.9888849693574355,0.9839012002641397,0.985290587742566,5805.207282892317,5827.083792736237,5797.716534652464,5805.903611520089,0.9851724173269294,0.9888849693574355,0.9839012002641397,0.985290587742566,3893.581995961153,3908.2546821740593,3888.557913088364,3894.0490271068543
2025-05-15,0.9896529074257986,0.9915430808510712,0.9803804888307873,0.9867625179370214,5855.706977534931,5866.89100138013,5800.842725777551,5838.6047452571,0.9896529074257986,0.9915430808510712,0.9803804888307873,0.9867625179370214,3909.103326677428,3916.5694627027847,3872.4775136230446,3897.686363132743
2025-05-16,1.0143746958248792,1.015916180363214,1.0086528689819525,1.0092816495785188,6044.029900109043,6053.214650752567,6009.937081484686,6013.683595215655,1.0143746958248792,1.015916180363214,1.0086528689819525,1.0092816495785188,3924.6246573937024,3930.5886746873516,3902.4868588016093,3904.9196164832942
2025-05-19,0.9971307293748641,1.0056426311806765,0.9941228615394146,1.0051223098188422,5946.48881769994,5997.250395309083,5928.5510970764535,5994.147406835647,0.9971307293748641,1.0056426311806765,0.9941228615394146,1.0051223098188422,3940.145988109977,3973.7806307534593,3928.2604468910827,3971.7245892877177
2025-05-20,1.0304658937348212,1.0312146711695753,1.0237926062736928,1.0258956452034935,6121.441423095956,6125.889505496016,6081.799025864621,6094.292044505545,1.0304658937348212,1.0312146711695753,1.0237926062736928,1.0258956452034935,3955.6673188262516,3958.5416637664766,3930.0504543772554,3938.123426433304
2025-05-21,1.019931942787355,1.0218108910882697,1.0167897025288832,1.0190413625713108,5961.1044321344025,5972.0861521634115,5942.739263297336,5955.899338097909,1.019931942787355,1.0218108910882697,1.0167897025288832,1.0190413625713108,3971.1886495425265,3978.5044888183097,3958.9540794451564,3967.7211024473777
2025-05-22,1.0076438857540437,1.0098684807459928,1.001322314980506,1.0042888130178644,5886.665657013981,5899.661763202897,5849.734977339266,5867.065288538494,1.0076438857540437,1.0098684807459928,1.001322314980506,1.0042888130178644,3971.887517901822,3980.6563311758655,3946.969420939264,3958.662635866726
2025-05-23,0.9915356424437135,1.0096576355238946,0.9883229214517505,1.0050050773708379,5753.70285668523,5858.861520570766,5735.060015058646,5831.863563069045,0.9915356424437135,1.0096576355238946,0.9883229214517505,1.0050050773708379,3972.5863862611172,4045.192130241049,3959.7146233822027,4026.551661468218
2025-05-27,0.9992600691563178,1.0024659161844545,0.9957782658311845,1.001393002423498,5917.158469911902,5936.142021322895,5896.540832249992,5929.788719570841,0.9992600691563178,1.0024659161844545,0.9957782658311845,1.001393002423498,3973.285254620413,3986.032431375128,3959.440812879715,3981.766282293951
2025-05-28,0.984672350435708,0.9954463377791567,0.9812098881338905,0.993107177101308,5798.292369158188,5861.735532329453,5777.9034867708215,5847.9612677199075,0.984672350435708,0.9954463377791567,0.9812098881338905,0.993107177101308,3973.9841229797084,4017.466256529111,3960.0101648323616,4008.0257686442264
2025-05-29,1.0008799233944425,1.0094145618007198,1.0001734535701736,1.0032406660446562,5917.372256694922,5967.830489841362,5913.195486993974,5931.329368569235,1.0008799233944425,1.0094145618007198,1.0001734535701736,1.0032406660446562,3974.682991339004,4008.5756505059617,3971.877466391623,3984.0579457560234
2025-05-30,1.0103617643891585,1.012480841261541,1.0030698232136146,1.0071244952931298,5972.945538921744,5985.472864477439,5929.837843193693,5953.807807579442,1.0103617643891585,1.012480841261541,1.0030698232136146,1.0071244952931298,3974.5249915706772,3982.860940421073,3945.840214037766,3961.7903381226774
2025-06-02,1.012303488081873,1.014244755158388,1.0068931082549895,1.010578672023891,6008.972767044714,6020.496011934881,5976.857077015122,5998.734362413495,1.012303488081873,1.014244755158388,1.0068931082549895,1.010578672023891,3974.36699180235,3981.988528112368,3953.125501231352,3967.5952557681658
2025-06-03,1.0050484207710673,1.0074465255207792,1.0029593545175426,1.003197672757854,6000.510939918957,6014.828512573495,5988.038441430901,5989.461289503309,1.0050484207710673,1.0074465255207792,1.0029593545175426,1.003197672757854,3974.2089920340236,3983.691688850594,3965.9483095453697,3966.8906785636555
2025-06-04,1.0130562582857772,1.014060035623496,1.0103033765515204,1.0123796015537043,6048.7664375353015,6054.759801301126,6032.329503747584,6044.726248752873,1.0130562582857772,1.014060035623496,1.0103033765515204,1.0123796015537043,3974.0509922656966,3977.9886435978397,3963.2518956724575,3971.3965805925804
2025-06-05,0.9998012423020011,1.0014508783594178,0.9943547293686386,0.9976536714822539,5938.119518404275,5947.9172018400905,5905.7710441391555,5925.364451034551,0.9998012423020011,1.0014508783594178,0.9943547293686386,0.9976536714822539,3973.89299249737,3980.4497728766837,3952.244830179026,3965.357079287425
2025-06-06,0.9874437551274302,0.9944852537532854,0.9849789910080322,0.9912187084097281,5925.018010516427,5967.269537211064,5910.228538484956,5947.669089193396,0.9874437551274302,0.9944852537532854,0.9849789910080322,0.9912187084097281,3962.6722456375915,3990.9302107393814,3952.780996321096,3977.821364281225
2025-06-09,1.0039820618872652,1.0119880774849193,1.0023981417960346,1.0077374471377913,6029.795785847488,6077.878954805127,6020.282951849968,6052.350179015918,1.0039820618872652,1.0119880774849193,1.0023981417960346,1.0077374471377913,3951.4514987778125,3982.961406706965,3945.2175393715333,3966.2318651209966
2025-06-10,1.0031705176012329,1.0039695135428819,0.9984616380533158,1.0002000615503188,6057.956153395501,6062.781138077891,6029.520124492744,6040.018133690681,1.0031705176012329,1.0039695135428819,0.9984616380533158,1.0002000615503188,3940.230751918034,3943.3690303310314,3921.735320008664,3928.5634609902468
2025-06-11,1.0032340636296884,1.0106564158175644,1.0003947904019217,1.0082426121614887,6041.716307353254,6086.415493593168,6024.617522550068,6071.878988663403,1.0032340636296884,1.0106564158175644,1.0003947904019217,1.0082426121614887,3929.010005058255,3958.078491729971,3917.890433541087,3948.625205544038
2025-06-12,0.985881921228172,0.9898562070161925,0.9839010246885499,0.9862914975480243,5959.912543123819,5983.938134026708,5947.937508508703,5962.388538467169,0.985881921228172,0.9898562070161925,0.9839010246885499,0.9862914975480243,3917.7892581984765,3933.5826446416736,3909.91738732081,3919.4168706658306
2025-06-13,1.0013116242790816,1.0030103997537034,0.9884462584167677,0.9987398545073576,5984.809538967343,5994.963069015893,5907.913633169268,5969.438148194841,1.0013116242790816,1.0030103997537034,0.9884462584167677,0.9987398545073576,3906.0985575070677,3912.7254499449996,3855.9109976924433,3896.0661300868787
2025-06-16,0.9854141279785504,0.9907882635816205,0.98256127482484,0.98970877859205,5945.111829648672,5977.5345808969105,5927.90025275849,5971.0219292114825,0.9854141279785504,0.9907882635816205,0.98256127482484,0.98970877859205,3894.4078568156583,3915.6467200732027,3883.1332328573612,3911.380539281456
2025-06-17,0.9837214922594566,0.9958029193668121,0.9781031523725203,0.987444984723295,5885.330246170496,5957.610041754214,5851.717291762125,5907.606859003752,0.9837214922594566,0.9958029193668121,0.9781031523725203,0.987444984723295,3882.7171561242494,3930.402161147827,3860.5417489184556,3897.4136613686746
2025-06-18,1.0162022518765204,1.016274194515916,1.006306780821061,1.0103386353801431,6077.773562180724,6078.203841754406,6018.59003620926,6042.704034186037,1.0162022518765204,1.016274194515916,1.006306780821061,1.0103386353801431,3871.02645543284,3871.300507040047,3833.331567260808,3848.6901394681054
2025-06-20,0.9850799776086159,0.9916748071513833,0.9787597655988247,0.9893991158389073,5878.799693571802,5918.156581110312,5841.08167953129,5904.575619468064,0.9850799776086159,0.9916748071513833,0.9787597655988247,0.9893991158389073,3859.335754741431,3885.1729070837355,3834.5744960199345,3876.2572281047414
2025-06-23,1.0212840774628638,1.0244163298142643,1.018331337269421,1.0215757168325028,6153.410185006923,6172.282537907011,6135.619423375597,6155.167361787691,1.0212840774628638,1.0244163298142643,1.018331337269421,1.0215757168325028,3860.822740635334,3872.663786015909,3849.660316058665,3861.9252428041373
2025-06-24,1.0044379153817047,1.010971886974762,0.9986982532299442,1.0042505007145568,6119.216579330114,6159.022710389905,6084.249524362402,6118.0748154432085,1.0044379153817047,1.010971886974762,0.9986982532299442,1.0042505007145568,3862.3097265292363,3887.4344471817226,3840.239320169365,3861.5890712445894
2025-06-25,1.0116077891212367,1.0133435248012632,1.0079238356548816,1.0131607280370531,6162.876508572834,6173.450888053264,6140.433274623244,6172.337260918213,1.0116077891212367,1.0133435248012632,1.0079238356548816,1.0131607280370531,3863.796712423139,3870.426287527486,3849.7259950511548,3869.728102376886
2025-06-26,1.0071211261033852,1.0096778525711585,1.0048350944683877,1.0085721658694877,6184.750977823411,6200.451886196536,6170.712411832259,6193.661842047842,1.0071211261033852,1.0096778525711585,1.0048350944683877,1.0085721658694877,3865.2836983170414,3875.096294717611,3856.5100160026004,3870.852720958068
2025-06-27,1.0019264790476907,1.0035612470908517,0.9958541740680997,0.998159190523243,6184.962290014928,6195.053827579123,6147.477526314564,6161.706554243316,1.0019264790476907,1.0035612470908517,0.9958541740680997,0.998159190523243,3866.770684210944,3873.0798029706243,3843.3356204895144,3852.231452910116
2025-06-30,0.9997420732223179,1.0039135768528773,0.9926607319110241,0.9976630702595208,6203.349577240821,6229.233548693261,6159.410208471309,6190.449467806814,0.9997420732223179,1.0039135768528773,0.9926607319110241,0.9976630702595208,3866.832255986717,3882.9669223438323,3839.442832522818,3858.7910262213995
2025-07-01,1.0031678520612446,1.0086062599112453,1.0008497535294822,1.00195350142302,6217.644378754115,6251.351684992498,6203.276780873266,6210.117821354893,1.0031678520612446,1.0086062599112453,1.0008497535294822,1.00195350142302,3866.89382776249,3887.857164760195,3857.9582933091096,3862.2128912890566
2025-07-02,1.0011507415288332,1.002936813604546,0.9965652064494259,1.001826874612613,6234.586150811487,6245.708771777222,6206.030097947284,6238.796715500079,1.0011507415288332,1.002936813604546,0.9965652064494259,1.001826874612613,3866.955399538263,3873.854121949031,3849.243721466679,3869.566970773916
2025-07-03,0.999060656037941,1.0010613352764766,0.9947106280480309,0.9986500119624269,6273.451530491845,6286.014495668343,6246.136182233403,6270.872952616265,0.999060656037941,1.0010613352764766,0.9947106280480309,0.9986500119624269,3867.0169713140363,3874.760906101994,3850.179523096043,3865.42751065458
2025-07-07,1.000079616533797,1.0083280663568592,0.9978913063058559,1.007113254148881,6230.476009413224,6281.863686841905,6216.842880459356,6274.295431082445,1.000079616533797,1.0083280663568592,0.9978913063058559,1.007113254148881,3867.078543089809,3898.9734070558106,3858.616849252447,3894.276006823179
2025-07-08,1.0001600169563312,1.0038566338193555,0.9926760979048093,0.9982906896006573,6226.516188761979,6249.529550975075,6179.924901028348,6214.878653922684,1.0001600169563312,1.0038566338193555,0.9926760979048093,0.9982906896006573,3867.156426837431,3881.449535357109,3838.219571566913,3859.9286021145867
2025-07-09,1.0023917178239863,1.0036221417969218,0.9996343701882247,1.0015710557067303,6278.2399505782605,6285.946415830988,6260.9699654251,6273.099930365736,1.0023917178239863,1.0036221417969218,0.9996343701882247,1.0015710557067303,3867.2343105850523,3871.9812949426564,3856.596443977,3864.068190353992
2025-07-10,1.0053432049197117,1.0082036655860915,1.0040225934679083,1.0062431881079985,6314.0177847700525,6331.9827935668245,6305.72373737146,6319.67009318476,1.0053432049197117,1.0082036655860915,1.0040225934679083,1.0062431881079985,3867.312194332674,3878.315694791388,3862.2321214316567,3870.7742120214825
2025-07-11,0.9902121363096652,0.9959603889928341,0.9888950662912026,0.9951785367361788,6198.480420264426,6234.463044997893,6190.235891216355,6229.5688453342955,0.9902121363096652,0.9959603889928341,0.9888950662912026,0.9951785367361788,3867.3900780802956,3889.8405556880894,3862.2461060618125,3886.786939650639
2025-07-14,1.0001007010159657,1.0018639775481604,0.9917761627151984,0.9921829247027252,6269.191250360643,6280.244455099297,6217.008382549984,6219.558194474515,1.0001007010159657,1.0018639775481604,0.9917761627151984,0.9921829247027252,3867.4679618279174,3874.2866906711015,3835.276318383891,3836.849298938
2025-07-15,1.0050484207710673,1.0074465255207792,1.0029593545175426,1.003197672757854,6275.281127673559,6290.254318185621,6262.237499362452,6263.725501258578,1.0050484207710673,1.0074465255207792,1.0029593545175426,1.003197672757854,3866.118794642585,3875.3435818794724,3858.0827854920913,3858.999524038148
2025-07-16,0.9912693441202833,1.0019571644842766,0.9830132338892588,0.9972392544592538,6209.013790766218,6275.959091180163,6157.29999311215,6246.407518156428,0.9912693441202833,1.0019571644842766,0.9830132338892588,0.9972392544592538,3864.7696274572518,3906.439395388124,3832.580632356107,3888.045166334298
2025-07-17,0.9911115642803288,1.0031901440775344,0.9893569857645025,0.9986920275419852,6241.386320436371,6317.449485708102,6230.337107873947,6289.1232265617955,0.9911115642803288,1.0031901440775344,0.9893569857645025,0.9986920275419852,3863.420460271919,3910.503587945276,3856.5809935746265,3892.9696229685414
2025-07-18,1.010050132452324,1.0109287447077375,1.006427630034112,1.0066659482744234,6360.073573524469,6365.606010388235,6337.263436522496,6338.764076434906,1.010050132452324,1.0109287447077375,1.006427630034112,1.0066659482744234,3862.071293086586,3865.4307928384924,3848.2201364469197,3849.131380359428
2025-07-21,0.9982557487241664,0.9992848590846876,0.9875302051974046,0.9906832310007601,6294.601449155104,6301.0906074444065,6226.970461892755,6246.8521813983925,0.9982557487241664,0.9992848590846876,0.9875302051974046,0.9906832310007601,3860.7221259012535,3864.702177249754,3819.2414299383117,3831.4356562156054
2025-07-22,1.0097316566400454,1.0101481006293542,1.0015908460640963,1.002446890914236,6371.023055369163,6373.650658692986,6319.657634142944,6325.058951850282,1.0097316566400454,1.0101481006293542,1.0015908460640963,1.002446890914236,3858.799868775458,3860.391354989374,3827.688871536123,3830.9603404790464
2025-07-23,1.005273944441369,1.0070250144337818,1.003413309429754,1.0053687518028935,6392.446538047666,6403.581434533119,6380.6149274659565,6393.049409526938,1.005273944441369,1.0070250144337818,1.003413309429754,1.0053687518028935,3856.8776116496624,3863.5958427224095,3849.739018672663,3857.241353684464
2025-07-24,1.0090877397177511,1.0157813713914194,1.0070239582960996,1.012043927372917,6421.178468532952,6463.772389643589,6408.045905023486,6439.989725248452,1.0090877397177511,1.0157813713914194,1.0070239582960996,1.012043927372917,3854.9553545238664,3880.526620773554,3847.071218260168,3866.248695015196
2025-07-25,1.0091894377427502,1.0115608873364936,1.0072402630809767,1.0080754502918208,6447.348009540844,6462.498347273417,6434.895434329651,6440.231144752338,1.0091894377427502,1.0115608873364936,1.0072402630809767,1.0080754502918208,3853.033097398071,3862.0871693411364,3845.591249313314,3848.7799509044676
2025-07-28,0.997510495364456,1.0041349092207263,0.994822980258625,1.0013330586899762,6373.86263796494,6416.191118891321,6356.690034567155,6398.28793842545,0.997510495364456,1.0041349092207263,0.994822980258625,1.0013330586899762,3851.1108402722753,3876.6858614183047,3840.7350912394995,3865.8686950807696
2025-07-29,0.9915337874813661,0.9955028697101156,0.988634255225007,0.9928502365746172,6316.922945313536,6342.209412521387,6298.450431242788,6325.309858183766,0.9915337874813661,0.9955028697101156,0.988634255225007,0.9928502365746172,3859.6647032738106,3875.1148339462197,3848.377924701897,3864.789139942565
2025-07-30,1.0016778871506906,1.0036040297058753,0.9918862904384015,0.9967772692309138,6373.576228151129,6385.832080615513,6311.273277430504,6342.394086389381,1.0016778871506906,1.0036040297058753,0.9918862904384015,0.9967772692309138,3868.2185662753463,3875.6568261080083,3830.4059753398537,3849.293658910739
2025-07-31,1.0023589562005428,1.0035723083527532,0.9914556093966842,0.9975673865442926,6354.34434334816,6362.03625584836,6285.223775653246,6323.968714585023,1.0023589562005428,1.0035723083527532,0.9914556093966842,0.9975673865442926,3876.7724292768817,3881.4652492907057,3834.6021129300634,3858.2403205733067
2025-08-01,1.0133941136510498,1.015410781877748,1.0046415667797617,1.0083592677270792,6321.562614896386,6334.142611461211,6266.964139987821,6290.155195674198,1.0133941136510498,1.015410781877748,1.0046415667797617,1.0083592677270792,3885.3262922784174,3893.0581450476857,3851.7692585189684,3866.0228258555703
2025-08-04,1.0111057086595445,1.0151335843245057,1.0089374586798234,1.013614570039505,6400.238469472397,6425.734680759061,6386.513577195761,6416.119411475864,1.0111057086595445,1.0151335843245057,1.0089374586798234,1.013614570039505,3893.8801552799528,3909.391950916554,3885.529984278629,3903.5420585370584
2025-08-05,0.9938137456613112,1.0045332121547021,0.9901451593122068,1.000404979629236,6260.221608532274,6327.745564672778,6237.11248608786,6301.741043630687,0.9938137456613112,1.0045332121547021,0.9901451593122068,1.000404979629236,3898.28202585861,3940.3296466934107,3883.8918201611555,3924.1364568498943
2025-08-06,0.9927242127869952,0.995512203056214,0.9870705505589519,0.9918799898106911,6298.894693586252,6316.5846591238615,6263.021867529584,6293.538048148224,0.9927242127869952,0.995512203056214,0.9870705505589519,0.9918799898106911,3902.683896437267,3913.6442866311936,3880.4577270247814,3899.365013536875
2025-08-07,0.9980289767794552,1.0045941535374356,0.9961584044180565,1.0033704359584643,6327.503712781746,6369.126933427342,6315.644284010478,6361.368563976664,0.9980289767794552,1.0045941535374356,0.9961584044180565,1.0033704359584643,3907.085767015924,3932.7871336754583,3899.762846720585,3927.9965217324325
2025-08-08,0.9951027807652228,1.0010354343395078,0.9936367955909048,0.9992412234508745,6358.159462560353,6396.065855940568,6348.792623588306,6384.60183517819,0.9951027807652228,1.0010354343395078,0.9936367955909048,0.9992412234508745,3911.487637594581,3934.807340405684,3905.725234959315,3927.754768705774
2025-08-11,1.0056522933463787,1.006542326235177,1.000775251450057,1.0027080425973462,6409.474609028477,6415.147189143589,6378.391026354366,6390.709574092056,1.0056522933463787,1.006542326235177,1.000775251450057,1.0027080425973462,3915.889508173238,3919.3551895764763,3896.898891516682,3904.4249486094122
2025-08-12,0.9951027807652228,1.0010354343395078,0.9936367955909048,0.9992412234508745,6414.193700145243,6452.434161248226,6404.744311548031,6440.869108470709,0.9951027807652228,1.0010354343395078,0.9936367955909048,0.9992412234508745,3916.702960460731,3940.053756244782,3910.9328746130886,3932.9917811050914
2025-08-13,0.9966100743006703,0.9994237945676416,0.993756290812858,0.9973821670225176,6444.658774271228,6462.85392147522,6426.204555044611,6449.651573624472,0.9966100743006703,0.9994237945676416,0.993756290812858,0.9973821670225176,3917.516412748224,3928.5767016324976,3906.298641685876,3920.551386995421
2025-08-14,0.996053759085239,1.0001810443772396,0.9926503643600496,0.9991765160312159,6443.013582793232,6469.711092795949,6420.998587877555,6463.213261008562,0.996053759085239,1.0001810443772396,0.9926503643600496,0.9991765160312159,3918.3298650357174,3934.5660019647335,3904.94140776363,3930.6143343136673
2025-08-15,0.9954086602531687,0.9996982967884992,0.9931898975550993,0.9974446942308469,6420.186776900888,6447.8540746264625,6405.87620125088,6433.318788850117,0.9954086602531687,0.9996982967884992,0.9931898975550993,0.9974446942308469,3919.1433173232103,3936.0325619445202,3910.4075594901883,3927.1596319044306
2025-08-18,1.0010386558223812,1.0045940052675517,0.9980782940011178,1.0021908799155543,6455.84844719691,6478.7774290712305,6436.7566297573085,6463.279313207397,1.0010386558223812,1.0045940052675517,0.9980782940011178,1.0021908799155543,3919.9567696107033,3933.8791252009364,3908.364319814422,3924.468751848225
2025-08-19,0.9941786338329892,0.9967762607588047,0.9847714838221191,0.9932115346924615,6374.047067597812,6390.701414941177,6313.73434823262,6367.8466371812065,0.9941786338329892,0.9967762607588047,0.9847714838221191,0.9932115346924615,3928.646040402869,3938.9109529540506,3891.472275664842,3924.82440304333
2025-08-20,1.0023589562005428,1.0035723083527532,0.9914556093966842,0.9975673865442926,6410.867364888308,6418.627698316372,6341.131957467124,6380.221539512255,1.0023589562005428,1.0035723083527532,0.9914556093966842,0.9975673865442926,3937.3353111950346,3942.10144237415,3894.50621078597,3918.513694161635
2025-08-21,0.9987445881155554,1.0003609734133554,0.9872652474765167,0.9958606514397841,6362.172812876068,6372.469462008554,6289.047461517483,6343.801645982169,0.9987445881155554,1.0003609734133554,0.9872652474765167,0.9958606514397841,3946.0245819872,3952.4108955602387,3900.6698828121885,3934.6301923195065
2025-08-22,0.9970289616777006,1.0085074526327698,0.9967154997165045,1.0063836057827582,6447.696562563138,6521.926930505385,6445.66943227166,6508.192204072577,0.9970289616777006,1.0085074526327698,0.9967154997165045,1.0063836057827582,3954.7138527793654,4000.2432696105775,3953.470506389331,3991.819034325788
2025-08-25,1.0110833757906832,1.0124748040152578,1.006332219673538,1.0093103557936751,6510.689403396462,6519.649254991529,6480.0951887882065,6499.272360269328,1.0110833757906832,1.0124748040152578,1.006332219673538,1.0093103557936751,3963.403123571531,3968.85746205988,3944.7787969866504,3956.452961831604
2025-08-26,1.0117786867559735,1.0126852116513518,1.0057662764267212,1.0082461747317426,6542.100281842919,6547.961817424942,6503.224397398593,6519.2592710449635,1.0117786867559735,1.0126852116513518,1.0057662764267212,1.0082461747317426,3975.3621827318193,3978.9239940587076,3951.738925034417,3961.4826506809927
2025-08-27,1.0103878747369857,1.0147192292963974,1.007626600162054,1.010592449521086,6548.727971320299,6576.801212761669,6530.831046290336,6550.053902325967,1.0103878747369857,1.0147192292963974,1.007626600162054,1.010592449521086,3987.3212418921075,4004.414184585431,3976.4243486864284,3988.128560945111
2025-08-28,1.0173519589787472,1.0195428227018555,1.0152237857269886,1.0166524216234598,6614.680008005557,6628.9246972122855,6600.842923466877,6610.131714056708,1.0173519589787472,1.0195428227018555,1.0152237857269886,1.0166524216234598,3999.2803010523958,4007.8927365549653,3990.914306090801,3996.5303717480283
2025-08-29,1.0003742398933413,1.0030533367586627,0.9981285068033106,0.9993288254142771,6462.677687013357,6479.985349328518,6448.169667361155,6455.9240376708385,1.0003742398933413,1.0030533367586627,0.9981285068033106,0.9993288254142771,4011.239360212684,4021.9818387446635,4002.234557205937,4007.047521259888
2025-09-02,1.0150868569098663,1.0197388707227328,1.0120547263834971,1.0156620108929264,6512.330333979524,6542.175514676522,6492.8775793023815,6516.020257364005,1.0150868569098663,1.0197388707227328,1.0120547263834971,1.0156620108929264,4023.1984193729722,4041.6362254497853,4011.180863773684,4025.4779864659677
2025-09-03,0.9958814105034096,0.9992466707394175,0.9921314194589393,0.9949309726315401,6421.702264092716,6443.402337062157,6397.521346840301,6415.573593581054,0.9958814105034096,0.9992466707394175,0.9921314194589393,0.9949309726315401,4028.920470429463,4042.5349085645425,4013.749572043724,4025.07539554659
2025-09-04,1.001035366605446,1.0047874825216239,0.997843338057566,1.0022408539804917,6508.812036497938,6533.2085943542,6488.057211517338,6516.650211849475,1.001035366605446,1.0047874825216239,0.997843338057566,1.0022408539804917,4034.6425214859537,4049.7653102764143,4021.777147755208,4039.501201593298
2025-09-05,0.9952560342788666,1.003455173729877,0.9906889720353746,0.9940396400384914,6450.751986178474,6503.894708530197,6421.150572247281,6442.867926909482,0.9952560342788666,1.003455173729877,0.9906889720353746,0.9940396400384914,4040.364572542444,4073.649989985003,4021.8240203089968,4035.426470158953
2025-09-08,1.0036501220358194,1.0054509219000631,0.9983912618177491,1.0001103412985568,6518.858090140952,6530.554555379194,6484.701004195553,6495.8666832853205,1.0036501220358194,1.0054509219000631,0.9983912618177491,1.0001103412985568,4046.0866235989347,4053.346317074302,4024.886203734938,4031.8164519753213
2025-09-09,1.0071113209690792,1.009834060305765,1.00400233390552,1.0052878710449011,6558.923260056435,6576.655399487928,6538.675639816428,6547.047841845733,1.0071113209690792,1.009834060305765,1.00400233390552,1.0052878710449011,4051.8086746554254,4062.762795251144,4039.300602815463,4044.4725738026664
2025-09-10,1.0130562582857772,1.014060035623496,1.0103033765515204,1.0123796015537043,6617.324001373028,6623.8807150941,6599.342067769593,6612.904052532859,1.0130562582857772,1.014060035623496,1.0103033765515204,1.0123796015537043,4047.6052338260397,4051.615765691882,4036.606260743798,4044.9016926279664
2025-09-11,1.0090877397177511,1.0157813713914194,1.0070239582960996,1.012043927372917,6647.335212758494,6691.429310599834,6633.740114556807,6666.80901025127,1.0090877397177511,1.0157813713914194,1.0070239582960996,1.012043927372917,4043.4017929966544,4070.223090338489,4035.132246977799,4055.2471994909156
2025-09-12,1.0116139346466593,1.01292716901974,1.0093389100927384,1.0099990055326353,6660.759513754652,6669.406229704983,6645.780092334516,6650.126352138475,1.0116139346466593,1.01292716901974,1.0093389100927384,1.0099990055326353,4039.1983521672687,4044.441868427856,4030.114575130778,4032.7502213212747
2025-09-15,0.9924967031293627,0.9989705275580028,0.9908893365632985,0.9928773978057841,6565.64359027761,6608.469751543904,6555.010410380457,6568.161992156647,0.9924967031293627,0.9989705275580028,0.9908893365632985,0.9928773978057841,4034.9949113378834,4061.3142417135864,4028.46016326842,4036.5426253779306
2025-09-16,0.9948128833727039,1.0039979780423525,0.9936466958073431,1.0000453299055085,6572.489965351446,6633.173681411093,6564.785243992123,6607.059483806518,0.9948128833727039,1.0039979780423525,0.9936466958073431,1.0000453299055085,4030.7914705084977,4068.0077167685113,4026.0663016148933,4051.9923427597864
2025-09-17,0.9915337874813661,0.9955028697101156,0.988634255225007,0.9928502365746172,6544.470034202635,6570.667366091162,6525.332106474376,6553.159058975275,0.9915337874813661,0.9955028697101156,0.988634255225007,0.9928502365746172,4030.455198809146,4046.5889990944593,4018.6689793133464,4035.8063922418373
2025-09-18,0.9912058625445576,1.0019000877103694,0.989098632801144,0.9997192117180077,6573.637632161004,6644.561305691662,6559.662568791875,6630.097823345359,0.9912058625445576,1.0019000877103694,0.989098632801144,0.9997192117180077,4030.1189271097946,4073.600307598073,4021.5511948216717,4064.733138883056
2025-09-19,0.9935796656002248,1.0014011303636803,0.9925778587144126,0.9986547044391434,6621.572580239514,6673.697637150496,6614.896178501983,6655.394466076049,0.9935796656002248,1.0014011303636803,0.9925778587144126,0.9986547044391434,4029.7826554104427,4061.5051273318422,4025.7195046110774,4050.3661115707027
2025-09-22,0.9996919843647482,1.004116095992876,0.9976684366319732,1.0032725421431172,6691.6882203415325,6721.3021175523145,6678.1430977052705,6715.655578970491,0.9996919843647482,1.004116095992876,0.9976684366319732,1.0032725421431172,4029.446383711091,4047.2785969126626,4021.2900943523464,4043.8784946186183
2025-09-23,0.9995828713767358,1.0066902358339833,0.9975799195199888,1.0027032840319798,6654.143208125221,6701.45636472796,6640.809717851004,6674.915545538167,0.9995828713767358,1.0066902358339833,0.9975799195199888,1.0027032840319798,4029.1101120117396,4057.7584160438078,4021.0366307517243,4041.6878447269637
2025-09-24,0.9914077001983017,0.9963098821863577,0.9882636106522199,0.9919269137040434,6580.934571685321,6613.4751086565775,6560.064199601116,6584.38109536003,0.9914077001983017,0.9963098821863577,0.9882636106522199,0.9919269137040434,4032.8788341945956,4052.820081349572,4020.0892097235837,4034.99090691434
2025-09-25,1.0022011763605883,1.0048052879460108,0.9977993612719279,0.999020159627024,6619.258153532304,6636.457581402777,6590.185397379928,6598.248428691798,1.0022011763605883,1.0048052879460108,0.9977993612719279,0.999020159627024,4036.6475563774516,4047.1363493621125,4018.9180061230895,4023.8351153953245
2025-09-26,0.9960391903433642,0.9980136911461599,0.9857876675836956,0.9934781995488087,6617.385568884209,6630.503559867742,6549.277527125799,6600.37111434242,0.9960391903433642,0.9980136911461599,0.9857876675836956,0.9934781995488087,4040.4162785603075,4048.4258079673746,3998.8311483367493,4030.027662333271
2025-09-29,1.0110833757906832,1.0124748040152578,1.006332219673538,1.0093103557936751,6735.038693650657,6744.307289254475,6703.390245011568,6723.228235116387,1.0110833757906832,1.0124748040152578,1.006332219673538,1.0093103557936751,4044.1850007431635,4049.750509276063,4025.181074098517,4037.0931811666524
2025-09-30,1.0046768667001933,1.0057401100226184,0.9974523603124208,1.0001986241282494,6719.7410358495745,6726.852496281883,6671.420213855214,6689.788489536832,1.0046768667001933,1.0057401100226184,0.9974523603124208,1.0001986241282494,4047.9537229260195,4052.237647347931,4018.845391184752,4029.910390495359
2025-10-01,1.0090877397177511,1.0157813713914194,1.0070239582960996,1.012043927372917,6772.189638793771,6817.111939682094,6758.339188916783,6792.02920538512,1.0090877397177511,1.0157813713914194,1.0070239582960996,1.012043927372917,4052.040877657047,4078.919481066965,4043.7536630235404,4063.9115929073455
2025-10-02,1.0013899953456982,1.0042364480439314,0.9983471242702369,0.9996807204817977,6724.684305244735,6743.799231371815,6704.250360968135,6713.20592628744,1.0013899953456982,1.0042364480439314,0.9983471242702369,0.9996807204817977,4056.128032388075,4067.6575829486283,4043.8028896110486,4049.2046182110344
2025-10-03,1.0001007010159657,1.0018639775481604,0.9917761627151984,0.9921829247027252,6716.466286876012,6728.30808177816,6660.560435801102,6663.292163889315,1.0001007010159657,1.0018639775481604,0.9917761627151984,0.9921829247027252,4060.2151871191027,4067.3737483998166,4026.419173577472,4028.0705484816403
2025-10-06,1.0111510629348155,1.0131211323803266,1.008044725662543,1.008494008525156,6815.441286478278,6828.720106160467,6794.5037034887255,6797.531995781937,1.0111510629348155,1.0131211323803266,1.008044725662543,1.008494008525156,4064.3023418501307,4072.2209982749764,4051.81647864624,4053.622362512267
2025-10-07,1.0050484207710673,1.0074465255207792,1.0029593545175426,1.003197672757854,6748.4880756252005,6764.590365796569,6734.460852249947,6736.061061523159,1.0050484207710673,1.0074465255207792,1.0029593545175426,1.003197672757854,4068.3894965811583,4078.0969136307212,4059.933053062764,4060.897754270874
2025-10-08,0.9809991571678944,0.9946630169647592,0.9793905541030772,0.9923888989323834,6625.393627747952,6717.675510935234,6614.529573057035,6702.316754497617,0.9809991571678944,0.9946630169647592,0.9793905541030772,0.9923888989323834,4066.1311101454985,4122.766271346956,4059.4636314652803,4113.340308019647
2025-10-09,0.99195753077597,1.0006694793631548,0.9900944683309194,0.9982142266229537,6680.943085104544,6739.619017153577,6668.395154600258,6723.082619870521,0.99195753077597,1.0006694793631548,0.9900944683309194,0.9982142266229537,4063.872723709839,4099.564020096416,4056.2400898337833,4089.505288415725
2025-10-10,0.9747565189232669,0.99068922713947,0.9697718521144916,0.9861765079117457,6387.101837809895,6491.501067723649,6354.439758698727,6461.931429856793,0.9747565189232669,0.99068922713947,0.9697718521144916,0.9861765079117457,4061.6143372741794,4128.002727468297,4040.844233372314,4109.199134202088
2025-10-13,1.0131941757924343,1.0201223525765077,1.009809431608771,1.0133678508608082,6742.523545529429,6788.628622137938,6719.999020715521,6743.679304480437,1.0131941757924343,1.0201223525765077,1.009809431608771,1.0133678508608082,4059.35595083852,4087.113646578227,4045.7949950293596,4060.0517788832913
2025-10-14,0.9972244712096059,1.0117261143537448,0.9934866853760942,1.0093465180239207,6625.868526302697,6722.22193886173,6601.033518511237,6706.411163171517,0.9972244712096059,1.0117261143537448,0.9934866853760942,1.0093465180239207,4057.0975644028604,4116.095897053643,4041.8907957773317,4106.414772339284
2025-10-15,0.9911774875781348,0.996715818537411,0.9900042425973097,0.9947867645496412,6612.204490282993,6649.151028412181,6604.377702621209,6636.28219351653,0.9911774875781348,0.996715818537411,0.9900042425973097,0.9947867645496412,4069.864071982661,4092.6049579212454,4065.046622378593,4084.684088434063
2025-10-16,0.98152740606256,0.9907763064242925,0.9793712043750062,0.9898089221537526,6506.613881707134,6567.9254896280845,6492.3202697862225,6561.512631581776,0.98152740606256,0.9907763064242925,0.9793712043750062,0.9898089221537526,4082.630579562461,4121.101072806874,4073.6619304030614,4117.077270128824
2025-10-17,0.9888865285539385,0.9951454153376157,0.9873320015133109,0.991160896783611,6589.949715148732,6631.658999264025,6579.590331404719,6605.106127774951,0.9888865285539385,0.9951454153376157,0.9873320015133109,0.991160896783611,4095.3970871422616,4121.317782755445,4088.9591336155004,4104.816207287938
2025-10-20,1.0070170227048503,1.01112411667293,1.0042606868688786,1.0042606868688786,6782.3905601301185,6810.052371927351,6763.82627995119,6763.82627995119,1.0070170227048503,1.01112411667293,1.0042606868688786,1.0042606868688786,4108.163594722062,4124.9186381218715,4096.91901962466,4096.91901962466
2025-10-21,1.015733547662021,1.016107187918053,1.009528731539442,1.012684225137098,6841.320950245394,6843.837548143859,6799.52934197418,6820.782695777153,1.015733547662021,1.016107187918053,1.009528731539442,1.012684225137098,4120.9301023018625,4122.445997274573,4095.756557923379,4108.558703312918
2025-10-22,1.0117786867559735,1.0126852116513518,1.0057662764267212,1.0082461747317426,6778.310134052968,6784.383306937066,6738.030592293176,6754.644422997836,1.0117786867559735,1.0126852116513518,1.0057662764267212,1.0082461747317426,4122.5863397122375,4126.280059691928,4098.088214760038,4108.192790997888
2025-10-23,1.0167442293226885,1.020617104507283,1.0107054732857974,1.0117043895813174,6851.269984637177,6877.367121696056,6810.578189407948,6817.309326930332,1.0167442293226885,1.020617104507283,1.0107054732857974,1.0117043895813174,4124.242577122612,4139.952208189637,4099.747434645341,4103.7993613719955
2025-10-24,0.9995679928637067,1.0046601817129688,0.9977675812585671,1.0011547322446837,6788.755941452508,6823.340509538152,6776.528103957998,6799.532583438895,0.9995679928637067,1.0046601817129688,0.9977675812585671,1.0011547322446837,4125.898814532987,4146.9177508,4118.4672879531545,4132.448370118685
2025-10-27,0.9980662657941256,0.9998048658179526,0.9946366649851268,0.9965129987611832,6861.865267937141,6873.818421276955,6838.286213639144,6851.186308562936,0.9980662657941256,0.9998048658179526,0.9946366649851268,0.9965129987611832,4127.555051943361,4134.745122941247,4113.371759079466,4121.131435187075
2025-10-28,1.0020095431968739,1.0037467704526595,0.9984790728144721,1.0006409562924659,6904.737541119906,6916.708583044527,6880.409458066518,6895.3067593061905,1.0020095431968739,1.0037467704526595,0.9984790728144721,1.0006409562924659,4129.211289353736,4136.370281446642,4114.662467679611,4123.571438381745
2025-10-29,1.002145109636,1.004152554772494,0.9953724183520589,0.998896099704903,6905.371071006724,6919.2035523898,6858.703232172514,6882.983475665607,1.002145109636,1.004152554772494,0.9953724183520589,0.998896099704903,4134.377072203492,4142.65884204523,4106.436148985687,4120.973192827812
2025-10-30,0.9949299178605531,0.9979753999417611,0.9922811684852098,0.9960485085863178,6787.7501758167655,6808.527490038675,6769.679507003386,6795.38158206878,0.9949299178605531,0.9979753999417611,0.9922811684852098,0.9960485085863178,4139.542855053249,4152.214002400558,4128.522368730848,4144.1969057189735
2025-10-31,0.9792776367442113,0.9893204657300093,0.9773988540351837,0.9853624822715562,6698.454890857754,6767.14984968641,6685.603641371463,6740.076451233898,0.9792776367442113,0.9893204657300093,0.9773988540351837,0.9853624822715562,4144.708637903006,4187.214050550648,4136.756851166878,4170.462224905503
2025-11-03,1.001035366605446,1.0047874825216239,0.997843338057566,1.0022408539804917,6859.064300919517,6884.773686613691,6837.192617070301,6867.324264248709,1.001035366605446,1.0047874825216239,0.997843338057566,1.0022408539804917,4149.8744207527625,4165.42912579485,4136.641603948218,4154.871867785235
2025-11-04,1.0062551689508785,1.0069286876360595,0.9978382547628053,1.0026642455383938,6813.907189309321,6818.467954761959,6756.911634039075,6789.591071875511,1.0062551689508785,1.0069286876360595,0.9978382547628053,1.0026642455383938,4155.040203602519,4157.821304560958,4120.284986515605,4140.2125221084825
2025-11-05,1.0068617773832877,1.007587580173524,0.9952995959175304,1.0031953936875926,6842.924629012265,6847.857395257519,6764.344690738352,6818.006822165049,1.0068617773832877,1.007587580173524,0.9952995959175304,1.0031953936875926,4132.1126556294375,4135.091315622689,4084.6620150007852,4117.065992016138
2025-11-06,0.9915265725203359,1.003008453143291,0.9847714100226921,0.9974335047482326,6663.375855839864,6740.537767827921,6617.979002203698,6703.072330629642,0.9915265725203359,1.003008453143291,0.9847714100226921,0.9974335047482326,4109.185107656357,4156.769483276071,4081.1896772721175,4133.6652160220965
2025-11-07,0.982732938092409,0.9900478680848752,0.9780987167753818,0.9842061023689483,6612.613393836202,6661.834094769509,6581.4306454381895,6622.52602162018,0.982732938092409,0.9900478680848752,0.9780987167753818,0.9842061023689483,4086.2575596832758,4116.673440561645,4066.9882127875608,4092.3830576983814
2025-11-10,0.9930725130851592,1.0059800774331529,0.9906902561956861,1.0012144624236978,6785.098430578435,6873.288460456597,6768.8218271390915,6840.727729497546,0.9930725130851592,1.0059800774331529,0.9906902561956861,1.0012144624236978,4063.330011710195,4116.143570541206,4053.5825906638433,4096.644222571121
2025-11-11,0.9724099565231616,0.9855668410678123,0.9693404292481917,0.9792376932475004,6657.711732431044,6747.791789723295,6636.695876294962,6704.458582965269,0.9724099565231616,0.9855668410678123,0.9693404292481917,0.9792376932475004,4040.402463737114,4095.069847974294,4027.6484545035596,4068.771984326355
2025-11-12,1.0117786867559735,1.0126852116513518,1.0057662764267212,1.0082461747317426,6931.614840670234,6937.825370206479,6890.424298497353,6907.41388339319,1.0117786867559735,1.0126852116513518,1.0057662764267212,1.0082461747317426,4048.1681399498816,4051.7951833414636,4024.1122389334028,4034.0344140494763
2025-11-13,0.9980289767794552,1.0045941535374356,0.9961584044180565,1.0033704359584643,6724.210250761812,6768.443063516937,6711.607288182611,6760.198278565794,0.9980289767794552,1.0045941535374356,0.9961584044180565,1.0033704359584643,4055.9338161626492,4082.614326489818,4048.3319149426475,4077.6412068455384
2025-11-14,0.9940273304089873,1.0009461965241693,0.9924736193358077,0.9970337748945728,6693.889385980465,6740.481791475373,6683.426524705455,6714.135113855291,0.9940273304089873,1.0009461965241693,0.9924736193358077,0.9970337748945728,4063.699492375417,4091.9846228340634,4057.347740561128,4075.9901875667674
2025-11-17,0.9859079884373987,0.9955022579643007,0.9797798742506381,0.9892351603820995,6578.382321129583,6642.39922106358,6537.493030748699,6600.582576485124,0.9859079884373987,0.9955022579643007,0.9797798742506381,0.9892351603820995,4071.4651685881845,4111.086243429804,4046.1581381622805,4085.205258780803
2025-11-18,1.0096100280633737,1.0160080657238368,1.000172029381259,1.0122294575710142,6680.912630904324,6723.25049347566,6618.458373465192,6698.246234173824,1.0096100280633737,1.0160080657238368,1.000172029381259,1.0122294575710142,4079.230844800952,4105.08149192737,4041.097531672988,4089.814394237208
2025-11-19,0.9859079884373987,0.9955022579643007,0.9797798742506381,0.9892351603820995,6548.558604479352,6612.285277760159,6507.854689552618,6570.658212883565,0.9859079884373987,0.9955022579643007,0.9797798742506381,0.9892351603820995,4078.518148542132,4118.207858785269,4053.1672788664996,4092.28204062834
2025-11-20,0.9859079884373987,0.9955022579643007,0.9797798742506381,0.9892351603820995,6446.615718474925,6509.350344286651,6406.545450555102,6468.3712973000565,0.9859079884373987,0.9955022579643007,0.9797798742506381,0.9892351603820995,4077.805452283312,4117.488226990803,4052.4590125180825,4091.5669392130294
2025-11-21,0.982732938092409,0.9900478680848752,0.9780987167753818,0.9842061023689483,6488.9757628947955,6537.27617248575,6458.376045880678,6498.703051881142,0.982732938092409,0.9900478680848752,0.9780987167753818,0.9842061023689483,4077.0927560244927,4107.440419084409,4057.866627104726,4083.204515554982
2025-11-24,0.9830523663943431,1.0007081189333817,0.9821163187415448,0.9982098572542932,6591.484082958038,6709.868022422596,6585.2077711203065,6693.116878072907,0.9830523663943431,1.0007081189333817,0.9821163187415448,0.9982098572542932,4076.3800597656727,4149.592393157711,4072.4985920867402,4139.232961207949
2025-11-25,0.9991264330385614,1.0069567266518216,0.9927857138593239,0.9943216687120346,6759.969550766942,6812.948377719026,6717.069005686522,6727.461091905381,0.9991264330385614,1.0069567266518216,0.9927857138593239,0.9943216687120346,4075.667363506853,4107.608938737912,4049.8021062526864,4056.0676206640856
2025-11-26,0.9902040241527772,0.9988476302479332,0.986670991471859,0.9945370923537495,6745.873836983451,6804.759354303372,6721.804663211101,6775.393340740077,0.9902040241527772,0.9988476302479332,0.986670991471859,0.9945370923537495,4071.439171117138,4106.979237181437,4056.912338970364,4089.2555232771438
2025-11-28,1.003380377074007,1.0108025062551023,0.998098493823585,1.0040380978196903,6872.242506813811,6923.077337566759,6836.066413062177,6876.747295395863,1.003380377074007,1.0108025062551023,0.998098493823585,1.0040380978196903,4067.210978727423,4097.29664312811,4045.800819594035,4069.8770554206712
2025-12-01,0.9980251965457407,1.0075480414667504,0.9959586284151777,1.001898232411283,6799.17639474341,6864.052013737628,6785.097630700092,6825.561955072079,0.9980251965457407,1.0075480414667504,0.9959586284151777,1.001898232411283,4062.982786337708,4101.750499943476,4054.5697414864035,4078.7500015413234
2025-12-02,0.9894614114690863,0.9929475430968588,0.9858773159636431,0.9914800112326135,6757.398079644634,6781.206162399395,6732.920965322625,6771.183844311674,0.9894614114690863,0.9929475430968588,0.9858773159636431,0.9914800112326135,4058.7545939479933,4073.054649104587,4044.0526925607855,4067.034857299945
2025-12-03,0.9948128833727039,1.0039979780423525,0.9936466958073431,1.0000453299055085,6814.189703495677,6877.105030156263,6806.201645205474,6850.03049716036,0.9948128833727039,1.0039979780423525,0.9936466958073431,1.0000453299055085,4054.5264015582784,4091.9617921340864,4049.7734089584096,4075.852113123325
2025-12-04,0.9996919843647482,1.004116095992876,0.9976684366319732,1.0032725421431172,6855.007899827202,6885.3445641546705,6841.132190197836,6879.560214180412,0.9996919843647482,1.004116095992876,0.9976684366319732,1.0032725421431172,4047.3187220994864,4065.230028883204,4039.1262560679356,4061.814845664147
2025-12-05,0.9987989593389381,0.9994010164789697,0.9852946643127334,0.9939538403865695,6862.14837024224,6866.284743617113,6769.368461694203,6828.860464991887,0.9987989593389381,0.9994010164789697,0.9852946643127334,0.9939538403865695,4040.111042640694,4042.5463452378776,3985.4865849875164,4020.512685634668
2025-12-08,0.9980698495404934,1.0033844449923506,0.9951850462484799,1.0028320643269275,6833.295205577484,6869.681636484578,6813.54437099068,6865.8997567349525,0.9980698495404934,1.0033844449923506,0.9951850462484799,1.0028320643269275,4032.903363181902,4054.3780624543165,4021.2467312299045,4052.146056503664
2025-12-09,0.9963451098651893,1.007575660224082,0.9933756385381723,1.0031197954121414,6815.508687483926,6892.331379519435,6795.195989176754,6861.850991714708,0.9963451098651893,1.007575660224082,0.9933756385381723,1.0031197954121414,4025.6956837231096,4071.072308406646,4013.6976443030844,4053.0685509103
2025-12-10,0.9911115642803288,1.0031901440775344,0.9893569857645025,0.9986920275419852,6825.468187498055,6908.6495014158745,6813.384966724684,6877.672412232839,0.9911115642803288,1.0031901440775344,0.9893569857645025,0.9986920275419852,4018.4880042643176,4067.460924945416,4011.374019348293,4049.2231926947466
2025-12-11,1.0010028512939741,1.0028394824429054,0.9933395382420465,0.9935051376432327,6907.920676779716,6920.59526833849,6855.036153408362,6856.178954875949,1.0010028512939741,1.0028394824429054,0.9933395382420465,0.9935051376432327,4007.1622883802643,4014.514594188533,3976.484914158961,3977.1478330253294
2025-12-12,1.0108256763738896,1.0110275915460782,1.0026695374637487,1.0068218380985616,6901.321331131858,6902.69988879761,6845.636026775372,6873.985485652501,1.0108256763738896,1.0110275915460782,1.0026695374637487,1.0068218380985616,3995.8365724962105,3996.6347516960773,3963.5950110586223,3980.0092307647387
2025-12-15,0.9965624795532619,0.9992149493862955,0.9917007384172221,0.9957210899449188,6793.078107499606,6811.158694641177,6759.9380004283785,6787.342766820439,0.9965624795532619,0.9992149493862955,0.9917007384172221,0.9957210899449188,3984.510856612157,3995.1161072245386,3965.072376099352,3981.146766454371
2025-12-16,1.0263349298951645,1.0295324579346175,1.0235003695985805,1.0246850372944514,6979.344370368892,7001.088392394462,6960.068623366443,6968.124671711966,1.0263349298951645,1.0295324579346175,1.0235003695985805,1.0246850372944514,3973.1851407281033,3985.56352766921,3962.2118877257567,3966.798016433678
2025-12-17,0.9859079884373987,0.9955022579643007,0.9797798742506381,0.9892351603820995,6626.711530722785,6691.19874174899,6585.521840184467,6649.074884047055,0.9859079884373987,0.9955022579643007,0.9797798742506381,0.9892351603820995,3961.85942484405,4000.4138818475844,3937.2336714957905,3975.229625391955
2025-12-18,1.0195770060846479,1.021254859012154,1.0150001852473525,1.0175406882161013,6907.389517742029,6918.756568641181,6876.382655006354,6893.593952898915,1.0195770060846479,1.021254859012154,1.0150001852473525,1.0175406882161013,3961.85942484405,3968.3792045121595,3944.0748723660627,3953.9467266453526
