,open_rel,high_rel,low_rel,close_rel,open,high,low,close,daisy_chained_open_rel,daisy_chained_high_rel,daisy_chained_low_rel,daisy_chained_close_rel,daisy_chained_open,daisy_chained_high,daisy_chained_low,daisy_chained_close
2023-01-10,0.9990453224739428,1.0066552300221525,0.9937390286667929,1.0019286627885116,3915.5083801060005,3945.3335102643214,3894.711688102328,3926.808911633874,0.9990453224739428,1.0066552300221525,0.9937390286667929,1.0019286627885116,3888.3743091476085,3917.99275421692,3867.721736083738,3899.5965291525386
2023-01-11,0.9992148788780384,1.006780575398863,0.9936914363283785,1.0020594068709459,3966.49337534305,3996.5262399090807,3944.5674625634947,3977.7850421089756,0.9992148788780384,1.006780575398863,0.9936914363283785,1.0020594068709459,3888.741934979726,3918.18609353839,3867.245815253775,3899.812261818397
2023-01-12,0.9995004519962244,1.0070623331549096,0.9936880639413412,1.0021847483053459,3981.1802153778012,4011.300473552641,3958.028485649232,3991.8722239074045,0.9995004519962244,1.0070623331549096,0.9936880639413412,1.0021847483053459,3889.109560811844,3918.5332436658423,3866.4932489229923,3899.554300900762
2023-01-13,0.9999906984962811,1.0073806860385517,0.9938761976676369,1.0025318144150805,3999.052802449493,4028.6060277299116,3974.60036333067,4009.2149537092046,0.9999906984962811,1.0073806860385517,0.9938761976676369,1.0025318144150805,3889.4771866439614,3918.2206419565628,3865.694753950848,3899.360890972062
2023-01-17,1.0003295162038188,1.0075873725639786,0.994043244501952,1.0027089132176508,3992.2850892839547,4021.250976281661,3967.1967675099554,4001.7811913842474,1.0003295162038188,1.0075873725639786,0.994043244501952,1.0027089132176508,3889.8448124760794,3918.067447572764,3865.400245987511,3899.0972487794675
2023-01-18,1.000472724335274,1.0075714858278435,0.9941575646333185,1.0027528187373442,3930.717267731885,3958.6073078095815,3905.90588938526,3939.6754394244026,1.000472724335274,1.0075714858278435,0.9941575646333185,1.0027528187373442,3890.212438308197,3917.81508012267,3865.6567335649484,3899.0782988036385
2023-01-19,1.0004431299554442,1.0074671225995804,0.9941954755684965,1.0027755278679158,3900.577697226783,3927.9631909473737,3876.2190299202325,3909.6713668278235,1.0004431299554442,1.0074671225995804,0.9941954755684965,1.0027755278679158,3890.223864611922,3917.5366653008473,3865.9298558210044,3899.2933956519046
2023-01-20,1.0004035443106294,1.007418499826284,0.9941741613245808,1.0028083939767922,3974.2131241638494,4002.0808065948945,3949.466215019643,3983.7666539961447,1.0004035443106294,1.007418499826284,0.9941741613245808,1.0028083939767922,3890.2352909156475,3917.514110214522,3866.011300836069,3899.5869481482296
2023-01-23,1.0002417869952351,1.0071552868984108,0.9941655030050525,1.0027855587844332,4020.781937781316,4048.572893827101,3996.35643063474,4031.0074170572525,1.0002417869952351,1.0071552868984108,0.9941655030050525,1.0027855587844332,3890.246717219373,3917.1354361796352,3866.614187412044,3900.14022495015
2023-01-24,1.0000990425933785,1.006882059763324,0.9941909285297945,1.0028462845483408,4017.347849145471,4044.594889966284,3993.6152503577578,4028.383382716457,1.0000990425933785,1.006882059763324,0.9941909285297945,1.0028462845483408,3890.258143523098,3916.6432180599268,3867.2763308527046,3900.9445654996725
2023-01-25,1.000014685963693,1.0066983864865728,0.99414288148751,1.0027527647108638,4016.2789820611024,4043.1221937751034,3992.696523487767,4027.275708687065,1.000014685963693,1.0066983864865728,0.99414288148751,1.0027527647108638,3890.2695698268235,3916.2705847348575,3867.427003018263,3900.9212778261353
2023-01-26,0.9999937338172893,1.006651158990825,0.9940794692436115,1.002665854112816,4060.4045566037357,4087.436565501115,4036.390099300837,4071.254514015301,0.9999937338172893,1.006651158990825,0.9940794692436115,1.002665854112816,3890.4636464541927,3916.36427936892,3867.4542709538364,3900.8594984652
2023-01-27,1.0001858865000013,1.0068054519612268,0.994120373645935,1.0027562404144328,4071.316662151445,4098.262000535292,4046.626628148197,4081.7794419813736,1.0001858865000013,1.0068054519612268,0.994120373645935,1.0027562404144328,3890.6577230815615,3916.4074000493947,3867.0632745408966,3900.656231802006
2023-01-30,1.0002813094041958,1.0067991202270363,0.9942039254820845,1.0028464826454353,4018.9002364848957,4045.0873012745797,3994.4827056841546,4029.2065125783506,1.0002813094041958,1.0067991202270363,0.9942039254820845,1.0028464826454353,3890.8517997089307,3916.20450372508,3867.2122495658277,3900.8297017534937
2023-01-31,1.0002956428645122,1.0067061134983117,0.99425424604372,1.0028803032221312,4077.8052177014706,4103.9381422872175,4053.176859421829,4088.34184411534,1.0002956428645122,1.0067061134983117,0.99425424604372,1.0028803032221312,3891.0458763362994,3915.981939492179,3867.5454718763367,3901.0999359515577
2023-02-01,1.00024943853361,1.00658027359285,0.994286454234526,1.0029312862107498,4120.237489702032,4146.315528786404,4095.6747051474017,4131.284583472183,1.00024943853361,1.00658027359285,0.994286454234526,1.0029312862107498,3891.2399529636687,3915.8686079462227,3868.042336599587,3901.673063372956
2023-02-02,1.0002386252025184,1.0065194112329592,0.9942966471796163,1.002976362304184,4180.7573960764785,4207.009574295073,4155.921354015473,4192.200480104537,1.0002386252025184,1.0065194112329592,0.9942966471796163,1.002976362304184,3891.08622286483,3915.5194724675057,3867.9709899204927,3901.7364525697267
2023-02-03,1.0002600410785205,1.0064715302527898,0.9944104368231341,1.0029733548301116,4137.555654720478,4163.24935546006,4113.358883710157,4148.77922278766,1.0002600410785205,1.0064715302527898,0.9944104368231341,1.0029733548301116,3890.932492765991,3915.09469465758,3868.1779946031293,3901.487068781795
2023-02-06,1.0000000995599592,1.0061633505320315,0.9944926813856567,1.002880897513415,4111.0804092989565,4136.418027105225,4088.4389725909455,4122.92360014945,1.0000000995599592,1.0061633505320315,0.9944926813856567,1.002880897513415,3890.7787626671516,3914.7586062708465,3869.350619130834,3901.9873090480696
2023-02-07,0.9998485864529677,1.0061219072564995,0.9944691315143792,1.0028280596156378,4163.369513990157,4189.491621816064,4140.969463625875,4175.776040239516,0.9998485864529677,1.0061219072564995,0.9944691315143792,1.0028280596156378,3890.6250325683127,3915.0358676549918,3869.692421041707,3902.218800892448
2023-02-08,0.9998024664365379,1.0061165557489409,0.9945467153622323,1.0029104319893367,4117.046584440362,4143.047120256333,4095.4041373215214,4129.84475147161,0.9998024664365379,1.0061165557489409,0.9945467153622323,1.0029104319893367,3890.471302469474,3915.0409390684767,3870.019913906304,3902.565142200959
2023-02-09,1.0000074349190622,1.0062521714281112,0.994626591675431,1.0030105250485888,4081.5303456221523,4107.018237683836,4059.5684339232716,4093.7874579858153,1.0000074349190622,1.0062521714281112,0.994626591675431,1.0030105250485888,3890.403052738223,3914.697414089963,3869.4695593957226,3902.08619688255
2023-02-10,1.0000290615812455,1.0062202566619118,0.9946634226889173,1.0029880500327653,4090.5788752356216,4115.903711065284,4068.6309439721085,4102.682499137025,1.0000290615812455,1.0062202566619118,0.9946634226889173,1.0029880500327653,3890.3348030069724,3914.419924749772,3869.461277901426,3901.8459242302306
2023-02-13,0.9999980760126204,1.006139666137193,0.994717172475574,1.0029729586359224,4137.282039906254,4162.691579312747,4115.433410511468,4149.589992034816,0.9999980760126204,1.006139666137193,0.994717172475574,1.0029729586359224,3890.2665532757214,3914.159021890083,3869.7223913477665,3901.8396619115892
2023-02-14,0.9999771027875985,1.0061616285122725,0.9947185365871846,1.0029376253177769,4136.03529415287,4161.615296538466,4114.285180734352,4148.280400205616,0.9999771027875985,1.0061616285122725,0.9947185365871846,1.0029376253177769,3890.198303544471,3914.2578859241926,3869.740969816629,3901.7155869826606
2023-02-15,0.9999122860369032,1.0061033006122322,0.9947770607644784,1.002825394309274,4147.23619756666,4172.914049619295,4125.937337226751,4159.318605437145,0.9999122860369032,1.0061033006122322,0.9947770607644784,1.002825394309274,3890.13005381322,3914.216018351707,3870.1516072591353,3901.463417947865
2023-02-16,0.9997034812458824,1.0058849838302795,0.994798147656459,1.0027193943548376,4089.1971167229694,4114.4819967092135,4069.132291155456,4101.533437862971,0.9997034812458824,1.0058849838302795,0.994798147656459,1.0027193943548376,3890.2386973745924,3914.2933505921383,3871.15011869992,3901.9747992332705
2023-02-17,0.9996188084369251,1.0059460581310635,0.9947217005682814,1.0026487097097199,4077.5350853069767,4103.34450626184,4057.559341571071,4089.894325289821,0.9996188084369251,1.0059460581310635,0.9947217005682814,1.0026487097097199,3890.347340935965,3914.97192664331,3871.2886253393217,3902.139204254691
2023-02-21,0.9998037311536246,1.0061469074510512,0.994817358894975,1.0028355512875788,3996.55544668963,4021.9112790303852,3976.6232214052397,4008.6746625838905,0.9998037311536246,1.0061469074510512,0.994817358894975,1.0028355512875788,3890.455984497338,3915.138677127991,3871.0529144845755,3902.253462758848
2023-02-22,0.9999681443749009,1.0061839441221745,0.994974155946216,1.0030394832420535,3990.922862607448,4015.730430188805,3970.991605089145,4003.1807295931976,0.9999681443749009,1.0061839441221745,0.994974155946216,1.0030394832420535,3890.5646280587102,3914.7483690787367,3871.134574368628,3902.514251078747
2023-02-23,1.000139640011863,1.0062508026431747,0.9950722014682282,1.003137667365667,4012.880280412398,4037.400220461263,3992.5480953950014,4024.9093255246125,1.000139640011863,1.0062508026431747,0.9950722014682282,1.003137667365667,3890.6732716200827,3914.446489035889,3870.9602766456374,3902.3359879312693
2023-02-24,1.0000648530748002,1.0060878995739777,0.9951851006500002,1.0031864712862448,3970.2974693010797,3994.2092048246745,3950.924656984527,3982.6904184652435,1.0000648530748002,1.0060878995739777,0.9951851006500002,1.0031864712862448,3890.3595787695676,3913.7898758842057,3871.3768182721096,3902.5030085409635
2023-02-27,0.99997999055828,1.0060032203561902,0.99523754316303,1.00318672340982,3982.160317600805,4006.1462642312345,3963.2747538855447,3994.930297431521,0.99997999055828,1.0060032203561902,0.99523754316303,1.00318672340982,3890.045885919053,3913.4769950577715,3871.5971787916433,3902.52047346496
2023-02-28,0.999764946496298,1.005810309988835,0.9952357432935439,1.002985024549866,3969.2168023322774,3993.217802202173,3951.2351862368637,3982.00099521665,0.999764946496298,1.005810309988835,0.9952357432935439,1.002985024549866,3889.732193068538,3913.25256661047,3872.1106635595847,3902.260379131724
2023-03-01,0.999581625754575,1.0057076069642368,0.9951844185941949,1.0028570898444096,3949.73684019037,3973.9429810824154,3932.3617597889156,3962.6794762403015,0.999581625754575,1.0057076069642368,0.9951844185941949,1.0028570898444096,3889.4185002180234,3913.254977435039,3872.3087630657797,3902.163483018388
2023-03-02,0.9995968655954702,1.0057904846844306,0.9951351969002455,1.0028731537178988,3979.7449808385254,4004.4039461983575,3961.9815161787924,3992.789030554756,0.9995968655954702,1.0057904846844306,0.9951351969002455,1.0028731537178988,3889.1048073675083,3913.202155611522,3871.745912228174,3901.851773995567
2023-03-03,0.9998155141011494,1.006083413491734,0.9951475496887194,1.002958155380308,4044.893636468174,4070.2513009586987,4026.008732922671,4057.607631732789,0.9998155141011494,1.006083413491734,0.9951475496887194,1.002958155380308,3889.4964723261346,3913.8799433012687,3871.337091061269,3901.722019936348
2023-03-06,1.000150938151171,1.0063792476554512,0.9953035131161985,1.0031661213119818,4049.031061029964,4074.2458737932816,4029.4066485698804,4061.237788841853,1.000150938151171,1.0063792476554512,0.9953035131161985,1.0031661213119818,3889.888137284761,3914.1119082495943,3871.035041796221,3901.615092448808
2023-03-07,1.0004227680103477,1.006600725889064,0.9954569756723913,1.00332151947828,3988.0553097134098,4012.6829356623875,3968.2598241111505,3999.6108056026314,1.0004227680103477,1.006600725889064,0.9954569756723913,1.00332151947828,3890.2798022433876,3914.303630491998,3870.969644325943,3901.5519910099915
2023-03-08,1.000502192243395,1.0066191912394022,0.9955646647056506,1.0033600043411124,3994.0147564575554,4018.4338776196064,3974.3040971516048,4005.423170929764,1.000502192243395,1.0066191912394022,0.9955646647056506,1.0033600043411124,3890.671467202014,3914.4587548693244,3871.4708121124418,3901.784694212824
2023-03-09,1.0005035412749541,1.0066129301521762,0.9956438210710548,1.003416101836537,3920.293035848478,3944.2315764738755,3901.2510969791356,3931.70538014814,1.0005035412749541,1.0066129301521762,0.9956438210710548,1.003416101836537,3891.06313216064,3914.823185813122,3872.163170953194,3902.390385442441
2023-03-10,1.0005960974870856,1.0066337180214715,0.9957815016137528,1.0035076587118945,3863.8918840951546,3887.206699174534,3845.2998888166517,3875.1351398052648,1.0005960974870856,1.0066337180214715,0.9957815016137528,1.0035076587118945,3891.5047794066645,3914.986211349897,3872.7799183972725,3902.8283838563866
2023-03-13,1.0005488813825139,1.0065014580731133,0.9958868602896773,1.003605824826681,3857.876354879442,3880.8280619799875,3839.9007204305262,3869.663195133724,1.0005488813825139,1.0065014580731133,0.9958868602896773,1.003605824826681,3891.9464266526884,3915.100827213652,3873.8120439444956,3903.8373600547293
2023-03-14,1.0005002530105287,1.0064610745020484,0.9958652618558428,1.0036076977446662,3921.250636621635,3944.612824685133,3903.084762138986,3933.4296136936928,1.0005002530105287,1.0064610745020484,0.9958652618558428,1.0036076977446662,3892.3880738987127,3915.57830340082,3874.355910249739,3904.477406996891
2023-03-15,1.0005544672163136,1.0064968748512935,0.9958656786677238,1.0037182539322784,3894.087947593187,3917.2153821399943,3875.839510777274,3906.401184026652,1.0005544672163136,1.0064968748512935,0.9958656786677238,1.0037182539322784,3892.8297211447366,3915.949682940485,3874.587180617288,3905.138979024056
2023-03-16,1.0005675148809252,1.006533787890229,0.995869429974653,1.003656105471055,3962.5275178326306,3986.1556295059163,3943.921786140019,3974.7592013749104,1.0005675148809252,1.006533787890229,0.995869429974653,1.003656105471055,3893.271368390761,3916.486513333668,3874.990823420205,3905.289269366354
2023-03-17,1.0006881478123821,1.0065870203779568,0.9959613180484228,1.0036163059638679,3919.3352272478883,3942.4389874931203,3900.8219367211746,3930.803768590323,1.0006881478123821,1.0065870203779568,0.9959613180484228,1.0036163059638679,3894.431152563995,3917.388107869802,3876.03549840753,3905.826820984481
2023-03-20,1.0007297359259177,1.0066668691095488,0.9959397196145883,1.003623635556368,3954.453602592779,3977.91459996722,3935.5255178374186,3965.889049555477,1.0007297359259177,1.0066668691095488,0.9959397196145883,1.003623635556368,3895.5909367372287,3918.7027134637947,3876.9445995101514,3906.8561652674657
2023-03-21,1.0010503627860243,1.0070380835843553,0.9959496473157543,1.0037468519492077,4007.074465685293,4031.042533637308,3986.656964750813,4017.868161261925,1.0010503627860243,1.0070380835843553,0.9959496473157543,1.0037468519492077,3896.750720910463,3920.0588942101253,3876.8953595571975,3907.2472418460516
2023-03-22,1.0012868227240086,1.007179112587178,0.9961078842625843,1.0038961091055734,3942.03618245974,3965.2339508823425,3921.6468571052665,3952.308864665369,1.0012868227240086,1.007179112587178,0.9961078842625843,1.0038961091055734,3897.9105050836965,3920.848606370362,3877.7494102047604,3908.0681987301623
2023-03-23,1.0014894725585406,1.0073315334130217,0.9961574848764254,1.0040439255557967,3954.60151008136,3977.670172618667,3933.5469836812385,3964.6883297206855,1.0014894725585406,1.0073315334130217,0.9961574848764254,1.0040439255557967,3899.0702892569307,3921.815017514078,3878.3114142775394,3909.0154679730476
2023-03-24,1.0014624497701206,1.007243895853597,0.9961955663255547,1.0040609799147588,3976.797373412651,3999.755437995675,3955.8826319231143,3987.116110631708,1.0014624497701206,1.007243895853597,0.9961955663255547,1.0040609799147588,3900.2054681777004,3922.721367434757,3879.693538234181,3910.325469663197
2023-03-27,1.0015208375422917,1.0072574777325163,0.9962581638916858,1.004152824931345,3983.579176949592,4006.396835405416,3962.646734624097,3994.0479857491728,1.0015208375422917,1.0072574777325163,0.9962581638916858,1.004152824931345,3901.3406470984705,3923.6872490991077,3880.8403421064077,3911.593333811172
2023-03-28,1.0015832091732861,1.0072767113685932,0.9963393664245059,1.0041559764760317,3977.557351093596,4000.167785556753,3956.7326357006477,3987.7745046999703,1.0015832091732861,1.0072767113685932,0.9963393664245059,1.0041559764760317,3902.4758260192402,3924.659459369996,3882.044203988104,3912.5001176736746
2023-03-29,1.0014789332494844,1.0071730899334572,0.9963766521418624,1.0040817260832113,4033.766862131606,4056.701843364878,4013.215843263515,4044.2504171352193,1.0014789332494844,1.0071730899334572,0.9963766521418624,1.0040817260832113,3903.6110049400104,3925.8059527890746,3883.723097146099,3913.756291487725
2023-03-30,1.0014557046123247,1.007090344676322,0.9963891754442875,1.0040508049276273,4056.726811914743,4079.551780925185,4036.2031635649832,4067.2391221249804,1.0014557046123247,1.007090344676322,0.9963891754442875,1.0040508049276273,3904.74618386078,3926.716041524969,3884.9914305120324,3914.8646623978175
2023-03-31,1.0014604262227818,1.0072090669001135,0.9962834378484712,1.004030797121073,4115.31134408154,4138.934290703306,4094.0374939851013,4125.873794917597,1.0014604262227818,1.0072090669001135,0.9962834378484712,1.004030797121073,3906.1084038070553,3928.53047169134,3885.9160155051263,3916.133909662124
2023-04-03,1.0014736214377202,1.0071863362392952,0.996263904528047,1.0040856880251032,4130.587966356092,4154.150115682336,4109.100436864976,4141.3614611164185,1.0014736214377202,1.0071863362392952,0.996263904528047,1.0040856880251032,3907.4706237533305,3929.7600428565406,3887.14376206985,3917.6621787169393
2023-04-04,1.0016247340509674,1.0072560471314858,0.9962733964713375,1.0040832028070072,4107.262384449397,4130.354146867371,4085.318689570367,4117.343581430414,1.0016247340509674,1.0072560471314858,0.9962733964713375,1.0040832028070072,3908.8328436996057,3930.808999812745,3887.9492898316985,3918.426999167345
2023-04-05,1.001771757412301,1.0074119649820705,0.9962803875433419,1.004174183399908,4097.627161084129,4120.697753323362,4075.165371599535,4107.453996295316,1.001771757412301,1.0074119649820705,0.9962803875433419,1.004174183399908,3910.195063645881,3932.210369661515,3888.76071276168,3919.5724035119806
2023-04-06,1.0017443130515187,1.007351561827449,0.9963572135514113,1.0042669288578332,4112.180439962745,4135.198308332915,4090.066288772815,4122.535828299983,1.0017443130515187,1.007351561827449,0.9963572135514113,1.0042669288578332,3911.557283592156,3933.452166851928,3890.5220273770333,3921.4074580352103
2023-04-10,1.0017528709704724,1.0072743093718013,0.9964405380356256,1.0043746396508137,4116.312739633478,4139.0009373827625,4094.483779247569,4127.085875535555,1.0017528709704724,1.0072743093718013,0.9964405380356256,1.0043746396508137,3912.4089073739897,3933.973232677044,3891.6612566354443,3922.6483900201483
2023-04-11,1.0015386700532147,1.0070486364746731,0.9964675360779188,1.0043759723039956,4115.262302928456,4137.902424356243,4094.4253176920033,4126.920607638779,1.0015386700532147,1.0070486364746731,0.9964675360779188,1.0043759723039956,3913.2605311558236,3934.789339548156,3893.4463502089466,3924.346576303087
2023-04-12,1.0012740490814325,1.006764626846634,0.9964341342894536,1.004280867689762,4097.163345138767,4119.630514825083,4077.3586558057295,4109.467096543121,1.0012740490814325,1.006764626846634,0.9964341342894536,1.004280867689762,3914.112154937657,3935.5755466915143,3895.1922904574717,3925.8662049635745
2023-04-13,1.0011792374571633,1.0066160562803539,0.99644265998702,1.0042879631675141,4151.10937792964,4173.651624870729,4131.470485691382,4163.998838644411,1.0011792374571633,1.0066160562803539,0.99644265998702,1.0042879631675141,3914.963778719491,3936.2236570388936,3896.4420909567607,3927.119992211202
2023-04-14,1.0010885993992802,1.0065790196092306,0.9964029870743448,1.0042966794396764,4142.144232418438,4164.8616146959375,4122.756855438292,4155.418112716783,1.0010885993992802,1.0065790196092306,0.9964029870743448,1.0042966794396764,3915.8154025013246,3937.2914956635377,3897.4873614836342,3928.3639913496827
2023-04-17,1.0011289227957292,1.006549974875963,0.9964476617295921,1.0042523236993133,4156.006519780366,4178.511041702082,4136.57310709129,4168.972756419433,1.0011289227957292,1.006549974875963,0.9964476617295921,1.0042523236993133,3916.39048697204,3937.59750268498,3898.077514597559,3928.6091506299
2023-04-18,1.0011262036539925,1.0064670088470637,0.996519921752965,1.004316417113829,4159.549229775864,4181.7395810483995,4140.410727293742,4172.804151973734,1.0011262036539925,1.0064670088470637,0.996519921752965,1.004316417113829,3916.9655714427554,3937.8617881122304,3898.943220661374,3929.4474705700823
2023-04-19,1.0009706012950874,1.0063589543149072,0.9964300040626326,1.0042115517154797,4158.552382492467,4180.938402880369,4139.688380478289,4172.016975832995,1.0009706012950874,1.0063589543149072,0.9964300040626326,1.0042115517154797,3917.540655913471,3938.6292792918666,3899.7699299428423,3930.2248996058024
2023-04-20,1.0009019903931318,1.0062521184428879,0.9964024376405017,1.0041884283818923,4133.515030905652,4155.609936224254,4114.932822943368,4147.087329647255,1.0009019903931318,1.0062521184428879,0.9964024376405017,1.0041884283818923,3918.115740384186,3939.059270446093,3900.501859470787,3930.980780655014
2023-04-21,1.000734309986048,1.0060652042366418,0.9963745491364627,1.0041328351336174,4136.555285013529,4158.590643016244,4118.534126346552,4150.603156681511,1.000734309986048,1.0060652042366418,0.9963745491364627,1.0041328351336174,3918.6908248549016,3939.565622670483,3901.6188061688736,3931.9988219735424
2023-04-24,1.0006750790691523,1.0060557287125325,0.9963116863264074,1.0040445558647342,4139.832829112246,4162.092791912895,4121.7812987998,4153.77248939464,1.0006750790691523,1.0060557287125325,0.9963116863264074,1.0040445558647342,3918.981227428426,3940.05366680944,3901.8927092826343,3932.1772353877973
2023-04-25,1.000624363913974,1.0059937271703396,0.9963437618952512,1.0040146612122767,4074.172178843054,4096.03423935857,4056.743151245562,4087.976215031742,1.000624363913974,1.0059937271703396,0.9963437618952512,1.0040146612122767,3919.27163000195,3940.30249217238,3902.5052562693677,3932.550834964075
2023-04-26,1.0005285405160353,1.0059279548464182,0.9963963559762378,1.0040653020331864,4058.133755047634,4080.0337255775235,4041.37365587606,4072.4788243935836,1.0005285405160353,1.0059279548464182,0.9963963559762378,1.0040653020331864,3919.5620325754744,3940.7141922096184,3903.3742348486526,3933.4172656843166
2023-04-27,1.0004197537679578,1.0058733712354946,0.9963597712606812,1.0039329371563417,4137.085828744324,4159.638445738703,4120.296380082858,4151.614071669478,1.0004197537679578,1.0058733712354946,0.9963597712606812,1.0039329371563417,3919.8524351489987,3941.2208413904586,3903.9445802132373,3933.617817537955
2023-04-28,1.0003705351946655,1.0058141514175278,0.9963824496162075,1.003941239225488,4171.024939083453,4193.7219880523535,4154.396696025784,4185.912918125888,1.0003705351946655,1.0058141514175278,0.9963824496162075,1.003941239225488,3920.142837722523,3941.4746866690853,3904.5147633574834,3934.13532284638
2023-05-01,1.0003691650844881,1.0057969488816796,0.9963786983092783,1.003973997281404,4169.4086320806855,4192.030929335486,4152.7768853222915,4184.433104049245,1.0003691650844881,1.0057969488816796,0.9963786983092783,1.003973997281404,3920.829101740113,3942.1026609548094,3905.1889372809774,3934.957816896346
2023-05-02,1.0003909182183799,1.0058340473688967,0.996347664770137,1.0039216816396033,4121.190418874074,4143.613824859959,4104.533912833761,4135.735681248877,1.0003909182183799,1.0058340473688967,0.996347664770137,1.0039216816396033,3921.5153657577034,3942.8523393475575,3905.6658810850768,3935.3558982505824
2023-05-03,1.0004208709347175,1.005885654976442,0.9963453533587969,1.0039114706348182,4092.471677776196,4114.82674309488,4075.7997542524986,4106.750848499382,1.0004208709347175,1.005885654976442,0.9963453533587969,1.0039114706348182,3922.2016297752934,3943.62659750392,3906.2233528891684,3935.8867059571176
2023-05-04,1.000609145151697,1.0061175183138318,0.9963449176009213,1.0039896649607039,4063.6938724729744,4086.0645877264997,4046.375906259213,4077.4229071317095,1.000609145151697,1.0061175183138318,0.9963449176009213,1.0039896649607039,3922.887893792884,3944.4834693449707,3906.1699907871307,3936.1412208264574
2023-05-05,1.0008753048626016,1.0063782585979486,0.996442565257047,1.004119004354649,4139.870479737936,4162.632072125765,4121.535560544461,4153.287231761918,1.0008753048626016,1.0063782585979486,0.996442565257047,1.004119004354649,3923.574157810474,3945.1465224824133,3906.19718539427,3936.2899231419487
2023-05-08,1.0010377788510114,1.0064614983838351,0.996597600330791,1.0042431572064814,4142.414453418947,4164.858455692116,4124.0404618808525,4155.678693699285,1.0010377788510114,1.0064614983838351,0.996597600330791,1.0042431572064814,3924.2798623804497,3945.5419903355896,3906.8734232625625,3936.8456236308584
2023-05-09,1.0009409858366396,1.0063357821105612,0.9966444348294217,1.004289529935444,4123.046080628711,4145.26816359636,4105.3478566163085,4136.839303024183,1.0009409858366396,1.0063357821105612,0.9966444348294217,1.004289529935444,3924.9855669504254,3946.1401582913736,3908.1375200329535,3938.116198470243
2023-05-10,1.000811057234595,1.0062281867836735,0.9966149169698478,1.0042184671049639,4140.99586285615,4163.4099947636,4123.633745051122,4155.0944982321835,1.000811057234595,1.0062281867836735,0.9966149169698478,1.0042184671049639,3925.691271520401,3946.9400157601726,3909.2318698258296,3939.0568704413013
2023-05-11,1.0007373874642924,1.0061308264357638,0.996622703773625,1.004126856203126,4133.665867407755,4155.944114292094,4116.669672661411,4147.666474769756,1.0007373874642924,1.0061308264357638,0.996622703773625,1.004126856203126,3926.396976090377,3947.5581545709492,3910.2529988562083,3939.6955696808795
2023-05-12,1.0008993134086315,1.0062995932030114,0.9966296758996347,1.0042116237507868,4127.788840442269,4150.060026336675,4110.180513784166,4141.449073278144,1.0008993134086315,1.0062995932030114,0.9966296758996347,1.0042116237507868,3927.1026806603527,3948.2910789065277,3910.3504412668344,3940.098775921482
2023-05-15,1.0010552108681903,1.0063787884501822,0.9967437118410822,1.0043492652138786,4140.644647609878,4162.6644550907195,4122.8110804140315,4154.269778718862,1.0010552108681903,1.0063787884501822,0.9967437118410822,1.0043492652138786,3928.0320566474566,3948.921197597014,3911.114202160693,3940.9575685729983
2023-05-16,1.0011869311527741,1.006458319270434,0.9967960027861554,1.0044833229204406,4114.778168344786,4136.443046369556,4096.73189185082,4128.326008870718,1.0011869311527741,1.006458319270434,0.9967960027861554,1.0044833229204406,3928.96143263456,3949.6479597618036,3911.730096837915,3941.8974745654145
2023-05-17,1.0012769579307321,1.0064955767133212,0.9967967227339499,1.0045433463401037,4164.080574333591,4185.78360956806,4145.448306604269,4177.664732458833,1.0012769579307321,1.0064955767133212,0.9967967227339499,1.0045433463401037,3929.890808621664,3950.3732553862246,3912.306428015638,3942.7109875798474
2023-05-18,1.001249555727186,1.0064188099555542,0.9967951312704042,1.0045614091933657,4203.2956974205135,4224.996485133915,4184.59580082972,4217.199023864209,1.001249555727186,1.0064188099555542,0.9967951312704042,1.0045614091933657,3930.8201846087672,3951.1142349222137,3913.332494886082,3943.822238271473
2023-05-19,1.001183284551841,1.0062359579497653,0.9968263542694913,1.0045094717369276,4196.940305175625,4218.121011006257,4178.676140570622,4210.883615331765,1.001183284551841,1.0062359579497653,0.9968263542694913,1.0045094717369276,3931.749560595871,3951.591927841361,3914.6394480046056,3944.8118392068036
2023-05-22,1.0010653707621204,1.006102903223057,0.9967939187267503,1.0044343389115948,4197.096705418389,4218.2172151400855,4179.188087471335,4211.22154235092,1.0010653707621204,1.006102903223057,0.9967939187267503,1.0044343389115948,3932.513919950492,3952.3030037640237,3915.734251930704,3945.7483345358173
2023-05-23,1.0009216567438304,1.0059138607770064,0.9967589823127232,1.0043664096169747,4149.400801764088,4170.096382959942,4132.144101895979,4163.681300379938,1.0009216567438304,1.0059138607770064,0.9967589823127232,1.0043664096169747,3933.278279305113,3952.8959262580515,3916.9203987323644,3946.814974771959
2023-05-24,1.0009677767602603,1.0059597283186885,0.9967331778680892,1.0043997079376938,4119.222633634893,4139.765712366199,4101.796242889875,4133.345854093515,1.0009677767602603,1.0059597283186885,0.9967331778680892,1.0043997079376938,3934.0426386597333,3953.6622015836697,3917.399652755291,3947.530948571834
2023-05-25,1.001007657505729,1.0060021341591114,0.9967370049589968,1.0044930476869027,4155.463068450382,4176.196539492036,4137.734393946183,4169.931899001685,1.001007657505729,1.0060021341591114,0.9967370049589968,1.0044930476869027,3934.806998014354,3954.4395168465453,3918.01972031376,3948.5075302459113
2023-05-26,1.000972034641119,1.0058823875543352,0.9967594938545772,1.0045467680171922,4209.5378430814935,4230.188086740379,4191.822213430732,4224.571205557901,1.000972034641119,1.0058823875543352,0.9967594938545772,1.0045467680171922,3935.571357368975,3954.877635277883,3919.0087019824964,3949.6263137495976
2023-05-30,1.0008870878101264,1.005676486976388,0.9967870413307135,1.0045539535390782,4209.250665527243,4229.392579508939,4192.007838057143,4224.671742687665,1.0008870878101264,1.005676486976388,0.9967870413307135,1.0045539535390782,3935.936991431379,3954.7710573063455,3919.813769540069,3950.356752302478
2023-05-31,1.0007444698799781,1.005506722320767,0.9967357545233537,1.0044097928806914,4182.941757538429,4202.847163158011,4166.18600882935,4198.262184576501,1.0007444698799781,1.005506722320767,0.9967357545233537,1.0044097928806914,3936.302625493783,3955.0343470772054,3920.5348473465497,3950.7197129574
2023-06-01,1.0005447078161276,1.0053078069614318,0.9966448895332919,1.0041994677927093,4223.319222586031,4243.4243593403435,4206.858011617816,4238.7460375423825,1.0005447078161276,1.0053078069614318,0.9966448895332919,1.0041994677927093,3936.668259556187,3955.408792663763,3921.324326664287,3951.048004392886
2023-06-02,1.0004525520977405,1.0052769077453467,0.9965714927502436,1.0040723254756312,4284.307995526801,4304.96767142144,4267.687863408861,4299.809204447079,1.0004525520977405,1.0052769077453467,0.9965714927502436,1.0040723254756312,3937.0338936185913,3956.018953589372,3921.7609432300874,3951.278617614839
2023-06-05,1.0004645247528283,1.0053373285617095,0.9965514099959764,1.004039621446196,4275.77528124339,4296.6006214337485,4259.051450526704,4291.0544937405375,1.0004645247528283,1.0053373285617095,0.9965514099959764,1.004039621446196,3937.399527680995,3956.576794781306,3921.9991853258307,3951.4695758272373
2023-06-06,1.0004087085720668,1.005243279790259,0.9965779343884048,1.0040575582376703,4285.600846216448,4306.311424129502,4269.190384229768,4301.231970856445,1.0004087085720668,1.005243279790259,0.9965779343884048,1.0040575582376703,3937.816091295387,3956.8459659599976,3922.7373698755446,3952.1787200938106
2023-06-07,1.0003882201552616,1.005179626875272,0.9965456504136205,1.004064923847824,4269.176737276983,4289.624161282761,4252.778494053135,4284.867143819067,1.0003882201552616,1.005179626875272,0.9965456504136205,1.004064923847824,3938.232654909779,3957.0950065723864,3923.105593904452,3952.706750318689
2023-06-08,1.000457147236489,1.0052696311080065,0.9964653383425461,1.004048769930201,4295.8929582331775,4316.557427103603,4278.75241026921,4311.315134666388,1.000457147236489,1.0052696311080065,0.9964653383425461,1.004048769930201,3938.649218524171,3957.595243241042,3922.934067681324,3952.78889652527
2023-06-09,1.000581553240588,1.0053223867287242,0.9965442673560153,1.0040978800008344,4301.360015963834,4321.740195412643,4284.00428916608,4316.476212420387,1.000581553240588,1.0053223867287242,0.9965442673560153,1.0040978800008344,3939.0657821385626,3957.7293832327987,3923.17189060206,3952.90877412182
2023-06-12,1.0005289831670159,1.0051996641205696,0.9966356438879311,1.0040958990298883,4341.225220932861,4361.490978642663,4324.332294334661,4356.701819177753,1.0005289831670159,1.0051996641205696,0.9966356438879311,1.0040958990298883,3939.4823457529546,3957.8726827334253,3924.1527135143842,3953.5267185867065
2023-06-13,1.0002991208365009,1.0049776913582056,0.9966044587808331,1.0039915198698623,4370.31686192588,4390.757583320914,4354.174846458048,4386.448990226628,1.0002991208365009,1.0049776913582056,0.9966044587808331,1.0039915198698623,3939.634551357968,3958.0608977320994,3925.0832856546376,3954.1769042464393
2023-06-14,1.0000509833440823,1.0047805068494997,0.996513328546847,1.0038558773865434,4372.812929260501,4393.493196445054,4357.344215270658,4389.450170901626,1.0000509833440823,1.0047805068494997,0.996513328546847,1.0038558773865434,3939.7867569629816,3958.419121096139,3925.8498619916395,3954.776463897731
2023-06-15,0.9999839533384851,1.0047298176524928,0.9964419779312146,1.0038177166825932,4425.768980043601,4446.773416159109,4410.092763607086,4442.736603202488,0.9999839533384851,1.0047298176524928,0.9964419779312146,1.0038177166825932,3939.938962567995,3958.6376783417777,3925.983571718999,3955.043998526111
2023-06-16,1.0000276071565959,1.0048193361873465,0.9963894596342064,1.0037574951658355,4409.711736241654,4430.841296658362,4393.6689973084,4426.159013108317,1.0000276071565959,1.0048193361873465,0.9963894596342064,1.0037574951658355,3940.0911681730086,3958.970496202782,3925.7569309790624,3954.786861270187
2023-06-20,1.0001931797018682,1.0048947253293063,0.9964865957484781,1.0039157207179386,4389.557809689386,4410.19152999998,4373.290687627304,4405.894962672024,1.0001931797018682,1.0048947253293063,0.9964865957484781,1.0039157207179386,3940.243373778022,3958.765029775067,3925.641351730591,3954.908258392173
2023-06-21,1.0003527026837422,1.0049587491408571,0.9965795069059559,1.0040754590114913,4367.229790579386,4387.338361536748,4350.757187504262,4383.482190651877,1.0003527026837422,1.0049587491408571,0.9965795069059559,1.0040754590114913,3940.3644299821103,3958.507532483627,3925.501905604198,3955.0282746201055
2023-06-22,1.0004318739733722,1.0049902930104928,0.9966169820832583,1.004138129728691,4383.78242424518,4403.7569150397485,4367.065987620809,4400.022829276854,1.0004318739733722,1.0049902930104928,0.9966169820832583,1.004138129728691,3940.4854861861986,3958.440116104564,3925.4594494160397,3955.0836286403414
2023-06-23,1.0004752537694475,1.0049197961708225,0.9966972183703542,1.0042040960611922,4350.396560223301,4369.722897283473,4333.968415556362,4366.6107970257635,1.0004752537694475,1.0049197961708225,0.9966972183703542,1.0042040960611922,3940.6065423902864,3958.112415522882,3925.7258634779823,3955.2934627064355
2023-06-26,1.000314381756014,1.0047502522869656,0.9967107837024819,1.0041813148953134,4330.180902033068,4349.382987104862,4314.581574706977,4346.92015954513,1.000314381756014,1.0047502522869656,0.9967107837024819,1.0041813148953134,3940.7275985943747,3958.202662178311,3926.5312633593794,3955.9613395281053
2023-06-27,1.0001536151356714,1.0045924711226928,0.9967016896250779,1.0040707406988745,4379.082590046175,4398.517721488309,4363.968644871337,4396.233371783359,1.0001536151356714,1.0045924711226928,0.9967016896250779,1.0040707406988745,3940.848654798463,3958.3388276884793,3927.2472281785717,3956.283082843131
2023-06-28,0.9999812131181305,1.0044212935277825,0.9967036600085154,1.004020153904445,4376.77777244822,4396.21138279001,4362.43238134487,4394.4556508182095,0.9999812131181305,1.0044212935277825,0.9967036600085154,1.004020153904445,3940.993536785339,3958.4921937277854,3928.076478492627,3956.911275364338
2023-06-29,0.9999932279304545,1.0044641232499925,0.9966738958510118,1.0039875219103167,4396.410227002567,4416.0662500211965,4381.816982675222,4413.970900827392,0.9999932279304545,1.0044641232499925,0.9966738958510118,1.0039875219103167,3941.138418772215,3958.7589554098545,3928.056382996804,3956.8805908392046
2023-06-30,1.000070038414856,1.0045079861840576,0.9967206356196696,1.0039100659463291,4450.691697560706,4470.442251553806,4435.785582349065,4467.781279286224,1.000070038414856,1.0045079861840576,0.9967206356196696,1.0039100659463291,3941.2833007590907,3958.7732852206987,3928.0832799634395,3956.4168772116354
2023-07-03,1.0000947425552835,1.004542735659706,0.9967365123631374,1.0039089854167222,4456.012133981896,4475.83056757803,4441.049237120072,4473.006836332894,1.0000947425552835,1.004542735659706,0.9967365123631374,1.0039089854167222,3941.4281827459668,3958.9579673078147,3928.193213537296,3956.4603228725123
2023-07-05,1.0001838207954263,1.0046566627207842,0.9967358871453159,1.003939186219235,4447.637417989517,4467.527340920037,4432.3050776755335,4464.3368520634185,1.0001838207954263,1.0046566627207842,0.9967358871453159,1.003939186219235,3941.573064732843,3959.1998578175157,3927.9852800459707,3956.372391511536
2023-07-06,1.0001975640544356,1.0046461363230783,0.9967789134990337,1.00396036459953,4412.4615716069075,4432.086848541529,4397.379887003202,4429.061504863641,1.0001975640544356,1.0046461363230783,0.9967789134990337,1.00396036459953,3941.6858701143055,3959.217280991184,3928.213285223714,3956.5147182076107
2023-07-07,1.0002137102759097,1.0046384534656922,0.996813470993169,1.0039714040103473,4399.890100818213,4419.354324872907,4384.932618225401,4416.420007671317,1.0002137102759097,1.0046384534656922,0.996813470993169,1.0039714040103473,3941.7986754957683,3959.2363957206617,3928.3984805540504,3956.6075828654134
2023-07-10,1.0002108435838464,1.0046718694798864,0.9968038464279164,1.0040009204774423,4410.459721108278,4430.130748627643,4395.43646493929,4427.1721788728955,1.0002108435838464,1.0046718694798864,0.9968038464279164,1.0040009204774423,3941.911480877231,3959.4927431769697,3928.4842307224985,3956.8484791272613
2023-07-11,1.0002249662579816,1.004678342508006,0.9968502451686715,1.0040073856462568,4440.258683710408,4460.02837876209,4425.277419367477,4457.049826804002,1.0002249662579816,1.004678342508006,0.9968502451686715,1.0040073856462568,3942.024286258694,3959.5756551263603,3928.7240458705946,3956.9313217680938
2023-07-12,1.0001430969052332,1.0045696079988162,0.9969186970471313,1.0040080879905013,4472.7999522557075,4492.596018107985,4458.3799201862985,4490.0848107876,1.0001430969052332,1.0045696079988162,0.9969186970471313,1.0040080879905013,3942.1370916401565,3959.584508537365,3929.427884009534,3957.3712363972822
2023-07-13,0.9999746365892794,1.0044047709689672,0.996879459892332,1.0039035827686877,4509.925610003113,4529.905693260881,4495.966239292813,4527.645314430092,0.9999746365892794,1.0044047709689672,0.996879459892332,1.0039035827686877,3942.25784040786,3959.72301537665,3930.0555463150745,3957.7471521499488
2023-07-14,0.9998812161538055,1.0043230147693345,0.9968150056187309,1.0038041380271998,4504.884828883679,4524.896997202055,4491.070262614743,4522.559239550506,0.9998812161538055,1.0043230147693345,0.9968150056187309,1.0038041380271998,3942.3785891755633,3959.8919212357964,3930.288990363135,3957.8460696630646
2023-07-17,0.9999067634389578,1.0043683171353008,0.9968104396340343,1.0037717041301661,4522.368310614084,4542.546981056367,4508.364288272413,4539.848625722874,0.9999067634389578,1.0043683171353008,0.9968104396340343,1.0037717041301661,3942.4993379432663,3960.0906505907924,3930.290945123735,3957.738284886552
2023-07-18,1.0000579182094413,1.004506255333428,0.9968374566223221,1.0038303228613403,4555.243816285641,4575.505902918658,4540.574678165544,4572.427044026947,1.0000579182094413,1.004506255333428,0.9968374566223221,1.0038303228613403,3942.6200867109696,3960.157174291751,3929.923765517303,3957.4923836899375
2023-07-19,1.0001531514060729,1.0045565736338717,0.9968829270093422,1.0039285970290874,4566.419246437736,4586.524039371641,4551.4883175050945,4583.656874027645,1.0001531514060729,1.0045565736338717,0.9968829270093422,1.0039285970290874,3942.740835478673,3960.0997295730317,3929.849162586335,3957.624159706629
2023-07-20,1.0002771990736639,1.0046184780364884,0.996952307241537,1.0040656982273757,4536.127061763186,4555.81419749333,4521.049109540429,4553.307412920379,1.0002771990736639,1.0046184780364884,0.996952307241537,1.0040656982273757,3942.583375355686,3959.694486438158,3929.4783447958184,3957.5157099073535
2023-07-21,1.0002375291143766,1.0045409871473354,0.9969620454827572,1.0040699483104962,4537.417512822712,4556.939461635944,4522.558805405251,4554.802669318837,1.0002375291143766,1.0045409871473354,0.9969620454827572,1.0040699483104962,3942.425915232699,3959.3879507296824,3929.5156302470414,3957.5313560075465
2023-07-24,1.000105703436702,1.0043453745335893,0.9970002027158649,1.004068633666141,4555.1214411009405,4574.431616665667,4540.977003297787,4573.171161641153,1.000105703436702,1.0043453745335893,0.9970002027158649,1.004068633666141,3942.268455109712,3958.980610202783,3930.0270315411767,3957.8897387196666
2023-07-25,0.9999496795054345,1.004142935656901,0.9970178224908353,1.0040602055352073,4567.230163153891,4586.382692895469,4553.8390235139905,4586.004826373838,0.9999496795054345,1.004142935656901,0.9970178224908353,1.0040602055352073,3942.110994986725,3958.6421080200007,3930.5527075950067,3958.3159602857395
2023-07-26,0.9998003164174905,1.0039715461210974,0.9969975881686113,1.0039653530445487,4565.838094999574,4584.8870582485215,4553.038735769005,4584.858776016193,0.9998003164174905,1.0039715461210974,0.9969975881686113,1.0039653530445487,3941.953534863738,3958.39961255031,3930.9031037461323,3958.3751948545046
2023-07-27,0.9996211481635355,1.0037542360583882,0.9969669524953565,1.0038761553254993,4535.690993888707,4554.4445082336915,4523.6478199219555,4554.997705935474,0.9996211481635355,1.0037542360583882,0.9969669524953565,1.0038761553254993,3941.5448724373955,3957.8417979568467,3931.079276200685,3958.3225303453287
2023-07-28,0.9995288448948216,1.0036523278121405,0.9969105313234623,1.0038122239904248,4580.071058942398,4598.965806070624,4568.073343946308,4599.6984871356435,0.9995288448948216,1.0036523278121405,0.9969105313234623,1.0038122239904248,3941.1362100110528,3957.395078296657,3930.8122153830304,3958.0255479637385
2023-07-31,0.9994938754673733,1.0035937349859834,0.9968830406853098,1.003769254929724,4586.6374147647575,4605.451506101278,4574.656398383259,4606.256960102306,0.9994938754673733,1.0035937349859834,0.9968830406853098,1.003769254929724,3940.7275475847105,3956.892158236936,3930.4337490928897,3957.5841847659885
2023-08-01,0.9995149962427219,1.003546375027177,0.9968891034035792,1.0037651489172177,4574.510268753952,4592.960800978131,4562.4922662202625,4593.962070003898,0.9995149962427219,1.003546375027177,0.9968891034035792,1.0037651489172177,3940.3188851583677,3956.2115110992772,3929.9670093152126,3957.07396828476
2023-08-02,0.9994816498688681,1.0034418881667262,0.9968843100669474,1.0037303378550488,4511.050483701651,4528.924583632821,4499.32767621306,4530.226469571599,0.9994816498688681,1.0034418881667262,0.9968843100669474,1.0037303378550488,3939.9102227320254,3955.5212980891697,3929.671629918602,3956.6583533576836
2023-08-03,0.999350477628355,1.003340968977981,0.9968094923343047,1.0035813868487384,4498.965921730316,4516.930674832283,4487.526685444884,4518.013009640467,0.999350477628355,1.003340968977981,0.9968094923343047,1.0035813868487384,3939.108922524856,3954.8381190704713,3929.093199244719,3955.785766768686
2023-08-04,0.9992538954001644,1.0032716201514833,0.9967707667213592,1.003494026030021,4474.688921218798,4492.680413186947,4463.569396501248,4493.6763533832145,0.9992538954001644,1.0032716201514833,0.9967707667213592,1.003494026030021,3938.3076223176863,3954.1424727849517,3928.520995867741,3955.0190295546818
2023-08-07,0.9991179172347217,1.0031913298763635,0.9967304306988735,1.0034304368626552,4514.4543619500555,4532.859832566555,4503.666647287017,4533.940223137695,0.9991179172347217,1.0031913298763635,0.9967304306988735,1.0034304368626552,3937.506322110517,3953.5595704332186,3928.0972792270954,3954.501886904522
2023-08-08,0.9990409381213754,1.0031625853926949,0.9966983172380406,1.0033656591127218,4495.064816164554,4513.609673464183,4484.524474614495,4514.523379298598,0.9990409381213754,1.0031625853926949,0.9966983172380406,1.0033656591127218,3936.705021903347,3952.94630781304,3927.4739613492306,3953.7465165962262
2023-08-09,0.9989830983932753,1.0030888123000472,0.9967109352704386,1.0033121548883537,4463.16677852262,4481.5099176010435,4453.015412617091,4482.507747516247,0.9989830983932753,1.0030888123000472,0.9967109352704386,1.0033121548883537,3935.903721696178,3952.079865889082,3926.951602980799,3952.9598156359216
2023-08-10,0.9990056525146553,1.0031786045918885,0.9966562192380577,1.0032974416768732,4464.386430127067,4483.034643558369,4453.887212217609,4483.565706288861,0.9990056525146553,1.0031786045918885,0.9966562192380577,1.0032974416768732,3935.3769658123024,3951.815450862757,3926.12185741911,3952.28358507777
2023-08-11,0.9991005484533971,1.0032698804699833,0.9966760367484007,1.0032586506639856,4460.034803323388,4478.6469099120295,4449.211661846698,4478.5967794965645,0.9991005484533971,1.0032698804699833,0.9966760367484007,1.0032586506639856,3934.8502099284265,3951.2706763030287,3925.301530962984,3951.226448918151
2023-08-14,0.9992799274935331,1.0034154573711438,0.9967330263001326,1.0033269401351412,4486.487076066266,4505.054447268372,4475.052202840232,4504.657029663546,0.9992799274935331,1.0034154573711438,0.9967330263001326,1.0033269401351412,3934.323454044551,3950.6056906278436,3924.2959003785195,3950.2571842402845
2023-08-15,0.9993450604235002,1.0034736793007375,0.996760384316323,1.003337205166407,4434.953469851034,4453.275702421571,4423.483039142036,4452.67004931979,0.9993450604235002,1.0034736793007375,0.996760384316323,1.003337205166407,3933.796698160675,3950.0484894091924,3923.6224443029337,3949.5112760679003
2023-08-16,0.9993308323562744,1.0034952796101242,0.996743029785277,1.0033438504234893,4401.38276487171,4419.724364845259,4389.985228374188,4419.057420735687,0.9993308323562744,1.0034952796101242,0.996743029785277,1.0033438504234893,3933.2699422767996,3949.6608057220346,3923.084600506596,3949.064795022785
2023-08-17,0.9993505830214456,1.0035175863891554,0.9967250310904149,1.0033284888942444,4367.521814013605,4385.733118851709,4356.047206876306,4384.90669472385,0.9993505830214456,1.0035175863891554,0.9967250310904149,1.0033284888942444,3932.94800633168,3949.347263875377,3922.615136758074,3948.6030699676053
2023-08-18,0.9993638203936202,1.0035738743580969,0.9966999087015862,1.0032939119468238,4366.930079612206,4385.326794521319,4355.289558052408,4384.103439973155,0.9993638203936202,1.0035738743580969,0.9966999087015862,1.0032939119468238,3932.6260703865605,3949.1931780210098,3922.143232849802,3948.0914896720487
2023-08-21,0.9994655879618666,1.0036526457234807,0.9967226060031071,1.0032901300931998,4397.418709946982,4415.840801074799,4385.350220214291,4414.245815680158,0.9994655879618666,1.0036526457234807,0.9967226060031071,1.0032901300931998,3932.3041344414405,3948.7777226724425,3921.5121277660296,3947.351438737385
2023-08-22,0.999529666960928,1.0037449636443017,0.9967362471192132,1.003296036988384,4385.48639027442,4403.981215237556,4373.230121047904,4402.011527088385,0.999529666960928,1.0037449636443017,0.9967362471192132,1.003296036988384,3931.982198496321,3948.5644692065043,3920.993352988668,3946.798466977811
2023-08-23,0.9995907527962176,1.0038462978839628,0.9967034705485694,1.0032982340652514,4434.19457531155,4453.072215876238,4421.38656238816,4450.640999295796,0.9995907527962176,1.0038462978839628,0.9967034705485694,1.0032982340652514,3931.6602625512014,3948.3984701328336,3920.3038020716576,3946.242787188246
2023-08-24,0.9996653711043353,1.0039215280702527,0.9966802806511892,1.0032735619725606,4374.845560217614,4393.471822509128,4361.781879016607,4390.636121996137,0.9996653711043353,1.0039215280702527,0.9966802806511892,1.0032735619725606,3932.094782738874,3948.8359974332607,3920.3531950675388,3946.2872804467834
2023-08-25,0.9998026983013372,1.0040790001540558,0.9966408350904492,1.0033121368795268,4404.840745933184,4423.680891768725,4390.910493566343,4420.3023145715,0.9998026983013372,1.0040790001540558,0.9966408350904492,1.0033121368795268,3932.5293029265467,3949.349303885283,3920.09272944081,3946.3329964642817
2023-08-28,1.0000600471498706,1.0043295319518069,0.9966439232875677,1.0034159217482692,4433.576207629993,4452.504157297265,4418.431471550007,4448.45384004582,1.0000600471498706,1.0043295319518069,0.9966439232875677,1.0034159217482692,3932.963823114219,3949.7545441486277,3919.529138263039,3946.1615640179025
2023-08-29,1.0003063718811314,1.004525630263434,0.9967158612290324,1.003566979787313,4499.007947363733,4517.984610441728,4482.859158939534,4513.672955300813,1.0003063718811314,1.004525630263434,0.9967158612290324,1.003566979787313,3933.3983433018916,3949.9892842350196,3919.2797601881853,3946.2196849396673
2023-08-30,1.0005525912193016,1.0047173131397815,0.9967966090579823,1.0037749817366404,4517.364877518288,4536.168055575406,4500.407106337612,4531.9135517933055,1.0005525912193016,1.0047173131397815,0.9967966090579823,1.0037749817366404,3933.8328634895643,3950.2071351688915,3919.0656176790535,3946.502208237007
2023-08-31,1.0006091029944608,1.004769079702997,0.9968045284837217,1.0037686606384402,4510.405629204011,4529.1573898140105,4493.255900864933,4524.647840813471,1.0006091029944608,1.004769079702997,0.9968045284837217,1.0037686606384402,3934.884961407296,3951.2440268417763,3919.923511444409,3947.3098892045623
2023-09-01,1.0007649582967835,1.0049164227782692,0.9968136225611257,1.003831007196758,4519.224375727867,4537.9714344894255,4501.3810523528555,4533.069947368905,1.0007649582967835,1.0049164227782692,0.9968136225611257,1.003831007196758,3935.9370593250273,3952.264472438053,3920.3967382667447,3947.995610527351
2023-09-05,1.0009026438302933,1.005047525882584,0.9968675428617337,1.0039334053858382,4500.889035855377,4519.52786581458,4482.74387276693,4514.517855341199,1.0009026438302933,1.005047525882584,0.9968675428617337,1.0039334053858382,3936.989157242759,3953.2927965612357,3921.1173350835084,3948.9104719239817
2023-09-06,1.0011594446347558,1.005247606916833,0.9969417543225495,1.0041146822362217,4470.657476827609,4488.913083734979,4451.823465092258,4483.854031232203,1.0011594446347558,1.005247606916833,0.9969417543225495,1.0041146822362217,3938.0412551604904,3954.1219621956066,3921.451052131423,3949.6656249406906
2023-09-07,1.0013372427785332,1.005252728821757,0.9970718943594,1.0042577443561744,4457.09225482124,4474.520631367675,4438.1065918589,4470.091816213542,1.0013372427785332,1.005252728821757,0.9970718943594,1.0042577443561744,3939.093353078222,3954.49622075159,3922.314185292803,3950.5821181622205
2023-09-08,1.0014202292980416,1.0052554222372774,0.9970873542909868,1.0043293114338046,4463.820657893727,4480.9159920684415,4444.506910878531,4476.787862423069,1.0014202292980416,1.0052554222372774,0.9970873542909868,1.0043293114338046,3939.8250975527367,3954.9136577334607,3922.7785378788626,3951.2701178089733
2023-09-11,1.0014324338179286,1.0051930321367801,0.9970763656141236,1.004344114689419,4493.887989460602,4510.763523992516,4474.340307638755,4506.95404090418,1.0014324338179286,1.0051930321367801,0.9970763656141236,1.004344114689419,3940.5568420272507,3955.354496801592,3923.4160606972528,3952.0140742802632
2023-09-12,1.0013145621854445,1.0050455654293198,0.9970415807680533,1.0043001371344185,4467.765445015234,4484.412808389082,4448.699829228976,4481.086781880062,1.0013145621854445,1.0050455654293198,0.9970415807680533,1.0043001371344185,3941.288586501765,3955.9742417959337,3924.469643157986,3953.040150810242
2023-09-13,1.0011141888416686,1.0048185149163846,0.996968183985005,1.004165683233667,4472.417571798824,4488.966426278053,4453.8955438619705,4486.049939905412,1.0011141888416686,1.0048185149163846,0.996968183985005,1.004165683233667,3942.020330976279,3956.6066078084873,3925.694885168539,3954.035996189292
2023-09-14,1.0009288234739886,1.0046586231740482,0.9968304844963123,1.0039747536521286,4509.2844426326665,4526.087563261405,4490.821015704337,4523.006662678205,1.0009288234739886,1.0046586231740482,0.9968304844963123,1.0039747536521286,3942.7520754507937,3957.4441046576117,3926.6083356251675,3954.7502787694457
2023-09-15,1.0008627209275884,1.0046131265289298,0.9967124509500059,1.0038520775240924,4454.159384198465,4470.849889254227,4435.68935471183,4467.462977647019,1.0008627209275884,1.0046131265289298,0.9967124509500059,1.0038520775240924,3943.348402310281,3958.1248103299126,3926.9965489111573,3955.1263158165757
2023-09-18,1.0008975006474738,1.004684700734808,0.9966234047754249,1.0038157357116473,4457.527046058544,4474.39345526349,4438.492231869498,4470.523493463892,1.0008975006474738,1.004684700734808,0.9966234047754249,1.0038157357116473,3943.944729169769,3958.867843487759,3927.1030467041523,3955.4437665760765
2023-09-19,1.000879710293787,1.0046518940506826,0.9965739557295406,1.0037968264435264,4447.859388560075,4464.622784566531,4428.724830564292,4460.822906873709,1.000879710293787,1.0046518940506826,0.9965739557295406,1.0037968264435264,3944.541056029256,3959.407511555259,3927.571758439169,3956.037626795463
2023-09-20,1.0008194254459857,1.0045890888992688,0.9965188797232624,1.0038135566436066,4405.807274698318,4422.402087152361,4386.875412317745,4418.988039056485,1.0008194254459857,1.0045890888992688,0.9965188797232624,1.0038135566436066,3945.137382888744,3959.997046712545,3928.1850303802207,3956.9399704651632
2023-09-21,1.000756231748885,1.004520004998888,0.9964684833776485,1.003825550522243,4333.274483472672,4349.571621645186,4314.708533025218,4346.5646337613125,1.000756231748885,1.004520004998888,0.9964684833776485,1.003825550522243,3945.7337097482314,3960.5733345412077,3928.8281809585283,3957.835272712109
2023-09-22,1.0006859556360983,1.0044515304285757,0.99642850732906,1.0037532090650616,4323.023369505283,4339.290878543273,4304.63093737198,4336.274088353611,1.0006859556360983,1.0044515304285757,0.99642850732906,1.0037532090650616,3945.9830007435603,3960.8317093073765,3929.1946981282417,3958.0780339770063
2023-09-25,1.000610641733583,1.004377501240682,0.9963778646855163,1.0036621204192002,4340.088621880912,4356.427148981383,4321.729205401545,4353.324227591055,1.000610641733583,1.004377501240682,0.9963778646855163,1.0036621204192002,3946.2322917388897,3961.0881227738305,3929.538963910722,3958.266786700759
2023-09-26,1.0004667590863483,1.0043073664667044,0.996300754487528,1.0035525727258878,4275.524708958282,4291.9376598164545,4257.721163325085,4288.712026121263,1.0004667590863483,1.0043073664667044,0.996300754487528,1.0035525727258878,3946.4815827342186,3961.6313977135087,3930.048192745485,3958.65400784039
2023-09-27,1.0003551478034434,1.0042799024592668,0.9962116135829739,1.0034451500741357,4276.028082837297,4292.804485861161,4258.316504376558,4289.236328443394,1.0003551478034434,1.0042799024592668,0.9962116135829739,1.0034451500741357,3946.730873729548,3962.2153248327027,3930.3832651125585,3958.921951456707
2023-09-28,1.0003158994165182,1.0043157557937352,0.996109058914249,1.0033010614510562,4301.058272721203,4318.256455186323,4282.970120613596,4313.8935739211065,1.0003158994165182,1.0043157557937352,0.996109058914249,1.0033010614510562,3946.980164724877,3962.762532866613,3930.381092343539,3958.758819193614
2023-09-29,1.0004331176118408,1.0045684423239025,0.9960113733661341,1.0032809095738875,4289.907229975454,4307.63970910701,4270.946569562651,4302.118704298308,1.0004331176118408,1.0045684423239025,0.9960113733661341,1.0032809095738875,3948.0980434200073,3964.417642518817,3930.648121483545,3959.336537703626
2023-10-02,1.0007292721963192,1.0049152306107436,0.9960357379151791,1.0033721062727095,4291.5174035939735,4309.468425798807,4271.389698118075,4302.850906818825,1.0007292721963192,1.0049152306107436,0.9960357379151791,1.0033721062727095,3949.2159221151373,3965.7351287366,3930.693649579438,3959.645438572752
2023-10-03,1.0010266914978843,1.005246706168036,0.9961008742445854,1.0034788625978708,4233.792340355726,4251.640681402399,4212.958842573761,4244.163675414565,1.0010266914978843,1.005246706168036,0.9961008742445854,1.0034788625978708,3950.333800810268,3966.9871695296083,3930.89513592991,3960.0107599402504
2023-10-04,1.0012796770724686,1.0055463022826112,0.9961507401023508,1.0035746515475221,4269.206223117738,4287.3980463574835,4247.337718111398,4278.991420535747,1.0012796770724686,1.0055463022826112,0.9961507401023508,1.0035746515475221,3951.451679505398,3968.289495890258,3931.210834645843,3960.5085703537043
2023-10-05,1.0014161189675097,1.0057393274512838,0.9962218823120427,1.0037270602485746,4264.2201036262595,4282.629146759782,4242.102057042317,4274.060530679878,1.0014161189675097,1.0057393274512838,0.9962218823120427,1.0037270602485746,3952.5695582005283,3969.633176333955,3932.0680091505133,3961.6907975987356
2023-10-06,1.0015847479124083,1.0059311162980782,0.9962857492598114,1.003839903557188,4315.327886380611,4334.05421457027,4292.497150685897,4325.044224476145,1.0015847479124083,1.0059311162980782,0.9962857492598114,1.003839903557188,3954.203188310874,3971.3624189840757,3933.2830241304323,3963.106422569694
2023-10-09,1.0017149716151064,1.0060527173856717,0.9963434966513269,1.0039362507804697,4343.095533832752,4361.902524660361,4319.806644691292,4352.7262450588505,1.0017149716151064,1.0060527173856717,0.9963434966513269,1.0039362507804697,3955.83681842122,3972.9668553223223,3934.6245184825593,3964.608792640761
2023-10-10,1.0017493086840115,1.0061165204254585,0.996351567645023,1.0039594281405375,4365.863907079006,4384.89726397905,4342.339256173244,4375.496138099216,1.0017493086840115,1.0061165204254585,0.996351567645023,1.0039594281405375,3957.4704485315656,3974.723379239311,3936.146350311138,3966.2016573890155
2023-10-11,1.0019354118033252,1.0063026486842248,0.9963959391643568,1.0040592510673878,4385.4212006925645,4404.536378158417,4361.175205925431,4394.717138959403,1.0019354118033252,1.0063026486842248,0.9963959391643568,1.0040592510673878,3959.1040786419117,3976.3610246924013,3937.215094122448,3967.496336859032
2023-10-12,1.002066541886602,1.0064543807021649,0.9964213646890988,1.0041082710938873,4358.598651255383,4377.684038845943,4334.04433206535,4367.479377032683,1.002066541886602,1.0064543807021649,0.9964213646890988,1.0041082710938873,3960.7377087522573,3978.080946880942,3938.4247532107584,3968.807785463063
2023-10-13,1.0022843261689387,1.0066414008788576,0.9964673276719783,1.0042447780008918,4337.666061107409,4356.522521895502,4312.491371352234,4346.150465336699,1.0022843261689387,1.0066414008788576,0.9964673276719783,1.0042447780008918,3962.5958047769295,3979.8217809952926,3939.597925593729,3970.3465776883036
2023-10-16,1.0024254053599646,1.0067202693838175,0.9965445515459341,1.0043896590123498,4384.237825644502,4403.021971785146,4358.517146977844,4392.828744346183,1.0024254053599646,1.0067202693838175,0.9965445515459341,1.0043896590123498,3964.453900801602,3981.4394942849012,3941.1959369487154,3972.2222524542276
2023-10-17,1.002537880866212,1.0068231755184383,0.9965582116080348,1.004491462910146,4384.298660604118,4403.039111177234,4358.148371004258,4392.84206559865,1.002537880866212,1.0068231755184383,0.9965582116080348,1.004491462910146,3966.3119968262736,3983.265785718894,3942.654802052477,3974.0408976942836
2023-10-18,1.0025192684464188,1.0067460466949782,0.9965738041615838,1.0045392943540778,4325.469635638919,4343.706493070154,4299.8173354355695,4334.185239420105,1.0025192684464188,1.0067460466949782,0.9965738041615838,1.0045392943540778,3968.170092850946,3984.9005194501656,3944.6367660553856,3976.165756022566
2023-10-19,1.0023456438690275,1.0065608280158798,0.9965328808132656,1.004491624989587,4288.034664471699,4306.067222251933,4263.167664119151,4297.215171705453,1.0023456438690275,1.0065608280158798,0.9965328808132656,1.004491624989587,3970.028188875618,3986.723427675391,3947.00535904862,3978.5278572220886
2023-10-20,1.0021805772105898,1.0064195517486811,0.9964473964856678,1.00432284626499,4233.371107029885,4251.2772137147085,4209.153234338898,4242.42039427872,1.0021805772105898,1.0064195517486811,0.9964473964856678,1.00432284626499,3971.3213833417954,3988.1190848831875,3948.6026201516147,3979.810511047992
2023-10-23,1.0020245743579403,1.0063123273183572,0.996368600094161,1.004261976430468,4225.577711050409,4243.659336794605,4201.726241341081,4235.012925086341,1.0020245743579403,1.0063123273183572,0.996368600094161,1.004261976430468,3972.614577807973,3989.613751633132,3950.190970256837,3981.4849551591838
2023-10-24,1.0019274440856787,1.0062134392298405,0.9963119136783425,1.0042339006695158,4255.867165693856,4274.07270154781,4232.014189493222,4265.664255195889,1.0019274440856787,1.0062134392298405,0.9963119136783425,1.0042339006695158,3973.9077722741504,3990.907156327211,3951.6351016702233,3983.055785734633
2023-10-25,1.0018046611351743,1.0060902839090287,0.9962104199853147,1.004096349250558,4194.325701100915,4212.268617961804,4170.903900081917,4203.920472151759,1.0018046611351743,1.0060902839090287,0.9962104199853147,1.004096349250558,3975.200966740328,3992.2064893283405,3953.0027940926766,3984.294476847795
2023-10-26,1.0016286968311725,1.0059549684794573,0.9960701059493684,1.003943958558332,4143.968293390832,4161.867074242265,4120.971124436905,4153.547063666288,1.0016286968311725,1.0059549684794573,0.9960701059493684,1.003943958558332,3976.4941612065054,3993.669581602929,3954.426398715316,3985.6858155279533
2023-10-27,1.0014171728984154,1.0058489715401409,0.9959022444372858,1.0037910636189564,4123.205025176749,4141.452379950229,4100.498024178747,4132.979211612783,1.0014171728984154,1.0058489715401409,0.9959022444372858,1.0037910636189564,3977.0873101159145,3994.6880170101067,3955.184997480838,3986.515119939607
2023-10-30,1.0012717725906763,1.005778730795717,0.9957739232159162,1.0036321717402625,4172.119247466282,4190.898931054208,4149.210698734543,4181.95460585076,1.0012717725906763,1.005778730795717,0.9957739232159162,1.0036321717402625,3977.6804590253237,3995.584928194018,3955.839547673089,3987.057447201587
2023-10-31,1.0011907885398887,1.0057709154752723,0.9956946342285498,1.0035115126008258,4198.793928978585,4218.002065320197,4175.744157027692,4208.526581545343,1.0011907885398887,1.0057709154752723,0.9956946342285498,1.0035115126008258,3978.2736079347333,3996.4729344932616,3956.434408161607,3987.495102367767
2023-11-01,1.0009333764555008,1.0056015128853444,0.9955896923645062,1.0033642544242327,4241.815518745709,4261.598427396285,4219.169733683846,4252.1172392542785,1.0009333764555008,1.0056015128853444,0.9955896923645062,1.0033642544242327,3978.8667568441424,3997.4233294333103,3957.624776619617,3988.5298770549834
2023-11-02,1.0007458189115375,1.0055731657908509,0.9954129641269548,1.0031902891575226,4321.000281979858,4341.84370378842,4297.974188248083,4331.554966718568,1.0007458189115375,1.0055731657908509,0.9954129641269548,1.0031902891575226,3979.4599057535515,3998.6558224332593,3958.253839840096,3989.1803274139547
2023-11-03,1.0005921979427348,1.0055985015584838,0.9952475087561853,1.0030363857238471,4360.9209999817385,4382.740173282403,4337.627027312433,4371.573601355672,1.0005921979427348,1.0055985015584838,0.9952475087561853,1.0030363857238471,3980.3108958635485,4000.225747159348,3959.049961940651,3990.033765256994
2023-11-06,1.0005351170448864,1.0056547630348134,0.9951539155429022,1.003001196476316,4368.316310315633,4390.6685823147345,4344.822092182,4379.083163791665,1.0005351170448864,1.0056547630348134,0.9951539155429022,1.003001196476316,3981.161885973545,4001.5331244613794,3959.7499095666417,3990.9744965185782
2023-11-07,1.000644009186055,1.0057834023262424,0.995141070158569,1.0030177285793014,4381.199716940039,4403.701933077174,4357.105758760876,4391.592762457041,1.000644009186055,1.0057834023262424,0.995141070158569,1.0030177285793014,3982.012876083542,4002.464834493935,3960.114204965153,3991.458973897894
2023-11-08,1.0008463639199332,1.0060165019855105,0.9951589930694528,1.0031307879938363,4386.489426861004,4409.149004572056,4361.562931644936,4396.501555003625,1.0008463639199332,1.0060165019855105,0.9951589930694528,1.0031307879938363,3982.8638661935383,4003.4384087276885,3960.230997982576,3991.954722120092
2023-11-09,1.001069228149235,1.0062530103608143,0.9952201128480057,1.003320204833925,4351.998308994577,4374.534024592086,4326.570157589778,4361.784092484764,1.001069228149235,1.0062530103608143,0.9952201128480057,1.003320204833925,3983.7148563035353,4004.3435097746737,3960.4385364781633,3992.672527769045
2023-11-10,1.001176012428592,1.0063248494928094,0.995301542732761,1.0034404677791724,4420.432377115217,4443.165728474632,4394.495183535395,4430.430490957313,1.001176012428592,1.0063248494928094,0.995301542732761,1.0034404677791724,3984.109096459393,4004.598529215553,3960.732059992786,3993.1203362901288
2023-11-13,1.0010119575438237,1.0061364781929214,0.9953057866355495,1.0034246560292581,4416.014301302455,4438.621380371983,4390.841243032059,4426.658041305874,1.0010119575438237,1.0061364781929214,0.9953057866355495,1.0034246560292581,3984.503336615251,4004.901364302138,3961.7900644590395,3994.107023257565
2023-11-14,1.000757391072881,1.0059240074472784,0.9952040466445919,1.0033060859137282,4499.105003046351,4522.332560280729,4474.138832500092,4510.563170442348,1.000757391072881,1.0059240074472784,0.9952040466445919,1.0033060859137282,3984.8975767711095,4005.470432144548,3962.7848160234316,3995.046178206201
2023-11-15,1.0006150471647683,1.0057980174170171,0.995150997859735,1.0032537882807544,4505.649483577292,4528.987776666738,4481.045525242644,4517.531418173643,1.0006150471647683,1.0057980174170171,0.995150997859735,1.0032537882807544,3985.2918169269674,4005.934769471196,3963.5293708750755,3995.8015063488137
2023-11-16,1.0004948147270558,1.0057297724493393,0.9950395196275574,1.0031059538217044,4510.470743545102,4534.071189347009,4485.876963965739,4522.24238525716,1.0004948147270558,1.0057297724493393,0.9950395196275574,1.0031059538217044,3985.6860570828253,4006.5406359332073,3963.953716949434,3996.0880906860516
2023-11-17,1.0005206571128613,1.0057730525459476,0.9949478589057228,1.0030616701166486,4516.370256620598,4540.079674653459,4491.214534057612,4527.840440139955,1.0005206571128613,1.0057730525459476,0.9949478589057228,1.0030616701166486,3985.779844271934,4006.7038418950838,3963.5794562916367,3995.9024922577873
2023-11-20,1.0004644193597376,1.005720270432618,0.9948810553287923,1.0030633989640196,4549.491891308084,4573.392243359879,4524.102213381044,4561.310439181004,1.0004644193597376,1.005720270432618,0.9948810553287923,1.0030633989640196,3985.873631461043,4006.8130649850123,3963.6293786568954,3996.2280269527314
2023-11-21,1.000507419740687,1.005739504068695,0.9948127360722946,1.0031130312906296,4540.492767192987,4564.23695996951,4514.6492107159265,4552.317527472822,1.000507419740687,1.005739504068695,0.9948127360722946,1.0031130312906296,3985.967418650152,4006.811759483202,3963.2801070781757,3996.3480340647
2023-11-22,1.0003840255102572,1.0055265211325597,0.9947946615934541,1.0030988763527793,4558.369858320548,4581.802256723044,4532.901250909965,4570.740401966601,1.0003840255102572,1.0055265211325597,0.9947946615934541,1.0030988763527793,3986.0612058392608,4006.5516392913573,3963.790211795026,3996.8786133018575
2023-11-24,1.0001176550131716,1.0051779578407363,0.9947069416384945,1.0030095885895962,4559.876429207754,4582.948070301582,4535.207147290053,4573.06173764009,1.0001176550131716,1.0051779578407363,0.9947069416384945,1.0030095885895962,3986.1549930283695,4006.323771452811,3964.589588172047,3997.6813323619344
2023-11-27,0.9997850976552134,1.0048302246507455,0.9945753048680712,1.0027771126446725,4549.452101923213,4572.409599157492,4525.7453045308175,4563.067056691697,0.9997850976552134,1.0048302246507455,0.9945753048680712,1.0027771126446725,3984.756700427058,4004.864625267207,3963.9924814313067,3996.6817149176586
2023-11-28,0.9994219973796102,1.0045317677184722,0.9944409967124106,1.0025874796986625,4552.257261644413,4575.531703463193,4529.569351515393,4566.675685404641,0.9994219973796102,1.0045317677184722,0.9944409967124106,1.0025874796986625,3983.358407825747,4003.724225963361,3963.505822092096,3995.974950831085
2023-11-29,0.9989483608306261,1.0040895088900208,0.9943097578078737,1.0023307638728909,4545.794431828631,4569.1896373647505,4524.686097685354,4561.186327464699,0.9989483608306261,1.0040895088900208,0.9943097578078737,1.0023307638728909,3981.960115224436,4002.4535134036473,3963.4699380028615,3995.4428882445677
2023-11-30,0.9985537690995632,1.0037459527018042,0.9941234997350425,1.0020739580029854,4561.193906492985,4584.910762751301,4540.957322089727,4577.2734253660365,0.9985537690995632,1.0037459527018042,0.9941234997350425,1.0020739580029854,3980.5618226231245,4001.259564159635,3962.901320362691,3994.5944465949106
2023-12-01,0.9982460634323592,1.0034811502172303,0.9939214785947111,1.0018185027950886,4586.57131042822,4610.6245972225925,4566.701443195618,4602.985347497398,0.9982460634323592,1.0034811502172303,0.9939214785947111,1.0018185027950886,3979.163530021813,4000.031397348264,3961.9250645784477,3993.403827024848
2023-12-04,0.9979933518798105,1.0032880720633344,0.9937333827604046,1.001643258901677,4560.610059553321,4584.805765953583,4541.142937870842,4577.2893316637055,0.9979933518798105,1.0032880720633344,0.9937333827604046,1.001643258901677,3976.683585317182,3997.781347945567,3959.70897397414,3991.2272947661986
2023-12-05,0.9978706954010148,1.0031867996397668,0.9936080550061803,1.0014691495643526,4557.455082621607,4581.73468757875,4537.986836663127,4573.889870507321,0.9978706954010148,1.0031867996397668,0.9936080550061803,1.0014691495643526,3974.2036406125508,3995.376003842471,3957.2268909656786,3988.535146390228
2023-12-06,0.9975660672120553,1.0029606145521464,0.993485985963026,1.0012703681343373,4538.267212210492,4562.808842206661,4519.705535381033,4555.119336568267,0.9975660672120553,1.0029606145521464,0.993485985963026,1.0012703681343373,3971.723695907919,3993.2016232388037,3955.4792025248507,3986.4720521655836
2023-12-07,0.9971994046499912,1.0026759514396857,0.9933436825976476,1.0010399271868402,4572.747617968954,4597.860816162309,4555.066857482947,4590.358679708703,0.9971994046499912,1.0026759514396857,0.9933436825976476,1.0010399271868402,3969.243751203288,3991.042549940835,3953.8964690135103,3984.5305333750975
2023-12-08,0.9968838366582314,1.0024708809635712,0.9931934219145406,1.0008634767020341,4590.022030994061,4615.746850182238,4573.0299960606535,4608.345766222545,0.9968838366582314,1.0024708809635712,0.9931934219145406,1.0008634767020341,3966.763806498657,3988.9955694390806,3952.0790427399074,3982.5994450235708
2023-12-11,0.9965702289779561,1.002303041437732,0.9930215627975992,1.0006435168917238,4606.586089236863,4633.08567086343,4590.182592738134,4625.41461822098,0.9965702289779561,1.002303041437732,0.9930215627975992,1.0006435168917238,3963.794705748116,3986.596602710673,3949.6801117043105,3979.995949371597
2023-12-12,0.9963889107049538,1.002223051412211,0.9929148968480479,1.0005276841178645,4626.9311846405935,4654.0231838428845,4610.79890649328,4646.1504067381275,0.9963889107049538,1.002223051412211,0.9929148968480479,1.0005276841178645,3960.8256049975757,3984.017366415428,3947.015773426072,3977.2779756843806
2023-12-13,0.9962317906855445,1.002150391009254,0.9928340163971359,1.0004527313807996,4689.35269961802,4717.2120840157495,4673.359070242795,4709.221047355248,0.9962317906855445,1.002150391009254,0.9928340163971359,1.0004527313807996,3957.856504247035,3981.3700791060674,3944.357734991652,3974.6255711860254
2023-12-14,0.9962203660745276,1.0021965588005348,0.992782218047922,1.0004338581303325,4701.711828707037,4729.9167690870645,4685.48531718807,4721.5976151390105,0.9962203660745276,1.0021965588005348,0.992782218047922,1.0004338581303325,3954.8874034964947,3978.612244041649,3941.2383266608567,3971.6145125014004
2023-12-15,0.9962575276782596,1.0021881341500218,0.9928144451847225,1.0004459780707566,4701.528562043965,4729.516220799441,4685.28000157129,4721.294655251733,0.9962575276782596,1.0021881341500218,0.9928144451847225,1.0004459780707566,3951.918302745954,3975.4436178487267,3938.260407727802,3968.5328961682267
2023-12-18,0.9962716925096311,1.0021641053512316,0.9928350963188275,1.0004596827879373,4722.885734643457,4750.819071263834,4706.594344205181,4742.739153837184,0.9962716925096311,1.0021641053512316,0.9928350963188275,1.0004596827879373,3948.5819773967496,3971.9357224892306,3934.9615143397145,3965.180484670179
2023-12-19,0.9961678592368097,1.002055088254184,0.9927913500173153,1.0004059984753013,4750.096934949026,4778.169421178603,4733.996489682066,4770.3059509496725,0.9961678592368097,1.002055088254184,0.9927913500173153,1.0004059984753013,3945.2456520475457,3968.5615665975283,3931.8732487986454,3962.0304742523513
2023-12-20,0.9960738907572649,1.0019394833276998,0.9927691642576484,1.0003850001832741,4679.903764639396,4707.462371492698,4664.377002889923,4700.158865611086,0.9960738907572649,1.0019394833276998,0.9927691642576484,1.0003850001832741,3941.9093266983414,3965.122096628925,3928.8310477354003,3958.970312446982
2023-12-21,0.9958974838022828,1.0017316311273592,0.9927503319390242,1.0003458309850242,4727.276381238486,4754.969620053792,4712.337638131563,4748.391573228164,0.9958974838022828,1.0017316311273592,0.9927503319390242,1.0003458309850242,3938.5730013491375,3961.6458733205673,3926.1266526421887,3956.165314212186
2023-12-22,0.9957788533395466,1.001603954400821,0.9927060551496634,1.000244081113708,4734.560009453809,4762.256209712776,4719.949990996244,4755.79051538567,0.9957788533395466,1.001603954400821,0.9927060551496634,1.000244081113708,3935.236675999933,3958.2569994993282,3923.093228592689,3952.882891366571
2023-12-26,0.9957239646179821,1.0014989641807486,0.9927175743143751,1.0002589744134565,4754.33300005971,4781.907179222029,4739.978237957563,4775.986538080651,0.9957239646179821,1.0014989641807486,0.9927175743143751,1.0002589744134565,3931.8492023996496,3954.6531402695528,3919.9777664019493,3949.7567503555247
2023-12-27,0.9957130037365636,1.0014997677899693,0.9926722554953118,1.0002345364355139,4761.081384406678,4788.751259669161,4746.5418034312725,4782.701454729324,0.9957130037365636,1.0014997677899693,0.9926722554953118,1.0002345364355139,3928.461728799366,3951.2926861455967,3916.4648350680955,3946.3008733085608
2023-12-28,0.9956644175218147,1.0014315404840326,0.9926660791010748,1.0001158222493696,4762.611391552972,4790.197559174298,4748.269289468127,4783.904018356522,0.9956644175218147,1.0014315404840326,0.9926660791010748,1.0001158222493696,3925.074255199082,3947.8092103377926,3913.254307899055,3942.622430857589
2023-12-29,0.9956830088629898,1.001458351007049,0.9926380011370899,1.0001145076050146,4749.238686164955,4776.786086383952,4734.714516963725,4770.376181809627,0.9956830088629898,1.001458351007049,0.9926380011370899,1.0001145076050146,3921.6867815987985,3944.4340643624478,3909.693439900456,3939.1410816968955
2024-01-02,0.9956959722131289,1.0014760039172959,0.9926247010488866,1.0001037923530796,4722.416727891594,4749.830435659068,4707.85021087569,4743.322269485956,0.9956959722131289,1.0014760039172959,0.9926247010488866,1.0001037923530796,3918.299307998515,3941.045100749195,3906.213129071047,3935.64512347446
2024-01-03,0.9957889499976224,1.0015255186085186,0.9926630098499509,1.0001605201574415,4684.997809838314,4711.987275204545,4670.290855372148,4705.565216841933,0.9957889499976224,1.0015255186085186,0.9926630098499509,1.0001605201574415,3914.824263979099,3937.3768922142,3902.5350069654723,3932.0105652866077
2024-01-04,0.9958576030568143,1.001501975507609,0.9927265547158116,1.0001793213726016,4669.257626300424,4695.722282523017,4654.577142564932,4689.52078053329,0.9958576030568143,1.001501975507609,0.9927265547158116,1.0001793213726016,3911.3492199596835,3933.5181643095707,3899.0516550782736,3928.3232828291675
2024-01-05,0.995830917526284,1.0014505268557339,0.9927419578094147,1.0001921076396165,4677.656819041163,4704.053472767827,4663.147233900695,4698.142375689112,0.995830917526284,1.0014505268557339,0.9927419578094147,1.0001921076396165,3907.8741759402674,3929.926841499178,3895.7523732369937,3924.988509227482
2024-01-08,0.9957339137257311,1.0012871910738796,0.9927699599894212,1.0001178752556228,4743.218327389069,4769.671586168069,4729.0994152080075,4764.10150349517,0.9957339137257311,1.0012871910738796,0.9927699599894212,1.0001178752556228,3904.3991319208517,3926.174237657985,3892.7770929046237,3921.5892018338445
2024-01-09,0.9955656220387221,1.0011294717257009,0.9927447428706196,1.0000176021081029,4735.407881227182,4761.872332263296,4721.9903694641025,4756.583724427192,0.9955656220387221,1.0011294717257009,0.9927447428706196,1.0000176021081029,3900.924087901436,3922.7249162797325,3889.871039009113,3918.368278326514
2024-01-10,0.9953465308820626,1.0009176897879617,0.9926733543629981,0.9998483911716631,4761.190363147803,4787.839723216225,4748.403356927683,4782.724786750092,0.9953465308820626,1.0009176897879617,0.9926733543629981,0.9998483911716631,3897.3573293917107,3919.1716386010576,3886.8902972816963,3914.9847160868985
2024-01-11,0.995217318953034,1.0008207268292268,0.9925907877185673,0.9996998543683685,4757.377636752051,4784.163271218144,4744.822187083804,4778.805231845849,0.995217318953034,1.0008207268292268,0.9925907877185673,0.9996998543683685,3893.790570881985,3915.7139200215256,3883.5142600098507,3911.3285033530915
2024-01-12,0.9952325377153111,1.0008533480650708,0.9925442563558501,0.9996443871818812,4761.023270898637,4787.912272074127,4748.162989882806,4782.128808732298,0.9952325377153111,1.0008533480650708,0.9925442563558501,0.9996443871818812,3890.2238123722595,3912.194768343676,3879.7156991800007,3907.4691105322786
2024-01-16,0.9953579344144613,1.0009686439110854,0.992538042069624,0.9996975672473672,4743.856008260634,4770.596537507355,4730.4164577429865,4764.538611549607,0.9953579344144613,1.0009686439110854,0.992538042069624,0.9996975672473672,3886.6570538625338,3908.565658685236,3875.645985286844,3903.602379737802
2024-01-17,0.9954283159203384,1.00094389981178,0.9926105483909266,0.999760255973394,4717.543829092827,4743.683339426985,4704.189837039763,4738.073802711669,0.9954283159203384,1.00094389981178,0.9926105483909266,0.999760255973394,3883.0902953528084,3904.6061694137734,3872.0983981232193,3899.988864653118
2024-01-18,0.9954361571662762,1.000904973334357,0.9926403504404193,0.9997977863684069,4759.120541242536,4785.26662321316,4745.753957034618,4779.973228760171,0.9954361571662762,1.000904973334357,0.9926403504404193,0.9997977863684069,3879.311873821996,3900.6243842666427,3868.416342099095,3896.309568582453
2024-01-19,0.9953243561758084,1.000769507779986,0.9926189035745414,0.9997262553084303,4817.180772263239,4843.534271448655,4804.086895709102,4838.485127704294,0.9953243561758084,1.000769507779986,0.9926189035745414,0.9997262553084303,3875.533452291183,3896.735452487248,3864.9991254712468,3892.673299453804
2024-01-22,0.9952683292088658,1.0006951518498817,0.9926013785295441,0.9996629362734663,4827.479362044559,4853.801785387222,4814.543504461057,4848.795095988909,0.9952683292088658,1.0006951518498817,0.9926013785295441,0.9996629362734663,3871.7550307603706,3892.8662499610255,3861.380160580726,3888.850764153301
2024-01-23,0.9951744872010296,1.0006041408979036,0.992589272039,0.9995433036371562,4841.1258104381295,4867.538903811942,4828.54977276092,4862.37835487331,0.9951744872010296,1.0006041408979036,0.992589272039,0.9995433036371562,3867.9766092295577,3889.080218461738,3857.928570513573,3884.957028243798
2024-01-24,0.9951347750845061,1.0006216878377037,0.9925362611461324,0.9994490814554349,4844.863409237672,4871.576718322252,4832.2124142030025,4865.867825519857,0.9951347750845061,1.0006216878377037,0.9925362611461324,0.9994490814554349,3864.198187698745,3885.504365362134,3854.107923442307,3880.9510288988777
2024-01-25,0.9952967853433174,1.0007591403379503,0.9925551313567458,0.9995427813811795,4871.14171495585,4897.8753542763825,4857.723621680931,4891.922298924514,0.9952967853433174,1.0007591403379503,0.9925551313567458,0.9995427813811795,3861.196890316818,3882.3877837565146,3850.5608006567636,3877.66898882966
2024-01-26,0.9956178126971683,1.0010361647473773,0.9926182215187361,0.9997146936416366,4869.536853367469,4896.037850694481,4854.865942901493,4889.574575160435,0.9956178126971683,1.0010361647473773,0.9926182215187361,0.9997146936416366,3858.1955929348915,3879.1926680519523,3846.5716451532808,3874.0717331597293
2024-01-29,0.9959238742321594,1.0011980522664599,0.9927470542819599,0.9998746300322838,4907.843137544885,4933.833917705456,4892.187991207698,4927.312185574992,0.9959238742321594,1.0011980522664599,0.9927470542819599,0.9998746300322838,3855.1942955529644,3875.61049562372,3842.896911719837,3870.4875640625737
2024-01-30,0.9960709608293473,1.0012304262379281,0.9928274989749962,0.9999877614821258,4905.619599955711,4931.029812309009,4889.645647626888,4924.9097256666255,0.9960709608293473,1.0012304262379281,0.9928274989749962,0.9999877614821258,3852.1929981710377,3872.1466533852126,3839.6492723357187,3867.3407864744954
2024-01-31,0.9961165328017062,1.0012053818890236,0.9928684602153035,1.0000113710540364,4826.832077170588,4851.490858750547,4811.093054242285,4845.705100147991,0.9961165328017062,1.0012053818890236,0.9928684602153035,1.0000113710540364,3849.1917007891107,3868.8560222097954,3836.6405045872193,3864.2421277051444
2024-02-01,0.9960791814904111,1.0011268401262745,0.992906769016368,0.9999976843456825,4886.953719436439,4911.718491759127,4871.389261080414,4906.178638959944,0.9960791814904111,1.0011268401262745,0.992906769016368,0.9999976843456825,3846.049491386086,3865.5394529171617,3833.8002087898935,3861.179569590272
2024-02-02,0.9959244222762303,1.0009176456336089,0.9929202964565065,0.9999077302559084,4938.400799543138,4963.160246815269,4923.504511212197,4958.152470324249,0.9959244222762303,1.0009176456336089,0.9929202964565065,0.9999077302559084,3842.9072819830617,3862.174300615642,3831.315461629641,3858.2774073651663
2024-02-05,0.9958802414926669,1.0008634594118604,0.9928734240658865,0.999852929396012,4922.446816452369,4947.077915815538,4907.584689207105,4942.0830579479025,0.9958802414926669,1.0008634594118604,0.9928734240658865,0.999852929396012,3839.7650725800368,3858.9786138452946,3828.171838721243,3855.0823643787594
2024-02-06,0.9958744027154498,1.0008032417055206,0.992874655555535,0.9998397469348079,4933.790842164963,4958.209444154741,4918.929404792898,4953.436069456833,0.9958744027154498,1.0008032417055206,0.992874655555535,0.9998397469348079,3836.6228631770123,3855.6112981710853,3825.066286859659,3851.8994183840477
2024-02-07,0.995918351634214,1.0008146070359296,0.9928309850380012,0.9997764999351509,4974.671921513997,4999.129011020891,4959.250340123918,4993.943603766075,0.995918351634214,1.0008146070359296,0.9928309850380012,0.9997764999351509,3833.480653773988,3852.3272794312156,3821.5967878945517,3848.3314061943674
2024-02-08,0.9960237868820119,1.0008892543847625,0.9927850978391,0.9997783008178291,4978.037244695476,5002.354413382148,4961.850568341016,4996.801967440436,0.9960237868820119,1.0008892543847625,0.9927850978391,0.9997783008178291,3830.6205749182577,3849.332738390756,3818.1648594555,3845.0601079101166
2024-02-09,0.9961651611736914,1.001012462690798,0.9928086856023667,0.9998338220307967,5007.333760807289,5031.699255086191,4990.4620671357125,5025.7746881582225,0.9961651611736914,1.001012462690798,0.9928086856023667,0.9998338220307967,3827.760496062528,3846.3862320176213,3814.863252614686,3841.8573101748925
2024-02-12,0.9962798920920768,1.001042037276299,0.9928838064709229,0.9998763408708281,5003.158213303675,5027.072944475609,4986.10361468794,5021.219003638759,0.9962798920920768,1.001042037276299,0.9928838064709229,0.9998763408708281,3824.900417206798,3843.183162092557,3811.862224413461,3838.707840746605
2024-02-13,0.9963075683176583,1.0010283759195446,0.9929019188417525,0.9998511285133339,4934.880758163976,4958.263720753411,4918.011997349403,4952.43261421839,0.9963075683176583,1.0010283759195446,0.9929019188417525,0.9998511285133339,3822.0403383510684,3840.1503253247406,3808.9755679035493,3835.634162627759
2024-02-14,0.996269605726438,1.001008718401681,0.992900687352104,0.9998812032540592,4981.96571578774,5005.664217413813,4965.119035186678,5000.025942616313,0.996269605726438,1.001008718401681,0.992900687352104,0.9998812032540592,3819.1802594953383,3837.3475562519375,3806.2655760831854,3833.025248746692
2024-02-15,0.9962318750000169,1.0009232002511903,0.9929149726320262,0.9998433306913375,5010.777348643835,5034.373447999419,4994.0942252964805,5028.94199567814,0.9962318750000169,1.0009232002511903,0.9929149726320262,0.9998433306913375,3816.3100800765083,3834.2813499126296,3803.603873560488,3830.1446452057726
2024-02-16,0.9962267318171975,1.000901794220956,0.9929198796446255,0.9998293918594086,4986.682641982209,5010.08399409859,4970.129961952747,5004.7160090096995,0.9962267318171975,1.000901794220956,0.9929198796446255,0.9998293918594086,3813.439900657678,3831.3354950431426,3800.781655684207,3827.2304637039165
2024-02-20,0.9961962942926432,1.0008374260054533,0.9929327629209479,0.9998174159895987,4956.58462421599,4979.676621464393,4940.346891240806,4974.601551430408,0.9961962942926432,1.0008374260054533,0.9929327629209479,0.9998174159895987,3810.569721238848,3828.3226039572814,3798.0863242411456,3824.4209439089122
2024-02-21,0.9961474762130951,1.0007536651982039,0.9929297315618132,0.9997658207008695,4962.607496998397,4985.554609284412,4946.577336694641,4980.633365567592,0.9961474762130951,1.0007536651982039,0.9929297315618132,0.9997658207008695,3807.699541820018,3825.3063561792833,3795.399952525311,3821.530394155881
2024-02-22,0.9962424143090731,1.0008422035064255,0.9929028282494929,0.9997588873025586,5067.915048862684,5091.314314503292,5050.926474390018,5085.8034524747345,0.9962424143090731,1.0008422035064255,0.9929028282494929,0.9997588873025586,3804.829362401188,3822.3967865015557,3792.0748812475535,3818.259406640956
2024-02-23,0.9962843186018804,1.0008667180030966,0.9929017672737958,0.9997788951091129,5069.891640501249,5093.210554574158,5052.678513302892,5087.674841431254,0.9962843186018804,1.0008667180030966,0.9929017672737958,0.9997788951091129,3802.099026644668,3819.58674172535,3789.190266693358,3815.435305946273
2024-02-26,0.9963028045499649,1.0008205502118157,0.9929165451495774,0.9997688641925956,5050.786956750183,5073.689803915306,5033.620213132137,5068.3582500902885,0.9963028045499649,1.0008205502118157,0.9929165451495774,0.9997688641925956,3799.3686908881477,3816.596968619219,3786.4552996116176,3812.586397821042
2024-02-27,0.9962899255142983,1.000797528132269,0.992905007038871,0.9997212848722387,5059.339573948199,5082.229991410726,5042.1503486446545,5076.764634412505,0.9962899255142983,1.000797528132269,0.992905007038871,0.9997212848722387,3796.6383551316276,3813.8158218015283,3783.7391869440467,3809.714499148512
2024-02-28,0.9962338985473557,1.0007817915209334,0.992849552112701,0.9997273178292104,5050.666769499442,5073.723495381168,5033.5089453188875,5068.377566837818,0.9962338985473557,1.0007817915209334,0.992849552112701,0.9997273178292104,3793.9080193751074,3811.227534048193,3781.0195811303315,3807.2118343203665
2024-02-29,0.9964120128704049,1.0009044258203823,0.992889319755349,0.99983380402197,5077.984648831059,5100.87919817564,5060.032053589593,5095.423020423045,0.9964120128704049,1.0009044258203823,0.992889319755349,0.99983380402197,3791.1776836185873,3808.2705483186924,3777.774437419694,3804.1970150640664
2024-03-01,0.9966109739467672,1.001026026907976,0.9929935795635872,0.9998922246560494,5119.670302042459,5142.350782308426,5101.087457704512,5136.526349436098,0.9966109739467672,1.001026026907976,0.9929935795635872,0.9998922246560494,3788.6852952773324,3805.4694233566765,3774.9335212501032,3801.159195964121
2024-03-04,0.9966548807082952,1.0010247022773922,0.9930494513016382,0.9999168967487402,5113.786360170227,5136.207696150185,5095.287082156141,5130.523601372948,0.9966548807082952,1.0010247022773922,0.9930494513016382,0.9999168967487402,3786.1929069360776,3802.793425079061,3772.4962387009887,3798.5849818997476
2024-03-05,0.9966678019011981,1.0009960902567818,0.9930998287012576,0.9999906969208912,5061.726932125519,5083.7087937826045,5043.606445033642,5078.602752917283,0.9966678019011981,1.0009960902567818,0.9930998287012576,0.9999906969208912,3783.7005185948233,3800.1322191718964,3770.1552409996257,3796.315393466135
2024-03-06,0.9966856344121211,1.0010034375410868,0.9931102868902721,1.0000180343199456,5087.84095912162,5109.8823078222385,5069.589668105986,5104.852060875086,0.9966856344121211,1.0010034375410868,0.9931102868902721,1.0000180343199456,3781.2081302535685,3797.5889345236224,3767.644040784103,3793.8505294110064
2024-03-07,0.9967129101439585,1.0009822169591343,0.9931288539649721,0.9999541750201781,5140.407294260045,5162.4256464563605,5121.923026284788,5157.123664082065,0.9967129101439585,1.0009822169591343,0.9931288539649721,0.9999541750201781,3778.7157419123137,3794.9014426345293,3765.1279481097054,3791.0039529777346
2024-03-08,0.9967368132968979,1.000944818222318,0.9931751579757543,1.0000036272585204,5106.970442921182,5128.530955677508,5088.721625168792,5123.708584948208,0.9967368132968979,1.000944818222318,0.9931751579757543,1.0000036272585204,3776.2266398289585,3792.169043167451,3762.732989824095,3788.6032569506233
2024-03-11,0.996783924008379,1.0009726707880602,0.993185009892942,1.0000212759087663,5101.480316039443,5122.918070733044,5083.061289531483,5118.048888824511,0.996783924008379,1.0009726707880602,0.993185009892942,1.0000212759087663,3773.7375377456033,3789.5957699841692,3760.112360848757,3785.993871435512
2024-03-12,0.9967243558335935,1.000921681341454,0.993172012940652,0.9999550754615172,5158.317657014922,5180.039949795988,5139.933323411369,5175.037503383726,0.9967243558335935,1.000921681341454,0.993172012940652,0.9999550754615172,3771.2484356622476,3787.1296140069326,3757.8076408230995,3783.4723231107296
2024-03-13,0.9966905668087594,1.0008647752115738,0.9931438970846779,0.9999331947369776,5148.215751642953,5169.776832048095,5129.896103050458,5164.964930106858,0.9966905668087594,1.0008647752115738,0.9931438970846779,0.9999331947369776,3768.7593335788924,3784.5431559629847,3755.3484063855594,3781.0205956764407
2024-03-14,0.9967064179295799,1.0008853069856227,0.9930892378902808,0.9998999144250852,5133.516471417943,5155.03975592331,5114.886257969133,5149.964511248112,0.9967064179295799,1.0008853069856227,0.9930892378902808,0.9998999144250852,3766.2702314955372,3782.0610653553113,3752.6019363397068,3778.3375469748444
2024-03-15,0.9967659650257472,1.0009192175285682,0.9931172969082711,0.9998682008811228,5100.541151973601,5121.793718823261,5081.870588836345,5116.415572046785,0.9967659650257472,1.0009192175285682,0.9931172969082711,0.9998682008811228,3763.8748757371936,3779.5579179923097,3750.0971879557724,3775.589187826851
2024-03-18,0.9968130546586103,1.0009315189312566,0.9931584855005136,0.9999232718734209,5133.009079920141,5154.216782214991,5114.190168406055,5149.024894650431,0.9968130546586103,1.0009315189312566,0.9931584855005136,0.9999232718734209,3761.4795199788496,3777.020567463054,3747.6889832495376,3773.215941669477
2024-03-19,0.9968305499116434,1.000942133637668,0.9931436697327428,0.9999810802073898,5162.096971022945,5183.388848464,5143.004425147707,5178.4120236647705,0.9968305499116434,1.000942133637668,0.9931436697327428,0.9999810802073898,3759.084164220506,3774.5890956010057,3745.1808053225345,3770.9649282527553
2024-03-20,0.9968734659781202,1.000936093322206,0.9931804818002345,0.9999824488782252,5208.2850478186065,5229.510731893064,5188.990608823141,5224.528302058153,0.9968734659781202,1.000936093322206,0.9931804818002345,0.9999824488782252,3756.688808462162,3771.99870204179,3742.771904457421,3768.4049205517385
2024-03-21,0.9968199895239691,1.0008163113939474,0.9931971542754752,0.9999534366582801,5224.86187968957,5245.808720660717,5205.8726800495315,5241.285936847475,0.9968199895239691,1.0008163113939474,0.9931971542754752,0.9999534366582801,3754.2934527038183,3769.3446807981923,3740.648876153803,3766.094861367739
2024-03-22,0.9966942977241653,1.000679715488145,0.9931467010918775,0.999882121704225,5216.877359261872,5237.73775321374,5198.308599921083,5233.563003781821,0.9966942977241653,1.000679715488145,0.9931467010918775,0.999882121704225,3751.7835292709324,3766.7855461965887,3738.429570445337,3763.783222185713
2024-03-25,0.9966298393099777,1.0005815603618848,0.9931211618911678,0.9998593405383462,5200.603861188933,5221.224692464783,5182.294915768873,5217.456012203793,0.9966298393099777,1.0005815603618848,0.9931211618911678,0.9998593405383462,3749.2736058380465,3764.139790707454,3736.0741298451826,3761.4228344061244
2024-03-26,0.9966054513488218,1.0005177219986159,0.9931212755671355,0.999813111879998,5185.916194529702,5206.274007837557,5167.786007115635,5202.6075127165195,0.9966054513488218,1.0005177219986159,0.9931212755671355,0.999813111879998,3746.7636824051606,3761.471963968892,3733.6648344465525,3758.8229642076326
2024-03-27,0.9966499061544207,1.000517642520781,0.993103523170203,0.9998110768825716,5230.907065952415,5251.206841593893,5212.2939103235785,5247.498438907408,0.9966499061544207,1.000517642520781,0.993103523170203,0.9998110768825716,3744.2537589722747,3758.7842238215976,3730.9305672101364,3756.1297701057156
2024-03-28,0.9966572625921419,1.0004577250640398,0.9931282855851343,0.9998295899565031,5236.786087701022,5256.755047690238,5218.243607364251,5253.454605987952,0.9966572625921419,1.0004577250640398,0.9931282855851343,0.9998295899565031,3741.743835539389,3756.0118869148814,3728.4950202672376,3753.6536833932423
2024-04-01,0.996614114660866,1.0003919968944712,0.993129043424918,0.999831408848008,5226.01519603521,5245.825541555322,5207.740284040283,5242.88594677492,0.996614114660866,1.0003919968944712,0.993129043424918,0.999831408848008,3738.95860389204,3753.1319384595877,3725.8837970122895,3751.028801981057
2024-04-02,0.9964841228229673,1.0002418809258435,0.9930788933772338,0.9997338370245054,5187.507011433032,5207.069186142566,5169.7800339321375,5204.424406120541,0.9964841228229673,1.0002418809258435,0.9930788933772338,0.9997338370245054,3736.1733722446916,3750.2625438047257,3723.405955995759,3748.3577065347317
2024-04-03,0.9963344224771334,1.0000796225101976,0.9930061597039961,0.9996283773348724,5192.386879395356,5211.904951915669,5175.041671235778,5209.553292196914,0.9963344224771334,1.0000796225101976,0.9930061597039961,0.9996283773348724,3733.3881405973434,3747.421867699578,3720.916728904943,3745.7309962932964
2024-04-04,0.9963220914855377,1.0000873053675836,0.9929398866149143,0.9995189557033475,5128.279032515275,5147.6593790610805,5110.870113783153,5144.733963985827,0.9963220914855377,1.0000873053675836,0.9929398866149143,0.9995189557033475,3730.602908949995,3744.7012793276263,3717.9386677002603,3742.5731654086235
2024-04-05,0.9962781636453916,1.000058401928245,0.9929396024249955,0.9994700257209819,5184.970298186257,5204.643943491243,5167.595290484501,5201.581833660735,0.9962781636453916,1.000058401928245,0.9929396024249955,0.9994700257209819,3727.817677302646,3741.9623605943825,3715.325636436658,3739.7608075478784
2024-04-08,0.9961875255875086,0.9999680886150408,0.9928952877436454,0.9994326574054101,5182.556021241199,5202.223984530003,5165.428516004664,5199.438462559332,0.9961875255875086,0.9999680886150408,0.9928952877436454,0.9994326574054101,3724.857275240304,3738.993225888052,3712.547227413412,3736.991188334523
2024-04-09,0.9960837555505415,0.9998916839229668,0.9927898343377479,0.9993021834553775,5189.506718880321,5209.345682987104,5172.345685814576,5206.274438606006,0.9960837555505415,0.9998916839229668,0.9927898343377479,0.9993021834553775,3721.896873177961,3736.125311924843,3709.5890376228926,3733.9226257201626
2024-04-10,0.996026990831965,0.9998703132162147,0.9926980031019619,0.9992085195472864,5140.136729967072,5159.970733196126,5122.957022728109,5156.555454316508,0.996026990831965,0.9998703132162147,0.9926980031019619,0.9992085195472864,3718.9364711156186,3733.286555919146,3706.5067940135314,3730.815570057935
2024-04-11,0.9959681814874316,0.999842010276074,0.9926089000893971,0.9990604329646614,5178.098333644047,5198.238601945925,5160.633228098781,5194.175134609253,0.9959681814874316,0.999842010276074,0.9926089000893971,0.9990604329646614,3715.9760690532758,3730.42939732397,3703.4425268012837,3727.5133176345703
2024-04-12,0.9960293094799574,0.9999455787259867,0.9925493528283953,0.9990379219311845,5103.066524482709,5123.131177500507,5085.237279774528,5118.4808796014495,0.9960293094799574,0.9999455787259867,0.9925493528283953,0.9990379219311845,3713.0156669909334,3727.6148047153583,3700.043023068993,3724.231225670771
2024-04-15,0.9960575548282279,1.0000075802681794,0.9925423617563909,0.9990089997553732,5041.86405218062,5061.858369953075,5024.0707775857345,5056.803735141742,0.9960575548282279,1.0000075802681794,0.9925423617563909,0.9990089997553732,3710.0603828767034,3724.773220327795,3696.9671851083936,3721.05376256984
2024-04-16,0.9960655647031106,1.0000286948796855,0.9925182245592811,0.9990152308094397,5031.535554196939,5051.554949602192,5013.6164847209975,5046.435527063111,0.9960655647031106,1.0000286948796855,0.9925182245592811,0.9990152308094397,3707.1050987624735,3721.8548708711187,3693.9027924081174,3718.083012917832
2024-04-17,0.9960382046568007,1.0000378613233254,0.9924491853549888,0.9989585390227311,5002.313031809431,5022.400147516618,4984.288223181678,5016.979564265351,0.9960382046568007,1.0000378613233254,0.9924491853549888,0.9989585390227311,3704.1498146482436,3719.0240709073882,3690.802670814382,3715.010197261779
2024-04-18,0.99605831365848,1.0001455361280478,0.9923846931893987,0.9989863086336284,4991.367736740282,5011.849299001983,4972.958783735259,5006.040270920148,0.99605831365848,1.0001455361280478,0.9923846931893987,0.9989863086336284,3701.1945305340137,3716.382000225298,3687.5439402011234,3712.0744949285136
2024-04-19,0.9960203721458777,1.0000955269080738,0.9924045675377253,0.9989238720311766,4947.462273134168,4967.704504123591,4929.501740010415,4961.884624869421,0.9960203721458777,1.0000955269080738,0.9924045675377253,0.9989238720311766,3698.2392464197837,3713.3703598972306,3684.813707260936,3709.019986983005
2024-04-22,0.9960113715759438,1.0001454301576012,0.9923274383937425,0.9988165574323852,4990.614578418425,5011.328692347677,4972.155862815686,5004.67024267071,0.9960113715759438,1.0001454301576012,0.9923274383937425,0.9988165574323852,3695.5798179659905,3710.918742697832,3681.9110291274283,3705.9881210562507
2024-04-23,0.9960737642855563,1.0002850108976524,0.9922423898240202,0.9987144293757068,5050.641825498127,5071.9951620070915,5031.214649722186,5064.03144987099,0.9960737642855563,1.0002850108976524,0.9922423898240202,0.9987144293757068,3692.9203895121973,3708.5334886989117,3678.715657517262,3702.7105941164564
2024-04-24,0.9961749838097317,1.0004826634424977,0.9921963700031571,0.9987069196949389,5052.23093313895,5074.077890394875,5032.052875999112,5065.071975132443,0.9961749838097317,1.0004826634424977,0.9921963700031571,0.9987069196949389,3690.2609610584036,3706.218460734564,3675.5224628546234,3699.6403414935053
2024-04-25,0.9963348651281138,1.0006657803744035,0.9921702055846259,0.9986912520156388,5029.916859810072,5051.781138957746,5008.891909277537,5041.812890500792,0.9963348651281138,1.0006657803744035,0.9921702055846259,0.9986912520156388,3687.6015326046104,3703.6309723630443,3672.1874329350503,3696.3229135398537
2024-04-26,0.9964044667251207,1.0007981727858197,0.9921166263119205,0.998723559850885,5081.622924119447,5104.0306492807695,5059.755109525742,5093.45020629712,0.9964044667251207,1.0007981727858197,0.9921166263119205,0.998723559850885,3684.942104150817,3701.1910803417263,3669.0846444523354,3693.518665364621
2024-04-29,0.996604544968243,1.0010024396527137,0.9920916933830378,0.9988606070226929,5098.798274830176,5121.298651678025,5075.709758935497,5110.340671831291,0.996604544968243,1.0010024396527137,0.9920916933830378,0.9988606070226929,3682.9870115704334,3699.23958545537,3666.309610431363,3691.324367932881
2024-04-30,0.9969545343433802,1.0013208985068023,0.9921773103325977,0.9990919844291828,5020.353979047616,5042.341635401719,4996.297359868759,5031.117515070191,0.9969545343433802,1.0013208985068023,0.9921773103325977,0.9990919844291828,3681.0319189900497,3697.153743307822,3663.3930864635113,3688.923975969629
2024-05-01,0.9972334466182426,1.0015256599024476,0.9922927672236397,0.9992934491743883,5004.506356174523,5026.046356397845,4979.712100107441,5014.844252402259,0.9972334466182426,1.0015256599024476,0.9922927672236397,0.9992934491743883,3679.076826409666,3694.912017739717,3660.8492598062344,3686.6767596974646
2024-05-02,0.997312491436164,1.0015289273245542,0.9923670734144284,0.9993711392531242,5050.589919131021,5071.942793757007,5025.545333185349,5061.015323405672,0.997312491436164,1.0015289273245542,0.9923670734144284,0.9993711392531242,3677.121733829282,3692.6678622269833,3658.887825955124,3684.712031449182
2024-05-03,0.9973471868415769,1.0015434364448823,0.9923898654459222,0.9994459299107481,5114.186931214369,5135.704417967703,5088.766828134945,5124.948844937035,0.9973471868415769,1.0015434364448823,0.9923898654459222,0.9994459299107481,3675.1666412488985,3690.6295780916453,3656.8991989142432,3682.9003879502825
2024-05-06,0.9973524564961049,1.0015134379775943,0.9923913053415112,0.9994640647993172,5167.02376546763,5188.580728668042,5141.321331234981,5177.9634590684145,0.9973524564961049,1.0015134379775943,0.9923913053415112,0.9994640647993172,3673.4705494650216,3688.7963681658853,3655.1975281883997,3681.2480717073668
2024-05-07,0.9972799038925623,1.0013836506729927,0.9923368734990492,0.9993796214105384,5173.588957423445,5194.877964596284,5147.945998651017,5184.48166199145,0.9972799038925623,1.0013836506729927,0.9923368734990492,0.9993796214105384,3671.7744576811447,3686.883588578461,3653.5752613756727,3679.5051751264255
2024-05-08,0.9973110370115141,1.0014067080760214,0.9922375207034102,0.9993065596002855,5173.720547373521,5194.967537284734,5147.40081902746,5184.072660041613,0.9973110370115141,1.0014067080760214,0.9922375207034102,0.9993065596002855,3670.078365897268,3685.150327612163,3651.4079594238824,3677.421836499634
2024-05-09,0.9974403543336333,1.0015701145048401,0.9921691446089287,0.9993382371265942,5200.733802723911,5222.2667026373965,5173.249293522523,5210.629515437032,0.9974403543336333,1.0015701145048401,0.9921691446089287,0.9993382371265942,3668.3822741133913,3683.5706900849063,3648.9958393925313,3675.362300102708
2024-05-10,0.997692496763493,1.0017632103204772,0.9921908377727362,0.9994597426808896,5210.62864899676,5231.88868327655,5181.895244618914,5219.858408904629,0.997692496763493,1.0017632103204772,0.9921908377727362,0.9994597426808896,3666.6861823295144,3681.6467330002224,3646.466668735158,3673.181105572013
2024-05-13,0.99786717527179,1.001848304589181,0.9922315716611084,0.9995768180637967,5210.28362630763,5231.070774548042,5180.857772902745,5219.21038937467,0.99786717527179,1.001848304589181,0.9922315716611084,0.9995768180637967,3664.730759046416,3679.351710037424,3644.0336458336956,3671.00953109355
2024-05-14,0.9978492795250127,1.0017704516343353,0.9922131372083707,0.9995829410649024,5235.395857898294,5255.968993180834,5205.824822728415,5244.491825226402,0.9978492795250127,1.0017704516343353,0.9922131372083707,0.9995829410649024,3662.7753357633183,3677.16866427897,3642.0869176927304,3669.1390350304982
2024-05-15,0.9977026988146594,1.0015916265055211,0.9921556171687902,0.9995602859608113,5295.955580713035,5316.598592235282,5266.510839274513,5305.81593192288,0.9977026988146594,1.0015916265055211,0.9921556171687902,0.9995602859608113,3660.81991248022,3675.089357622361,3640.4662871272185,3667.6358627847335
2024-05-16,0.997544440549872,1.0014470916470866,0.9920594283542481,0.9994596886544093,5284.092656036727,5304.765389163783,5255.037997935288,5294.237916771272,0.997544440549872,1.0014470916470866,0.9920594283542481,0.9994596886544093,3658.864489197122,3673.1789106232527,3638.7461711256797,3665.88937249338
2024-05-17,0.99733352789704,1.0012186900109556,0.9919815034784923,0.9993178511346774,5289.128978490536,5309.733042174401,5260.745747952385,5299.652380387001,0.99733352789704,1.0012186900109556,0.9919815034784923,0.9993178511346774,3656.909065914024,3671.154736153228,3637.284871931045,3664.184956510744
2024-05-20,0.9970973630597094,1.0009802829984817,0.9918637162301157,0.9991269035443122,5292.722425778135,5313.333469592731,5264.941548032564,5303.49549051067,0.9970973630597094,1.0009802829984817,0.9918637162301157,0.9991269035443122,3654.2462281710423,3668.476679545427,3635.0655193504567,3661.6842587340975
2024-05-21,0.9968896543568304,1.0008073039059775,0.9917244631698665,0.9990164193920072,5304.858575590981,5325.705995078308,5277.372475556759,5316.175964316822,0.9968896543568304,1.0008073039059775,0.9917244631698665,0.9990164193920072,3651.583390428061,3665.9336487145847,3632.6634164226416,3659.3736808015788
2024-05-22,0.9967636042205187,1.0007003620635113,0.9915970703022319,0.9989594394640703,5289.834415234335,5310.726828474675,5262.415568064648,5301.487734830216,0.9967636042205187,1.0007003620635113,0.9915970703022319,0.9989594394640703,3648.9205526850797,3663.3321107951624,3630.007069366912,3656.958996621615
2024-05-23,0.9965923193697378,1.0004848358366552,0.9915039696848081,0.9988451014228339,5249.88888366868,5270.394037613765,5223.08427166442,5261.7561790792615,0.9965923193697378,1.0004848358366552,0.9915039696848081,0.9988451014228339,3646.2577149420986,3660.4993641322235,3627.640840283932,3654.500026047185
2024-05-24,0.9963591687747972,1.0002654593502354,0.991326066795592,0.9986381079678064,5285.406409783042,5306.128187524381,5258.707213051913,5297.4955440989825,0.9963591687747972,1.0002654593502354,0.991326066795592,0.9986381079678064,3643.594877199117,3657.8798266185313,3625.1892809416913,3651.928750594699
2024-05-28,0.9960104230381287,1.0000131613783725,0.9911256371188062,0.998402156319314,5284.871145057233,5306.1098348001,5258.952275577871,5297.561777516533,0.9960104230381287,1.0000131613783725,0.9911256371188062,0.998402156319314,3639.859979004,3654.4877446920705,3622.0088236722013,3648.6004239323606
2024-05-29,0.9957153434631741,0.9998136013654866,0.9909742207300292,0.9982146844325177,5244.382928253365,5265.9682477119495,5219.411671874027,5257.546832171849,0.9957153434631741,0.9998136013654866,0.9909742207300292,0.9982146844325177,3636.1250808088826,3651.0909829053517,3618.8115831367245,3645.2521033497974
2024-05-30,0.9954352507856974,0.9996332573269363,0.990809542145038,0.9979269393982014,5211.581346783502,5233.559926070028,5187.363541709503,5224.626532680495,0.9954352507856974,0.9996332573269363,0.990809542145038,0.9979269393982014,3632.3901826137653,3647.708906493504,3615.5107535994716,3641.4824718882774
2024-05-31,0.9950806451931935,0.9994295644666288,0.990616918218024,0.9976561766875403,5251.5480558135305,5274.499520768279,5227.990692064804,5265.140449030261,0.9950806451931935,0.9994295644666288,0.990616918218024,0.9976561766875403,3628.655284418648,3644.51402810871,3612.377883632196,3638.047202563467
2024-06-03,0.9948747070942361,0.9993682870558218,0.9904188378445676,0.9975080360784349,5256.321027461687,5280.062407830728,5232.7788878679885,5270.233957816802,0.9948747070942361,0.9993682870558218,0.9904188378445676,0.9975080360784349,3624.920386223531,3641.293171151849,3608.6850038519697,3634.5151702203375
2024-06-04,0.9948102065228123,0.999391697693673,0.9903072080444333,0.9974293735230528,5263.879038182417,5288.12126567444,5240.052142213832,5277.737941297471,0.9948102065228123,0.999391697693673,0.9903072080444333,0.9974293735230528,3620.948601502082,3637.6244899671865,3604.558413769847,3630.4819466813306
2024-06-05,0.9947579737071299,0.9993665915286745,0.9902561864809978,0.9973502427381746,5325.964033967184,5350.638712042269,5301.861330104856,5339.843120127469,0.9947579737071299,0.9993665915286745,0.9902561864809978,0.9973502427381746,3616.9768167806333,3633.7339217835793,3600.6081517773073,3626.402402939249
2024-06-06,0.9946431373956539,0.9992919618415828,0.9901718010210863,0.997237651553136,5324.28492875344,5349.169900059519,5300.350043993834,5338.1732592578755,0.9946431373956539,0.9992919618415828,0.9901718010210863,0.997237651553136,3613.005032059185,3629.8917178310076,3596.763065253239,3622.4295104015137
2024-06-07,0.9946129317358989,0.9993704594499793,0.9900614595485842,0.9971727837590688,5318.185399862534,5343.623852974444,5293.848723591684,5331.872903031903,0.9946129317358989,0.9993704594499793,0.9900614595485842,0.9971727837590688,3609.033247337736,3626.2963203859417,3592.517863388642,3618.32187687904
2024-06-10,0.9945215559263819,0.99938659345049,0.9900029164252957,0.9970885024497309,5331.421211794589,5357.501656303452,5307.197734343561,5345.182073047493,0.9945215559263819,0.99938659345049,0.9900029164252957,0.9970885024497309,3605.0614626162874,3622.6968363171686,3588.681754170805,3614.3664393991207
2024-06-11,0.994378769367289,0.9993088994513144,0.9899660854118094,0.9970081650734584,5345.104086555375,5371.605113398639,5321.384498235807,5359.237929882662,0.994378769367289,0.9993088994513144,0.9899660854118094,0.9970081650734584,3600.905596158452,3618.7588866311085,3584.9261134513995,3610.427325709139
2024-06-12,0.9942994926845685,0.9992901780057298,0.9899073717745697,0.9969689598575547,5390.127378827826,5417.182033674401,5366.317559611095,5404.5986404566,0.9942994926845685,0.9992901780057298,0.9899073717745697,0.9969689598575547,3596.749729700617,3614.8028879411418,3580.861800749554,3606.406181708814
2024-06-13,0.9942439083686063,0.9992935160748011,0.9898534325279671,0.9969417665291146,5402.462894658831,5429.901150036289,5378.606190464516,5417.122354459911,0.9942439083686063,0.9992935160748011,0.9898534325279671,0.9969417665291146,3592.5938632427824,3610.8400797942377,3576.7293490837997,3602.342284721416
2024-06-14,0.9942674742636559,0.9993320186704371,0.9898373284325641,0.9969356075103553,5400.463213210473,5427.971792610347,5376.400433114316,5414.955445753246,0.9942674742636559,0.9993320186704371,0.9898373284325641,0.9969356075103553,3588.4379967849472,3606.7165828356046,3572.449036024301,3598.067629625981
2024-06-17,0.9942360671226684,0.9993201676421473,0.9898192350077291,0.9969119078943107,5441.682669657802,5469.509121144029,5417.508331621352,5456.328161644378,0.9942360671226684,0.9993201676421473,0.9898192350077291,0.9969119078943107,3584.282130327112,3602.6106251819524,3568.359179082698,3593.9287007730577
2024-06-18,0.9941534810969044,0.9992632350196552,0.9897842985937019,0.9968521546070493,5454.949975383147,5482.9873484498985,5430.9761399126,5469.757677893518,0.9941534810969044,0.9992632350196552,0.9897842985937019,0.9968521546070493,3579.6902893890283,3598.089195439487,3563.9579900241197,3589.407516700689
2024-06-20,0.9940784833736607,0.9991903273523224,0.9897476002021778,0.9967979480384368,5440.760532846219,5468.73852395491,5417.056872998553,5455.644625265531,0.9940784833736607,0.9991903273523224,0.9897476002021778,0.9967979480384368,3575.0984484509445,3593.4826563203414,3559.522883778984,3584.8787163737175
2024-06-21,0.9939518851932779,0.999080806895653,0.9896734455793458,0.9967166561943447,5431.56935086489,5459.596958978123,5408.189304181805,5446.67777377274,0.9939518851932779,0.999080806895653,0.9896734455793458,0.9967166561943447,3570.5066075128607,3588.9308885072924,3555.137456209909,3580.4383087094925
2024-06-24,0.9937689860239172,0.9988908018847116,0.989572690780107,0.9966083150924266,5413.924245890117,5441.827232863664,5391.063374920222,5429.392541542578,0.9937689860239172,0.9988908018847116,0.989572690780107,0.9966083150924266,3565.914766574777,3584.2932419212034,3550.857312191259,3576.1030553973856
2024-06-25,0.9935944761445652,0.9987361468486167,0.9894352375893442,0.9964787235749064,5434.266268377471,5462.387607959139,5411.5181449474,5450.041082848235,0.9935944761445652,0.9987361468486167,0.9894352375893442,0.9964787235749064,3561.322925636693,3579.752124061251,3546.415041207447,3571.6608821607065
2024-06-26,0.9934161721139529,0.9985954092645222,0.9893095119692334,0.9963706165877364,5441.834449223023,5470.2057924101255,5419.338575616263,5458.018600605961,0.9934161721139529,0.9985954092645222,0.9893095119692334,0.9963706165877364,3555.949615837765,3574.488780865357,3541.2497579394217,3566.525098688229
2024-06-27,0.9932205625378705,0.9984056603488269,0.9891891670115869,0.9962196125751728,5445.699225722014,5474.128442956772,5423.5956081328195,5462.142627200037,0.9932205625378705,0.9984056603488269,0.9891891670115869,0.9962196125751728,3550.5763060388376,3569.1120534110373,3536.1648268812587,3561.2973446527194
2024-06-28,0.9930003542144509,0.9982026121420702,0.9890628919576332,0.9960479344294639,5422.258574180924,5450.665399549531,5400.758140276816,5438.899824993398,0.9930003542144509,0.9982026121420702,0.9890628919576332,0.9960479344294639,3545.2029962399097,3563.776061510162,3531.1454957252254,3556.083446044072
2024-07-01,0.9927107972374417,0.998002495784339,0.9888677292673439,0.9958336654084166,5435.180958846745,5464.153484643876,5414.139815834342,5452.278943140967,0.9927107972374417,0.998002495784339,0.9888677292673439,0.9958336654084166,3539.829686440982,3558.6989398631586,3526.125991341241,3550.9652774804076
2024-07-02,0.992456019980318,0.9977969219486024,0.9886958133124186,0.9956401785734752,5467.450138631772,5496.87322098407,5446.735122496248,5484.991700163061,0.992456019980318,0.9977969219486024,0.9886958133124186,0.9956401785734752,3534.4563766420542,3553.4770532652838,3521.0650664305326,3545.796193638728
2024-07-03,0.9922466039093719,0.9976034817290136,0.9885609367769203,0.9954800080680797,5494.089290778271,5523.750430403184,5473.681678152543,5511.992714273119,0.9922466039093719,0.9976034817290136,0.9885609367769203,0.9954800080680797,3528.2846718872265,3547.332950637436,3515.178975382071,3539.7821870071944
2024-07-05,0.9919960845331068,0.997387302017736,0.9884125138552887,0.9953030713449507,5522.630681851867,5552.644613920119,5502.680263010025,5541.041305760896,0.9919960845331068,0.997387302017736,0.9884125138552887,0.9953030713449507,3522.112967132399,3541.254652575825,3509.389387927024,3533.854526714877
2024-07-08,0.9917043986156683,0.9971267383510303,0.988246281698741,0.9951061268152672,5526.619857825327,5556.837743819539,5507.348290964829,5545.577178822462,0.9917043986156683,0.9971267383510303,0.988246281698741,0.9951061268152672,3515.941262377571,3535.1653658914825,3503.681020338388,3528.0015865599166
2024-07-09,0.9914935702773087,0.9969738936433998,0.9880790832964691,0.9949343226077708,5529.539811565144,5560.103465371368,5510.497285962741,5548.728818497085,0.9914935702773087,0.9969738936433998,0.9880790832964691,0.9949343226077708,3509.7695576227434,3529.1692518747755,3497.6826789787415,3521.9494124869543
2024-07-10,0.991269230544739,0.996802027240586,0.9879391292344202,0.994742348514279,5584.7216306583105,5615.892909291009,5565.960139585092,5604.288864718082,0.991269230544739,0.996802027240586,0.9879391292344202,0.994742348514279,3503.5978528679157,3523.153281430216,3491.827755056795,3515.8734368221862
2024-07-11,0.9910567791527849,0.9966346469200159,0.9878270257844209,0.9945777658463222,5534.596225449894,5565.746051110706,5516.55953857413,5554.25931647942,0.9910567791527849,0.9966346469200159,0.9878270257844209,0.9945777658463222,3496.9689829164226,3516.650630813015,3485.5727162350186,3509.3928737726933
2024-07-12,0.9908625396868797,0.9964839922682841,0.9877054114451367,0.9944473099051163,5564.03996223072,5595.6063859837095,5546.311582158449,5584.169701675695,0.9908625396868797,0.9964839922682841,0.9877054114451367,0.9944473099051163,3490.340112964929,3510.141831823134,3479.2190432881885,3502.967563077664
2024-07-15,0.9907246012099525,0.9964064748865196,0.9875952783785751,0.9943278213394204,5578.9881888255095,5610.984069510467,5561.366283511,5599.278714082971,0.9907246012099525,0.9964064748865196,0.9875952783785751,0.9943278213394204,3483.711243013436,3503.69056641397,3472.707521982007,3496.381341707613
2024-07-16,0.9906218640252731,0.996296760150698,0.9875379667449351,0.9942496090047079,5614.052227804027,5646.212999126035,5596.575165136896,5634.611384151481,0.9906218640252731,0.996296760150698,0.9875379667449351,0.9942496090047079,3477.0823730619427,3497.001256344504,3466.257894758763,3489.815756586007
2024-07-17,0.9905399103580523,0.9962453114988229,0.9874568210500988,0.9941798968362365,5535.404464856593,5567.2877868895275,5518.175329369636,5555.745692093036,0.9905399103580523,0.9962453114988229,0.9874568210500988,0.9941798968362365,3470.4535031104497,3490.442934297004,3459.6515980309036,3483.206551919884
2024-07-18,0.990460296417442,0.9961923262754706,0.9874041511851338,0.9940764001087227,5491.696254913185,5523.4780103437115,5474.751182619581,5511.746067278823,0.990460296417442,0.9961923262754706,0.9874041511851338,0.9940764001087227,3463.676532380149,3483.7216542027695,3452.9890787194827,3476.3221816196447
2024-07-19,0.9904230926564737,0.9961517749178649,0.9873780814965756,0.994028802779539,5452.279125073887,5483.815520922846,5435.516338638648,5472.128559301362,0.9904230926564737,0.9961517749178649,0.9873780814965756,0.994028802779539,3456.8995616498487,3476.8945308151156,3446.2714797503872,3469.484665769775
2024-07-22,0.9903480738546119,0.9961044591134113,0.9873419325388947,0.9939604052554225,5510.70272563734,5542.733613335256,5493.975322838751,5530.803218607325,0.9903480738546119,0.9961044591134113,0.9873419325388947,0.9939604052554225,3450.1225909195487,3470.176383467577,3439.649953734034,3462.7070412768016
2024-07-23,0.9903078980084898,0.9960777015756184,0.9873074318827432,0.9939246037077807,5501.893201281687,5533.948729751726,5485.223391608231,5521.986677803466,0.9903078980084898,0.9960777015756184,0.9873074318827432,0.9939246037077807,3443.345620189248,3463.4074897170767,3432.912862949411,3455.9210704650773
2024-07-24,0.9902361885496717,0.9960197710647531,0.9872735753904077,0.9938145697761451,5374.140525963579,5405.528780138654,5358.062039208544,5393.5608660692105,0.9902361885496717,0.9960197710647531,0.9872735753904077,0.9938145697761451,3436.5686494589477,3456.6403036589404,3426.2870382420188,3448.987255121827
2024-07-25,0.9901724046512637,0.9960557392005388,0.9871732752950392,0.993718600738226,5346.158650641196,5377.924068206334,5329.965691438481,5365.305343477845,0.9901724046512637,0.9960557392005388,0.9871732752950392,0.993718600738226,3429.9932925864327,3450.373377859727,3419.6041992051923,3442.277445058609
2024-07-26,0.9901410396675125,0.9961034347324265,0.9870989691042504,0.9935976354487341,5405.278949648918,5437.82826054779,5388.671982237014,5424.148851678185,0.9901410396675125,0.9961034347324265,0.9870989691042504,0.9935976354487341,3423.4179357139183,3444.0329485123907,3412.899960485383,3435.3691340986666
2024-07-29,0.990255580878335,0.9962713449052301,0.9870822208450314,0.9936327166433047,5410.300976352019,5443.16834374352,5392.963196875663,5428.75209268936,0.990255580878335,0.9962713449052301,0.9870822208450314,0.9936327166433047,3416.8425788414033,3437.5997642269435,3405.893009973366,3428.495268812655
2024-07-30,0.9904121106964372,0.9964166392185327,0.9871169109611289,0.9936377411059767,5384.316015074539,5416.9592741132,5366.4018594255185,5401.851961258176,0.9904121106964372,0.9964166392185327,0.9871169109611289,0.9936377411059767,3410.267221968889,3430.942501058399,3398.9209232657554,3421.3739739330827
2024-07-31,0.9904332525504038,0.9964867121764162,0.9870960324750888,0.993606063579668,5469.469550559095,5502.898570651823,5451.040420137183,5486.990764906001,0.9904332525504038,0.9964867121764162,0.9870960324750888,0.993606063579668,3403.691865096374,3424.4949946678935,3392.2232792092013,3414.5954480102005
2024-08-01,0.9904864760611375,0.9966152543282689,0.9870416953625998,0.9935881087793667,5394.862879432677,5428.244373444696,5376.100261297565,5411.756480326401,0.9904864760611375,0.9966152543282689,0.9870416953625998,0.9935881087793667,3397.866573422329,3418.891364081377,3386.049243785605,3408.5067329712147
2024-08-02,0.9906444813825076,0.9968714113905659,0.9870341169647631,0.9936854825057747,5296.5401583804605,5329.832813284344,5277.237128399124,5312.799053346075,0.9906444813825076,0.9968714113905659,0.9870341169647631,0.9936854825057747,3392.0412817482843,3413.362758870343,3379.6791221872136,3402.4538985263735
2024-08-05,0.9908853889089134,0.997067748135698,0.9871349286019856,0.9937842249030182,5139.058619059965,5171.122374188614,5119.6074942563355,5154.09293914127,0.9908853889089134,0.997067748135698,0.9871349286019856,0.9937842249030182,3386.21599007424,3407.343361518452,3373.399302288136,3396.122367648996
2024-08-06,0.9911350229832179,0.9972596076294569,0.987242333445326,0.9938829673002616,5193.5772544827505,5225.670261766582,5173.179444523511,5207.9765651423895,0.9911350229832179,0.9972596076294569,0.987242333445326,0.9938829673002616,3380.390698400195,3401.2793649185023,3367.114190961236,3389.762908234025
2024-08-07,0.9914426864931856,0.997547017142661,0.9873345625469985,0.9941011802543741,5155.006248421319,5186.745715633266,5133.646057963118,5168.829086732618,0.9914426864931856,0.997547017142661,0.9873345625469985,0.9941011802543741,3374.5654067261503,3395.342667299628,3360.582618669706,3383.614100314517
2024-08-08,0.9916574986903683,0.9977382673063514,0.987439087599161,0.9942465475041551,5274.933649358663,5307.279142665348,5252.494613057093,5288.705602604327,0.9916574986903683,0.9977382673063514,0.987439087599161,0.9942465475041551,3369.4135282361626,3390.0745165953745,3355.080382551139,3378.2104930248697
2024-08-09,0.9917403587381679,0.9978143629179559,0.9874609702229145,0.994250347366606,5300.019155554167,5332.4796057316225,5277.14941862649,5313.432936382721,0.9917403587381679,0.9978143629179559,0.9874609702229145,0.994250347366606,3364.261649746175,3384.8663767217504,3349.7447628015425,3372.7762356552303
2024-08-12,0.9916925524322892,0.9979161475320157,0.987343258758516,0.9940636138417077,5299.991760293602,5333.25307970863,5276.747438676426,5312.663637179485,0.9916925524322892,0.9979161475320157,0.987343258758516,0.9940636138417077,3359.1097712561877,3380.190638567895,3344.3776298865655,3367.1411470380185
2024-08-13,0.9919016944811997,0.998286125684944,0.9872833325776225,0.994131291012753,5390.420325539466,5425.116070006031,5365.322161059809,5402.536911818435,0.9919016944811997,0.998286125684944,0.9872833325776225,0.994131291012753,3353.9578927662,3375.5458319196064,3338.3416361912427,3361.4969189885505
2024-08-14,0.9923666044822854,0.9987965500032383,0.9873917415586763,0.994289426520722,5413.568224437809,5448.644927543166,5386.429302468307,5424.057622450108,0.9923666044822854,0.9987965500032383,0.9873917415586763,0.994289426520722,3348.8060142762124,3370.5042859983537,3332.0180139509966,3355.2947030104115
2024-08-15,0.993072991132466,0.9994607551014422,0.9875784543353776,0.9947104188643954,5504.822065905309,5540.230846893416,5474.364639640952,5513.898688057494,0.993072991132466,0.9994607551014422,0.9875784543353776,0.9947104188643954,3345.1228732253194,3366.6397763655605,3326.614766689506,3350.6384768196576
2024-08-16,0.9936903627783582,0.9998956843073299,0.9878573204297731,0.9951232892271901,5519.204697461696,5553.670604563987,5486.806521997068,5527.16352919012,0.9936903627783582,0.9998956843073299,0.9878573204297731,0.9951232892271901,3341.4397321744264,3362.3060992888754,3321.8252122061317,3346.2581721520696
2024-08-19,0.9941329505228629,1.0001934082773467,0.9880629223630824,0.9955281456620669,5575.346119769846,5609.33468197143,5541.303884342757,5583.170722909287,0.9941329505228629,1.0001934082773467,0.9880629223630824,0.9955281456620669,3337.756591123533,3358.104304982746,3317.376745059727,3342.440895943459
2024-08-20,0.9944521861941742,1.0003491583413908,0.9882533296087291,0.9957964771811126,5566.0682203911365,5599.074281135765,5531.37247621961,5573.592378359949,0.9944521861941742,1.0003491583413908,0.9882533296087291,0.9957964771811126,3334.07345007264,3353.8440720741823,3313.290708127614,3338.580418784606
2024-08-21,0.9945008145661594,1.0002573702728035,0.9884266475672542,0.9960010034268711,5589.939903554197,5622.296639697888,5555.797921978401,5598.372240111929,0.9945008145661594,1.0002573702728035,0.9884266475672542,0.9960010034268711,3330.390309021747,3349.667897393673,3310.049102044095,3335.414150501049
2024-08-22,0.994558148407425,1.0001070335324118,0.988560671532996,0.9960705715247284,5540.325403844338,5571.236245276995,5506.915619268569,5548.750568558514,0.994558148407425,1.0001070335324118,0.988560671532996,0.9960705715247284,3326.5573837447323,3345.1170675738113,3306.497268594686,3331.6160746782575
2024-08-23,0.9945264040085477,1.0000068031515703,0.9886084912233455,0.9960881121220136,5603.768421290603,5634.648333105869,5570.423290731975,5612.568037443819,0.9945264040085477,1.0000068031515703,0.9886084912233455,0.9960881121220136,3322.724458467718,3341.0345367132923,3302.9526419777644,3327.9421437143696
2024-08-26,0.994484035986142,0.9998762652229712,0.9886131329920205,0.9961682153835382,5585.857712688402,5616.1450015549935,5552.881789914901,5595.317478894873,0.994484035986142,0.9998762652229712,0.9886131329920205,0.9961682153835382,3318.8915331907037,3336.887019605315,3299.2985688651856,3324.512145025714
2024-08-27,0.9943627074602874,0.9996438632024773,0.9885950964051691,0.9961625966295823,5594.085719630085,5623.796445604497,5561.6382933562,5604.211536118704,0.9943627074602874,0.9996438632024773,0.9885950964051691,0.9961625966295823,3315.0586079136892,3332.665202239411,3295.8302433220574,3321.059172938097
2024-08-28,0.994245531422201,0.9994445592848374,0.988474448311609,0.9960561644633031,5559.999975908604,5589.073875541482,5527.727040359214,5570.125361788395,0.994245531422201,0.9994445592848374,0.988474448311609,0.9960561644633031,3311.2256826366747,3328.5404746467334,3292.0057233726,3317.2557973699563
2024-08-29,0.9940392982225899,0.9991877222455076,0.9883294167230094,0.9958667656320411,5558.6279940887935,5587.417775287989,5526.6985651384,5568.847118743749,0.9940392982225899,0.9991877222455076,0.9883294167230094,0.9958667656320411,3306.673091060594,3323.799330645279,3287.67916240851,3312.752163908546
2024-08-30,0.9939799619126036,0.9991229389790888,0.9881848208922854,0.9957768475599207,5614.39641686715,5643.446008529485,5581.663142327985,5624.545945757455,0.9939799619126036,0.9991229389790888,0.9881848208922854,0.9957768475599207,3302.1204994845134,3319.20608536186,3282.8683468316826,3308.0899688486825
2024-09-03,0.9938794169042078,0.9990388955839814,0.9880968925313853,0.995589411690778,5495.0897245041815,5523.616120961143,5463.118552023552,5504.544165979493,0.9938794169042078,0.9990388955839814,0.9880968925313853,0.995589411690778,3297.5679079084325,3314.686414466255,3278.3822134728716,3303.2414572696307
2024-09-04,0.9935333059948032,0.9987520070921401,0.9879431457852735,0.9953731616987845,5484.373396422733,5513.18099178911,5453.515320754915,5494.529528698609,0.9935333059948032,0.9987520070921401,0.9879431457852735,0.9953731616987845,3293.015316332352,3310.3124341453113,3274.48701629484,3299.1134239413227
2024-09-05,0.993125519048802,0.9984370099393104,0.9877214018645721,0.9950854166644684,5465.576912788367,5494.8082248701,5435.835840235505,5476.363032925402,0.993125519048802,0.9984370099393104,0.9877214018645721,0.9950854166644684,3288.462724756271,3306.050269806013,3270.5684731438714,3294.952388076604
2024-09-06,0.9927901371560166,0.9982509258348969,0.9874982180482816,0.994888382090651,5369.426033597343,5398.960272303973,5340.805112456687,5380.7742234667185,0.9927901371560166,0.9982509258348969,0.9874982180482816,0.994888382090651,3283.2776297482205,3301.3371215170564,3265.776610172587,3290.2167807306755
2024-09-09,0.992619084170035,0.9981102059125437,0.9873865503561581,0.9947586284936896,5430.66864044847,5460.710842057822,5402.041186326059,5442.3741944204,0.992619084170035,0.9981102059125437,0.9873865503561581,0.9947586284936896,3278.09253474017,3296.2267873235946,3260.8122604571226,3285.158310914504
2024-09-10,0.992423010864354,0.9979400880221004,0.9872884669421569,0.9946178715035647,5453.880504665275,5484.199712527214,5425.663515849962,5465.942405205271,0.992423010864354,0.9979400880221004,0.9872884669421569,0.9946178715035647,3272.907439732119,3291.102183986827,3255.9742501359265,3280.1458608858075
2024-09-11,0.9922965180770619,0.9978899728316797,0.9871220642716578,0.9944088970775912,5511.343859947352,5542.4106348036175,5482.604270833143,5523.076287525561,0.9922965180770619,0.9978899728316797,0.9871220642716578,0.9944088970775912,3267.7223447240685,3286.142098046682,3250.682399492347,3274.6786001727246
2024-09-12,0.9921162326563471,0.99786927327109,0.9869861267604623,0.9942350578726684,5551.644330049081,5583.836964599434,5522.937488681125,5563.500767441563,0.9921162326563471,0.99786927327109,0.9869861267604623,0.9942350578726684,3262.537249716018,3281.455909331609,3245.6670877033484,3269.5049274601643
2024-09-13,0.9918452880991311,0.9977473719338974,0.9868147981313693,0.993974956387462,5580.141427751474,5613.3466694475455,5551.839790583047,5592.12298413499,0.9918452880991311,0.9977473719338974,0.9868147981313693,0.993974956387462,3257.40589273892,3276.789442667007,3240.884820490086,3264.4001227012195
2024-09-16,0.99166194627879,0.9977130375091651,0.9866392634914771,0.9937804970758743,5586.12099296359,5620.207334462503,5557.827768781205,5598.0549802731375,0.99166194627879,0.9977130375091651,0.9866392634914771,0.9937804970758743,3252.2745357618223,3272.119816702539,3235.802043909448,3259.2225777189938
2024-09-17,0.9916523976647851,0.9978539958650234,0.9865275957993536,0.9937061746477468,5587.544766834045,5622.488168021144,5558.668660739121,5599.116937546701,0.9916523976647851,0.9978539958650234,0.9865275957993536,0.9937061746477468,3247.143178784725,3267.4501707719264,3230.362131858255,3253.8682247148045
2024-09-18,0.9918600431318098,0.998089568168048,0.9865807582601779,0.9938570345896961,5572.527605925722,5607.526697255817,5542.8672109028275,5583.747223153906,0.9918600431318098,0.998089568168048,0.9865807582601779,0.9938570345896961,3242.0118218076273,3262.373760925531,3224.7558550177177,3248.5392244985082
2024-09-19,0.992135941164282,0.998373039112983,0.9866782732943414,0.9940148459387832,5668.707598873889,5704.344131197505,5637.524449425481,5679.442984349669,0.992135941164282,0.998373039112983,0.9866782732943414,0.9940148459387832,3236.8804648305295,3257.2292292182938,3219.0746201082698,3243.010461646009
2024-09-20,0.9923329840863963,0.9985303080867634,0.986830636982848,0.9942181655931474,5658.828458401879,5694.169008380172,5627.45104892654,5669.578800203202,0.9923329840863963,0.9985303080867634,0.986830636982848,0.9942181655931474,3231.885623052969,3252.0694148440157,3213.965270931068,3238.0253877350065
2024-09-23,0.9923209060382179,0.9984794511032156,0.986916253932408,0.9942838437844198,5674.656563642971,5709.874634695315,5643.74968225025,5685.881760550269,0.9923209060382179,0.9984794511032156,0.986916253932408,0.9942838437844198,3226.890781275409,3246.917520786171,3209.3155977333554,3233.273984207942
2024-09-24,0.9923050970746337,0.9984533647115852,0.986953236513851,0.9942946130628352,5688.81566017208,5724.063248155989,5658.133818207352,5700.22141606632,0.9923050970746337,0.9984533647115852,0.986953236513851,0.9942946130628352,3221.8959394978488,3241.858628990061,3204.5190885067796,3228.355659903246
2024-09-25,0.9922091682836044,0.998350025864307,0.9869575183086288,0.9942935865597087,5677.678835302539,5712.818419002289,5647.627528716735,5689.606418627159,0.9922091682836044,0.998350025864307,0.9869575183086288,0.9942935865597087,3216.901097720289,3236.810741899932,3199.874407069399,3223.65911574194
2024-09-26,0.9922844821861198,0.9984064198036949,0.9869360903887455,0.9943321074401945,5701.041495417667,5736.214292147554,5670.313005636786,5712.80586012367,0.9922844821861198,0.9984064198036949,0.9869360903887455,0.9943321074401945,3211.9062559427284,3231.722236223969,3194.594151015548,3218.5341741269367
2024-09-27,0.9924131039138412,0.9984507154504175,0.9869934778063638,0.9944219714858346,5694.635100485286,5729.279941876122,5663.536364544143,5706.162324120872,0.9924131039138412,0.9984507154504175,0.9869934778063638,0.9944219714858346,3206.871796137492,3226.381661612184,3189.358881363254,3213.3632267054622
2024-09-30,0.9924331707582842,0.998418747698995,0.9869650398684816,0.9944696228414986,5718.876297831197,5753.368065240504,5687.366302941327,5730.611312231678,0.9924331707582842,0.998418747698995,0.9869650398684816,0.9944696228414986,3201.8373363322553,3221.148302846619,3184.1957800453524,3208.4074394946733
2024-10-01,0.9924556194865738,0.9983385280708394,0.9869645472726223,0.994506288812826,5665.681017743978,5699.2650721244045,5634.333859242583,5677.387776260221,0.9924556194865738,0.9983385280708394,0.9869645472726223,0.994506288812826,3196.802876527019,3215.7523375560722,3179.1155612414664,3203.4082959253797
2024-10-02,0.9923959037614616,0.9982235854596472,0.9869342905192593,0.9944886761802336,5666.124108362215,5699.397490125274,5634.940809091332,5678.072876198091,0.9923959037614616,0.9982235854596472,0.9869342905192593,0.9944886761802336,3191.7684167217826,3210.511551711029,3174.2026402159167,3198.4992434858846
2024-10-03,0.9921628164023754,0.9979664216781066,0.9868529364184825,0.9943275151893651,5655.268523724555,5688.348725579906,5625.002526409165,5667.60717692847,0.9921628164023754,0.9979664216781066,0.9868529364184825,0.9943275151893651,3186.733956916546,3205.3745930086893,3169.679120177975,3193.68676649271
2024-10-04,0.9918881620083716,0.9977048777847688,0.9867398477767645,0.9941440412621143,5704.418251881485,5737.87059148165,5674.809936353517,5717.3919713813075,0.9918881620083716,0.9977048777847688,0.9867398477767645,0.9941440412621143,3180.8013939142693,3199.454522722768,3164.29170490755,3188.0355803373413
2024-10-07,0.9915701699755289,0.9974065003303306,0.9866078131404549,0.9939636648530699,5647.924193970414,5681.167581491543,5619.658907179242,5661.557397183195,0.9915701699755289,0.9974065003303306,0.9866078131404549,0.9939636648530699,3174.8688309119925,3193.555943424486,3158.980059223824,3182.532466339669
2024-10-08,0.9912369591804091,0.9971570105753056,0.9864279019758119,0.9937150529993501,5700.7326130512265,5734.779598229958,5673.075099890151,5714.984452756153,0.9912369591804091,0.9971570105753056,0.9864279019758119,0.9937150529993501,3168.9362679097158,3187.8623838090753,3153.5619463118796,3176.858613122326
2024-10-09,0.9909873461847228,0.9969357796060684,0.9862588089740808,0.9935436810036965,5739.838348595762,5774.291912909533,5712.450471930235,5754.64474212065,0.9909873461847228,0.9969357796060684,0.9862588089740808,0.9935436810036965,3163.003704907439,3181.9897363865975,3147.911301585,3171.1629377518616
2024-10-10,0.9906917818015517,0.996693301562267,0.9860622632261864,0.9933274850381835,5726.248033402059,5760.937117694982,5699.489184560519,5741.482529894953,0.9906917818015517,0.996693301562267,0.9860622632261864,0.9933274850381835,3157.071141905162,3176.1963887197394,3142.3180978568694,3165.4704269096915
2024-10-11,0.9905634340958657,0.9965817500053692,0.9859398721011239,0.9931784259789123,5760.156086170481,5795.152773733722,5733.269934464198,5775.362342420154,0.9905634340958657,0.9965817500053692,0.9859398721011239,0.9931784259789123,3150.449076408178,3169.590099734901,3135.744014506367,3158.76595797193
2024-10-14,0.9903182265313648,0.9963439434920933,0.985825760375698,0.9929726030976255,5803.116259739819,5838.426057272143,5776.791081937535,5818.670508261621,0.9903182265313648,0.9963439434920933,0.985825760375698,0.9929726030976255,3143.8270109111936,3162.956025437762,3129.5653967477765,3152.2534949671003
2024-10-15,0.9900300818217692,0.996183371772724,0.9856011366638187,0.9927542820905523,5757.282333614862,5793.065314535051,5731.526865995638,5773.124266469905,0.9900300818217692,0.996183371772724,0.9856011366638187,0.9927542820905523,3137.2049454142093,3156.7034758317714,3123.1705146351733,3145.8373846829218
2024-10-16,0.9897882889934027,0.9960210427101135,0.9854558398312947,0.9925457488808349,5782.808384795286,5819.223061402557,5757.496180539145,5798.918761463812,0.9897882889934027,0.9960210427101135,0.9854558398312947,0.9925457488808349,3130.582879917225,3150.2963401564025,3116.8798574367306,3139.3043982577105
2024-10-17,0.9895123277250759,0.9958569651351324,0.9853130817620461,0.9923728281260781,5780.2065770362,5817.268586127922,5755.67680772054,5796.916104313642,0.9895123277250759,0.9958569651351324,0.9853130817620461,0.9923728281260781,3123.9608144202407,3143.991286093382,3110.7034961725976,3132.9916176876523
2024-10-18,0.9893577582184582,0.9957515245406613,0.985215964593769,0.9922386623665552,5802.256763891045,5839.75409342788,5777.96651107414,5819.1523160212655,0.9893577582184582,0.9957515245406613,0.985215964593769,0.9922386623665552,3116.9124498734113,3137.055628299729,3103.8639767539944,3125.988566102858
2024-10-21,0.989265981915197,0.995691395143027,0.9851738097558025,0.9922186725688277,5791.143272811924,5828.757513339377,5767.187778834273,5808.428264844465,0.989265981915197,0.995691395143027,0.9851738097558025,0.9922186725688277,3109.8640853265824,3130.0630633526193,3096.9999017176033,3119.146186183855
2024-10-22,0.9890937485266011,0.9955056377808241,0.98510988597005,0.9920719006305577,5787.385341378848,5824.902587783158,5764.074964787957,5804.811104969519,0.9890937485266011,0.9955056377808241,0.98510988597005,0.9920719006305577,3102.815720779753,3122.9300029775104,3090.3182286175524,3112.1582701395027
2024-10-23,0.988927859802057,0.9953555129813259,0.9850034852644229,0.991942093007116,5733.230152973641,5770.4939580681985,5710.478905541671,5750.7049288413145,0.988927859802057,0.9953555129813259,0.9850034852644229,0.991942093007116,3095.767356232924,3115.888661030172,3083.482384718752,3105.2031959332667
2024-10-24,0.9887188653034733,0.9951722106011385,0.9848905671366563,0.9918079632652468,5744.318186772037,5781.81121948313,5722.076310384574,5762.265413456226,0.9887188653034733,0.9951722106011385,0.9848905671366563,0.9918079632652468,3088.718991686095,3108.8789895179243,3076.759538227042,3098.369212670581
2024-10-25,0.9885973681486737,0.9950660723678931,0.9848034155615344,0.9917190356785992,5741.892145891675,5779.463156241407,5719.856413991259,5760.023165505586,0.9885973681486737,0.9950660723678931,0.9848034155615344,0.9917190356785992,3081.489899273379,3101.6530590744615,3069.664026625664,3091.2202377026315
2024-10-28,0.9885145081008742,0.9949482332311576,0.9847512193464343,0.9916363751636718,5756.634008215603,5794.100935186311,5734.718420888347,5774.814263493146,0.9885145081008742,0.9949482332311576,0.9847512193464343,0.9916363751636718,3074.260806860663,3094.2695663154373,3062.5570523604874,3083.969752431756
2024-10-29,0.9883911981849169,0.9948344298022672,0.9846552957758163,0.9915798634652311,5765.206787716766,5802.7896422822405,5743.415567836675,5783.806017203616,0.9883911981849169,0.9948344298022672,0.9846552957758163,0.9915798634652311,3067.0317144479473,3087.0254130464755,3055.4390058201934,3076.926316463265
2024-10-30,0.9883108043354365,0.9947617782301806,0.9845649044356193,0.991450091859443,5745.712873840797,5783.216707243454,5723.935447970227,5763.963655540488,0.9883108043354365,0.9947617782301806,0.9845649044356193,0.991450091859443,3059.8026220352313,3079.7747874221022,3048.205344857786,3069.5218319792493
2024-10-31,0.9882975880418801,0.9947676507591021,0.9845091653195305,0.9914055740396389,5638.682473693544,5675.597093023519,5617.067817272315,5656.414932404457,0.9882975880418801,0.9947676507591021,0.9845091653195305,0.9914055740396389,3052.5735296225153,3072.5577352145992,3040.872156411459,3062.173224999687
2024-11-01,0.9882355747473937,0.9947526912643757,0.9844396524653735,0.9913342590855838,5661.403960612869,5698.739217715356,5639.657881043631,5679.155703449493,0.9882355747473937,0.9947526912643757,0.9844396524653735,0.9913342590855838,3045.5458323136213,3065.630291479211,3033.847553501155,3055.095362216188
2024-11-04,0.9882496974215289,0.9947673505095032,0.9844355601305417,0.9913500528266712,5645.564163962994,5682.797495582133,5623.775180002143,5663.275533282396,0.9882496974215289,0.9947673505095032,0.9844355601305417,0.9913500528266712,3038.5181350047274,3058.5576120287533,3026.7910124381324,3048.0506308385884
2024-11-05,0.9883820289860381,0.994857928748824,0.9845145838739837,0.991444076911298,5715.576061939302,5753.024636051549,5693.211555043118,5733.283150199578,0.9883820289860381,0.994857928748824,0.9845145838739837,0.991444076911298,3031.4904376958334,3051.352826560291,3019.628503209293,3040.8821189819796
2024-11-06,0.9884383510536343,0.9949133689541917,0.9845315594851378,0.991483408188989,5860.49052093104,5898.881161064161,5837.326997449762,5878.544786488843,0.9884383510536343,0.9949133689541917,0.9845315594851378,0.991483408188989,3024.4627403869395,3044.275256122189,3012.5085851067643,3033.780126583471
2024-11-07,0.9884888975798677,0.9949506882131729,0.9845611720746847,0.9914537296424528,5904.343034134308,5942.939955766104,5880.8823369193,5922.052272527335,0.9884888975798677,0.9949506882131729,0.9845611720746847,0.9914537296424528,3017.4350430780455,3037.160134119236,3005.4453721693008,3026.485410952069
2024-11-08,0.9885763527664158,0.9950773493895966,0.984555033572437,0.9914424020904072,5927.049066065157,5966.026051359302,5902.939085984889,5944.23257942912,0.9885763527664158,0.9950773493895966,0.984555033572437,0.9914424020904072,3011.1442728188536,3030.945918584227,2998.895575764508,3019.8740871456916
2024-11-11,0.9885834141034834,0.995176882131664,0.9845057171485148,0.9913354836858049,5932.83507222994,5972.404781580862,5908.363385609239,5949.351205017806,0.9885834141034834,0.995176882131664,0.9845057171485148,0.9913354836858049,3004.8535025596616,3024.894710226959,2992.4591190380384,3013.218568982738
2024-11-12,0.9888052454804976,0.9953891409364135,0.9845829031304815,0.9914434826200141,5917.000700902843,5956.398665472088,5891.73424650377,5932.787885563338,0.9888052454804976,0.9953891409364135,0.9845829031304815,0.9914434826200141,2998.562732300469,3018.528467350629,2985.758432898093,3006.563215309316
2024-11-13,0.9892016921299545,0.9957006057410197,0.9847343763572423,0.9916991539338323,5920.748024040787,5959.646491590184,5894.009441561111,5935.696281972481,0.9892016921299545,0.9957006057410197,0.9847343763572423,0.9916991539338323,2992.271962041277,3011.9307607845813,2978.7586170494296,2999.826624544858
2024-11-14,0.9895759640731571,0.9959777537826346,0.9849217711897489,0.9919753733190084,5887.155638185104,5925.240973471036,5859.467053508918,5901.430131688246,0.9895759640731571,0.9959777537826346,0.9849217711897489,0.9919753733190084,2985.9811917820853,3005.2981763898797,2971.937467078445,2993.2212533232023
2024-11-15,0.9897837992477447,0.9959976497340035,0.9850898979457557,0.9921619447644656,5810.644567539795,5847.123722481436,5783.0884566783125,5824.605756173167,0.9897837992477447,0.9959976497340035,0.9850898979457557,0.9921619447644656,2979.5679309506727,2998.2736216789413,2965.4377766674,2986.726914682414
2024-11-18,0.989851419454649,0.9959831229519344,0.9851559436829025,0.9922239671639015,5833.808122726308,5869.94605309198,5806.134772808427,5847.791017356513,0.989851419454649,0.9959831229519344,0.9851559436829025,0.9922239671639015,2973.15467011926,2991.5720836122714,2959.0511638305165,2980.280942975171
2024-11-19,0.9897231771420536,0.9957881903152211,0.9851496725586926,0.9921146355765105,5856.172244685988,5892.058806331357,5829.110909536333,5870.322456413501,0.9897231771420536,0.9957881903152211,0.9851496725586926,0.9921146355765105,2966.7414092878475,2984.92156930054,2953.0321158749102,2973.90991754344
2024-11-20,0.9895358725415073,0.995562596895928,0.9850965100978682,0.9919097491542163,5855.192606774078,5890.853397718864,5828.9244108651965,5869.239095817904,0.9895358725415073,0.995562596895928,0.9850965100978682,0.9919097491542163,2960.328148456435,2978.3578957798513,2947.0472053721264,2967.4299160149126
2024-11-21,0.9892610495185588,0.9953282432530405,0.9849444305992805,0.9916929408885927,5884.827097881545,5920.919073921795,5859.148783750246,5899.2937143933805,0.9892610495185588,0.9953282432530405,0.9849444305992805,0.9916929408885927,2953.9148876250224,2972.031414003083,2941.0255447199665,2961.176469516401
2024-11-22,0.9889784695641448,0.9951259280085402,0.9847089508325001,0.9914001533827776,5903.548737508032,5940.2450070985,5878.0625285624765,5918.00459159395,0.9889784695641448,0.9951259280085402,0.9847089508325001,0.9914001533827776,2947.211519059515,2965.5312913274056,2934.4881128641414,2954.4282731805024
2024-11-25,0.9888265981206454,0.9950167519558226,0.98448923413322,0.9912409733628552,5920.470708789609,5957.533450157734,5894.501305772217,5934.926466683558,0.9888265981206454,0.9950167519558226,0.98448923413322,0.9912409733628552,2940.508150494008,2958.9160268999876,2927.6099798936984,2947.6878623783387
2024-11-26,0.9887742388332543,0.995012663262754,0.9843190043718134,0.9911588891303846,5954.032619785489,5991.598103482897,5927.204846295443,5968.392101554198,0.9887742388332543,0.995012663262754,0.9843190043718134,0.9911588891303846,2933.8047819285007,2952.314891419786,2920.5855983633915,2940.8803085453787
2024-11-27,0.9886784997497882,0.9949266505835119,0.9841823279668288,0.9910757243683073,5930.825263589044,5968.306295921336,5903.853898067734,5945.205590797139,0.9886784997497882,0.9949266505835119,0.9841823279668288,0.9910757243683073,2927.1014133629938,2945.599814148413,2913.789956924977,2934.198684691127
2024-11-29,0.9886534161942344,0.9948626091102202,0.9841161874997091,0.991024219123712,5963.933094781776,6001.38930594431,5936.562807149495,5978.234678957498,0.9886534161942344,0.9948626091102202,0.9841161874997091,0.991024219123712,2920.3980447974864,2938.739472192153,2906.9954574081685,2927.4011948664947
2024-12-02,0.9884931976179625,0.9947407695891214,0.9840389067877695,0.9909787468360884,5977.566639975462,6015.346644820855,5950.63087518166,5992.597128929852,0.9884931976179625,0.9947407695891214,0.9840389067877695,0.9909787468360884,2913.10461793281,2931.516308376313,2899.9777545226016,2920.4295696096356
2024-12-03,0.9881991930525317,0.9944920834433172,0.983885330555609,0.9907595794141565,5978.48653406465,6016.557765782056,5952.388183621768,5993.976564306117,0.9881991930525317,0.9944920834433172,0.983885330555609,0.9907595794141565,2905.811191068134,2924.315508264776,2893.126228351695,2913.3400368670113
2024-12-04,0.987958137975799,0.9942552748184145,0.9837826243189274,0.9906174537531962,6013.1973272083205,6051.524787629532,5987.783105090908,6029.383226094291,0.987958137975799,0.9942552748184145,0.9837826243189274,0.9906174537531962,2898.517764203458,2916.9925986122694,2886.2674470656148,2906.319789132576
2024-12-05,0.9876304919358609,0.9940000008431734,0.983594054834756,0.9904002492933834,5999.963877864468,6038.659345122371,5975.442078467175,6016.7904584847265,0.9876304919358609,0.9940000008431734,0.983594054834756,0.9904002492933834,2891.224337338782,2909.8706623764197,2879.4079289976657,2899.3326227207936
2024-12-06,0.9875129575612664,0.9939100495956622,0.9834553133163608,0.9902592761973372,6014.220540046655,6053.180557750974,5989.508391031233,6030.9463620463575,0.9875129575612664,0.9939100495956622,0.9834553133163608,0.9902592761973372,2883.9309104741055,2902.6129655437444,2872.0809741547996,2891.9512540492774
2024-12-09,0.9875377038589304,0.993918959944056,0.983423844019344,0.9902582857118643,5977.417590802527,6016.04237669738,5952.517014272486,5993.884864671058,0.9875377038589304,0.993918959944056,0.983423844019344,0.9902582857118643,2876.586455923202,2895.174338446088,2864.6032440925264,2884.511205408512
2024-12-10,0.9875672560815238,0.993962107577606,0.9833622316449318,0.9901901583201494,5959.879509398949,5998.4718626411695,5934.502565376315,5975.708488347853,0.9875672560815238,0.993962107577606,0.9833622316449318,0.9901901583201494,2869.242001372298,2887.8213704148684,2857.0248762540155,2876.862486176967
2024-12-11,0.9875541662596761,0.9939554314394635,0.9833139572507121,0.9901328542333304,6008.467182815458,6047.413696409669,5982.6689455652095,6024.156410397886,0.9875541662596761,0.9939554314394635,0.9833139572507121,0.9901328542333304,2861.897546821394,2880.4481901587333,2849.609568930799,2869.370494673734
2024-12-12,0.9874382970959126,0.9938979424721263,0.9832182799780239,0.9900115287673028,5975.235995301641,6014.324924384454,5949.699616717017,5990.807263453141,0.9874382970959126,0.9938979424721263,0.9832182799780239,0.9900115287673028,2854.55309227049,2873.2270699133187,2842.353582742926,2861.9919635866
2024-12-13,0.9872665906727696,0.993812035763331,0.9830766586684508,0.9898405709746653,5974.038994154089,6013.646071487135,5948.685338502077,5989.614380619088,0.9872665906727696,0.993812035763331,0.9830766586684508,0.9898405709746653,2847.2086377195865,2866.085249139068,2835.125163299547,2854.631819075175
2024-12-16,0.9870973715265636,0.9937078579833497,0.982959572421874,0.9896684065906333,5995.708402442069,6035.861026019505,5970.575079656257,6011.325075104033,0.9870973715265636,0.9937078579833497,0.982959572421874,0.9896684065906333,2839.7680670113577,2858.7856927176854,2827.8640845835316,2847.164645590855
2024-12-17,0.9869531094642029,0.9936839881402295,0.9827978304660445,0.9895156557218718,5971.6683536552,6012.394275481154,5946.526380996153,5987.173321667315,0.9869531094642029,0.9936839881402295,0.9827978304660445,0.9895156557218718,2832.327496303129,2851.643563668011,2820.4028052023696,2839.6814122658484
2024-12-18,0.9869404201360992,0.9937406823292164,0.9827162490133327,0.9894596122529276,5795.472057506396,5835.404285146331,5770.667048806132,5810.265156687151,0.9869404201360992,0.9937406823292164,0.9827162490133327,0.9894596122529276,2824.8869255949,2844.3510911797944,2812.7962202871436,2832.0975258790677
2024-12-19,0.9869796896016425,0.9937799178871088,0.9827201897802077,0.989482663551208,5790.688797268004,5830.586280637099,5765.697971055661,5805.373945668021,0.9869796896016425,0.9937799178871088,0.9827201897802077,0.989482663551208,2817.446354886671,2836.858383925503,2805.2871257029524,2824.5913801641677
2024-12-20,0.9869335695852127,0.9937091384595806,0.9826636928243352,0.9894376955107342,5853.354961174459,5893.539843833004,5828.030962587209,5868.206556419838,0.9869335695852127,0.9937091384595806,0.9826636928243352,0.9894376955107342,2810.0057841784424,2829.2972424030067,2797.8485541828736,2817.1355531435247
2024-12-23,0.9868825593293808,0.9936337051632681,0.9826030088036579,0.9893859921690443,5895.705491212874,5936.037309004725,5870.139156803669,5910.6611742373225,0.9868825593293808,0.9936337051632681,0.9826030088036579,0.9893859921690443,2802.2198726937772,2821.389524482971,2790.0682327483646,2809.3282861386624
2024-12-24,0.9867447684027806,0.9934946719371915,0.9825048496056783,0.9892905453871019,5959.97787094353,6000.747558287514,5934.368591812281,5975.354465759911,0.9867447684027806,0.9934946719371915,0.9825048496056783,0.9892905453871019,2794.4339612091126,2813.54950179817,2782.4266281491464,2801.6435313942857
2024-12-26,0.9864468010571446,0.9933256137512153,0.9822610904392612,0.988928892127674,5955.761341594605,5997.2927923282,5930.489737025179,5970.747189821123,0.9864468010571446,0.9933256137512153,0.9822610904392612,0.988928892127674,2786.6480497244474,2806.080248154012,2774.823689487752,2793.6597955515076
2024-12-27,0.9862380595019781,0.9933160587492708,0.9820281115437669,0.9886795058944026,5888.669655196791,5930.931256222496,5863.532729529985,5903.247140974535,0.9862380595019781,0.9933160587492708,0.9820281115437669,0.9886795058944026,2778.862138239783,2798.8053800699786,2767.0000275938596,2785.741251124431
2024-12-30,0.986146093491154,0.9934196271991835,0.9818519516860531,0.9885387669131045,5825.105805486637,5868.070132687944,5799.740567492414,5839.2391838296935,0.986146093491154,0.9934196271991835,0.9818519516860531,0.9885387669131045,2771.0762267551177,2791.5148985460974,2759.009663444702,2777.7996529104485
2024-12-31,0.986323617612896,0.9936801025571836,0.9818193266833662,0.9885650778090324,5801.190579060538,5844.458701603408,5774.6980064006875,5814.374018593939,0.986323617612896,0.9936801025571836,0.9818193266833662,0.9885650778090324,2763.908337496436,2784.5229204883676,2751.286265965018,2770.1894306525155
2025-01-02,0.986655732319874,0.9939777117258832,0.9819146818741463,0.9887373862636786,5790.238497905797,5833.207900148932,5762.415406312522,5802.454788157711,0.986655732319874,0.9939777117258832,0.9819146818741463,0.9887373862636786,2756.7404482377547,2777.1982392671034,2743.493836372294,2762.5566406928747
2025-01-03,0.9869103198694348,0.9941713815481066,0.9820440640712131,0.9889763273774168,5864.684968514521,5907.833609708177,5835.767389421262,5876.962156150478,0.9869103198694348,0.9941713815481066,0.9820440640712131,0.9889763273774168,2749.5725589790736,2769.802174111046,2736.014971082401,2755.3285404864346
2025-01-06,0.987085419950094,0.9942668079353641,0.9821393434780149,0.9890892787389909,5898.210476661393,5941.121998800816,5868.655790231661,5910.184294391392,0.987085419950094,0.9942668079353641,0.9821393434780149,0.9890892787389909,2742.404669720392,2762.35661263013,2728.66305937981,2747.9719606448275
2025-01-07,0.9870665967441197,0.994262666257072,0.9821384909082582,0.9890420595951696,5832.606132158905,5875.127922793026,5803.485806931625,5844.279201409645,0.9870665967441197,0.994262666257072,0.9821384909082582,0.9890420595951696,2735.2367804617106,2755.17763761513,2721.580623537022,2740.7109386050925
2025-01-08,0.986913924313132,0.9942013358610418,0.9820431357174781,0.9888991955723112,5840.803332566194,5883.932055959611,5811.976787959965,5852.55266419583,0.986913924313132,0.9942013358610418,0.9820431357174781,0.9888991955723112,2728.3201476870463,2748.4661718344787,2714.8548693752673,2733.808423251516
2025-01-10,0.9868925927516023,0.9942595666215059,0.9819875860613352,0.9887700182578069,5750.662613667297,5793.59026508618,5722.0809434828425,5761.6024471889705,0.9868925927516023,0.9942595666215059,0.9819875860613352,0.9887700182578069,2721.403514912382,2741.7182976264007,2707.8777244204866,2726.5806055188946
2025-01-13,0.9870560152778273,0.9944493243680719,0.9819990673340578,0.9888688506991843,5760.676057484761,5803.825035863429,5731.162596756375,5771.256163827594,0.9870560152778273,0.9944493243680719,0.9819990673340578,0.9888688506991843,2714.486882137717,2734.8191026301984,2700.5798508805788,2719.4723316913205
2025-01-14,0.9872255084460686,0.9946092161104081,0.9819972864105662,0.9889979739872082,5768.269795554618,5811.412134903664,5737.721764741161,5778.6261521895985,0.9872255084460686,0.9946092161104081,0.9819972864105662,0.9889979739872082,2707.570249363053,2727.8208476619434,2693.231298111001,2712.4314233563837
2025-01-15,0.9873564277431643,0.994665150844527,0.9820134662899476,0.989089927056755,5874.681882993331,5918.16812766136,5842.891743213222,5884.996047894258,0.9873564277431643,0.994665150844527,0.9820134662899476,0.989089927056755,2700.6536165883886,2720.6447048334458,2686.039351904961,2705.395147669827
2025-01-16,0.9874286009315809,0.9947117690102065,0.9819735281333482,0.9891219287419459,5862.699329455113,5905.94197461506,5830.310707527254,5872.753192396705,0.9874286009315809,0.9947117690102065,0.9819735281333482,0.9891219287419459,2693.5359790984885,2713.403213289489,2678.655475498756,2698.1550871305258
2025-01-17,0.9872700054089038,0.9946283437760383,0.9818456237238595,0.988982324316735,5920.3225506353565,5964.448003988017,5887.794377959919,5930.5907449371925,0.9872700054089038,0.9946283437760383,0.9818456237238595,0.988982324316735,2686.4183416085884,2706.4408025817092,2671.658287752244,2691.0776596223836
2025-01-21,0.9871150986443962,0.9945438323447913,0.981726756553791,0.9888352102107563,5971.296139323626,6016.234332373405,5938.700764815455,5981.701507015315,0.9871150986443962,0.9945438323447913,0.981726756553791,0.9888352102107563,2679.300704118689,2699.464321777372,2664.6752680604045,2683.9695579709296
2025-01-22,0.986955765370085,0.994487844625449,0.98159153899039,0.9886269561378539,6006.977961675524,6052.820982892994,5974.32929516494,6017.14944702875,0.986955765370085,0.994487844625449,0.98159153899039,0.9886269561378539,2672.1830666287888,2692.5761737455427,2657.6594219019053,2676.7078161945037
2025-01-23,0.9868223798746701,0.994453545524199,0.9814571739967456,0.9885677070977426,6038.079963962943,6084.772853534371,6005.251825105627,6048.759115096028,0.9868223798746701,0.994453545524199,0.9814571739967456,0.9885677070977426,2665.0654291388887,2685.6745642490737,2650.5758664809305,2669.7789534160092
2025-01-24,0.9867786628207051,0.9943906520640797,0.9813818257762543,0.9885641413500398,6020.573448748199,6067.016021999446,5987.646050699113,6031.467081770516,0.9867786628207051,0.9943906520640797,0.9813818257762543,0.9885641413500398,2658.0403830078367,2678.5444489815322,2643.5031708191805,2662.8498445545615
2025-01-27,0.9868448918388142,0.994414760340705,0.9813114035143569,0.9886446948322338,5933.187806304665,5978.699975301213,5899.918925121297,5944.0087258459425,0.9868448918388142,0.994414760340705,0.9813114035143569,0.9886446948322338,2651.015336876785,2671.350688118519,2636.1504249378568,2655.850245967738
2025-01-28,0.9868723783568326,0.9943470805487429,0.9812902029464088,0.9886715820106187,5988.045530155753,6033.399780645607,5954.174564417925,5998.962558165831,0.9868723783568326,0.9943470805487429,0.9812902029464088,0.9886715820106187,2643.990290745733,2664.016223637413,2629.034742378907,2648.810647557832
2025-01-29,0.9868805990178964,0.994269872247448,0.9812807110031183,0.9886928504350477,5960.077870454772,6004.703982162736,5926.258410768243,5971.022618560888,0.9868805990178964,0.994269872247448,0.9812807110031183,0.9886928504350477,2636.9652446146815,2656.709534560882,2622.002228740827,2641.8076176497657
2025-01-30,0.9868201244625321,0.9941404028541866,0.9812631291201372,0.9885846534037439,5991.152735033191,6035.595389596252,5957.415271620303,6001.865490205208,0.9868201244625321,0.9941404028541866,0.9812631291201372,0.9885846534037439,2629.9401984836295,2649.4492193569004,2615.130442306727,2634.642783563568
2025-01-31,0.986494565205787,0.9939060668730403,0.9811217730544884,0.9883400395095696,5958.950015962512,6003.719414128605,5926.4955037888285,5970.09765885874,0.986494565205787,0.9939060668730403,0.9811217730544884,0.9883400395095696,2622.354223503682,2642.055885717677,2608.0719712876994,2627.259965010613
2025-02-03,0.9860061736241243,0.9935424027925615,0.9808709091400996,0.9879710566576416,5910.683028221967,5955.859481508205,5879.899325803966,5922.461657108199,0.9860061736241243,0.9935424027925615,0.9808709091400996,0.9879710566576416,2614.7682485237347,2634.7534101488377,2601.150152735099,2619.9788789493227
2025-02-04,0.985647900352069,0.993385734317979,0.9805557425200664,0.9876741811481472,5951.22374457775,5997.943857523839,5920.477906647058,5963.458184870775,0.985647900352069,0.993385734317979,0.9805557425200664,0.9876741811481472,2607.1822735437872,2627.649971536488,2593.712774314963,2612.5420814131803
2025-02-05,0.9854491079046515,0.9933303206052231,0.9803133664112544,0.9874396702057973,5973.280058581886,6021.051871742147,5942.14986423449,5985.345812159036,0.9854491079046515,0.9933303206052231,0.9803133664112544,0.9874396702057973,2599.59629856384,2620.3867901277963,2586.0483086478475,2604.8473646499638
2025-02-06,0.9855776663965186,0.9934571054138347,0.9802682559981316,0.9874666834459697,5995.830723959868,6043.765842782442,5963.530554142553,6007.3226914113975,0.9855776663965186,0.9934571054138347,0.9802682559981316,0.9874666834459697,2592.0103235838924,2612.7327769970325,2578.0468917469275,2596.9783254578647
2025-02-07,0.9856486170250847,0.9935085628965804,0.9802519624427828,0.9874703572466331,5939.50870970699,5986.872664929165,5906.988523160584,5950.486498064639,0.9856486170250847,0.9935085628965804,0.9802519624427828,0.9874703572466331,2584.0324380231727,2604.6385188741283,2569.8842616278525,2588.8084157345206
2025-02-10,0.9855606348730839,0.9934853200452698,0.9801853672717928,0.9874197164257233,5978.84445781947,6026.919084935426,5946.235719432295,5990.122464513664,0.9855606348730839,0.9934853200452698,0.9801853672717928,0.9874197164257233,2576.0545524624526,2596.7680637293365,2562.0046989221955,2580.913812590768
2025-02-11,0.9853362529832781,0.9933014701511078,0.9800867723159375,0.987266209186237,5979.513051229023,6027.849971611998,5947.656577799267,5991.224990446679,0.9853362529832781,0.9933014701511078,0.9800867723159375,0.987266209186237,2568.076666901733,2588.8363702959564,2554.394973191253,2573.106701550266
2025-02-12,0.9849871910673378,0.993076406584048,0.9799222452989031,0.9870459972523518,5961.112930723796,6010.068620354462,5930.460030881603,5973.572763991316,0.9849871910673378,0.993076406584048,0.9799222452989031,0.9870459972523518,2560.098781341013,2581.1236139217226,2546.934385289043,2565.4498633175813
2025-02-13,0.9846106215547609,0.992808548618261,0.9797376544735961,0.9867947561099218,6020.962873550871,6071.093771399069,5991.164338741853,6034.3190092451,0.9846106215547609,0.992808548618261,0.9797376544735961,0.9867947561099218,2552.1208957802933,2573.370007360873,2539.4901147994296,2557.782195095367
2025-02-14,0.9843056350292935,0.9926149759356137,0.9795535562441483,0.9865672145835365,6018.664765119169,6069.473310305181,5989.6075616171565,6032.49348730893,0.9843056350292935,0.9926149759356137,0.9795535562441483,0.9865672145835365,2543.887056081184,2565.362118321912,2531.6055539940307,2549.731991586572
2025-02-18,0.9841919791204318,0.9926038755313213,0.9794087520074839,0.9864761979729822,6032.683471377016,6084.2448633792765,6003.364298130033,6046.684773571233,0.9841919791204318,0.9926038755313213,0.9794087520074839,0.9864761979729822,2535.653216382074,2557.325463913706,2523.329802382631,2541.5382337397305
2025-02-19,0.9840816114759956,0.9925869997376836,0.9793034122775539,0.9863672805886072,6046.345033150238,6098.603414438288,6016.987060545132,6060.388527028491,0.9840816114759956,0.9925869997376836,0.9793034122775539,0.9863672805886072,2527.4193766829644,2549.2637876018516,2515.147515183917,2533.2896666432002
2025-02-20,0.9839730987499533,0.9925251924746431,0.9792081139247576,0.9862618569166278,6019.475111064815,6071.792715467479,5990.325221096983,6033.476634924609,0.9839730987499533,0.9925251924746431,0.9792081139247576,0.9862618569166278,2519.1855369838545,2541.0807603893913,2506.986137558372,2525.045256602679
2025-02-21,0.9838686331185885,0.9924954412717308,0.9791012395692658,0.9861706782266326,5916.129993864378,5968.004112774283,5887.463036691139,5929.972490364911,0.9838686331185885,0.9924954412717308,0.9791012395692658,0.9861706782266326,2510.951697284745,2532.9683546362676,2498.7847325891103,2516.826794708013
2025-02-24,0.9837190381658453,0.9924492558187087,0.9789950662155738,0.9860725841471533,5885.836935105794,5938.072009877289,5857.5722299343315,5899.918789098455,0.9837190381658453,0.9924492558187087,0.9789950662155738,0.9860725841471533,2502.54479210577,2524.7541424115834,2490.5271824595766,2508.5321258972203
2025-02-25,0.9836691872340096,0.9924377580252411,0.9789257617673572,0.9859824319602847,5857.995927275336,5910.214958479817,5829.7476427650545,5871.7718779314855,0.9836691872340096,0.9924377580252411,0.9789257617673572,0.9859824319602847,2494.137886926794,2516.3709962977473,2482.110716284743,2500.0032239612497
2025-02-26,0.983542420424682,0.992406902963509,0.9788177885441791,0.985887255310744,5858.037668594632,5910.835058464838,5829.897477636444,5872.00364586611,0.983542420424682,0.992406902963509,0.9788177885441791,0.985887255310744,2485.730981747819,2508.1344067820037,2473.7903032383465,2491.65714070378
2025-02-27,0.9834273311697886,0.9923884905983941,0.9787082428034497,0.985773385499004,5764.4281415648975,5816.954604836828,5736.766874769416,5778.179703239396,0.9834273311697886,0.9923884905983941,0.9787082428034497,0.985773385499004,2477.3240765688433,2499.8978807563367,2465.4363540510226,2483.233955916807
2025-02-28,0.9832595242909964,0.9922952807596468,0.9785937995231185,0.98560979331652,5854.818837390738,5908.622249283317,5827.036779260409,5868.813514303219,0.9832595242909964,0.9922952807596468,0.9785937995231185,0.98560979331652,2468.917171389868,2491.6055194310775,2457.2017618649015,2474.8185833885823
2025-03-03,0.9830789016123918,0.9922694681250036,0.9784048132270662,0.9854290387221132,5750.736312340041,5804.498553080196,5723.394204030634,5764.48395639352,0.9830789016123918,0.9922694681250036,0.9784048132270662,0.9854290387221132,2460.4326674718272,2483.434656470996,2448.7344408747113,2466.3145494940254
2025-03-04,0.9829302130402273,0.992264955550148,0.9782168405417244,0.9852500670015578,5679.518210478389,5733.4557529120875,5652.283637176165,5692.922674645051,0.9829302130402273,0.992264955550148,0.9782168405417244,0.9852500670015578,2451.9481635537863,2475.233951751967,2440.1905180073104,2457.7351071075955
2025-03-05,0.9828808679952263,0.9923104698570078,0.9780640032033531,0.9851437969147196,5742.609245774949,5797.702920500649,5714.466087036007,5755.830702167848,0.9828808679952263,0.9923104698570078,0.9780640032033531,0.9851437969147196,2443.463659635746,2466.9058592189904,2431.488826819712,2449.0893511708746
2025-03-06,0.9827789950338894,0.9923368741599783,0.977894815471649,0.9850079563343062,5639.696918581875,5694.544999104519,5611.668956480367,5652.487857583543,0.9827789950338894,0.9923368741599783,0.977894815471649,0.9850079563343062,2434.979155717705,2458.6602036058857,2422.8778842345596,2440.50173437765
2025-03-07,0.982817358118854,0.9924370338938554,0.9777807226922177,0.9850482600886433,5671.052719817411,5726.560172974324,5641.990326078634,5683.92547036349,0.982817358118854,0.9924370338938554,0.9777807226922177,0.9850482600886433,2426.494651799664,2450.2448345037683,2414.0596161088115,2432.002563980565
2025-03-10,0.9827446368863664,0.9924159546058318,0.9776679182404187,0.9849681568271188,5517.678728476718,5571.978922091719,5489.175187035926,5530.162814595268,0.9827446368863664,0.9924159546058318,0.9776679182404187,0.9849681568271188,2417.902428319321,2441.697320421741,2405.4118891892153,2423.3730806763724
2025-03-11,0.9826435649125177,0.9924352147345202,0.9774906216230294,0.9848022415059801,5475.358728742092,5529.918486965777,5446.646168027033,5487.387025828226,0.9826435649125177,0.9924352147345202,0.9774906216230294,0.9848022415059801,2409.310204838978,2433.318016705594,2396.675879132661,2414.6029902713426
2025-03-12,0.9825007151175704,0.9924099761064634,0.9773335214358748,0.9846672473404252,5501.316254157812,5556.801179212921,5472.383586575894,5513.447318033243,0.9825007151175704,0.9924099761064634,0.9773335214358748,0.9846672473404252,2400.717981358635,2424.9310334938327,2388.0920620143165,2406.011853194624
2025-03-13,0.9823353955157154,0.9924103293412858,0.9771801346636604,0.9845376017964246,5423.984533047933,5479.613481664497,5395.519657148095,5436.144059070994,0.9823353955157154,0.9924103293412858,0.9771801346636604,0.9845376017964246,2392.1257578782916,2416.6596480578405,2379.571967870238,2397.4884419394516
2025-03-14,0.982294987804794,0.9924571682787293,0.9770596002460679,0.9844340690512572,5539.102498531965,5596.406424493657,5509.580462211561,5551.164649335896,0.982294987804794,0.9924571682787293,0.9770596002460679,0.9844340690512572,2383.5335343979486,2408.1920109685757,2370.8298944866015,2388.7240036022567
2025-03-17,0.9821335888259078,0.9925023646742488,0.9768480966354431,0.9842481999500444,5573.725972617686,5632.570019810123,5543.730170177736,5585.726644500496,0.9821335888259078,0.9925023646742488,0.9768480966354431,0.9842481999500444,2375.38352124952,2400.4613920869515,2362.6000555440737,2380.4979094297773
2025-03-18,0.9821535291986421,0.9927027106346146,0.9766399559388586,0.9841766148635875,5514.458134250448,5573.688201291745,5483.501295011672,5525.81707240999,0.9821535291986421,0.9927027106346146,0.9766399559388586,0.9841766148635875,2367.233508101092,2392.6596507924974,2353.944429579347,2372.1096461319
2025-03-19,0.9823640202791118,0.9930529694535852,0.9765409725901142,0.984185151047482,5575.200700649841,5635.863587010238,5542.153216330949,5585.536145888264,0.9823640202791118,0.9930529694535852,0.9765409725901142,0.984185151047482,2359.0834949526634,2384.7523132881756,2345.099823513299,2363.4568224047334
2025-03-20,0.9826151298566841,0.9933990777633933,0.9765155565383694,0.9842701347010644,5564.441392714118,5625.509703475543,5529.900179965567,5573.813503097311,0.9826151298566841,0.9933990777633933,0.9765155565383694,0.9842701347010644,2350.9334818042353,2376.73437111439,2336.3400863811084,2354.8931260056934
2025-03-21,0.982903506431079,0.9936640745271195,0.9765493467197237,0.9844579487555696,5570.664596908527,5631.650762226922,5534.6520154948375,5579.474492049117,0.982903506431079,0.9936640745271195,0.9765493467197237,0.9844579487555696,2342.7834686558067,2368.4316435618916,2327.638115900871,2346.4885340635174
2025-03-24,0.9831888266058476,0.9939380257935923,0.9765980473988217,0.9846701827791906,5670.610380667088,5732.607139426348,5632.597600236022,5679.154206091776,0.9831888266058476,0.9939380257935923,0.9765980473988217,0.9846701827791906,2335.0228263277604,2360.55162078607,2319.3700651538775,2338.540970945635
2025-03-25,0.9833089114932336,0.9940230759079434,0.9766151461589407,0.9847702218119623,5680.231423577387,5742.12340144362,5641.5638840590445,5688.672901830071,0.9833089114932336,0.9940230759079434,0.9766151461589407,0.9847702218119623,2327.2621839997146,2352.620104978631,2311.4196072173977,2330.7207637035244
2025-03-26,0.9833495510689542,0.9940316241906442,0.976620981525275,0.9848623909874306,5617.089305616079,5678.107443701798,5578.654370668675,5625.730949798401,0.9833495510689542,0.9940316241906442,0.976620981525275,0.9848623909874306,2319.5015416716683,2344.698161782061,2303.6303518055183,2323.0699925032104
2025-03-27,0.9834426764037745,0.9940645986613105,0.97666587405946,0.984979106193802,5599.044023996374,5659.5179202044255,5560.461587441465,5607.791395084236,0.9834426764037745,0.9940645986613105,0.97666587405946,0.984979106193802,2311.7408993436225,2336.709443725067,2295.8109305492976,2315.352525796081
2025-03-28,0.9834371327272109,0.9940032594344096,0.9766550464235509,0.9849707500981754,5488.5036315226,5547.472550707874,5450.653214787052,5497.062658052911,0.9834371327272109,0.9940032594344096,0.9766550464235509,0.9849707500981754,2303.980257015576,2328.734403992924,2288.0912973403647,2307.573190439515
2025-03-31,0.9835400174622172,0.9940110924165951,0.976671188410943,0.9850437398731211,5519.479046995344,5578.24114897807,5480.932208683951,5527.917711606975,0.9835400174622172,0.9940110924165951,0.976671188410943,0.9850437398731211,2295.903795701525,2320.346706316247,2279.869704143627,2299.41397518541
2025-04-01,0.9835878659253322,0.9939462120106002,0.976653417068016,0.985104105460493,5540.61929990801,5598.968588490551,5501.557064083328,5549.160383346339,0.9835878659253322,0.9939462120106002,0.976653417068016,0.985104105460493,2287.8273343874735,2311.9208680044494,2271.6977925394203,2291.3541105649697
2025-04-02,0.9833136120250726,0.9936743801530615,0.9764293333169825,0.9848449944607595,5576.341994385826,5635.097599616608,5537.301456360608,5585.026418237133,0.9833136120250726,0.9936743801530615,0.9764293333169825,0.9848449944607595,2279.7508730734216,2303.771663487225,2263.790105111583,2283.301287104177
2025-04-03,0.9830170569468502,0.9934255350515873,0.9761774842108748,0.9845966527394414,5304.8712081548165,5361.040768416592,5267.961317093671,5313.395528441451,0.9830170569468502,0.9934255350515873,0.9761774842108748,0.9845966527394414,2271.6744117593703,2295.727578699654,2255.8687019175295,2275.324732287986
2025-04-04,0.9824728070271896,0.9930705517168676,0.9757702874221124,0.9841753722545397,4985.145620680522,5038.919425055524,4951.136500002792,4993.784572849315,0.9824728070271896,0.9930705517168676,0.9757702874221124,0.9841753722545397,2263.597950445319,2288.014944979229,2248.155477602961,2267.5206271154148
2025-04-07,0.9821150817992053,0.9929116313702929,0.9754117913124479,0.9837960163183854,4971.712072838027,5026.366905904265,4937.77834057144,4980.221383607746,0.9821150817992053,0.9929116313702929,0.9754117913124479,0.9837960163183854,2255.06147480798,2279.8517294836456,2239.6698649943514,2258.9211148299355
2025-04-08,0.9819848370178891,0.9929174332522499,0.975212924680216,0.9835846287096232,4893.004586347628,4947.4791988863135,4859.261704708841,4900.975980395449,0.9819848370178891,0.9929174332522499,0.975212924680216,0.9835846287096232,2246.5249991706414,2271.535925837203,2231.032631279326,2250.184904999595
2025-04-09,0.9817908715740193,0.9928789836418372,0.974991000772566,0.9834404500424098,5357.534607092266,5418.041325835141,5320.428392115815,5366.536191836425,0.9817908715740193,0.9928789836418372,0.974991000772566,0.9834404500424098,2237.988523533303,2263.2638324345194,2222.4882441400305,2241.748731320738
2025-04-10,0.9815557185103582,0.992889094988627,0.9746807790571211,0.9830826326630864,5170.884602898493,5230.589396854836,5134.667078111867,5178.928463000772,0.9815557185103582,0.992889094988627,0.9746807790571211,0.9830826326630864,2229.4520478959644,2255.194060216364,2213.8366859209546,2232.920197304668
2025-04-11,0.981144010941388,0.9929667801569321,0.9741928439124061,0.9825773229924217,5262.228542522603,5325.638310022483,5224.946931326042,5269.915911044634,0.981144010941388,0.9929667801569321,0.9741928439124061,0.9825773229924217,2220.9155722586256,2247.6775684235195,2205.180924818619,2224.160014479694
2025-04-14,0.9808509759923902,0.9932824043015714,0.9736891172811989,0.9821339997035394,5302.450950685582,5369.654879182166,5263.734157348643,5309.3869383773435,0.9808509759923902,0.9932824043015714,0.9736891172811989,0.9821339997035394,2214.6578431341954,2242.726694448161,2198.4871230611375,2217.554775078366
2025-04-15,0.9810784142818224,0.9939068881440022,0.9735097555503991,0.9820058308833348,5294.517202865712,5363.747729764566,5253.6719520959505,5299.522127119932,0.9810784142818224,0.9939068881440022,0.9735097555503991,0.9820058308833348,2208.4001140097657,2237.2769119572035,2191.363120266904,2210.4877217877984
2025-04-16,0.9827085081349218,0.995513285314728,0.9739933046973661,0.9829395165166531,5184.475276367407,5252.02943933491,5138.496477591894,5185.6940072869065,0.9827085081349218,0.995513285314728,0.9739933046973661,0.9829395165166531,2202.1423848853356,2230.836491350518,2182.612566303461,2202.660049426207
2025-04-17,0.9842758298632827,0.9969671291965518,0.9747218350274014,0.9838765157740992,5199.633926418763,5266.678253406624,5149.163037899253,5197.524469879833,0.9842758298632827,0.9969671291965518,0.9747218350274014,0.9838765157740992,2195.884655760906,2224.1984968835363,2174.5700303024664,2194.9938001138776
2025-04-21,0.9859118257294535,0.9982682520029331,0.9755416092673903,0.9850710052368684,5085.530379477666,5149.26729748153,5032.038728923052,5081.193259212814,0.9859118257294535,0.9982682520029331,0.9755416092673903,0.9850710052368684,2189.6269266364757,2217.0695061647125,2166.595551408187,2187.7595353110196
2025-04-22,0.9868857000434796,0.9990167300988789,0.9761977848440798,0.985772881251854,5218.41472926191,5282.560704747648,5161.899598787132,5212.5304105683035,0.9868857000434796,0.9990167300988789,0.9761977848440798,0.985772881251854,2184.3986838696205,2211.249823860634,2160.7417721382512,2181.935541578973
2025-04-23,0.9874970642832098,0.9994613909241223,0.9767391192745516,0.9863288857699088,5308.645967997536,5372.964513013352,5250.812761743291,5302.3660038550215,0.9874970642832098,0.9994613909241223,0.9767391192745516,0.9863288857699088,2179.1704411027654,2205.572855759562,2155.430222910933,2176.592549807499
2025-04-24,0.9877261045476184,0.9994205128243061,0.9770987995088781,0.9863106068107256,5417.450506439642,5481.59164612337,5359.1621825823095,5409.686826917264,0.9877261045476184,0.9994205128243061,0.9770987995088781,0.9863106068107256,2173.9421983359107,2199.681082344554,2150.551962143979,2170.826749379249
2025-04-25,0.9879094885251958,0.9997420978065725,0.9771505031281189,0.9863794545555116,5458.407385094297,5523.785036221852,5398.961731388514,5449.953626104658,0.9879094885251958,0.9997420978065725,0.9771505031281189,0.9863794545555116,2168.7139555690555,2194.689558777024,2145.0952313342705,2165.355139745247
2025-04-28,0.988061338890077,0.9999807079290692,0.9771103944575682,0.9863477230027224,5462.744127388513,5528.643338962842,5402.199093357281,5453.2699735513015,0.988061338890077,0.9999807079290692,0.9771103944575682,0.9863477230027224,2163.4857128022004,2189.584684198495,2139.5072300006796,2159.733533313337
2025-04-29,0.9884323647260904,1.0003979135777457,0.9770621769013323,0.9866125428005457,5496.504346739785,5563.042729760536,5433.276665178236,5486.3846263815585,0.9884323647260904,1.0003979135777457,0.9770621769013323,0.9866125428005457,2158.8237316335812,2184.957548923278,2133.9902354984956,2154.8490795476982
2025-04-30,0.9889383147966407,1.0007793630315298,0.9771280331785331,0.9869287417811768,5507.45681140138,5573.400319484372,5441.684644453242,5496.265378703881,0.9889383147966407,1.0007793630315298,0.9771280331785331,0.9869287417811768,2154.1617504649626,2179.9545959957313,2128.435922530812,2149.78438409144
2025-05-01,0.9891868317041852,1.0008323129313998,0.9772270449462694,0.9873765852855814,5543.541491026693,5608.804398191375,5476.517171665187,5533.396616662339,0.9891868317041852,1.0008323129313998,0.9772270449462694,0.9873765852855814,2149.4997692963434,2174.80536214185,2123.5111915544785,2145.5661097141037
2025-05-02,0.989464310633016,1.0006929176396304,0.9774329405424949,0.9877436051753902,5626.757011347453,5690.610393953757,5558.338579994789,5616.9719272427365,0.989464310633016,1.0006929176396304,0.9774329405424949,0.9877436051753902,2144.8377881277247,2169.1777672022754,2118.757678986052,2141.1078566404613
2025-05-05,0.9892257639118387,1.0003413076974643,0.9773861155168615,0.9877326377998802,5589.501471892176,5652.308518187599,5522.602959394164,5581.064741971687,0.9892257639118387,1.0003413076974643,0.9773861155168615,0.9877326377998802,2140.1758069591056,2164.224127129334,2114.560896811971,2136.9454499484714
2025-05-06,0.9882015538577603,0.9993491328975799,0.9770418857411246,0.9871191130890851,5540.757174340615,5603.26064673477,5478.185919580769,5534.6880263703215,0.9882015538577603,0.9993491328975799,0.9770418857411246,0.9871191130890851,2133.592590746438,2157.66095205519,2109.498128320334,2131.255529450641
2025-05-07,0.9871076789708206,0.9984087334917814,0.9766437735567688,0.9864973763532774,5558.679730434803,5622.319132737598,5499.754549154761,5555.242945510684,0.9871076789708206,0.9984087334917814,0.9766437735567688,0.9864973763532774,2127.0093745337704,2151.360769442645,2104.4618598258226,2125.6943007920986
2025-05-08,0.9858396103838006,0.997396927666645,0.976009101683941,0.9857496858829594,5583.736402837223,5649.196354488217,5528.05699139174,5583.227075859929,0.9858396103838006,0.997396927666645,0.976009101683941,0.9857496858829594,2120.426158321103,2145.284601447586,2099.281879295156,2120.2327411953866
2025-05-09,0.9850100613679896,0.9966968339104905,0.9755384073943043,0.9853315929603981,5575.068296437298,5641.2143772183235,5521.459587395097,5576.8881363124865,0.9850100613679896,0.9966968339104905,0.9755384073943043,0.9853315929603981,2113.842942108435,2138.9228906530043,2093.516663537674,2114.5329526107985
2025-05-12,0.9846199172253484,0.996217052713035,0.9751953617432294,0.9850537527808116,5754.305874049208,5822.081737294991,5699.226981146164,5756.841291464091,0.9846199172253484,0.996217052713035,0.9751953617432294,0.9850537527808116,2107.2597258957676,2132.0796346965412,2087.0895202615925,2108.188210255769
2025-05-13,0.9841327060462999,0.9958593847936655,0.9747514665629429,0.9845724668850737,5793.146380776847,5862.176061557152,5737.923245496091,5795.735054942331,0.9841327060462999,0.9958593847936655,0.9747514665629429,0.9845724668850737,2098.8495871400796,2123.858952946356,2078.842315259432,2099.7874605073907
2025-05-14,0.9835389002954573,0.9954491290401188,0.9743348820338602,0.9840583689069397,5795.581653103006,5865.763628799224,5741.346239175084,5798.642663453655,0.9835389002954573,0.9954491290401188,0.9743348820338602,0.9840583689069397,2090.439448384391,2115.7537618290785,2070.876985880963,2091.543540634646
2025-05-15,0.982579464834838,0.9947233109580268,0.973909828645195,0.9834389733186137,5813.853912865198,5885.708200306878,5762.556282405614,5818.939564398105,0.982579464834838,0.9947233109580268,0.973909828645195,0.9834389733186137,2082.0293096287032,2107.761420328116,2063.6588497354787,2083.850558615823
2025-05-16,0.9811442849634234,0.9937285133895866,0.9732235478830994,0.9824309112306875,5846.030484640363,5921.012099610245,5798.835723235702,5853.6966928587035,0.9811442849634234,0.9937285133895866,0.9732235478830994,0.9824309112306875,2073.619170873015,2100.2155621633233,2056.878929392816,2076.3384170985046
2025-05-19,0.9800448453213021,0.9930359082116658,0.9726182991398724,0.9816525697371872,5844.5954395581175,5922.06894221109,5800.306488750543,5854.183264884689,0.9800448453213021,0.9930359082116658,0.9726182991398724,0.9816525697371872,2065.209032117327,2092.584575742769,2049.559370446695,2068.596925029261
2025-05-20,0.9792243179540432,0.9925382533321995,0.9722084499118671,0.9812418424247794,5817.0428918332755,5896.133792389798,5775.36540836345,5829.0279152507055,0.9792243179540432,0.9925382533321995,0.9722084499118671,0.9812418424247794,2055.852236466314,2083.804446518184,2041.1226308582789,2060.0879688917043
2025-05-21,0.9788609436564046,0.9924447167512415,0.9719409229952348,0.9809034925872069,5721.060459903659,5800.452315971473,5680.6156379471795,5732.998361810115,0.9788609436564046,0.9924447167512415,0.9719409229952348,0.9809034925872069,2046.4954408153012,2074.8949084698315,2032.0278181920794,2050.7657788052047
2025-05-22,0.9784889903611944,0.9920982287139993,0.9719401841014457,0.9808287019295829,5716.342466580001,5795.8477731294715,5678.084274922487,5730.011084959643,0.9784889903611944,0.9920982287139993,0.9719401841014457,0.9808287019295829,2037.1386451642882,2065.4720302640194,2023.504535386003,2042.0097442787942
2025-05-23,0.9778762349326688,0.9916064287017134,0.97175576379009,0.9805690686738728,5674.439773591989,5754.113616598876,5638.92378123641,5690.065803082122,0.9778762349326688,0.9916064287017134,0.97175576379009,0.9805690686738728,2027.7818495132753,2056.2535893107824,2015.0900794814106,2033.3658684198665
2025-05-27,0.9773466135739782,0.9911378362172559,0.9716011550012242,0.980187875837387,5787.397066142855,5869.062342673929,5753.375103385949,5804.22171428612,0.9773466135739782,0.9911378362172559,0.9716011550012242,0.980187875837387,2018.4250538622625,2046.9068114291008,2006.5594809241552,2024.2928543512685
2025-05-28,0.9766075972229598,0.990565065952817,0.9713369246876509,0.9797001607904879,5750.80266662726,5832.991919116461,5719.766047869467,5769.013381822828,0.9766075972229598,0.990565065952817,0.9713369246876509,0.9797001607904879,2007.6470910262492,2036.3399576118347,1996.8119813943415,2014.0045843201951
2025-05-29,0.9755267278433954,0.9898476371977557,0.9708087482504231,0.9789716317118655,5767.479854553887,5852.147505211456,5739.586357143704,5787.84671185794,0.9755267278433954,0.9898476371977557,0.9708087482504231,0.9789716317118655,1996.8691281902359,2026.1835292836354,1987.211588803831,2003.9207260482858
2025-05-30,0.9745180738094839,0.9893107997456203,0.9701904646629169,0.978215080898771,5761.048751758787,5848.498761748186,5735.465268043119,5782.904311598455,0.9745180738094839,0.9893107997456203,0.9701904646629169,0.978215080898771,1986.0911653542223,2016.2390949646183,1977.2713943062581,1993.6257543122108
2025-06-02,0.9737377855242014,0.9889176228957343,0.9697383374479802,0.9776815513965396,5780.0490706045275,5870.155674451705,5756.308586790963,5803.459028196775,0.9737377855242014,0.9889176228957343,0.9697383374479802,0.9776815513965396,1975.313202518209,2006.1068449318348,1967.1999684369282,1983.3134803251103
2025-06-03,0.973301057635532,0.9887867758866656,0.9694000756605398,0.9773863867255893,5810.967435475451,5903.422903150472,5787.677129721416,5835.358361714856,0.973301057635532,0.9887867758866656,0.9694000756605398,0.9773863867255893,1964.5352396821957,1995.792001377336,1956.6613999292063,1972.7811702708398
2025-06-04,0.9732293692553319,0.9887987240545316,0.9693822285336344,0.9773669732103187,5810.967650243429,5903.929309572039,5787.99710395091,5835.6724973139035,0.9732293692553319,0.9887987240545316,0.9693822285336344,0.9773669732103187,1953.7816300288357,1985.0374884719001,1946.0584014584324,1962.0879706048227
2025-06-05,0.9733013948934217,0.9889169782421835,0.9694903059597828,0.9775332847256468,5780.7289746905,5873.4746088738,5758.093774186938,5805.863437971035,0.9733013948934217,0.9889169782421835,0.9694903059597828,0.9775332847256468,1943.0280203754755,1974.2018337084723,1935.4198399854597,1951.476257032997
2025-06-06,0.9730975646562754,0.9887871821067113,0.9694809561114518,0.9774809330661927,5838.935703060928,5933.0790560258265,5817.23474981291,5865.237491533059,0.9730975646562754,0.9887871821067113,0.9694809561114518,0.9774809330661927,1932.2744107221156,1963.429196649676,1925.092931291294,1940.9784409436304
2025-06-09,0.9728980976930784,0.9885983780941658,0.9695348764120598,0.9775367064027353,5843.109226972906,5937.403227028189,5822.910123545662,5870.968154250059,0.9728980976930784,0.9885983780941658,0.9695348764120598,0.9775367064027353,1921.5208010687554,1952.5296142680374,1914.8782763630354,1930.6822776352724
2025-06-10,0.9726306521864692,0.9883329839412645,0.969509138278407,0.9774000554251165,5873.531708730172,5968.355106754348,5854.681479327028,5902.333228701748,0.9726306521864692,0.9883329839412645,0.969509138278407,0.9774000554251165,1910.7671914153955,1941.6149754928717,1904.6348673418493,1920.1368521499726
2025-06-11,0.972533817014861,0.9882110384497191,0.9695601030038588,0.9774194149139068,5856.8320541795765,5951.244044193436,5838.923634713959,5886.254297271126,0.972533817014861,0.9882110384497191,0.9695601030038588,0.9774194149139068,1900.4373169546448,1931.0723202005117,1894.6263549319501,1909.9843089466367
2025-06-12,0.9726155388172826,0.9881713878409104,0.9696683509439585,0.9775350315818445,5879.7138121905655,5973.752964059142,5861.897295227475,5909.4534250204615,0.9726155388172826,0.9881713878409104,0.9696683509439585,0.9775350315818445,1890.107442493894,1920.3375024100908,1884.3801005879943,1899.6676124855235
2025-06-13,0.9727771064251136,0.9882809612828031,0.9697417666730014,0.977627344827927,5814.259581789712,5906.925657158476,5796.11744715153,5843.249311216176,0.9727771064251136,0.9882809612828031,0.9697417666730014,0.977627344827927,1879.7775680331436,1909.7369476145852,1873.912130267705,1889.1500843978915
2025-06-16,0.9729743601334089,0.9883454266378817,0.9699310750509618,0.9778034351361974,5870.06134186447,5962.79667690327,5851.700868200707,5899.195682554543,0.9729743601334089,0.9883454266378817,0.9699310750509618,0.9778034351361974,1869.4476935723928,1898.9812619807058,1863.6004045672807,1878.7261530014914
2025-06-17,0.9729693012650619,0.9882465915345885,0.9699806567188083,0.9778278370964865,5821.002898064511,5912.402648105814,5803.122674564749,5850.0701575538915,0.9729693012650619,0.9882465915345885,0.9699806567188083,0.9778278370964865,1859.1178191116421,1888.309164132383,1853.4072151658581,1868.4013499766443
2025-06-18,0.9728363162633912,0.9880868410861812,0.9699481075000997,0.9777522180328305,5818.407538850228,5909.618945247108,5801.133537704121,5847.808908266015,0.9728363162633912,0.9880868410861812,0.9699481075000997,0.9777522180328305,1848.821540282145,1877.8043180851766,1843.3326594857178,1858.1639393366534
2025-06-20,0.9728060262891638,0.9880295552288667,0.9699810356387002,0.9777679217297841,5805.550715929523,5896.40230087704,5788.691623726061,5835.162514015875,0.9728060262891638,0.9880295552288667,0.9699810356387002,0.9777679217297841,1838.525261452648,1867.2965085129329,1833.186256004607,1847.9028453344683
2025-06-23,0.9726136628202706,0.9878685772894518,0.9698933725217243,0.9776089398069562,5860.16266281481,5952.076115827086,5843.772451316718,5890.260055856678,0.9726136628202706,0.9878685772894518,0.9698933725217243,0.9776089398069562,1828.2289826231508,1856.903756406529,1823.115633145281,1837.6186411406013
2025-06-24,0.9725552750480994,0.9878171286375766,0.9698694816225442,0.9775781447131597,5924.981795542531,6017.959754743272,5908.619458551231,5955.582021658618,0.9725552750480994,0.9878171286375766,0.9698694816225442,0.9775781447131597,1817.932703793654,1846.4606687049018,1812.9123292923596,1827.321619020662
2025-06-25,0.9723086973734213,0.9875480343499112,0.9698236986266132,0.9774445912537475,5923.460153790462,6016.3006329451555,5908.321143825108,5954.74884105243,0.9723086973734213,0.9875480343499112,0.9698236986266132,0.9774445912537475,1807.6364249641567,1835.9681478885961,1803.0165195134957,1817.1846567941375
2025-06-26,0.971972219392494,0.9871885296094656,0.969655912898509,0.9772283052441005,5968.900838733694,6062.344504102321,5954.676354228002,6001.1785670701265,0.971972219392494,0.9871885296094656,0.969655912898509,0.9772283052441005,1797.0898322473847,1825.2234309549,1792.8071883964003,1806.807865595339
2025-06-27,0.9716085921514381,0.9867752448673173,0.969454611705972,0.9769763977750796,5997.807851952278,6091.43266083309,5984.511179883784,6030.943691813411,0.9716085921514381,0.9867752448673173,0.969454611705972,0.9769763977750796,1786.5432395306127,1814.4308900667859,1782.5826125517924,1796.4132807442215
2025-06-30,0.9712720087774204,0.9864953327632173,0.9692135712897789,0.9767553574351624,6026.694250863455,6121.154215029125,6013.921749174514,6060.718155117311,0.9712720087774204,0.9864953327632173,0.9692135712897789,0.9767553574351624,1775.996646813841,1803.8328987677792,1772.2327392342033,1786.0230953693995
2025-07-01,0.9710669770590417,0.9861947210985278,0.9691243356552519,0.976615716992298,6018.682834481711,6112.444743315887,6006.642323634608,6053.073980075433,0.9710669770590417,0.9861947210985278,0.9691243356552519,0.976615716992298,1765.450054097069,1792.953076199378,1761.9182314190916,1775.537950654942
2025-07-02,0.9708276715076123,0.9859071261370419,0.9690654325580663,0.9765311835593853,6045.751658099935,6139.657755448337,6034.777456020754,6081.269823121387,0.9708276715076123,0.9859071261370419,0.9690654325580663,0.9765311835593853,1754.903461380297,1782.1616328370483,1751.717974065607,1765.213337515304
2025-07-03,0.9705098902609508,0.9855721977093611,0.9689409194816095,0.9763525359977119,6094.171279410102,6188.752779686277,6084.319162746845,6130.859296917232,0.9705098902609508,0.9855721977093611,0.9689409194816095,0.9763525359977119,1744.3275942574965,1771.3995476493242,1741.50763430402,1754.828763059973
2025-07-07,0.9702307250426709,0.9852842583439234,0.9688394920995628,0.976200721587943,6044.518012401339,6138.301223797475,6035.850658990434,6081.710971478453,0.9702307250426709,0.9852842583439234,0.9688394920995628,0.976200721587943,1733.7517271346958,1760.6516063973097,1731.2656663908924,1744.419799742784
2025-07-08,0.9698713346038557,0.9849441903495775,0.9686770586149307,0.9759510832310967,6037.953391002996,6131.789755905102,6030.518401948424,6075.802987676858,0.9698713346038557,0.9849441903495775,0.9686770586149307,0.9759510832310967,1723.1758600118953,1749.9558876668812,1721.0539831392812,1733.977783623424
2025-07-09,0.9696814794905179,0.9847527635684761,0.9686163367022642,0.9757910567963155,6073.367223233781,6167.762593947894,6066.695957013823,6111.633094390091,0.9696814794905179,0.9847527635684761,0.9686163367022642,0.9757910567963155,1712.5999928890947,1739.2180953801335,1710.7187941963573,1723.3904042476388
2025-07-10,0.9698676669243042,0.9847250169731805,0.9688757831522032,0.9760151586367856,6091.215087411415,6184.526080099381,6084.985601056086,6129.824163211986,0.9698676669243042,0.9847250169731805,0.9688757831522032,0.9760151586367856,1702.0241257662942,1728.0973407940057,1700.2834655013473,1712.8123802513344
2025-07-11,0.9700922174430548,0.9847563489019229,0.9690893708222329,0.9761982003521936,6072.5347581391625,6164.328555038812,6066.257189004473,6110.756684654644,0.9700922174430548,0.9847563489019229,0.9690893708222329,0.9761982003521936,1692.1740012324753,1717.7532828298029,1690.4246923023907,1702.8249324996577
2025-07-14,0.9704265032476984,0.9848401450326546,0.9694177712194885,0.976502837666031,6083.176761198392,6173.529539545898,6076.853463955637,6121.266628079776,0.9704265032476984,0.9848401450326546,0.9694177712194885,0.976502837666031,1682.3238766986567,1707.311254561753,1680.5751466602983,1692.8577630265297
2025-07-15,0.9705152653085694,0.984831570257342,0.969412731584927,0.9764084714136955,6059.664392923033,6149.051965109982,6052.780436960704,6096.460157473975,0.9705152653085694,0.984831570257342,0.969412731584927,0.9764084714136955,1672.4737521648378,1697.144816197197,1670.5737730716887,1682.6294219201068
2025-07-16,0.9707721082702683,0.9849883358715006,0.969544292571372,0.9765187574689059,6080.625254572479,6169.671439398318,6072.934585379303,6116.620541157986,0.9707721082702683,0.9849883358715006,0.969544292571372,0.9765187574689059,1662.6236276310192,1686.9715005295352,1660.520770148846,1672.4658085671674
2025-07-17,0.9710634990870531,0.9851263093931101,0.9697315358359219,0.9766490693394976,6115.136436610845,6203.695015719795,6106.748584511701,6150.3107832957785,0.9710634990870531,0.9851263093931101,0.9697315358359219,0.9766490693394976,1652.7735030972003,1676.7087455141843,1650.5064695091407,1662.2802784230232
2025-07-18,0.9711392134833127,0.9851222471926531,0.9697997129974602,0.9766648810894117,6115.059688069588,6203.107914900226,6106.625134805277,6149.853656594997,0.9711392134833127,0.9851222471926531,0.9697997129974602,0.9766648810894117,1643.5019392829763,1667.1660470641157,1641.2350432338785,1652.853271512558
2025-07-21,0.9712059483882564,0.9851232362501556,0.9698667818183149,0.9767379248908379,6124.03622815699,6211.793078498982,6115.591979433567,6158.918659191668,0.9712059483882564,0.9851232362501556,0.9698667818183149,0.9767379248908379,1634.2303754687523,1657.6487396229286,1631.976984527271,1643.5389305202336
2025-07-22,0.9712970712543559,0.9851807782027162,0.9699129626801322,0.9767545110203038,6128.5154267279095,6216.1163417634225,6119.782227585815,6162.949797823929,0.9712970712543559,0.9851807782027162,0.9699129626801322,0.9767545110203038,1624.9588116545285,1648.1859505102361,1622.6432282037651,1634.0889893305493
2025-07-23,0.9715162256468699,0.9852835165507965,0.9700607035459583,0.9769084144539791,6177.784242428137,6265.329206230025,6168.528708385429,6212.072685755552,0.9715162256468699,0.9852835165507965,0.9700607035459583,0.9769084144539791,1615.6872478403045,1638.5830428497716,1613.266631040182,1624.6547673357127
2025-07-24,0.9719514991108896,0.9855149383446584,0.9703529170935437,0.9772081713757588,6184.86757186728,6271.176482915483,6174.695234987202,6218.317617323935,0.9719514991108896,0.9855149383446584,0.9703529170935437,0.9772081713757588,1606.4156840260805,1628.8329770025225,1603.7735900252835,1615.1037726599222
2025-07-25,0.9723458378985352,0.9856874670627642,0.97062768138011,0.9774428624063765,6211.967513832098,6297.202379575859,6200.990830372227,6244.530568483873,0.9723458378985352,0.9856874670627642,0.97062768138011,0.9774428624063765,1597.9208387070162,1619.8460287298356,1595.0972773794072,1606.297119407803
2025-07-28,0.9727045959788072,0.9858240541376959,0.9709075516122189,0.9777101133958152,6215.358646247503,6299.188966407426,6203.875946065208,6247.342751273178,0.9727045959788072,0.9858240541376959,0.9709075516122189,0.9777101133958152,1589.425993387952,1610.863547916951,1586.4895735958232,1597.605146160375
2025-07-29,0.9729509628673041,0.9859558107264321,0.971054392543302,0.9778487093267263,6198.5343712927925,6281.386436324597,6186.45158727842,6229.737228301267,0.9729509628673041,0.9859558107264321,0.971054392543302,0.9778487093267263,1580.9311480688878,1602.0624998441124,1577.8494438369685,1588.8894113612391
2025-07-30,0.973182300701087,0.9860131054146171,0.9712193079532255,0.9779692243955487,6192.261661130946,6273.902788442667,6179.771334575578,6222.720377906437,0.973182300701087,0.9860131054146171,0.9712193079532255,0.9779692243955487,1572.4363027498237,1593.167899605329,1569.2645629262076,1580.1708583312827
2025-07-31,0.9735596290439159,0.9861889722017941,0.9715056008775009,0.9782193309818914,6171.77417676471,6251.836508486332,6158.752891146821,6201.313844633293,0.9735596290439159,0.9861889722017941,0.9715056008775009,0.9782193309818914,1563.9414574307593,1584.2294323585224,1560.641834368799,1571.4268757068098
2025-08-01,0.9737701201243858,0.9863071998968344,0.9716606454242422,0.9783751793688593,6074.38774703712,6152.594176028452,6061.228822762878,6103.114152654738,0.9737701201243858,0.9863071998968344,0.9716606454242422,0.9783751793688593,1556.1701815895328,1576.2055362414105,1552.7990557361727,1563.5294707406392
2025-08-04,0.9741192241975623,0.9865070248358371,0.9719007669596976,0.9785945989143662,6166.116242017117,6244.530276789358,6152.073540808868,6194.4450954520025,0.9741192241975623,0.9865070248358371,0.9719007669596976,0.9785945989143662,1548.398905748306,1568.089777744733,1544.872585073967,1555.512681087276
2025-08-05,0.9745024123962265,0.9867317439989449,0.9721937667660585,0.978885927705212,6138.5758511421855,6215.610734480713,6124.0332536750875,6166.1884469413935,0.9745024123962265,0.9867317439989449,0.9721937667660585,0.978885927705212,1540.6276299070796,1559.961441627582,1536.9778049294737,1547.5576946408733
2025-08-06,0.9748525493216904,0.9869187465138965,0.9724104331602094,0.9790220384180272,6185.497916599085,6262.0586617554645,6170.002543027518,6211.953575084688,0.9748525493216904,0.9869187465138965,0.9724104331602094,0.9790220384180272,1532.8563540658529,1551.829220319682,1529.0163751089349,1539.412451045827
2025-08-07,0.9751548377840394,0.9870707081344711,0.9726060979193554,0.9792064307954439,6182.4816715508105,6258.028289572547,6166.322660808713,6208.168771243114,0.9751548377840394,0.9870707081344711,0.9726060979193554,0.9792064307954439,1525.0850782246264,1543.7208018670362,1521.0989982860406,1531.4215325037985
2025-08-08,0.9753950286374296,0.9872106067858624,0.9727414386317212,0.9792822479561943,6232.237765727424,6307.732811527928,6215.282785065451,6257.0749592037055,0.9753950286374296,0.9872106067858624,0.9727414386317212,0.9792822479561943,1518.0666190881088,1536.455922135326,1513.9366755368906,1524.1165349843739
2025-08-11,0.9757920233309573,0.9874883553266753,0.9729221265821424,0.9795198924344042,6219.161671098689,6293.707658256799,6200.870527664955,6242.9210584360535,0.9757920233309573,0.9874883553266753,0.9729221265821424,0.9795198924344042,1511.0481599515913,1529.1603401270163,1506.6040242158383,1516.8208959594908
2025-08-12,0.976146987259969,0.9877081292022702,0.9731546413007692,0.9797439942748744,6292.009204600818,6366.529550886826,6272.721260710847,6315.194648537215,0.976146987259969,0.9877081292022702,0.9731546413007692,0.9797439942748744,1504.0297008150735,1521.8429001421223,1499.4191480433199,1509.5719044535272
2025-08-13,0.9766263993503159,0.9879718278280244,0.9735003299180898,0.9801617990562072,6315.4327415107655,6388.7988623961455,6295.217763441721,6338.294686540888,0.9766263993503159,0.9879718278280244,0.9735003299180898,0.9801617990562072,1497.011241678556,1514.4019593409992,1492.2194798693079,1502.4304409824729
2025-08-14,0.9769899422768994,0.9881648000114736,0.9737417776731665,0.9804079256918312,6319.698521215815,6391.983535466217,6298.6876385499845,6341.807883654638,0.9769899422768994,0.9881648000114736,0.9737417776731665,0.9804079256918312,1489.9927825420384,1507.0353913243205,1485.039055173268,1495.2054980457701
2025-08-15,0.9772824713390624,0.9883077894675605,0.9739681444165484,0.9806575460398508,6303.276483642685,6374.3875805078715,6281.899737857854,6325.04504044783,0.9772824713390624,0.9883077894675605,0.9739681444165484,0.9806575460398508,1483.3875392896412,1500.1225365991797,1478.3568225806298,1488.5104632160892
2025-08-18,0.9774631361749032,0.988299073398319,0.9741863738552531,0.9807970244032742,6303.806384662376,6373.688969206769,6282.674052948605,6325.307129930376,0.9774631361749032,0.988299073398319,0.9741863738552531,0.9807970244032742,1476.7822960372437,1493.1535735415116,1471.8316596368593,1481.8192400716673
2025-08-19,0.9776896470051384,0.9883906760186246,0.9743392206666217,0.9808928853882326,6268.330072119334,6336.938328505529,6246.849249205358,6288.867218591553,0.9776896470051384,0.9883906760186246,0.9743392206666217,0.9808928853882326,1470.1770527848464,1486.2684651722068,1465.138930580094,1474.9938446777037
2025-08-20,0.9777484563496718,0.9883417529957294,0.9744434236368762,0.9809277864945353,6253.464022152103,6321.216416975026,6232.3257600282595,6273.798318306019,0.9777484563496718,0.9883417529957294,0.9744434236368762,0.9809277864945353,1463.571809532449,1479.4287001677635,1458.6245731787458,1468.33088426481
2025-08-21,0.9778346468191331,0.9883388917936683,0.9745231294361235,0.9809654249425088,6228.972932127837,6295.886758337272,6207.878003440111,6248.916521006022,0.9778346468191331,0.9883388917936683,0.9745231294361235,0.9809654249425088,1456.9665662800517,1472.6178154781626,1452.032429280105,1461.631403087622
2025-08-22,0.9778195545285647,0.9882701787898509,0.9745317403906655,0.9808998007777168,6323.471055376321,6391.054301917875,6302.209057249798,6343.390730647424,0.9778195545285647,0.9882701787898509,0.9745317403906655,0.9808998007777168,1450.4186752779838,1465.9202885630552,1445.5417969169746,1454.9876641712149
2025-08-25,0.9777270404736697,0.9881951075592311,0.9744911107052635,0.9808285758677955,6295.89728626291,6363.304520008308,6275.060098986617,6315.869065157012,0.9777270404736697,0.9881951075592311,0.9744911107052635,0.9808285758677955,1443.8707842759159,1459.3296348620265,1439.0920840260928,1448.4510159321935
2025-08-26,0.9776465412310986,0.9881186145584515,0.9744340453695532,0.9807104199552815,6321.40387680781,6389.115674618073,6300.632071316809,6341.214732805653,0.9776465412310986,0.9881186145584515,0.9744340453695532,0.9807104199552815,1437.3228932738477,1452.7187956768703,1432.5999247452298,1441.8273668711638
2025-08-27,0.9776225116064506,0.988146961652945,0.9743886697125062,0.98064070778681,6336.362546726049,6404.575717257398,6315.402723874637,6355.92468344943,0.9776225116064506,0.988146961652945,0.9743886697125062,0.98064070778681,1430.7750022717798,1446.17779819803,1426.0421937611084,1435.1922078859534
2025-08-28,0.9775290279351224,0.9881306245424113,0.9742782619290229,0.9805260996131719,6355.756885570255,6424.686982487322,6334.620860105836,6375.243426030897,0.9775290279351224,0.9881306245424113,0.9742782619290229,0.9805260996131719,1424.227111269712,1439.6732830757198,1419.4908538840252,1428.593744501375
2025-08-29,0.977638910771342,0.9882458674032026,0.9742800144335226,0.9805914176279088,6315.80154969967,6384.325247350214,6294.102206044309,6334.875511644875,0.977638910771342,0.9882458674032026,0.9742800144335226,0.9805914176279088,1417.944537386093,1433.328618408985,1413.0728729490675,1422.2267840548154
2025-09-02,0.9777253120269844,0.9883087432015808,0.9743233439231539,0.9806423465900471,6272.6358483216,6340.534274359469,6250.810385872751,6291.350200242311,0.9777253120269844,0.9883087432015808,0.9743233439231539,0.9806423465900471,1411.6619635024745,1426.9425612825917,1406.7501248560247,1415.8736441128094
2025-09-03,0.9777970214858026,0.9883533479287729,0.9743510903322334,0.9806923751108464,6305.089421766042,6373.159359315189,6282.869161745728,6323.759414732266,0.9777970214858026,0.9883533479287729,0.9743510903322334,0.9806923751108464,1405.3793896188556,1420.5519083390452,1400.42658191454,1409.5408568977307
2025-09-04,0.977884539908205,0.9883163554120025,0.974458949879444,0.9808105310233604,6358.283509246342,6426.112008197273,6336.010048832135,6377.3085375563705,0.977884539908205,0.9883163554120025,0.974458949879444,0.9808105310233604,1399.096815735237,1414.0220131977826,1394.1956930508516,1403.2831431440616
2025-09-05,0.9779439183754275,0.9882787270725517,0.9745510368861571,0.9809285248564333,6338.543506950334,6405.528569520744,6316.552545577627,6357.888233856973,0.9779439183754275,0.9882787270725517,0.9745510368861571,0.9809285248564333,1392.8142418516181,1407.5333565878486,1387.982008049274,1397.0649993183379
2025-09-08,0.9779701612549774,0.988167776014852,0.9746311500242881,0.9809154684570167,6352.062892875266,6418.297930382865,6330.375514080255,6371.193104948592,0.9779701612549774,0.988167776014852,0.9746311500242881,0.9809154684570167,1386.6699609595535,1401.129222214324,1381.9355562135418,1390.8461303200017
2025-09-09,0.9779455835862584,0.9880662828195205,0.9746514696034878,0.9808782622208859,6368.978187119702,6434.890354153237,6347.524907454371,6388.077579322364,0.9779455835862584,0.9880662828195205,0.9746514696034878,0.9808782622208859,1380.5256800674888,1394.8126561797187,1375.875514431884,1384.6656222426368
2025-09-10,0.9778563577957888,0.9880358516395751,0.9745710059644568,0.9807758460229791,6387.396843376405,6453.88970434377,6365.9367938000705,6406.46705725594,0.9778563577957888,0.9880358516395751,0.9745710059644568,0.9807758460229791,1374.3813991754243,1388.6887224140407,1369.7638227688979,1378.4847526818703
2025-09-11,0.9778984096389229,0.988109960305304,0.974570788085519,0.9807721722223156,6441.876436544116,6509.144720212381,6419.955829389714,6460.807261349338,0.9778984096389229,0.988109960305304,0.974570788085519,0.9807721722223156,1368.2371182833597,1382.5247196530486,1363.5812406583536,1372.2579742301277
2025-09-12,0.9779429276803762,0.9881316665851373,0.9745954652434747,0.9807851025599448,6439.059839296624,6506.145450979853,6417.019175847959,6457.773542934418,0.9779429276803762,0.9881316665851373,0.9745954652434747,0.9807851025599448,1362.092837391295,1376.2838580443538,1357.4304440351154,1366.0514590413911
2025-09-15,0.9780506604975483,0.9882389704932963,0.9746280523541724,0.980829854494497,6470.078973376221,6537.477496724893,6447.43746217751,6488.464119840356,0.9780506604975483,0.9882389704932963,0.9746280523541724,0.980829854494497,1356.264070824085,1370.392213002959,1351.5179358426828,1360.1179826061125
2025-09-16,0.9782290488426331,0.9883680689899943,0.9747417662137119,0.9809515041194067,6462.9245507315545,6529.910623480335,6439.884911350104,6480.911159355932,0.9782290488426331,0.9883680689899943,0.9747417662137119,0.9809515041194067,1350.4353042568746,1364.4321189842308,1345.6211458717924,1354.1936262208003
2025-09-17,0.9784410575836069,0.988501856678959,0.9749070321245354,0.9810942060628239,6458.05343442196,6524.458229730967,6434.727629483178,6475.56514298676,0.9784410575836069,0.988501856678959,0.9749070321245354,0.9810942060628239,1344.6065376896645,1358.4324254456437,1339.7499613023606,1348.2525833691323
2025-09-18,0.9785728621826634,0.988521028498942,0.9750585811352745,0.9812068872919963,6489.856079080936,6555.831920163843,6466.549507745895,6507.324828245028,0.9785728621826634,0.988521028498942,0.9750585811352745,0.9812068872919963,1338.7777711224542,1352.3877785550706,1333.9699110953254,1342.3813599825498
2025-09-19,0.9786036369651074,0.9884798148260444,0.9751640534871666,0.9812577442188276,6521.766934044783,6587.585338734097,6498.8443114977335,6539.454860262185,0.9786036369651074,0.9884798148260444,0.9751640534871666,0.9812577442188276,1332.949004555244,1346.4012756804289,1328.2639725363315,1336.5641450352048
2025-09-22,0.9786438338898475,0.9884412415834439,0.9752514324142236,0.9813232423218322,6550.797163100167,6616.378560849178,6528.089275722709,6568.732453291765,0.9786438338898475,0.9884412415834439,0.9752514324142236,0.9813232423218322,1327.248925270188,1340.5362912980042,1322.6481082449477,1330.8827722720912
2025-09-23,0.9786801734274733,0.9884164268371739,0.9753083177629853,0.9813642124027604,6514.995620092815,6579.80908014092,6492.549446682772,6532.863052828184,0.9786801734274733,0.9884164268371739,0.9753083177629853,0.9813642124027604,1321.548845985132,1334.696077130877,1316.9957017780448,1325.1732053076955
2025-09-24,0.978714278631579,0.9883779595650201,0.9753493263682791,0.9813828695473061,6496.676020128063,6560.8232442538165,6474.339567952846,6514.390046568932,0.978714278631579,0.9883779595650201,0.9753493263682791,0.9813828695473061,1315.8487667000759,1328.8412640158713,1311.3247003996858,1319.4365983501834
2025-09-25,0.9786522231798563,0.9882966449089153,0.9753056179587559,0.9812894937804435,6463.723911480461,6527.4226165628115,6441.620521044555,6481.142345361571,0.9786522231798563,0.9882966449089153,0.9753056179587559,0.9812894937804435,1310.1486874150198,1323.0599404321003,1305.6684948257928,1313.6792742096736
2025-09-26,0.9786185395481128,0.9882345992123698,0.9752955576356277,0.9812611298782625,6501.647991195797,6565.534206787221,6479.5710962638195,6519.204568572212,0.9786185395481128,0.9882345992123698,0.9752955576356277,0.9812611298782625,1304.4486081299638,1317.266325287179,1300.0192426975616,1307.9710462799842
2025-09-29,0.9785527953382205,0.9881433056725337,0.9752557805199824,0.9811950014663205,6518.345665834908,6582.230069178939,6496.383557757512,6535.94595571747,0.9785527953382205,0.9881433056725337,0.9752557805199824,0.9811950014663205,1298.6038808889753,1311.3311184986135,1294.2285255083466,1302.1102620964127
2025-09-30,0.9783769364273092,0.9879930219173653,0.9751513691437875,0.9810393511764472,6543.8350042166,6608.1518073734205,6522.2609264634575,6561.64245876962,0.9783769364273092,0.9879930219173653,0.9751513691437875,0.9810393511764472,1292.7591536479868,1305.4651793898918,1288.4971136547842,1296.2770830978818
2025-10-01,0.9780983824889546,0.9877960228569412,0.974970576990396,0.9807984471005899,6564.2138645598725,6629.296668597503,6543.222536297945,6582.334538181479,0.9780983824889546,0.9877960228569412,0.974970576990396,0.9807984471005899,1286.9144264069985,1299.673913095762,1282.7990755474589,1290.4669852938687
2025-10-02,0.9777701251690913,0.9876149017017819,0.9747354193055237,0.9805350680089092,6566.068610054258,6632.1797301430615,6545.689498033348,6584.636168953629,0.9777701251690913,0.9876149017017819,0.9747354193055237,0.9805350680089092,1281.06969916601,1293.9682778671229,1277.0936421894014,1284.6923139308087
2025-10-03,0.9775969432426803,0.9875490499000255,0.974554778720089,0.980360616503876,6565.33577545976,6632.172033828092,6544.905237380586,6583.896024710565,0.9775969432426803,0.9875490499000255,0.974554778720089,0.980360616503876,1275.2249719250215,1288.2069836021562,1271.2566246478248,1278.830041663914
2025-10-06,0.977484299107488,0.9874912341904775,0.9744491263812483,0.9802574079175906,6588.517871588219,6655.967415989391,6568.059957564999,6607.209401438778,0.977484299107488,0.9874912341904775,0.9744491263812483,0.9802574079175906,1269.4307917953902,1282.426511048828,1265.4891001276833,1273.0321485801053
2025-10-07,0.9774481703560435,0.9874751266825783,0.9743841605657932,0.9802274592386528,6563.163710190986,6630.490610871574,6542.59014069347,6581.825495529266,0.9774481703560435,0.9874751266825783,0.9743841605657932,0.9802274592386528,1263.636611665759,1276.5993748096787,1259.675486087047,1267.2296524969486
2025-10-08,0.9774712725214946,0.9874691040288573,0.9743660671409582,0.9802466386391753,6601.5672826538685,6669.089837261775,6580.5955949712325,6620.311328310171,0.9774712725214946,0.9874691040288573,0.9743660671409582,0.9802466386391753,1257.8424315361274,1270.7079724955759,1253.846550331151,1261.413864645216
2025-10-09,0.9774076150947953,0.9874195981685051,0.9743096175500722,0.9802268109208887,6582.947802501107,6650.37960982068,6562.082448257666,6601.935396501386,0.9774076150947953,0.9874195981685051,0.9743096175500722,0.9802268109208887,1252.048251406496,1264.8734900346337,1248.0797511116052,1255.6596098100115
2025-10-10,0.9772817335874284,0.9872977674782769,0.9742509702238136,0.9801378833342412,6403.64833214896,6469.278494379085,6383.789224901241,6422.363281926449,0.9772817335874284,0.9872977674782769,0.9742509702238136,0.9801378833342412,1246.2540712768648,1259.0267678141222,1242.3891661515877,1249.8963047575578
2025-10-13,0.9771157183911757,0.9871620016743071,0.9741638375946862,0.9800254002021634,6502.431513492125,6569.286715782046,6482.78757331811,6521.7946312333415,0.9771157183911757,0.9871620016743071,0.9741638375946862,0.9800254002021634,1240.408165065858,1253.1615079692742,1236.660873958623,1244.1018862988306
2025-10-14,0.9769181906608451,0.9870436680088203,0.9740311682675578,0.9798589085985676,6490.94730338976,6558.224113787685,6471.765031631817,6510.486344990549,0.9769181906608451,0.9870436680088203,0.9740311682675578,0.9798589085985676,1234.562258854851,1247.358143204434,1230.9138378086525,1238.278536650225
2025-10-15,0.9768537533252756,0.9870464762256579,0.973949274205935,0.9797814886522336,6516.649999658113,6584.6462656899375,6497.274045184246,6536.18109768837,0.9768537533252756,0.9870464762256579,0.973949274205935,0.9797814886522336,1228.7163526438442,1241.5370694226197,1225.0630104954437,1232.3989471573022
2025-10-16,0.9767706824912948,0.9870094748780168,0.9738852746362042,0.9797083908243271,6475.081228182567,6542.954899629614,6455.953657532622,6494.555502361822,0.9767706824912948,0.9870094748780168,0.9738852746362042,0.9797083908243271,1222.8704464328373,1235.688927619178,1219.2580530070886,1226.548317569942
2025-10-17,0.976546089815308,0.986924981108511,0.9736878857915504,0.9794626243652388,6507.712907990111,6576.877943356929,6488.66580779375,6527.148723396195,0.976546089815308,0.986924981108511,0.9736878857915504,0.9794626243652388,1217.0245402218304,1229.9592757513246,1213.4624918206825,1220.6592832787014
2025-10-20,0.9764716401361352,0.9869814103713812,0.9735186696408545,0.979362999535483,6576.663437630088,6647.448106434601,6556.774797458209,6596.137119061418,0.9764716401361352,0.9869814103713812,0.9735186696408545,0.979362999535483,1211.37539218026,1224.4134329355147,1207.7120438096727,1214.9623080540593
2025-10-21,0.9765256646343571,0.9871288152627474,0.9734548500580723,0.9793556159165026,6577.242135295018,6648.658065879947,6556.559124338638,6596.302847663216,0.9765256646343571,0.9871288152627474,0.9734548500580723,0.9793556159165026,1205.7262441386895,1218.8180628652283,1201.9346779161094,1209.220413983979
2025-10-22,0.9767179648673959,0.9872978734487237,0.9734905158928913,0.9794400593052814,6543.424333832632,6614.303373382379,6521.802362172835,6561.660733309802,0.9767179648673959,0.9872978734487237,0.9734905158928913,0.9794400593052814,1200.0770960971192,1213.0764535615604,1196.1115832956311,1203.421688196194
2025-10-23,0.976776900683638,0.9873644758744775,0.9734796598379902,0.9794311809536781,6581.952538642653,6653.296278811614,6559.7342790387065,6599.838246985502,0.976776900683638,0.9873644758744775,0.9734796598379902,0.9794311809536781,1194.4279480555488,1207.3747076495026,1190.395997039144,1197.6736703226186
2025-10-24,0.9767911498294819,0.987445454957501,0.9734341515589808,0.9795063497966645,6634.062684385393,6706.423421980309,6611.262992801614,6652.503480850508,0.9767911498294819,0.987445454957501,0.9734341515589808,0.9795063497966645,1188.7788000139783,1201.7453508137887,1184.6932507372962,1192.0832650056489
2025-10-27,0.976817624573831,0.987449658451887,0.9734483231629355,0.9795452848801662,6715.7774597650205,6788.874393802075,6692.612973476887,6734.530560796724,0.976817624573831,0.987449658451887,0.9734483231629355,0.9795452848801662,1183.2657737657648,1196.144863451427,1179.1843782823933,1186.5699187788668
2025-10-28,0.9768198167501148,0.9874100431665606,0.9734705657605861,0.979583967840093,6731.157907045199,6804.133992356021,6708.078586893966,6750.205368149619,0.9768198167501148,0.9874100431665606,0.9734705657605861,0.979583967840093,1177.7527475175514,1190.5213953735079,1173.7145518468626,1181.0854875837865
2025-10-29,0.9767396547654336,0.987291541714533,0.9734475653231518,0.9795385855966035,6730.312497730149,6803.021224422744,6707.628059140056,6749.5987825261,0.9767396547654336,0.987291541714533,0.9734475653231518,0.9795385855966035,1172.2397212693381,1184.9036291548518,1168.2887011675273,1175.5988742241452
2025-10-30,0.9767133064927931,0.9872923718163655,0.9733921293429765,0.9795314180835444,6663.470259418043,6735.644239937664,6640.812059701762,6682.696374848088,0.9767133064927931,0.9872923718163655,0.9733921293429765,0.9795314180835444,1166.7266950211247,1179.363850509162,1162.7594038888892,1170.0930523755508
2025-10-31,0.9768122284475943,0.9873575083176067,0.9734219787574557,0.97961168342451,6681.591005027234,6753.722828394093,6658.401019096748,6700.739836960333,0.9768122284475943,0.9873575083176067,0.9734219787574557,0.97961168342451,1161.2136687729112,1173.7496739225962,1157.1834118145205,1164.5416015010621
2025-11-03,0.976900547857485,0.9873656415493913,0.9734855615153055,0.9797038345911514,6693.693246903052,6765.3997549271835,6670.293862936028,6712.901283503532,0.976900547857485,0.9873656415493913,0.9734855615153055,0.9797038345911514,1155.7531279999805,1168.1341884833225,1151.7129202677734,1159.0696451400531
2025-11-04,0.9769089160688755,0.9872580462225038,0.9735068852322184,0.9797161346198432,6615.187570606195,6685.267222897995,6592.150548694229,6634.196791384999,0.9769089160688755,0.9872580462225038,0.9735068852322184,0.9797161346198432,1150.29258722705,1162.4785008820004,1146.2867574218806,1153.5980363193753
2025-11-05,0.9768357100281715,0.9871520934375402,0.9734586108379988,0.9796855556319681,6638.858767707362,6708.97190110862,6615.907022252182,6658.227144885988,0.9768357100281715,0.9871520934375402,0.9734586108379988,0.9796855556319681,1144.8320464541193,1156.9226428658867,1140.8741532922768,1148.1720088870843
2025-11-06,0.9766213826392052,0.9869932172453182,0.9733064271364408,0.9794908982232858,6563.208210177903,6632.9102577180565,6540.930648413565,6582.492273147912,0.9766213826392052,0.9869932172453182,0.9733064271364408,0.9794908982232858,1139.3715056811889,1151.4717658453767,1135.5041258453675,1142.719214782923
2025-11-07,0.9764877863576092,0.9868867434389917,0.9732032283038997,0.9793524823806425,6570.591016843081,6640.563519252288,6548.48988261128,6589.866983442867,0.9764877863576092,0.9868867434389917,0.9732032283038997,0.9793524823806425,1133.9109649082582,1145.9863760121425,1130.0968912004125,1137.2374890870838
2025-11-10,0.9762975096719092,0.9867573005383419,0.973065651964172,0.979144822599024,6670.484394007643,6741.950182917183,6648.402952449568,6689.93846027025,0.9762975096719092,0.9867573005383419,0.973065651964172,0.979144822599024,1128.378635568131,1140.4677830147525,1124.6433405842972,1131.6694839457048
2025-11-11,0.9760700081466227,0.9866499083214773,0.9728817716136621,0.9789049270174666,6682.770678476748,6755.207128812909,6660.942066347815,6702.1802623670565,0.9760700081466227,0.9866499083214773,0.9728817716136621,0.9789049270174666,1122.8463062280036,1135.0171564051889,1119.1786393756909,1126.1075253577947
2025-11-12,0.9759599988386944,0.9865910858926856,0.9727399987361323,0.9788077333793263,6686.223875243989,6759.056602163918,6664.163912141344,6705.733476763094,0.9759599988386944,0.9865910858926856,0.9727399987361323,0.9788077333793263,1117.3139768878764,1129.484826276243,1113.6276053926777,1120.5741654289031
2025-11-13,0.9757421302418854,0.9865123675125251,0.9725065651367677,0.9786043957161353,6574.0528450834,6646.617210991963,6552.253257543321,6593.3373300935045,0.9757421302418854,0.9865123675125251,0.9725065651367677,0.9786043957161353,1111.7816475477491,1124.0534884021188,1108.0949748175024,1115.042974619782
2025-11-14,0.9756050981455371,0.9864614310511424,0.9723111277295569,0.9784106927752726,6569.8320474728425,6642.939787455808,6547.650088354886,6588.725230324891,0.9756050981455371,0.9864614310511424,0.9723111277295569,0.9784106927752726,1106.2493182076219,1118.559433127982,1102.5142490348585,1109.4306127213667
2025-11-17,0.9755476799897991,0.9864265491124354,0.9722186144379655,0.9783649863729009,6509.254095440735,6581.842370563305,6487.041205162025,6528.052318724408,0.9755476799897991,0.9864265491124354,0.9722186144379655,0.9783649863729009,1100.6580259627813,1112.9320694143055,1096.9020201890603,1103.8366413659664
2025-11-18,0.9754588546930737,0.9863799221158854,0.9721304966171195,0.9783334709260332,6454.92338833757,6527.19158621589,6432.898577874396,6473.945643828258,0.9754588546930737,0.9863799221158854,0.9721304966171195,0.9783334709260332,1095.0667337179407,1107.326910119922,1091.3302622211231,1098.2938268892974
2025-11-19,0.9753731490318289,0.9862695538956425,0.9720950297152438,0.9782577258005898,6478.584515573252,6550.9601801034805,6456.810722573403,6497.744336003645,0.9753731490318289,0.9862695538956425,0.9720950297152438,0.9782577258005898,1089.4754414730999,1101.6465428728634,1085.813837200742,1092.6974653228729
2025-11-20,0.9750582766344669,0.9860557408576747,0.9719349928989276,0.9780453657151813,6375.672056926387,6447.581836090529,6355.249654167792,6395.203915523799,0.9750582766344669,0.9860557408576747,0.9719349928989276,0.9780453657151813,1083.8841492282593,1096.1090361287459,1080.4122770175252,1087.2046261520534
2025-11-21,0.9747286070471899,0.985931517001525,0.971663326282477,0.977750453167806,6436.123245046524,6510.0959474459,6415.883226809932,6456.076464762491,0.9747286070471899,0.985931517001525,0.971663326282477,0.977750453167806,1078.2928569834187,1090.6860684823434,1074.90189222734,1081.6357721940785
2025-11-24,0.9744584634774622,0.9858699393411191,0.9714174072726764,0.9774519568639011,6533.860932632001,6610.376247674924,6513.470285852168,6553.93266500728,0.9744584634774622,0.9858699393411191,0.9714174072726764,0.9774519568639011,1072.7880423189017,1085.351014790868,1069.4401225718952,1076.0835998311964
2025-11-25,0.9743409712601041,0.9859512186737416,0.9712332332592504,0.9772785498708212,6592.274090629313,6670.827631400295,6571.247508244097,6612.149394999992,0.9743409712601041,0.9859512186737416,0.9712332332592504,0.9772785498708212,1067.283227654385,1080.0009750333825,1063.8790429366206,1070.5010215002908
2025-11-26,0.9743307692089377,0.9860774118140258,0.9710968410441847,0.9772056321311825,6637.735541620501,6717.76083649835,6615.704050266023,6657.320861513215,0.9743307692089377,0.9860774118140258,0.9710968410441847,0.9772056321311825,1061.778412989868,1074.5793343374673,1058.254234935548,1064.9112991591335
2025-11-28,0.9743593307364798,0.9862584269987384,0.9709390019632411,0.9771388554014764,6673.4747485539165,6754.9727297727895,6650.048608956416,6692.511963141698,0.9743593307364798,0.9862584269987384,0.9709390019632411,0.9771388554014764,1056.2735983253513,1069.1730501284715,1052.565722938112,1059.2867972827735
2025-12-01,0.9744743989127551,0.9865116963663627,0.9708042864686967,0.9771478418060404,6638.733524265003,6720.739178016373,6613.730406125237,6656.946701523085,0.9744743989127551,0.9865116963663627,0.9708042864686967,0.9771478418060404,1050.7687836608343,1063.7485155224442,1046.81132762808,1053.651538036217
2025-12-02,0.9746088804963118,0.9867342961205364,0.970765106151881,0.9772609912647091,6655.9646501950965,6738.773599896707,6629.714093000472,6674.076895913467,0.9746088804963118,0.9867342961205364,0.970765106151881,0.9772609912647091,1045.521897673758,1058.5295644488306,1041.3984484345388,1048.366977314325
2025-12-03,0.9748133430920015,0.9868726317078389,0.9708572878885671,0.9774730452000624,6677.198452444145,6759.801202861819,6650.100581996076,6695.416667167771,0.9748133430920015,0.9868726317078389,0.9708572878885671,0.9774730452000624,1040.2750116866819,1053.1441180593768,1036.053295393866,1043.1133208472543
2025-12-04,0.9750069712779814,0.9869375386064455,0.9710054834582634,0.9776672163704214,6685.739802889671,6767.54913472903,6658.3011207313275,6703.981422717944,0.9750069712779814,0.9869375386064455,0.9710054834582634,0.9776672163704214,1035.0281256996057,1047.693135391103,1030.7803074172155,1037.852134730352
2025-12-05,0.9750680992705072,0.9869360726819327,0.9710613173043252,0.9777713794245262,6699.107869228093,6780.64559375395,6671.579674407635,6717.680485198264,0.9750680992705072,0.9869360726819327,0.9710613173043252,0.9777713794245262,1029.7812397125294,1042.3151502995302,1025.5496287066114,1032.6362066531756
2025-12-08,0.9750331087644407,0.9868274529740604,0.9710817600324897,0.9777629873112459,6675.573929486831,6756.324025061434,6648.520980880041,6694.2640702563185,0.9750331087644407,0.9868274529740604,0.9710817600324897,0.9777629873112459,1024.5343537254532,1036.9274824446725,1020.3823998245613,1027.4028248856216
2025-12-09,0.9748799304466184,0.9866734602532574,0.9709950536882407,0.9776418959599665,6668.675913019398,6749.3496715970105,6642.101374704947,6687.569165733111,0.9748799304466184,0.9866734602532574,0.9709950536882407,0.9776418959599665,1019.2414499758423,1031.5716396177042,1015.1797934615141,1022.1290976201207
2025-12-10,0.9747291550912608,0.986520756839556,0.9708866447071869,0.9775078742710579,6712.6477777838845,6793.852765711834,6686.18563837209,6731.783927585009,0.9747291550912608,0.986520756839556,0.9708866447071869,0.9775078742710579,1013.9485462262315,1026.214597147057,1009.9514278498697,1016.8390704893151
2025-12-11,0.9745489118277822,0.9863413488732848,0.9707228186919523,0.9773593374677634,6725.362040523525,6806.741648574539,6698.958171793163,6744.756787865035,0.9745489118277822,0.9863413488732848,0.9707228186919523,0.9773593374677634,1008.6556424766206,1020.8607847944014,1004.6956458225195,1011.564425858474
2025-12-12,0.9744184141030487,0.986234283398631,0.9705252498603498,0.9771707310248798,6652.754024631296,6733.425808818647,6626.173796149051,6671.545220706575,0.9744184141030487,0.986234283398631,0.9705252498603498,0.9771707310248798,1003.3627387270099,1015.5295890299866,999.3539311343659,1006.1968110357471
2025-12-15,0.9741692226797247,0.9860988090133895,0.9702566714410177,0.9769122503340837,6640.434248088571,6721.75239262786,6613.764303444412,6659.132123524785,0.9741692226797247,0.9860988090133895,0.9702566714410177,0.9769122503340837,998.069834977399,1010.2921060019722,994.0612918226326,1000.8801610425087
2025-12-16,0.9737909036418445,0.985857373012314,0.9699495852876779,0.976594196444294,6622.03133039949,6704.086459400719,6595.909366848385,6641.094450312275,0.9737909036418445,0.985857373012314,0.9699495852876779,0.976594196444294,992.5347747047225,1004.8335037371157,988.619517298884,995.3920262766
2025-12-17,0.9734646698693199,0.9856657077977075,0.9696910577184766,0.9763265312518392,6543.074635999743,6625.083058362745,6517.710566080701,6562.31043695205,0.9734646698693199,0.9856657077977075,0.9696910577184766,0.9763265312518392,986.9997144320461,999.3703954889248,983.1736340096722,989.9013671111
2025-12-18,0.9730818189285455,0.985414266420289,0.9694572073072311,0.9760623597717801,6592.395783604353,6675.945155573517,6567.839909776737,6612.588232487466,0.9730818189285455,0.985414266420289,0.9694572073072311,0.9760623597717801,981.4646541593696,993.9033423323231,977.8088174946865,984.470871551381
2025-12-19,0.9726159814682629,0.9851309367692829,0.9691499506399399,0.9756951057672232,6647.343925344842,6732.877387349664,6623.655337648669,6668.3882003660865,0.9726159814682629,0.9851309367692829,0.9691499506399399,0.9756951057672232,975.9295938866932,988.4871864794003,972.4517546128848,979.0192084764869
2025-12-22,0.9722711774331814,0.9849547962251185,0.9688756884222303,0.9754023182614081,6687.757571262364,6775.001716286515,6664.4017340554265,6709.295092137912,0.9722711774331814,0.9849547962251185,0.9688756884222303,0.9754023182614081,970.3945336140167,983.0536709286016,967.0055984571892,973.519630823736
