,open_rel,high_rel,low_rel,close_rel,open,high,low,close,daisy_chained_open_rel,daisy_chained_high_rel,daisy_chained_low_rel,daisy_chained_close_rel,daisy_chained_open,daisy_chained_high,daisy_chained_low,daisy_chained_close
2022-12-20,1.0135836601257324,1.016539454460144,1.0050839185714722,1.0130544900894165,3873.5315872097012,3884.8275099539756,3841.0488048911093,3871.509300415516,1.0135836601257324,1.016539454460144,1.0050839185714722,1.0130544900894165,3869.5177959156035,3880.802013714313,3837.0686725735663,3867.4976046347615
2022-12-21,1.0135836601257324,1.016539454460144,1.0050839185714722,1.0130544900894165,3931.1234107780456,3942.587281756401,3898.1576731443406,3929.0710565423965,1.0135836601257324,1.016539454460144,1.0050839185714722,1.0130544900894165,3880.0302388336418,3891.3451128282236,3847.492959919033,3878.0045592344504
2022-12-22,1.0135836601257324,1.016539454460144,1.0050839185714722,1.0130544900894165,3874.3120466279984,3885.61024533391,3841.8227195084096,3872.2893523728844,1.0135836601257324,1.016539454460144,1.0050839185714722,1.0130544900894165,3890.54268175168,3901.8882119421346,3857.9172472645005,3888.511513834139
2022-12-23,1.0135836601257324,1.016539454460144,1.0050839185714722,1.0130544900894165,3897.0467281246188,3908.411225297451,3864.366751801968,3895.0121645855907,1.0135836601257324,1.016539454460144,1.0050839185714722,1.0130544900894165,3901.0551246697178,3912.4313110560447,3868.341534609967,3899.0184684338274
2022-12-27,1.0135836601257324,1.016539454460144,1.0050839185714722,1.0130544900894165,3881.265230536461,3892.5837059915066,3848.71759518981,3879.238906174898,1.0135836601257324,1.016539454460144,1.0050839185714722,1.0130544900894165,3911.567567587756,3922.9744101699553,3878.7658219554337,3909.525423033516
2022-12-28,1.0135836601257324,1.016539454460144,1.0050839185714722,1.0130544900894165,3834.6099746608734,3845.792394902706,3802.4535824179648,3832.608007996082,1.0135836601257324,1.016539454460144,1.0050839185714722,1.0130544900894165,3922.0800105057942,3933.5175092838663,3889.190109300901,3920.0323776332043
2022-12-29,1.0135836601257324,1.016539454460144,1.0050839185714722,1.0130544900894165,3901.5673112487793,3912.9449912643436,3868.8494260787966,3899.5303876113894,1.0135836601257324,1.016539454460144,1.0050839185714722,1.0130544900894165,3932.735250875522,3944.203822272812,3899.7559966227213,3930.6820551331316
2022-12-30,1.0135836601257324,1.016539454460144,1.0050839185714722,1.0130544900894165,3891.6544630527496,3903.003235399723,3859.0197053551674,3889.6227146983147,1.0135836601257324,1.016539454460144,1.0050839185714722,1.0130544900894165,3943.39049124525,3954.8901352617577,3910.321883944542,3941.331732633059
2023-01-03,1.0135836601257324,1.016539454460144,1.0050839185714722,1.0130544900894165,3876.0858180332184,3887.389189379215,3843.5816163659097,3874.062197730541,1.0135836601257324,1.016539454460144,1.0050839185714722,1.0130544900894165,3954.045731614978,3965.576448250704,3920.887771266363,3951.981410132986
2023-01-04,1.0135836601257324,1.016539454460144,1.0050839185714722,1.0130544900894165,3905.307434954643,3916.696021851301,3872.558185738325,3903.268558679819,1.0135836601257324,1.016539454460144,1.0050839185714722,1.0130544900894165,3964.700971984706,3976.26276123965,3931.4536585881838,3962.6310876329135
2023-01-05,1.0135836601257324,1.016539454460144,1.0050839185714722,1.0130544900894165,3859.8279361248015,3871.0838965296743,3827.460070312023,3857.812803709507,1.0135836601257324,1.016539454460144,1.0050839185714722,1.0130544900894165,3975.356212354434,3986.9490742285957,3942.019545910004,3973.2807651328408
2023-01-06,1.0135836601257324,1.016539454460144,1.0050839185714722,1.0130544900894165,3947.989442882538,3959.5024982786176,3914.8822695493695,3945.9282832574845,1.0135836601257324,1.016539454460144,1.0050839185714722,1.0130544900894165,3986.156189887902,3997.7805464611806,3952.7289566541313,3984.0751042323755
2023-01-09,1.0135836601257324,1.016539454460144,1.0050839185714722,1.0130544900894165,3944.958827738762,3956.463045309782,3911.877068632841,3942.8992503321174,1.0135836601257324,1.016539454460144,1.0050839185714722,1.0130544900894165,3996.9561674213705,4008.6120186937655,3963.4383673982584,3994.8694433319106
2023-01-10,1.0135836601257324,1.016539454460144,1.0050839185714722,1.0130544900894165,3972.487759947777,3984.0722568929195,3939.1751478612423,3970.4138102829456,1.0135836601257324,1.016539454460144,1.0050839185714722,1.0130544900894165,4007.756144954839,4019.4434909263505,3974.1477781423855,4005.6637824314453
2023-01-11,1.0135836601257324,1.016539454460144,1.0050839185714722,1.0130544900894165,4023.5318330717087,4035.2651838195325,3989.7911740005015,4021.431234403849,1.0135836601257324,1.016539454460144,1.0050839185714722,1.0130544900894165,4018.556122488307,4030.2749631589354,3984.8571888865126,4016.4581215309804
2023-01-12,1.0135836601257324,1.016539454460144,1.0050839185714722,1.0130544900894165,4037.2760275030137,4049.049458822012,4003.420111936331,4035.168253289461,1.0135836601257324,1.016539454460144,1.0050839185714722,1.0130544900894165,4029.3561000217755,4041.1064353915203,3995.5665996306398,4027.252460630515
2023-01-13,1.0135836601257324,1.016539454460144,1.0050839185714722,1.0130544900894165,4053.4122793722154,4065.2327669370175,4019.4210479199887,4051.296080771685,1.0135836601257324,1.016539454460144,1.0050839185714722,1.0130544900894165,4040.302780779424,4052.0850386615743,4006.4214833704623,4038.1934263636604
2023-01-17,1.0135836601257324,1.016539454460144,1.0050839185714722,1.0130544900894165,4045.1819800519943,4056.9784665668008,4011.259766501188,4043.0700783121583,1.0135836601257324,1.016539454460144,1.0050839185714722,1.0130544900894165,4051.2494615370724,4063.063641931628,4017.2763671102844,4049.1343920968047
2023-01-18,1.0135836601257324,1.016539454460144,1.0050839185714722,1.0130544900894165,3982.228298921585,3993.8412010502816,3948.834004318714,3980.1492639327053,1.0135836601257324,1.016539454460144,1.0050839185714722,1.0130544900894165,4062.196142294721,4074.0422452016815,4028.1312508501064,4060.07535782995
2023-01-19,1.0135836601257324,1.016539454460144,1.0050839185714722,1.0130544900894165,3951.8106532812117,3963.3348520219324,3918.6714359223843,3949.7474986851216,1.0135836601257324,1.016539454460144,1.0050839185714722,1.0130544900894165,4073.1428230523693,4085.020848471735,4038.9861345899285,4071.0163235630944
2023-01-20,1.0135836601257324,1.016539454460144,1.0050839185714722,1.0130544900894165,4026.572584052086,4038.314802182913,3992.806425756216,4024.470397874117,1.0135836601257324,1.016539454460144,1.0050839185714722,1.0130544900894165,4084.089503810018,4095.999451741789,4049.8410183297506,4081.9572892962397
2023-01-23,1.0135836601257324,1.016539454460144,1.0050839185714722,1.0130544900894165,4074.4137328100205,4086.295464433432,4040.2463867127894,4072.2865698063374,1.0135836601257324,1.016539454460144,1.0050839185714722,1.0130544900894165,4122.51202191234,4134.534016896356,4087.9413316782066,4120.359747835549
2023-01-24,1.0135836601257324,1.016539454460144,1.0050839185714722,1.0130544900894165,4071.5148835420605,4083.3881615936752,4037.371846705675,4069.3892339646814,1.0135836601257324,1.016539454460144,1.0050839185714722,1.0130544900894165,4160.934540014662,4173.0685820509225,4126.041645026663,4158.762206374858
2023-01-25,1.0135836601257324,1.016539454460144,1.0050839185714722,1.0130544900894165,4070.774967470169,4082.6460877919194,4036.6381354451178,4068.649704186916,1.0135836601257324,1.016539454460144,1.0050839185714722,1.0130544900894165,4199.357058116983,4211.603147205489,4164.141958375118,4197.164664914165
2023-01-26,1.0135836601257324,1.016539454460144,1.0050839185714722,1.0130544900894165,4115.585501084328,4127.587297073603,4081.0728954851625,4113.436843193769,1.0135836601257324,1.016539454460144,1.0050839185714722,1.0130544900894165,4237.779576219305,4250.137712360056,4202.242271723573,4235.567123453474
2023-01-27,1.047039270401001,1.0503766536712646,1.0397247076034546,1.0453224182128906,4262.036172523499,4275.621191368103,4232.261805782318,4255.047622680664,1.047039270401001,1.0503766536712646,1.0397247076034546,1.0453224182128906,4276.202094321628,4289.8322663059025,4246.328765175209,4269.1903163205725
2023-01-30,1.0128657817840576,1.0183464288711548,1.0083117485046387,1.0190290212631226,4069.461752078533,4091.4817315256596,4051.164693789482,4094.224230760336,1.0128657817840576,1.0183464288711548,1.0083117485046387,1.0190290212631226,4268.158033966394,4291.253164947051,4248.96760017144,4294.129569949666
2023-01-31,0.9993212819099426,1.007298469543457,0.9915117621421814,1.0020817518234253,4073.833137834072,4106.352940940857,4041.9968495488165,4085.0864694833754,0.9993212819099426,1.007298469543457,0.9915117621421814,1.0020817518234253,4260.113973611161,4294.120783155637,4226.82193341139,4271.881877152337
2023-02-01,0.9913658499717712,1.000593662261963,0.9824751019477844,0.9952847957611084,4083.64412286222,4121.655419526101,4047.0212646943332,4099.787083547116,0.9913658499717712,1.000593662261963,0.9824751019477844,0.9952847957611084,4252.069913255927,4291.648947580556,4213.936582175165,4268.878674101376
2023-02-02,0.9894563555717468,0.9960869550704956,0.9832319617271423,0.9929518699645996,4135.690096764565,4163.404411325455,4109.67362434864,4150.300508003235,0.9894563555717468,0.9960869550704956,0.9832319617271423,0.9929518699645996,4244.025852900693,4272.46615300535,4217.327870471875,4259.018988645303
2023-02-03,0.9905943870544434,0.9960036277770996,0.9826411604881287,0.9934439659118652,4097.573870162963,4119.949086227417,4064.6755075359342,4109.361096115112,0.9905943870544434,0.9960036277770996,0.9826411604881287,0.9934439659118652,4235.98179254546,4259.112799052373,4201.9721884459705,4248.167167623502
2023-02-06,0.9886869192123413,0.9945428371429443,0.9830952286720276,0.990401029586792,4064.571019835472,4088.6451669216153,4041.5831326889993,4071.617864713669,0.9886869192123413,0.9945428371429443,0.9830952286720276,0.990401029586792,4212.852675337678,4237.805083467193,4189.026155541919,4220.156599700895
2023-02-07,0.9890029430389404,0.9947519898414612,0.9826229214668274,0.9943520426750183,4118.208254814148,4142.147285699844,4091.6418449878693,4140.481905698776,0.9890029430389404,0.9947519898414612,0.9826229214668274,0.9943520426750183,4189.7235581298955,4214.078305499302,4162.6958057150005,4212.384005116227
2023-02-08,0.9904094338417053,0.9956145286560059,0.9834396243095398,0.9949510097503662,4078.3673912394042,4099.80124297142,4049.6666913592812,4097.068965010642,0.9904094338417053,0.9956145286560059,0.9834396243095398,0.9949510097503662,4166.594440922114,4188.4919697386695,4137.272860716277,4185.700584591053
2023-02-09,0.9855185747146606,0.9916357398033142,0.9816693663597107,0.9886736869812012,4022.3940626978874,4047.361272007227,4006.683518797159,4035.2716534137726,0.9855185747146606,0.9916357398033142,0.9816693663597107,0.9886736869812012,4143.465323714331,4169.184028642456,4127.281903379403,4156.73052094577
2023-02-10,0.9726992249488831,0.9819341897964478,0.9664271473884583,0.9745955467224121,3978.787271684408,4016.562525994778,3953.131589306593,3986.544100046158,0.9726992249488831,0.9819341897964478,0.9664271473884583,0.9745955467224121,4120.336206506549,4159.45534945563,4093.767800159157,4128.3689910120265
2023-02-13,0.9860303997993469,0.9931413531303406,0.9786503911018372,0.9870791435241699,4079.49371278584,4108.913788892627,4048.9604766017196,4083.832669711113,0.9860303997993469,0.9931413531303406,0.9786503911018372,0.9870791435241699,4106.292566292544,4135.905907634002,4075.558752345301,4110.6600265271
2023-02-14,0.9878161549568176,0.9940253496170044,0.9811449646949768,0.99113929271698,4085.736033001542,4111.41806931138,4058.1431228238343,4099.480962785483,0.9878161549568176,0.9940253496170044,0.9811449646949768,0.99113929271698,4092.2489260785374,4117.971900998979,4064.612031249785,4106.015766053765
2023-02-15,0.9862701892852783,0.9932191967964172,0.9818452000617981,0.9891749620437622,4090.6542370796205,4119.47594063282,4072.3011517763143,4102.702072572709,0.9862701892852783,0.9932191967964172,0.9818452000617981,0.9891749620437622,4078.2052858645316,4106.939277291339,4059.9080538918524,4090.2164565828407
2023-02-16,0.9798782467842102,0.9875043630599976,0.9744227528572083,0.9833868741989136,4008.1037794286012,4039.2977217042444,3985.788572514653,4022.455504091978,0.9798782467842102,0.9875043630599976,0.9744227528572083,0.9833868741989136,4064.1616456505253,4095.7918705024827,4041.534335319915,4078.714095421212
2023-02-17,0.9829581379890442,0.9887796640396118,0.9744094014167786,0.9830155372619629,4009.5747110897305,4033.3212397873403,3974.7036452251673,4009.8088478899003,0.9829581379890442,0.9887796640396118,0.9744094014167786,0.9830155372619629,4050.1180054365195,4074.104649999794,4014.894336617927,4050.3545097389538
2023-02-21,0.9855813384056091,0.9919606447219849,0.9797822833061218,0.9888535737991333,3939.703707262278,3965.2039635729793,3916.522912350893,3952.7839446902276,0.9855813384056091,0.9919606447219849,0.9797822833061218,0.9888535737991333,4038.6099473989307,4064.7503875055763,4014.847198757412,4052.0185641163457
2023-02-22,0.9779260754585266,0.9854931235313416,0.9722360968589783,0.9791771173477173,3902.951863458753,3933.152330669761,3880.2428743690252,3907.9448341906073,0.9779260754585266,0.9854931235313416,0.9722360968589783,0.9791771173477173,4027.101889361342,4058.263011204456,4003.67054404424,4032.2536828169646
2023-02-23,0.9822623133659363,0.9887745380401611,0.9739620089530945,0.9817676544189453,3941.1507251644134,3967.2798544692996,3907.84724776268,3939.1659951782226,0.9822623133659363,0.9887745380401611,0.9739620089530945,0.9817676544189453,4015.593831323753,4042.2165052003484,3981.661295437181,4013.57161242243
2023-02-24,0.9847849011421204,0.991638720035553,0.9788479208946228,0.9873148798942566,3909.6354489302635,3936.8453840899465,3886.0653998684884,3919.6795657753946,0.9847849011421204,0.991638720035553,0.9788479208946228,0.9873148798942566,4004.085773286164,4031.9530554632624,3979.9463108332816,4014.3725393773134
2023-02-27,0.9857929348945618,0.9929290413856506,0.9811474680900574,0.9868842959403992,3925.6640570545196,3954.081745767593,3907.16469332695,3930.010118665695,0.9857929348945618,0.9929290413856506,0.9811474680900574,0.9868842959403992,3992.5777152485753,4021.4797886368465,3973.7630264999943,3996.997856270754
2023-02-28,0.9986580610275269,1.0042787790298462,0.9928992390632629,0.9964231252670288,3964.822300988436,3987.137394565344,3941.9589139670134,3955.9492707788945,0.9986580610275269,1.0042787790298462,0.9928992390632629,0.9964231252670288,3999.928704148816,4022.441386069463,3976.8628739353785,3990.9771079526695
2023-03-01,0.9985234141349792,1.004845142364502,0.9937314391136169,1.001166582107544,3945.5554333788155,3970.535047087669,3926.6204711991545,3955.999620873928,0.9985234141349792,1.004845142364502,0.9937314391136169,1.001166582107544,4007.2796930490567,4032.6500877744393,3988.0485123667904,4017.887269388117
2023-03-02,0.9957837462425232,1.0003585815429688,0.9880775809288025,0.997337818145752,3964.56361810267,3982.7776386260985,3933.8826768308877,3970.7509222745894,0.9957837462425232,1.0003585815429688,0.9880775809288025,0.997337818145752,4014.630681949298,4033.0747208596904,3983.562281982563,4020.896123384951
2023-03-03,1.005800485610962,1.010602593421936,1.0001194477081299,1.008832573890686,4069.1066766071317,4088.5342760515214,4046.1232424259183,4081.373414235115,1.005800485610962,1.010602593421936,1.0001194477081299,1.008832573890686,4021.9816708495387,4041.184276011784,3999.26441166795,4034.1063453350957
2023-03-06,1.0092058181762695,1.0118712186813354,1.0014997720718384,1.007759690284729,4085.6890184211734,4096.479679133892,4054.491707251072,4079.834485342503,1.0092058181762695,1.0118712186813354,1.0014997720718384,1.007759690284729,4029.3326597497794,4039.974478408518,3998.5656718005494,4023.5588817566154
2023-03-07,0.9939364790916443,1.000543236732483,0.9864919781684875,0.9953994750976562,3962.1985621565577,3988.535542613268,3932.5220270115137,3968.0306055450437,0.9939364790916443,1.000543236732483,0.9864919781684875,0.9953994750976562,4015.9902813611757,4042.684818723528,3985.910850747758,4021.9015019123963
2023-03-08,0.9910107254981995,1.0004397630691528,0.9870803952217102,0.99498450756073,3956.1247262960674,3993.765538569689,3940.4348085290194,3971.98810402751,0.9910107254981995,1.0004397630691528,0.9870803952217102,0.99498450756073,4002.647902972572,4040.7313631101533,3986.7734751440835,4018.697830617363
2023-03-09,0.9960609078407288,1.002897024154663,0.9874237179756165,0.9972372055053711,3902.8853764104847,3929.6714676856996,3869.0421026182175,3907.494487075806,0.9960609078407288,1.002897024154663,0.9874237179756165,0.9972372055053711,3989.3055245839687,4016.684730376711,3954.7128716904144,3994.016693082977
2023-03-10,0.9991058111190796,1.0043208599090576,0.9919877648353577,1.0028159618377686,3858.1370091593267,3878.275389416218,3830.650032810569,3872.4640900731088,0.9991058111190796,1.0043208599090576,0.9919877648353577,1.0028159618377686,3975.963146195365,3996.716545448782,3947.6367273295878,3990.7277710831086
2023-03-13,0.9834434390068054,0.9911181926727295,0.9770730137825012,0.9887677431106567,3791.92187438488,3821.5138825798035,3767.359043622017,3812.451113176346,0.9834434390068054,0.9911181926727295,0.9770730137825012,0.9887677431106567,3962.6207678067613,3993.544903408403,3936.9522053939786,3984.074160222849
2023-03-14,0.9910040497779846,0.9967108964920044,0.9834807515144348,0.9950213432312012,3884.032262254357,3906.399049512148,3854.5462746030094,3899.7772003126142,0.9910040497779846,0.9967108964920044,0.9834807515144348,0.9950213432312012,3973.209948360152,3996.0902788118683,3943.0469601141267,3989.3163914341008
2023-03-15,0.9856179356575012,0.9925036430358887,0.979810893535614,0.9881478548049927,3835.9560123234987,3862.754703440666,3813.3554108780622,3845.802280551195,0.9856179356575012,0.9925036430358887,0.979810893535614,0.9881478548049927,3983.7991289135425,4011.6306791152683,3960.327468638503,3994.024886107454
2023-03-16,0.9948931336402893,0.9999905824661255,0.9906107783317566,0.9985337853431702,3940.055379292965,3960.242703928948,3923.096053211689,3954.47337941885,0.9948931336402893,0.9999905824661255,0.9906107783317566,0.9985337853431702,3994.388309466933,4014.8540150885256,3977.1951161449547,4009.0051322282065
2023-03-17,0.999804675579071,1.0073128938674927,0.994787871837616,0.9999218583106995,3915.8749845600128,3945.2819726371763,3896.22597035408,3916.3339471340178,0.999804675579071,1.0073128938674927,0.994787871837616,0.9999218583106995,4004.977490020324,4035.0536098563025,3984.88137870264,4005.4468959091478
2023-03-20,1.0133613348007202,1.0210801362991333,1.0081151723861694,1.0138136148452759,4004.3682497584823,4034.8696341955665,3983.6376717460157,4006.155466014147,1.0133613348007202,1.0210801362991333,1.0081151723861694,1.0138136148452759,4015.5666705737144,4046.153353693904,3994.778118438528,4017.358884871135
2023-03-21,1.0063953399658203,1.012894868850708,1.0008727312088013,1.0085968971252441,4028.469714488983,4054.4864836764336,4006.3634295737743,4037.2822615957257,1.0063953399658203,1.012894868850708,1.0008727312088013,1.0085968971252441,4001.8480036643414,4027.6928438179434,3979.88780576632,4010.6023139969907
2023-03-22,1.0058784484863281,1.012254238128662,0.9995560050010681,1.0037648677825928,3960.113275337219,3985.2145678853985,3935.222005009055,3951.792171514034,1.0058784484863281,1.012254238128662,0.9995560050010681,1.0037648677825928,3988.129336754968,4013.408209918852,3963.0619716260258,3979.749364778383
2023-03-23,0.9909012913703918,1.0012085437774658,0.9830771088600159,0.9901504516601562,3912.7917472600934,3953.4922009849547,3881.8962412977216,3909.826891479492,0.9909012913703918,1.0012085437774658,0.9830771088600159,0.9901504516601562,3974.410669845595,4015.752077208999,3943.0286192590506,3971.399123305397
2023-03-24,0.9788934588432312,0.9870660901069641,0.9713707566261292,0.9833149909973145,3887.1761361318822,3919.629573153853,3857.3035608547925,3904.7339961004254,0.9788934588432312,0.9870660901069641,0.9713707566261292,0.9833149909973145,3960.6920029362213,3993.7592126481595,3930.254465283292,3978.5819243420683
2023-03-27,0.9829181432723999,0.9917797446250916,0.9762154221534729,0.9858494400978088,3909.586402410269,3944.8336876386406,3882.9261280781034,3921.245723472238,0.9829181432723999,0.9917797446250916,0.9762154221534729,0.9858494400978088,3946.9733360268483,3982.5576870666278,3920.0581124995347,3958.744153860519
2023-03-28,0.9913830161094666,0.9998779296875,0.9849023222923279,0.99675452709198,3937.0496303850414,3970.785225830078,3911.313045449853,3958.3813508045673,0.9913830161094666,0.9998779296875,0.9849023222923279,0.99675452709198,3930.0557020423407,3963.7313682613603,3904.364836579275,3951.3495279626736
2023-03-29,1.0185747146606445,1.0235599279403687,1.0123344659805298,1.020211100578308,4102.625421457291,4122.7049133574965,4077.4908854210375,4109.216473020315,1.0185747146606445,1.0235599279403687,1.0123344659805298,1.020211100578308,3913.1380680578327,3932.2901514361984,3889.164417119089,3919.424699697394
2023-03-30,1.0069811344146729,1.0096027851104736,1.000491976737976,1.0079563856124878,4079.109388720989,4089.72925000906,4052.8229141294955,4083.0599655306337,1.0069811344146729,1.0096027851104736,1.000491976737976,1.0079563856124878,3896.220434073325,3906.3641484517666,3871.1125270075527,3899.99388475221
2023-03-31,0.9940733313560486,1.0010688304901123,0.9874245524406433,0.9966423511505127,4084.955481274724,4113.702155821324,4057.6335875898603,4095.512380006314,0.9940733313560486,1.0010688304901123,0.9874245524406433,0.9966423511505127,3879.302800088817,3906.602254286802,3853.356397695627,3889.3282231313533
2023-04-03,0.9785688519477844,0.9893186092376709,0.9760070443153381,0.9851903319358826,4036.1170155471564,4080.454496986866,4025.5508143490556,4063.427375972867,0.9785688519477844,0.9893186092376709,0.9760070443153381,0.9851903319358826,3862.3851661043095,3904.8141714962517,3852.2737796870138,3888.5199710623688
2023-04-04,0.9952628016471863,1.001429557800293,0.9855329394340515,0.9953118562698364,4081.1746444344526,4106.462044715881,4041.276371443272,4081.3757978200915,0.9952628016471863,1.001429557800293,0.9855329394340515,0.9953118562698364,3853.7259560061175,3877.604059570579,3816.051260943604,3853.9158988757354
2023-04-05,0.9957347512245178,1.0037305355072021,0.9898235201835632,1.000394344329834,4072.9335117137434,4105.63930782795,4048.7543304884434,4091.9930181598666,0.9957347512245178,1.0037305355072021,0.9898235201835632,1.000394344329834,3845.0667459079255,3875.942764059341,3822.240307566789,3863.0599378465217
2023-04-06,0.9857855439186096,0.9943059086799622,0.9828450083732605,0.9922477006912231,4046.669373496771,4081.6456412494185,4034.598416272402,4073.1966562914854,0.9857855439186096,0.9943059086799622,0.9828450083732605,0.9922477006912231,3836.407535809734,3869.5664635095295,3824.9637762668112,3861.556481331383
2023-04-10,0.9910542368888855,0.9962990880012512,0.9844496846199036,0.9904905557632446,4072.350875342488,4093.902545496821,4045.2120435684915,4070.0346475923056,0.9910542368888855,0.9962990880012512,0.9844496846199036,0.9904905557632446,3827.748325711542,3848.0055117632223,3802.2395665047493,3825.5712203578732
2023-04-11,0.9887903332710266,0.9945809841156006,0.9835039973258972,0.9914126396179199,4062.8801519906515,4086.6735888719554,4041.1589147722716,4073.6550514316555,0.9887903332710266,0.9945809841156006,0.9835039973258972,0.9914126396179199,3819.08911561335,3841.454839537522,3798.671250075838,3829.217472748572
2023-04-12,0.9760527610778809,0.9838057160377502,0.9707548022270203,0.9769216179847717,3993.9590956926345,4025.683799740672,3972.2801129728555,3997.5144147127867,0.9760527610778809,0.9838057160377502,0.9707548022270203,0.9769216179847717,3818.5449758334266,3848.8763353566333,3797.8181309753836,3821.9441457439366
2023-04-13,0.9842150807380676,0.9908976554870605,0.9781685471534729,0.9858177900314331,4080.772252057791,4108.4796771335605,4055.7019935786725,4087.417437384129,0.9842150807380676,0.9908976554870605,0.9781685471534729,0.9858177900314331,3818.0008360535035,3843.9241087994483,3794.5449159675236,3824.218120813488
2023-04-14,0.9970316290855408,1.0027291774749756,0.9933934807777405,1.0008505582809448,4125.357949769497,4148.932353887559,4110.30460180521,4141.159303965569,0.9970316290855408,1.0027291774749756,0.9933934807777405,1.0008505582809448,3817.4566962735807,3839.2715952367557,3803.5268737739807,3832.0786966237206
2023-04-17,0.9943138957023621,0.9998309016227722,0.9885880351066589,0.9985233545303345,4127.71516150713,4150.618018524647,4103.945281898975,4145.189972128868,0.9943138957023621,0.9998309016227722,0.9885880351066589,0.9985233545303345,3816.9125564936576,3838.0909079809294,3794.9324662033237,3833.07157461256
2023-04-18,0.9992876052856445,1.003949522972107,0.9929853081703186,1.0004247426986694,4151.9100925731655,4171.279754511118,4125.724867357611,4156.63475069642,0.9992876052856445,1.003949522972107,0.9929853081703186,1.0004247426986694,3816.3684167137344,3834.1726958079885,3792.2993823972315,3820.7112458307747
2023-04-19,0.9838863611221313,0.992620050907135,0.9817821383476257,0.9886658191680908,4087.575565009118,4123.859853894711,4078.8335294079784,4107.431919050217,0.9838863611221313,0.992620050907135,0.9817821383476257,0.9886658191680908,3804.7174625902576,3838.4908975629223,3796.5803713044197,3823.1997672625575
2023-04-20,0.9865323901176453,0.9938285946846008,0.9793303608894348,0.9873476624488831,4074.1715993839503,4104.303392042518,4044.4287310975787,4077.538502904773,0.9865323901176453,0.9938285946846008,0.9793303608894348,0.9873476624488831,3793.0665084667808,3821.1193017243254,3765.375805016825,3796.2011061808294
2023-04-21,0.9836647510528564,0.9907065033912659,0.9782058596611023,0.9839993715286255,4065.997921772004,4095.105145897866,4043.43348502636,4067.3810822010046,0.9836647510528564,0.9907065033912659,0.9782058596611023,0.9839993715286255,3781.415554343304,3808.4855411389008,3760.4304201335485,3782.701906294536
2023-04-24,0.9829136729240417,0.9893730878829956,0.9759779572486877,0.9828360676765442,4066.3531814336775,4093.076039495468,4037.659848256111,4066.0321254205705,0.9829136729240417,0.9893730878829956,0.9759779572486877,0.9828360676765442,3769.764600219827,3794.5383667480264,3743.164079593882,3769.4669611464615
2023-04-25,0.9847355484962463,0.9913145303726196,0.9785057902336121,0.985771894454956,4009.4788013237717,4036.2659813010696,3984.113530688882,4013.698418619633,0.9847355484962463,0.9913145303726196,0.9785057902336121,0.985771894454956,3758.1136460963503,3783.221464743474,3734.3385934190715,3762.068724081959
2023-04-26,0.9897143840789795,0.9946161508560181,0.9842391610145569,0.9899892807006836,4014.2716446805,4034.1531617105006,3992.0641946834326,4015.3866226291652,0.9897143840789795,0.9946161508560181,0.9842391610145569,0.9899892807006836,3747.907397616117,3766.469690193231,3727.1735077617786,3748.9483919662425
2023-04-27,0.9807882905006409,0.9883133172988892,0.9756247401237488,0.9843021631240845,4055.9028571218255,4087.0214766919617,4034.549769070745,4070.433950275183,0.9807882905006409,0.9883133172988892,0.9756247401237488,0.9843021631240845,3737.7011491358835,3766.3783892533547,3718.0232957558446,3751.0922202465085
2023-04-28,0.9856314063072205,0.9914988875389099,0.979195773601532,0.985395073890686,4109.570435969829,4134.034781615734,4082.737194116115,4108.5850526857375,0.9856314063072205,0.9914988875389099,0.979195773601532,0.985395073890686,3727.4949006556503,3749.684743867686,3703.156402572657,3726.601130558782
2023-05-01,0.9885079860687256,0.9940479397773743,0.9838001132011414,0.990645170211792,4119.972779896259,4143.062586759925,4100.350977807641,4128.880285570622,0.9885079860687256,0.9940479397773743,0.9838001132011414,0.990645170211792,3717.2886521754167,3738.121672591,3699.584675441597,3725.325542594709
2023-05-02,0.9864210486412048,0.9930518865585327,0.9806491732597351,0.9878580570220947,4063.6404235613345,4090.9566908288,4039.8627211773396,4069.560294547081,0.9864210486412048,0.9930518865585327,0.9806491732597351,0.9878580570220947,3707.0824036951835,3732.0018461573463,3685.3910400605146,3712.4828445009607
2023-05-03,0.9963929057121277,1.0028800964355469,0.9880911707878113,0.9938826560974121,4075.9942790418863,4102.531754493713,4042.033956900239,4065.7254754304886,0.9963929057121277,1.0028800964355469,0.9880911707878113,0.9938826560974121,3692.7481532832894,3716.7904376337397,3661.9809567937614,3683.4448758554
2023-05-04,0.9938216209411621,0.9992928504943848,0.9876351952552795,0.9958393573760986,4036.128243398666,4058.348110284805,4011.0038076746464,4044.3227149629593,0.9938216209411621,0.9992928504943848,0.9876351952552795,0.9958393573760986,3678.4139028713953,3698.664465377085,3655.516197918588,3685.8821140656455
2023-05-05,0.9930398464202881,0.9980526566505432,0.9867058396339417,0.9952117204666138,4107.461064755917,4128.195301070809,4081.262029185891,4116.444478780031,0.9930398464202881,0.9980526566505432,0.9867058396339417,0.9952117204666138,3664.079652459501,3682.5757239238333,3640.7086815281195,3672.09334851564
2023-05-08,0.9866378307342529,0.9936668872833252,0.9804252982139587,0.9888061285018921,4082.8257401180267,4111.912819604873,4057.1175350451467,4091.7984164762497,0.9866378307342529,0.9936668872833252,0.9804252982139587,0.9888061285018921,3649.745402047607,3675.747108065323,3626.764160811255,3657.766313633596
2023-05-09,0.9806663990020752,0.9874817132949829,0.9742555022239685,0.9816908836364746,4039.5316107773783,4067.605048953295,4013.1240370959044,4043.7516371488573,0.9806663990020752,0.9874817132949829,0.9742555022239685,0.9816908836364746,3635.411151635713,3660.6760833266035,3611.6454289976878,3639.209000596751
2023-05-10,0.9794887900352478,0.9873865246772766,0.9732442498207092,0.9823915362358093,4052.771997201443,4085.449979965687,4026.9343378281596,4064.7825159907343,0.9794887900352478,0.9873865246772766,0.9732442498207092,0.9823915362358093,3628.0165210916175,3657.2696499196127,3604.886807617151,3638.768263510022
2023-05-11,0.9879176020622253,0.9943170547485352,0.9821723103523254,0.9898390769958496,4080.712205430269,4107.145912685394,4056.9805885875226,4088.6490882205962,0.9879176020622253,0.9943170547485352,0.9821723103523254,0.9898390769958496,3620.6218905475216,3644.075261997945,3599.565955428011,3627.663909226302
2023-05-12,1.0019580125808716,1.0061657428741455,0.9956924319267273,1.0056159496307373,4132.155000524521,4149.508016872406,4106.315244660377,4147.240625553131,1.0019580125808716,1.0061657428741455,0.9956924319267273,1.0056159496307373,3613.227260003426,3628.4010353587805,3590.632533942012,3626.4183894699263
2023-05-15,0.9968933463096619,1.0018244981765747,0.9916166663169861,1.0024172067642212,4123.430010473728,4143.826635317802,4101.604184553623,4146.278243994712,0.9968933463096619,1.0018244981765747,0.9916166663169861,1.0024172067642212,3605.8326294593303,3623.6689490298795,3586.7465106049513,3625.8128172510974
2023-05-16,0.9898297190666199,0.9966486692428589,0.9834933876991272,0.9925384521484375,4068.1011623919007,4096.126365721226,4042.0594741046425,4079.233784484863,0.9898297190666199,0.9966486692428589,0.9834933876991272,0.9925384521484375,3598.437998915235,3623.227686428382,3575.4028292013927,3608.285357367679
2023-05-17,0.9757848381996155,0.9861665368080139,0.9708040356636047,0.9795535802841187,4058.064711559415,4101.239808281064,4037.35069939673,4073.7380430781845,0.9757848381996155,0.9861665368080139,0.9708040356636047,0.9795535802841187,3589.6277411045085,3627.8189814944,3571.304821690003,3603.491843728363
2023-05-18,0.9847505688667297,0.9926866888999939,0.9799476265907288,0.9861981868743896,4134.032125630975,4167.348354336619,4113.869133809209,4140.1092984080315,0.9847505688667297,0.9926866888999939,0.9799476265907288,0.9861981868743896,3580.8174832937825,3609.6753466584455,3563.3526955425577,3586.081411068838
2023-05-19,0.9891489148139954,0.9958505630493164,0.9817995429039001,0.9901809692382812,4146.492467921972,4174.585643291473,4115.684047862291,4150.81881942749,0.9891489148139954,0.9958505630493164,0.9817995429039001,0.9901809692382812,3572.007225483056,3596.208167889907,3545.4672281454878,3575.7341727661496
2023-05-22,1.0003368854522705,1.0056982040405273,0.9926195740699768,1.0023800134658813,4194.042436053753,4216.520461206436,4161.686604833007,4202.608515857458,1.0003368854522705,1.0056982040405273,0.9926195740699768,1.0023800134658813,3563.19696767233,3582.2939683070363,3535.7079278139836,3570.4745834920977
2023-05-23,0.987758219242096,0.9946618676185608,0.9839791655540466,0.9935678243637085,4094.830718525648,4123.450345162153,4079.1643491375444,4118.914901325703,0.987758219242096,0.9946618676185608,0.9839791655540466,0.9935678243637085,3554.386709861604,3579.229060510624,3540.7880194705863,3575.2922136899065
2023-05-24,0.995316207408905,1.0003023147583008,0.98746258020401,0.9979945421218872,4095.965069377422,4116.484097785949,4063.64550855875,4106.987059521675,0.995316207408905,1.0003023147583008,0.98746258020401,0.9979945421218872,3548.516083495012,3566.2926272623686,3520.516215470262,3558.0649220804326
2023-05-25,0.990141749382019,0.9960626363754272,0.9848745465278625,0.9925271272659302,4110.355641374587,4134.934901132583,4088.490007510185,4120.25801287651,0.990141749382019,0.9960626363754272,0.9848745465278625,0.9925271272659302,3542.6454571284203,3563.8299021055764,3523.799840049151,3551.1801423179363
2023-05-26,0.9892662167549133,0.9957766532897949,0.9854190945625305,0.9935262203216553,4160.30961125195,4187.688926577568,4144.130731227994,4178.224843251705,0.9892662167549133,0.9957766532897949,0.9854190945625305,0.9935262203216553,3536.774830761828,3560.050616070027,3523.0207929604385,3552.0049812901984
2023-05-30,0.987453043460846,0.9942275285720825,0.9812548756599426,0.9885997772216797,4152.753523335457,4181.243755960465,4126.687004685402,4157.576135101319,0.987453043460846,0.9942275285720825,0.9812548756599426,0.9885997772216797,3530.9042043952363,3555.1281997743404,3508.740986718522,3535.0046596870234
2023-05-31,0.9917417168617249,0.9989737272262573,0.9871533513069153,0.9968984127044678,4145.311780390143,4175.540354272127,4126.133192393184,4166.865892374515,0.9917417168617249,0.9989737272262573,0.9871533513069153,0.9968984127044678,3525.0335780286446,3550.7389395539203,3508.7247524806426,3543.3624691988884
2023-06-01,0.9883376955986023,0.9959309101104736,0.9845326542854309,0.9913119077682495,4171.793179875613,4203.844290194512,4155.73202439189,4184.347388927937,0.9883376955986023,0.9959309101104736,0.9845326542854309,0.9913119077682495,3509.9961637059823,3536.96281075947,3496.482887351704,3520.558821947189
2023-06-02,1.0001012086868286,1.0039665699005127,0.9936848282814026,1.0003403425216675,4282.803413044214,4299.356319944858,4255.32609808743,4283.827472604513,1.0001012086868286,1.0039665699005127,0.9936848282814026,1.0003403425216675,3494.9587493833205,3508.4666602586913,3472.5360339195922,3495.7944276937596
2023-06-05,0.9983565211296082,1.0036503076553345,0.9936681389808655,1.002863883972168,4266.766116438508,4289.390648354291,4246.728955695033,4286.029638681412,0.9983565211296082,1.0036503076553345,0.9936681389808655,1.002863883972168,3479.9213350606583,3498.373621677956,3463.5792761658386,3495.632424024084
2023-06-06,0.9852456450462341,0.9934163689613342,0.9801412224769592,0.9912275671958923,4220.644556531311,4255.646712175012,4198.777975907922,4246.270213732124,0.9852456450462341,0.9934163689613342,0.9801412224769592,0.9912275671958923,3464.8839207379965,3493.6184906968324,3446.932832322779,3485.9209747718505
2023-06-07,0.9786705374717712,0.986598014831543,0.9718483090400696,0.9802660942077637,4176.496092071534,4210.326760253906,4147.382095794678,4183.305162353516,0.9786705374717712,0.986598014831543,0.9718483090400696,0.9802660942077637,3449.8465064153343,3477.7911302975913,3425.7979221166042,3455.470897485358
2023-06-08,0.9840003848075867,0.9913883209228516,0.9777939915657043,0.9848988056182861,4225.228772336841,4256.952052860261,4198.5789542037255,4229.086528408528,0.9840003848075867,0.9913883209228516,0.9777939915657043,0.9848988056182861,3436.8109140163156,3462.6147042028033,3415.1338899422353,3439.9488217806456
2023-06-09,0.9945480227470398,0.9992459416389465,0.9890287518501282,0.996502161026001,4275.422713066339,4295.618408674001,4251.696140178442,4283.823279948234,0.9945480227470398,0.9992459416389465,0.9890287518501282,0.996502161026001,3423.775321617297,3439.948114078985,3404.7749887445093,3430.5025286113396
2023-06-12,1.0011928081512451,1.0054972171783447,0.9970467686653137,1.0053070783615112,4344.1055110716825,4362.782040531635,4326.11613596499,4361.957041515112,1.0011928081512451,1.0054972171783447,0.9970467686653137,1.0053070783615112,3410.7397292182777,3425.403457083687,3396.615515102431,3424.7557156982507
2023-06-13,0.9876551032066345,0.9935034513473511,0.9821080565452576,0.9908047914505005,4315.075022460818,4340.62651397109,4290.839920126796,4328.8360418951515,0.9876551032066345,0.9935034513473511,0.9821080565452576,0.9908047914505005,3397.704136819259,3417.8234645144803,3378.6213382519268,3408.5396083731744
2023-06-14,0.9811069965362549,0.9890784621238708,0.9764886498451233,0.9867329597473145,4289.978641984463,4324.8345926982165,4269.784505426288,4314.57867246151,0.9811069965362549,0.9890784621238708,0.9764886498451233,0.9867329597473145,3384.6685444202403,3412.168877128687,3368.7359572224254,3404.0772539491354
2023-06-15,0.9822223782539368,0.989499032497406,0.9779903292655945,0.9841580390930176,4347.159090571404,4379.36439798832,4328.4287188768385,4355.726015739441,0.9822223782539368,0.989499032497406,0.9779903292655945,0.9841580390930176,3374.244254584182,3399.2418613555415,3359.7058289687748,3380.893861241182
2023-06-16,0.9874880909919739,0.9934580326080322,0.9832035899162292,0.989531397819519,4354.417611157298,4380.742606008053,4335.524718058706,4363.427756510973,0.9874880909919739,0.9934580326080322,0.9832035899162292,0.989531397819519,3363.8199647481233,3384.156218906191,3349.2250644257338,3370.7803689933007
2023-06-20,0.9913285374641418,0.9966276288032532,0.9863360524177551,0.9929506778717041,4350.653465654254,4373.9096408051255,4328.742896606326,4357.772569482327,0.9913285374641418,0.9966276288032532,0.9863360524177551,0.9929506778717041,3353.3956749120653,3371.3210642315294,3336.5074515543047,3358.8829361188637
2023-06-21,0.9932760000228882,0.9984725713729858,0.9901794791221619,0.9961197376251221,4336.335100539923,4359.02172011733,4322.816650208831,4348.749977352619,0.9932760000228882,0.9984725713729858,0.9901794791221619,0.9961197376251221,3342.9713850760068,3360.4609743980905,3332.5497290970247,3352.542273158185
2023-06-22,0.9846007227897644,0.9918731451034546,0.9824338555335999,0.9859317541122437,4314.412061185241,4346.279015797377,4304.917087224127,4320.2444940269,0.9846007227897644,0.9918731451034546,0.9824338555335999,0.9859317541122437,3332.5470952399482,3357.1618342868355,3325.212967798074,3337.052195088782
2023-06-23,0.9878372550010681,0.993862509727478,0.9848926663398743,0.9884899854660034,4295.442371038795,4321.642166923284,4282.638327825665,4298.280658501387,0.9878372550010681,0.993862509727478,0.9848926663398743,0.9884899854660034,3327.7959378386818,3348.093631716373,3317.876297598634,3329.9948362692867
2023-06-26,0.9919119477272034,0.996648371219635,0.9890819191932678,0.9923514127731323,4293.808277560473,4314.31140230298,4281.557593442201,4295.710642640591,0.9919119477272034,0.996648371219635,0.9890819191932678,0.9923514127731323,3323.0447804374153,3338.9124664760097,3313.563786111526,3324.5170502597566
2023-06-27,0.990488588809967,0.9962142705917358,0.9858588576316833,0.9931378364562988,4336.765142131448,4361.834524501562,4316.494280843139,4348.3646345186235,0.990488588809967,0.9962142705917358,0.9858588576316833,0.9931378364562988,3318.2936230361493,3337.4755637052535,3302.783290439861,3327.169022177525
2023-06-28,0.9935464262962341,0.9983726739883423,0.9885959029197693,0.9958692789077759,4348.613611398935,4369.737421872615,4326.945863653421,4358.7804120802875,0.9935464262962341,0.9983726739883423,0.9885959029197693,0.9958692789077759,3313.542465634883,3329.638318082451,3297.0321456328425,3321.2893313736554
2023-06-29,0.9928715825080872,0.9980402588844299,0.9888983368873596,0.9955294728279114,4365.100340201854,4387.824115769863,4347.632204225063,4376.785595519542,0.9928715825080872,0.9980402588844299,0.9888983368873596,0.9955294728279114,3308.7913082336163,3326.0161656778328,3295.5502800815857,3317.6488528984128
2023-06-30,0.9905936121940613,0.9963025450706482,0.9863505959510803,0.9925623536109924,4408.517999836206,4433.924920531512,4389.634965208769,4417.279647263289,0.9905936121940613,0.9963025450706482,0.9863505959510803,0.9925623536109924,3298.0578039431807,3317.064983470729,3283.931210898202,3304.612482788398
2023-07-03,0.9892742037773132,0.9955216646194458,0.9854529500007629,0.990352988243103,4407.800249608159,4435.636373661757,4390.7743094939,4412.606870886088,0.9892742037773132,0.9955216646194458,0.9854529500007629,0.990352988243103,3287.3242996527447,3308.0843980754607,3274.626404219073,3290.9090634876225
2023-07-05,0.9872718453407288,0.9940981864929199,0.9828941226005554,0.9888846278190613,4390.2201872980595,4420.575697660446,4370.753242262602,4397.391940678358,0.9872718453407288,0.9940981864929199,0.9828941226005554,0.9888846278190613,3276.590795362309,3299.2462845174296,3262.0618628268635,3281.9433517512766
2023-07-06,0.9859898686408997,0.9929190278053284,0.9812752604484558,0.9865360260009766,4349.783044597507,4380.3516538757085,4328.984126241803,4352.192466945648,0.9859898686408997,0.9929190278053284,0.9812752604484558,0.9865360260009766,3265.857291071873,3288.808485295948,3250.2412710400813,3267.666307627934
2023-07-07,0.9837803244590759,0.9906731843948364,0.9773598313331604,0.9852705001831055,4327.600458279252,4357.921804493665,4299.357030043006,4334.155666780472,0.9837803244590759,0.9906731843948364,0.9773598313331604,0.9852705001831055,3255.1237867814375,3277.9308218257534,3233.8797149318348,3260.054467264847
2023-07-10,0.9916277527809143,0.9959732294082642,0.9869537949562073,0.992012619972229,4372.612324720025,4391.7738342726225,4352.002367473245,4374.309408146143,0.9916277527809143,0.9959732294082642,0.9869537949562073,0.992012619972229,3248.4197965482153,3262.6549087282992,3233.1086305553004,3249.680562193189
2023-07-11,0.9908627867698669,0.9963279962539673,0.9881806969642639,0.9941638708114624,4398.697534796,4422.959020650387,4386.791040805579,4413.351905138493,0.9908627867698669,0.9963279962539673,0.9881806969642639,0.9941638708114624,3241.715806314993,3259.5958359275546,3232.9410566393863,3252.515663226059
2023-07-12,0.987755298614502,0.993401288986206,0.9826561808586121,0.9901853799819946,4417.399736251831,4442.649508552551,4394.59566578865,4428.267448940277,0.987755298614502,0.993401288986206,0.9826561808586121,0.9901853799819946,3235.011816081771,3253.5030816731237,3218.3116209878704,3242.9706110878888
2023-07-13,0.9935881495475769,0.9977854490280151,0.988608181476593,0.9964081048965454,4481.122297985554,4500.052286534309,4458.662442786694,4493.840409407616,0.9935881495475769,0.9977854490280151,0.988608181476593,0.9964081048965454,3228.307825848549,3241.945442970189,3212.1272082522605,3237.470257914354
2023-07-14,0.9897024035453796,0.9954653382301331,0.9859959483146667,0.9934446811676025,4459.025002981424,4484.989444168807,4442.325865455866,4475.8855354261395,0.9897024035453796,0.9954653382301331,0.9859959483146667,0.9934446811676025,3221.6038356153267,3240.362901389335,3209.5388650291925,3233.7854125201648
2023-07-17,0.9922265410423279,0.9975584745407104,0.9883204102516174,0.9947999715805054,4487.6322775608305,4511.74749306798,4469.965668281913,4499.271363464594,0.9922265410423279,0.9975584745407104,0.9883204102516174,0.9947999715805054,3212.9279878740526,3230.1933175722893,3200.279548810342,3221.2610112905345
2023-07-18,0.992592453956604,0.9979790449142456,0.9890497326850891,0.9961363673210144,4521.2387759232515,4545.77459000349,4505.101751385927,4537.381230419874,0.992592453956604,0.9979790449142456,0.9890497326850891,0.9961363673210144,3204.252140132778,3221.640944102869,3192.8156516012605,3215.692476936763
2023-07-19,0.9914063811302185,0.9968756437301636,0.9878897070884705,0.9942761659622192,4526.483942453861,4551.455064091682,4510.427793447971,4539.5865764570235,0.9914063811302185,0.9968756437301636,0.9878897070884705,0.9942761659622192,3195.576292391504,3213.205234704063,3184.241081715265,3204.8264006699596
2023-07-20,0.9898771047592163,0.9953678846359253,0.9857111573219299,0.9903630614280701,4488.963986059427,4513.863958998919,4470.0719560045,4491.167736378312,0.9898771047592163,0.9953678846359253,0.9857111573219299,0.9903630614280701,3186.9004446502295,3204.577961128214,3173.4882143072446,3188.464977779246
2023-07-21,0.9865348935127258,0.9928528070449829,0.9831758141517639,0.9878288507461548,4475.257698837519,4503.917902710438,4460.019772769213,4481.1275287938115,0.9865348935127258,0.9928528070449829,0.9831758141517639,0.9878288507461548,3178.2245969089554,3198.5784113775608,3167.4029739555444,3182.393214495292
2023-07-24,0.987687349319458,0.9932743310928345,0.9840802550315857,0.9880667924880981,4498.560308704376,4524.0069993686675,4482.131292777061,4500.288535737992,0.987687349319458,0.9932743310928345,0.9840802550315857,0.9880667924880981,3175.4413513798577,3193.403647813855,3163.844446379578,3176.661271356588
2023-07-25,0.9951561093330383,0.998951256275177,0.9910021424293518,0.9971557259559631,4545.335723134279,4562.66990498662,4526.362645460367,4554.468892074823,0.9951561093330383,0.998951256275177,0.9910021424293518,0.9971557259559631,3172.65810585076,3184.757417301443,3159.4148401512207,3179.0330854422214
2023-07-26,0.9980118274688721,1.0016765594482422,0.9944725632667542,1.0021854639053345,4557.6705130934715,4574.40642786026,4541.5075782984495,4576.730467289686,0.9980118274688721,1.0016765594482422,0.9944725632667542,1.0021854639053345,3169.8748603216627,3181.514744190258,3158.6334859115186,3183.1311212716137
2023-07-27,0.994848906993866,0.9992875456809998,0.992115318775177,0.9991964101791382,4514.037379083037,4534.177302648425,4501.633968563676,4533.7637835109235,0.994848906993866,0.9992875456809998,0.992115318775177,0.9991964101791382,3167.091614792565,3181.221976969464,3158.389263847771,3180.931848004426
2023-07-28,0.995621383190155,1.0001736879348755,0.9928280711174011,0.9982986450195312,4562.166170695424,4583.025878065824,4549.3665723162885,4574.4340001678465,0.995621383190155,1.0001736879348755,0.9928280711174011,0.9982986450195312,3164.3083692634673,3178.7766161757627,3155.430596126998,3172.8173086619563
2023-07-31,0.989506185054779,0.9954553842544556,0.9867401719093323,0.9907172322273254,4540.804302968979,4568.104940128326,4528.11117928505,4546.361750001907,0.989506185054779,0.9954553842544556,0.9867401719093323,0.9907172322273254,3155.515526439402,3174.487404258863,3146.6947655804797,3159.377531764825
2023-08-01,0.9918261170387268,0.997246265411377,0.9886837601661682,0.9938551187515259,4539.3203446346515,4564.126900296211,4524.938625665307,4548.606537643671,0.9918261170387268,0.997246265411377,0.9886837601661682,0.9938551187515259,3146.7226836153372,3163.9189476981,3136.7530674890572,3153.160007260153
2023-08-02,0.9920313954353333,0.9972332715988159,0.9894005656242371,0.9931759238243103,4477.424579843879,4500.90267570138,4465.550618882776,4482.590282829404,0.9920313954353333,0.9972332715988159,0.9894005656242371,0.9931759238243103,3137.929840791272,3154.3840805629175,3129.608169311652,3141.5501393039294
2023-08-03,0.986275851726532,0.9928460717201233,0.982795774936676,0.987108051776886,4440.1053941291575,4469.683801816106,4424.438471229672,4443.851867213845,0.986275851726532,0.9928460717201233,0.982795774936676,0.987108051776886,3129.136997967207,3149.9821990645883,3118.0958303062102,3131.777301856545
2023-08-04,0.9861062169075012,0.9925838112831116,0.9818719029426575,0.9866874814033508,4415.813222498297,4444.820084440112,4396.851837534308,4418.416142348647,0.9861062169075012,0.9925838112831116,0.9818719029426575,0.9866874814033508,3120.344155143142,3140.8412612385796,3106.945480026098,3122.1834552521145
2023-08-07,0.9937285780906677,0.9980186223983765,0.9911267161369324,0.9955282807350159,4490.1029563879965,4509.48726418972,4478.34659926176,4498.234804804325,0.9937285780906677,0.9980186223983765,0.9911267161369324,0.9955282807350159,3116.5007336859685,3129.955037534418,3108.3408549559576,3122.1449052788835
2023-08-08,0.9928624033927917,0.9973973631858826,0.9891050457954407,0.99500972032547,4467.26524057746,4487.669747971297,4450.35946095109,4476.926835438013,0.9928624033927917,0.9973973631858826,0.9891050457954407,0.99500972032547,3112.657312228795,3126.874565004599,3100.8778687126664,3119.389223649082
2023-08-09,0.9916746616363525,0.9965623617172241,0.9870540499687195,0.9933363795280457,4430.514802539348,4452.35162906766,4409.871249585748,4437.938876181245,0.9916746616363525,0.9965623617172241,0.9870540499687195,0.9933363795280457,3108.813890771622,3124.1364057991477,3094.328674710443,3114.023231963939
2023-08-10,0.9939270615577698,0.9988640546798706,0.9902743697166443,0.996397852897644,4441.691070501208,4463.753653475046,4425.367811620831,4452.7326169645785,0.9939270615577698,0.9988640546798706,0.9902743697166443,0.996397852897644,3104.9704693144486,3120.393349366941,3093.559671944242,3112.6890780965896
2023-08-11,0.9938413500785828,0.9993016719818115,0.9906534552574158,0.9965833425521851,4436.557478818298,4460.932628810406,4422.326556941867,4448.7978703200815,0.9938413500785828,0.9993016719818115,0.9906534552574158,0.9965833425521851,3101.127047857275,3118.165131393215,3091.1797188848354,3109.6830080457266
2023-08-14,0.9947927594184875,0.9994891881942749,0.9905162453651428,0.9952059984207153,4466.340947816372,4487.4265980196005,4447.140597140789,4468.196275229454,0.9947927594184875,0.9994891881942749,0.9905162453651428,0.9952059984207153,3094.6361141029524,3109.245929020946,3081.3325845922577,3095.921632446288
2023-08-15,0.9953778386116028,1.0006837844848633,0.9915094971656799,0.9994549751281738,4417.347494860887,4440.894539813995,4400.180337091684,4435.441255922317,0.9953778386116028,1.0006837844848633,0.9915094971656799,0.9994549751281738,3088.1451803486293,3104.606799786084,3076.1437076125753,3100.7944367363693
2023-08-16,0.9868878722190857,0.9936022162437439,0.9828805327415466,0.9885716438293457,4346.579862250685,4376.152049068808,4328.930216769576,4353.995748066902,0.9868878722190857,0.9936022162437439,0.9828805327415466,0.9885716438293457,3081.6542465943066,3102.620444841487,3069.1409357449847,3086.91198871387
2023-08-17,0.9824181199073792,0.9899325370788574,0.9770998358726501,0.9835085868835449,4293.520854518413,4326.361562747955,4270.278038704395,4298.286587772369,0.9824181199073792,0.9899325370788574,0.9770998358726501,0.9835085868835449,3075.1633128399835,3098.684927043601,3058.5160303647754,3078.5766904752463
2023-08-18,0.9895345568656921,0.9947990775108337,0.9838533997535706,0.9898366928100586,4323.979048481584,4346.983476989865,4299.154039437175,4325.299294939041,0.9895345568656921,0.9947990775108337,0.9838533997535706,0.9898366928100586,3068.672379085661,3084.998326452313,3051.054389102134,3069.609341034866
2023-08-21,0.9901441931724548,0.9954777956008911,0.9842095971107483,0.9925450086593628,4356.406716794372,4379.8733407509335,4330.295859079957,4366.969752749205,0.9901441931724548,0.9954777956008911,0.9842095971107483,0.9925450086593628,3064.460979065898,3080.9682884381073,3046.093615824239,3071.8914174084125
2023-08-22,0.998765766620636,1.0026603937149048,0.9929669499397278,1.002015233039856,4382.134739336371,4399.2226104438305,4356.692141208053,4396.39193572402,0.998765766620636,1.0026603937149048,0.9929669499397278,1.002015233039856,3060.2495790461344,3072.18283839893,3042.4818231820555,3070.2060458913975
2023-08-23,0.9933381676673889,0.9991793632507324,0.988605797290802,0.9980525970458984,4406.458045154214,4432.369647173882,4385.4652028399705,4427.371301021576,0.9933381676673889,0.9991793632507324,0.988605797290802,0.9980525970458984,3056.0381790263714,3074.0088130912804,3041.478882888477,3070.542279082127
2023-08-24,0.9905931353569031,0.9967979788780212,0.9844979643821716,0.9935659170150757,4335.142644193769,4362.296962943674,4308.468286505342,4348.152458292247,0.9905931353569031,0.9967979788780212,0.9844979643821716,0.9935659170150757,3051.826779006608,3070.9427075764856,3033.0487304421918,3060.9853470894386
2023-08-25,0.9931380748748779,0.9989361763000488,0.9874663949012756,0.994736909866333,4375.478347856999,4401.023101286888,4350.490570680499,4382.522351167202,0.9931380748748779,0.9989361763000488,0.9874663949012756,0.994736909866333,3047.615378986845,3065.407852681404,3030.2108513088383,3052.5216797638386
2023-08-28,0.9910188317298889,0.9978676438331604,0.9858424067497253,0.9943329095840454,4393.493696896434,4423.856604081989,4370.545000267625,4408.186031388045,0.9910188317298889,0.9978676438331604,0.9858424067497253,0.9943329095840454,3040.1415967703074,3061.1516501587726,3024.261913760363,3050.3081704183273
2023-08-29,0.9991275072097778,1.0043045282363892,0.9927582144737244,1.001514196395874,4493.705850251913,4516.990175331831,4465.059128163457,4504.440295135975,0.9991275072097778,1.0043045282363892,0.9927582144737244,1.001514196395874,3032.66781455377,3048.3817098568,3013.3349977283747,3039.912170680277
2023-08-30,0.9902245998382568,0.9978749752044678,0.9845361113548279,0.9938993453979492,4470.735339071751,4505.275789301395,4445.052553072572,4487.326337556839,0.9902245998382568,0.9978749752044678,0.9845361113548279,0.9938993453979492,3025.194032337233,3048.5663762547456,3007.8153675212916,3036.420594815437
2023-08-31,0.9936147928237915,0.9994131326675415,0.9882047772407532,0.9957044124603271,4478.877657020092,4505.01460160017,4454.491146177053,4488.296951870918,0.9936147928237915,0.9994131326675415,0.9882047772407532,0.9957044124603271,3017.7202501206953,3035.330462538969,3001.2894223025964,3024.066660759674
2023-09-01,0.987738311290741,0.9953185319900513,0.9817983508110046,0.989326000213623,4460.39903397739,4494.6295672047145,4433.57553864181,4467.568671984673,0.987738311290741,0.9953185319900513,0.9817983508110046,0.989326000213623,3010.2464679041577,3033.3480650834904,2992.143752995539,3015.08513308258
2023-09-05,1.0003877878189087,1.0051884651184082,0.9937489628791809,1.0027536153793335,4498.573815897703,4520.161645598411,4468.720148743987,4509.212540246248,1.0003877878189087,1.0051884651184082,0.9937489628791809,1.0027536153793335,3003.999152040348,3018.414792367543,2984.063858214973,3011.1033411077537
2023-09-06,1.004347801208496,1.0082546472549438,0.9975374341011047,1.0078010559082031,4484.895019340514,4502.340962224006,4454.483461229801,4500.315459136962,1.004347801208496,1.0082546472549438,0.9975374341011047,1.0078010559082031,2997.751836176538,3009.412891137086,2977.4244252172534,3008.0590231932024
2023-09-07,0.9998916983604431,1.0039280652999878,0.993297278881073,1.0037249326705933,4450.657934240103,4468.624368579388,4421.3052499187,4467.720196807385,0.9998916983604431,1.0039280652999878,0.993297278881073,1.0037249326705933,2991.5045203127274,3003.5806381213742,2971.7751479079748,3002.972900123296
2023-09-08,0.9987587332725525,1.003111481666565,0.9953787922859192,1.0020241737365723,4451.95706597507,4471.359398413896,4436.891012826562,4466.512734189033,0.9987587332725525,1.003111481666565,0.9953787922859192,1.0020241737365723,2985.2572044489175,2998.2674271077994,2975.1546713297344,2995.0174992490165
2023-09-11,0.9896232485771179,0.9965807199478149,0.9854742884635925,0.9935480356216431,4440.894743059874,4472.116117537022,4422.276450508833,4458.507067930698,0.9896232485771179,0.9965807199478149,0.9854742884635925,0.9935480356216431,2979.0098885851075,2999.953592204293,2966.5204960578926,2990.8244649231656
2023-09-12,0.9925675988197327,0.9985780715942383,0.9895452857017517,0.9932138919830322,4428.737369173765,4455.555497646332,4415.252110272646,4431.621064639091,0.9925675988197327,0.9985780715942383,0.9895452857017517,0.9932138919830322,2971.8756628166902,2989.87179505173,2962.8264667605026,2973.810748069663
2023-09-13,0.986478865146637,0.9943064451217651,0.9820248484611511,0.9881527423858643,4407.035141310692,4442.0043851947785,4387.137089009285,4414.513087444305,0.986478865146637,0.9943064451217651,0.9820248484611511,0.9881527423858643,2964.7414370482725,2988.2662701937065,2951.355435284513,2969.7720701282133
2023-09-14,0.9893649816513062,0.995368480682373,0.9829488396644592,0.9891515374183655,4457.188178837299,4484.2345423221595,4428.282817572355,4456.226591223479,0.9893649816513062,0.995368480682373,0.9829488396644592,0.9891515374183655,2957.607211279855,2975.554068462489,2938.4267994390993,2956.969141190192
2023-09-15,0.9870185256004333,0.9941828846931458,0.9830787777900696,0.9892019033432007,4392.548284850121,4424.4319754076005,4375.015146374702,4402.265014486313,0.9870185256004333,0.9941828846931458,0.9830787777900696,0.9892019033432007,2950.4729855114374,2971.88924813801,2938.6959831728695,2956.9997090532097
2023-09-18,0.9880258440971375,0.9951344728469849,0.9833508133888245,0.9895279407501221,4400.202737461925,4431.861228858233,4379.382347951531,4406.892369968891,0.9880258440971375,0.9951344728469849,0.9833508133888245,0.9895279407501221,2943.33875974302,2964.515435083096,2929.4117970335165,2947.813520525872
2023-09-19,0.9884992837905884,0.9954226016998291,0.9838497042655945,0.9886863231658936,4392.841392201185,4423.6082708239555,4372.178893271089,4393.672585833073,0.9884992837905884,0.9954226016998291,0.9838497042655945,0.9886863231658936,2941.3003611762106,2961.900838891176,2927.465439734751,2941.8569007621877
2023-09-20,0.9866599440574646,0.9940555691719055,0.9798048138618469,0.9866746068000793,4343.47440572977,4376.0314266085625,4313.296751582622,4343.538954055309,0.9866599440574646,0.9940555691719055,0.9798048138618469,0.9866746068000793,2939.261962609401,2961.2935447360683,2918.840515935631,2939.3056429492126
2023-09-21,0.9962661266326904,1.001610279083252,0.990958034992218,0.9976155757904053,4313.83232831955,4336.972508430481,4290.848291516304,4319.675443172455,0.9962661266326904,1.001610279083252,0.990958034992218,0.9976155757904053,2937.2235640425915,2952.9793647147276,2921.5740790006885,2941.202053081373
2023-09-22,0.998062789440155,1.0032918453216553,0.9937523007392883,1.0000313520431519,4311.691134148837,4334.28096930027,4293.06956433177,4320.195442707539,0.998062789440155,1.0032918453216553,0.9937523007392883,1.0000313520431519,2935.185165475782,2950.5632032257245,2922.5085256645416,2940.9744763395483
2023-09-25,0.9965372681617737,1.0016134977340698,0.990727961063385,0.9960920810699463,4322.420608415603,4344.438449611664,4297.223087434768,4320.489636116027,0.9965372681617737,1.0016134977340698,0.990727961063385,0.9960920810699463,2933.1467669089725,2948.0878301624653,2916.048008159035,2931.83643048626
2023-09-26,0.9925548434257507,0.9983639717102051,0.988236129283905,0.9935905933380127,4241.712900025248,4266.538384022712,4223.256745578647,4246.139208347797,0.9925548434257507,0.9983639717102051,0.988236129283905,0.9935905933380127,2933.7141924667458,2950.884349064988,2920.9492827440645,2936.7755791876666
2023-09-27,0.9954041838645935,1.0012234449386597,0.9908095002174377,0.9979547262191772,4254.865137971044,4279.73962762475,4235.22511677444,4265.767456771136,0.9954041838645935,1.0012234449386597,0.9908095002174377,0.9979547262191772,2934.2816180245186,2951.4358063199948,2920.7372749475753,2941.800181506934
2023-09-28,0.9894266724586487,0.9960110783576965,0.9839915633201599,0.9890934824943542,4254.237863570452,4282.548833614587,4230.868524807692,4252.805246680975,0.9894266724586487,0.9960110783576965,0.9839915633201599,0.9890934824943542,2934.849043582292,2954.379785873036,2918.7273588724775,2933.8607315878207
2023-09-29,0.9962229132652283,1.0019636154174805,0.9887778162956238,0.9948176145553589,4271.853663226962,4296.470081090927,4239.928715166449,4265.827672094107,0.9962229132652283,1.0019636154174805,0.9887778162956238,0.9948176145553589,2935.4164691400647,2952.331711118305,2913.479149722976,2931.2756920889815
2023-10-02,1.000967264175415,1.0069462060928345,0.994739830493927,1.0024913549423218,4292.538006017208,4318.178040746451,4265.832341691852,4299.073901621104,1.000967264175415,1.0069462060928345,0.994739830493927,1.0024913549423218,2935.983894697838,2953.521008852453,2917.7179177288413,2940.4542766032664
2023-10-03,1.0154497623443604,1.0193490982055664,1.0086276531219482,1.0121930837631226,4294.793997347355,4311.286043405533,4265.940227496624,4281.020038121938,1.0154497623443604,1.0193490982055664,1.0086276531219482,1.0121930837631226,2945.294223035941,2956.6041783006626,2925.5068149072495,2935.848283938511
2023-10-04,1.0086593627929688,1.0163904428482056,1.0034294128417969,1.0079395771026611,4300.6713581085205,4333.6347506940365,4278.372159004211,4297.602371871471,1.0086593627929688,1.0163904428482056,1.0034294128417969,1.0079395771026611,2954.6045513740437,2977.2507341794953,2939.284776929673,2952.4961269098044
2023-10-05,0.9975556135177612,1.0038172006607056,0.9912053942680359,0.996982216835022,4247.781337925196,4274.444365681409,4220.7408978182075,4245.339705904722,0.9975556135177612,1.0038172006607056,0.9912053942680359,0.996982216835022,2963.9148797121466,2982.519167084298,2945.047250610924,2962.211216340482
2023-10-06,1.010176658630371,1.0150071382522583,1.0030336380004883,1.0117522478103638,4352.346133708954,4373.158255159855,4321.570429325104,4359.134559690952,1.010176658630371,1.0150071382522583,1.0030336380004883,1.0117522478103638,2973.2252080502494,2987.4426260197365,2952.201351661422,2977.8625963995673
2023-10-09,1.0158555507659912,1.0200201272964478,1.0079299211502075,1.0164839029312134,4404.404277234077,4422.460465114116,4370.041441934109,4407.128598582744,1.0158555507659912,1.0200201272964478,1.0079299211502075,1.0164839029312134,2982.5355363883523,2994.762666010009,2959.266015481071,2984.380368225643
2023-10-10,1.0222375392913818,1.0255123376846313,1.014732003211975,1.0225729942321777,4455.156533241272,4469.428890590668,4422.445605678558,4456.618526382446,1.0222375392913818,1.0255123376846313,1.014732003211975,1.0225729942321777,2984.712615302567,2994.2743186261214,2962.7980725864554,2985.6920712070655
2023-10-11,1.0184977054595947,1.022332787513733,1.0101513862609863,1.0199140310287476,4457.913531911373,4474.699494308233,4421.382110095024,4464.112718111276,1.0184977054595947,1.022332787513733,1.0101513862609863,1.0199140310287476,2986.8896942167817,2998.136618979182,2962.412923512897,2991.0432708262147
2023-10-12,1.0077927112579346,1.013645052909851,1.0025010108947754,1.009535789489746,4383.505254814624,4408.960658587217,4360.488421998024,4391.0869653224945,1.0077927112579346,1.013645052909851,1.0025010108947754,1.009535789489746,2989.066773130997,3006.424548972538,2973.371833534598,2994.236662898479
2023-10-13,0.9997569918632507,1.0059088468551636,0.9946855902671814,1.0022696256637573,4326.728314245939,4353.35218924284,4304.780403846502,4337.602440555095,0.9997569918632507,1.0059088468551636,0.9946855902671814,1.0022696256637573,2991.2438520452115,3009.6500233178303,2976.0703659191254,2998.7615793223163
2023-10-16,1.0036497116088867,1.0083163976669312,0.9977032542228699,1.0050712823867798,4389.592488183976,4410.0028463280205,4363.584883766771,4395.809912785292,1.0036497116088867,1.0083163976669312,0.9977032542228699,1.0050712823867798,2993.420930959426,3007.3394879647117,2975.685410490012,2997.6608163219835
2023-10-17,0.9888565540313721,0.9965134859085083,0.9843400120735168,0.990154504776001,4324.467482089996,4357.952776575088,4304.715740799904,4330.143680286407,0.9888565540313721,0.9965134859085083,0.9843400120735168,0.990154504776001,2995.9773583845,3019.175864219417,2982.293414652962,2999.9098104953277
2023-10-18,0.9860200881958008,0.9937379360198975,0.9818169474601746,0.987825334072113,4254.282272529603,4287.58169875145,4236.147401511669,4262.0711863875395,0.9860200881958008,0.9937379360198975,0.9818169474601746,0.987825334072113,2998.5337858095736,3022.004126557535,2985.75183577309,3004.023624015325
2023-10-19,0.9952841401100159,1.000435709953308,0.9903382658958435,0.9939776659011841,4257.825551390648,4279.863967180252,4236.6671015024185,4252.2364547252655,0.9952841401100159,1.000435709953308,0.9903382658958435,0.9939776659011841,3001.0902132346478,3016.623793261141,2986.1768692940905,2997.1507884975717
2023-10-20,1.0003807544708252,1.0060760974884033,0.9938233494758606,1.0027127265930176,4225.768367805481,4249.826407966613,4198.068839921951,4235.618991165161,1.0003807544708252,1.0060760974884033,0.9938233494758606,1.0027127265930176,3003.6466406597215,3020.746927571181,2983.9580097094095,3010.6483949414105
2023-10-23,1.004270076751709,1.0089590549468994,0.9992623925209045,1.0060920715332031,4235.047084465027,4254.820693073273,4213.929479756355,4242.730509338379,1.004270076751709,1.0089590549468994,0.9992623925209045,1.0060920715332031,3006.203068084795,3020.239153559091,2991.2129612926697,3011.6570653998183
2023-10-24,1.0036907196044922,1.008253812789917,0.9992700219154358,1.006853461265564,4263.35699584961,4282.7395555114745,4244.579286689758,4276.791310348511,1.0036907196044922,1.008253812789917,0.9992700219154358,1.006853461265564,3012.5039541893407,3026.1997431369996,2999.235554862299,3021.9966909198474
2023-10-25,1.0003397464752197,1.0063494443893433,0.9963030219078064,1.0018912553787231,4188.192440350056,4213.353663285971,4171.291603032947,4194.6882512819775,1.0003397464752197,1.0063494443893433,0.9963030219078064,1.0018912553787231,3018.8048402938866,3036.940783822858,3006.6228954036837,3023.4869521505416
2023-10-26,1.006117343902588,1.0119494199752808,1.0000832080841064,1.0053478479385376,4162.538858714103,4186.6674988043305,4137.574250981807,4159.355276926755,1.006117343902588,1.0119494199752808,1.0000832080841064,1.0053478479385376,3025.105726398432,3042.641103192416,3006.9628140145246,3022.7920731636514
2023-10-27,1.0051684379577637,1.0142349004745483,1.0012693405151367,1.007310390472412,4138.650371394157,4175.980352166891,4122.596344556809,4147.469582419395,1.0051684379577637,1.0142349004745483,1.0012693405151367,1.007310390472412,3031.406612502978,3058.74942728657,3019.6476382614196,3037.866354742562
2023-10-30,1.0104798078536987,1.0180048942565918,1.0063657760620117,1.0084394216537476,4210.487472960948,4241.843153486251,4193.345043010711,4201.985550935268,1.0104798078536987,1.0180048942565918,1.0063657760620117,1.0084394216537476,3037.7074986075236,3060.3294364395038,3025.3398836131555,3031.5736833531523
2023-10-31,1.0037975311279297,1.0132910013198853,0.9971908926963806,1.0013329982757568,4209.726086044312,4249.539801335335,4182.019165790081,4199.390328168869,1.0037975311279297,1.0132910013198853,0.9971908926963806,1.0013329982757568,3029.486619545987,3058.138155366434,3009.547615804798,3022.0485963714336
2023-11-01,1.0010180473327637,1.0098767280578613,0.9971240162849426,1.0021533966064453,4242.174342069626,4279.716190767288,4225.671983653307,4246.98579334259,1.0010180473327637,1.0098767280578613,0.9971240162849426,1.0021533966064453,3021.2657404844504,3048.0029493209363,3009.5128029340112,3024.6924438023357
2023-11-02,1.0130105018615723,1.0175551176071167,1.0067659616470337,1.0096760988235474,4373.956484727859,4393.579135701656,4346.993933880329,4359.559265978336,1.0130105018615723,1.0175551176071167,1.0067659616470337,1.0096760988235474,3013.044861422914,3026.5621261443466,2994.4714312651927,3003.127189373936
2023-11-03,1.0005862712860107,1.009490966796875,0.9937471747398376,0.9993801712989807,4360.8951695966725,4399.704860229493,4331.088061555624,4355.6385757791995,1.0005862712860107,1.009490966796875,0.9937471747398376,0.9993801712989807,3004.823982361377,3031.565347293639,2984.285742022327,3001.201987666711
2023-11-06,0.9864686131477356,0.9972793459892273,0.9829233288764954,0.9911717176437378,4306.9022356307505,4354.101679002046,4291.4235954082005,4327.435895798206,0.9864686131477356,0.9972793459892273,0.9829233288764954,0.9911717176437378,2996.6031032998408,3029.4429475178827,2985.833566684399,3010.8897590940815
2023-11-07,1.0028868913650513,1.0077625513076782,0.9940348267555237,1.0037496089935303,4391.019907414913,4412.367399394512,4352.26220476985,4394.797213025093,1.0028868913650513,1.0077625513076782,0.9940348267555237,1.0037496089935303,2984.5955189982033,2999.10550306741,2958.2517382638493,2987.162970213579
2023-11-08,1.001283884048462,1.007653832435608,0.9945670962333679,1.003294587135315,4388.4069813299175,4416.325063722134,4358.96877802968,4397.219450604915,1.001283884048462,1.007653832435608,0.9945670962333679,1.003294587135315,2972.5879346965658,2991.4988869469003,2952.64729374833,2978.5572625080454
2023-11-09,0.9854850172996521,0.994063675403595,0.9809010624885559,0.9911105632781982,4284.248289957643,4321.542719265819,4264.320234009624,4308.7045072674755,0.9854850172996521,0.994063675403595,0.9809010624885559,0.9911105632781982,2960.5803503949287,2986.35223547633,2946.8092972560225,2977.4805371983393
2023-11-10,0.9816789031028748,0.990114688873291,0.9784896969795227,0.9849650263786316,4334.347960135937,4371.593978900909,4320.266849691868,4348.856983067989,0.9816789031028748,0.990114688873291,0.9784896969795227,0.9849650263786316,2948.572766093291,2973.910509529181,2938.9936600423707,2958.4429727018837
2023-11-13,0.9799646735191345,0.9876462817192078,0.9753120541572571,0.9797646999359131,4323.163155463338,4357.050954118371,4302.637892517448,4322.280962002277,0.9799646735191345,0.9876462817192078,0.9753120541572571,0.9797646999359131,2936.5651817916537,2959.5839127623267,2922.623128173379,2935.965940331594
2023-11-14,0.9850559234619141,0.9909986257553101,0.9797359108924866,0.9860754013061523,4428.515915107727,4455.232521808147,4404.598734599352,4433.099181652069,0.9850559234619141,0.9909986257553101,0.9797359108924866,0.9860754013061523,2932.619344561019,2950.3114199950023,2916.7810846177863,2935.654441732819
2023-11-15,0.987414538860321,0.9941811561584473,0.9834231734275818,0.9906309843063354,4446.209178743363,4476.678444442749,4428.236539163589,4460.692446613312,0.987414538860321,0.9941811561584473,0.9834231734275818,0.9906309843063354,2928.673507330384,2948.743307840045,2916.8351094327495,2938.213490989515
2023-11-16,0.9941911101341248,0.9998167157173157,0.9905971884727478,0.998550534248352,4482.052130351067,4507.413710465431,4465.84986896038,4501.70546051979,0.9941911101341248,0.9998167157173157,0.9905971884727478,0.998550534248352,2924.7276700997495,2941.2771686242395,2914.1550125693657,2937.5522952675005
2023-11-17,0.9911649823188782,0.9973235130310059,0.9870224595069885,0.9940332174301147,4474.138553487063,4501.938284292221,4455.439122663737,4487.085824143887,0.9911649823188782,0.9973235130310059,0.9870224595069885,0.9940332174301147,2920.7818328691146,2938.9298959484477,2908.574576169119,2929.2339968930064
2023-11-20,0.9932815432548523,0.9989410042762756,0.99057537317276,0.9953470230102539,4516.82862416625,4542.56434402585,4504.522640458345,4526.221145496368,0.9932815432548523,0.9989410042762756,0.99057537317276,0.9953470230102539,2916.8359956384797,2933.4553718216985,2908.8891507994012,2922.9014115718874
2023-11-21,0.9926385283470154,0.9989134073257446,0.9885419011116028,0.9946833848953247,4504.7822429591415,4533.258835991621,4486.190970205665,4514.0621904981135,0.9926385283470154,0.9989134073257446,0.9885419011116028,0.9946833848953247,2913.70430997684,2932.1230408670785,2901.679428722163,2919.7066030250603
2023-11-22,0.9860101342201233,0.9935678243637085,0.9821262955665588,0.9875674247741699,4492.873497790098,4527.311019852162,4475.176320904493,4499.969479074478,0.9860101342201233,0.9935678243637085,0.9821262955665588,0.9875674247741699,2910.5726243152,2932.8819346067967,2899.1080418834354,2915.1695418289305
2023-11-24,0.9843857884407043,0.992199182510376,0.9810178875923157,0.9845529794692993,4488.149500669241,4523.773420786858,4472.794095615149,4488.911781413555,0.9843857884407043,0.992199182510376,0.9810178875923157,0.9845529794692993,2907.44093865356,2930.5182545339326,2897.4936467290777,2907.9347471246097
2023-11-27,0.9833743572235107,0.9910798072814941,0.9781408905982971,0.9826797246932983,4474.776176340581,4509.83928744793,4450.961652805209,4471.615299636126,0.9833743572235107,0.9910798072814941,0.9781408905982971,0.9826797246932983,2904.30925299192,2927.066618727034,2888.8526718504845,2902.2577172058727
2023-11-28,0.9946317076683044,0.999724805355072,0.9912057518959045,0.9944941401481628,4530.438018941283,4553.636518663764,4514.833167253137,4529.811414019466,0.9946317076683044,0.999724805355072,0.9912057518959045,0.9944941401481628,2901.17756733028,2916.0332979923464,2891.1846162138786,2900.7763054357
2023-11-29,0.9923333525657654,0.9981813430786133,0.9891566634178162,0.996085524559021,4515.692307518721,4542.304056186676,4501.236529415846,4532.76686634779,0.9923333525657654,0.9981813430786133,0.9891566634178162,0.996085524559021,2892.878303857071,2909.92653148344,2883.617529652073,2903.816741957094
2023-11-30,0.9891271591186523,0.9943560361862183,0.9831709265708923,0.9895032048225403,4518.13503742218,4542.019502091408,4490.928158390522,4519.852738988399,0.9891271591186523,0.9943560361862183,0.9831709265708923,0.9895032048225403,2884.5790403838623,2899.8279485295893,2867.2089546385373,2885.675697720244
2023-12-01,0.9862773418426514,0.9929428100585938,0.9821968674659729,0.98931884765625,4531.579463150501,4562.204823379517,4512.831193165183,4545.554057006836,0.9862773418426514,0.9929428100585938,0.9821968674659729,0.98931884765625,2876.2797769106533,2895.7182762249918,2864.3798929409827,2885.1497177395336
2023-12-04,0.9846295118331909,0.9917395710945129,0.9820091128349304,0.9864681363105774,4499.540250585079,4532.031657196283,4487.565603650808,4507.94235994935,0.9846295118331909,0.9917395710945129,0.9820091128349304,0.9864681363105774,2867.9805134374446,2888.6903450703517,2860.347943852515,2873.335968569859
2023-12-05,0.9856967329978943,0.9928376078605652,0.9814760088920593,0.9856908321380615,4501.854405013323,4534.468065868617,4482.577598291636,4501.827454724312,0.9856967329978943,0.9928376078605652,0.9814760088920593,0.9856908321380615,2859.6812499642356,2880.398195926929,2847.436179870497,2859.664130522061
2023-12-06,0.9840372204780579,0.9909203052520752,0.9796763062477112,0.9829949140548706,4476.719888609648,4508.033381495476,4456.8806070649625,4471.978082306385,0.9840372204780579,0.9909203052520752,0.9796763062477112,0.9829949140548706,2848.760602469654,2868.6869429775393,2836.1358760958633,2845.743154133061
2023-12-07,0.9819760918617249,0.989008903503418,0.9780266880989075,0.9826070070266724,4502.939747080207,4535.189337816239,4484.8294006794695,4505.832865351439,0.9819760918617249,0.989008903503418,0.9780266880989075,0.9826070070266724,2837.839954975072,2858.164272479353,2826.426463455942,2839.6632542163943
2023-12-08,0.9884088039398193,0.993313193321228,0.9843114018440247,0.9886193871498108,4550.999844596386,4573.581467932462,4532.133889308571,4551.969447610974,0.9884088039398193,0.993313193321228,0.9843114018440247,0.9886193871498108,2826.91930748049,2840.946209080762,2815.2004467733177,2827.521590402074
2023-12-11,0.9871519207954407,0.992739737033844,0.9835730195045471,0.9891903400421143,4563.050524761677,4588.879870054721,4546.5072682785985,4572.47299542427,0.9871519207954407,0.992739737033844,0.9835730195045471,0.9891903400421143,2815.998659985908,2831.9387424677534,2805.789308185977,2821.813556098856
2023-12-12,0.9809058308601379,0.9879360198974609,0.9758053421974182,0.9824392795562744,4555.032406765223,4587.678495597839,4531.347267562151,4562.153282475471,0.9809058308601379,0.9879360198974609,0.9758053421974182,0.9824392795562744,2805.0780124913263,2825.1821122650626,2790.4922406968913,2809.46318697545
2023-12-13,0.9911256432533264,0.995765745639801,0.9868648648262024,0.9933595657348633,4665.3176041013,4687.1589836436515,4645.261736574769,4675.832878274918,0.9911256432533264,0.995765745639801,0.9868648648262024,0.9933595657348633,2796.453758441982,2809.5457734115676,2784.4320032512787,2802.756754396214
2023-12-14,0.9922681450843811,0.9974412322044373,0.9887563586235046,0.9961698055267334,4683.059124132991,4707.473767450452,4666.485072341561,4701.473205673695,0.9922681450843811,0.9974412322044373,0.9887563586235046,0.9961698055267334,2787.8295043926373,2802.3635645391105,2777.962955761344,2798.791424465549
2023-12-15,0.9916595220565796,0.9966648817062378,0.9873488545417786,0.9950399398803711,4679.82969989419,4703.45094309926,4659.486840865015,4695.7825338840485,0.9916595220565796,0.9966648817062378,0.9873488545417786,0.9950399398803711,2779.2052503432933,2793.233171730401,2767.1242593144634,2788.679142092703
2023-12-18,0.9955491423606873,0.9998961687088013,0.9924610257148743,0.9994144439697266,4719.46044230938,4740.067781534195,4704.821040062905,4737.784136505127,0.9955491423606873,0.9998961687088013,0.9924610257148743,0.9994144439697266,2770.580996293949,2782.678629728613,2761.9868677580735,2781.3380053930227
2023-12-19,0.9846274256706238,0.9914767742156982,0.9817844033241272,0.9871300458908081,4695.067877745032,4727.728105866909,4681.5112952786685,4707.001296924353,0.9846274256706238,0.9914767742156982,0.9817844033241272,0.9871300458908081,2761.9567422446044,2781.1696992482825,2753.9818427714254,2768.9767871978597
2023-12-20,0.9912407994270325,0.9961975812911987,0.9883738160133362,0.9939099550247192,4657.196209987998,4680.484906059504,4643.726118466258,4669.73683719039,0.9912407994270325,0.9961975812911987,0.9883738160133362,0.9939099550247192,2760.013470501736,2773.8151468687147,2752.030634397652,2767.445474318305
2023-12-21,0.9897217750549316,0.994848370552063,0.9870539307594299,0.9919471144676208,4697.961835741997,4722.296502918005,4685.298245832324,4708.524965599179,0.9897217750549316,0.994848370552063,0.9870539307594299,0.9919471144676208,2758.0701987588673,2772.3565473248013,2750.63568329017,2764.2715802692633
2023-12-22,0.9923949837684631,0.9968311190605164,0.9888315796852112,0.9955540299415588,4718.470961675048,4739.563143618703,4701.528293718696,4733.491057381034,0.9923949837684631,0.9968311190605164,0.9888315796852112,0.9955540299415588,2756.1269270159983,2768.447174629389,2746.2304703567806,2764.9003815011197
2023-12-26,0.9909550547599792,0.9959403276443481,0.9883415102958679,0.9938142895698547,4731.562647715211,4755.366079419851,4719.083626285195,4745.214779123664,0.9909550547599792,0.9959403276443481,0.9883415102958679,0.9938142895698547,2754.1836552731297,2768.0393362439795,2746.9197724049723,2762.130390841126
2023-12-27,0.9964820742607117,1.0005751848220825,0.9948360323905945,1.0009257793426514,4764.758756643534,4784.330292241573,4756.888075758218,4786.006687989235,0.9964820742607117,1.0005751848220825,0.9948360323905945,1.0009257793426514,2752.240383530261,2763.545377841992,2747.694087089074,2764.513704741871
2023-12-28,0.9878165125846863,0.9942595958709717,0.9856815934181213,0.9910709261894226,4725.0721154719595,4755.891637909413,4714.860049876571,4740.639114788175,0.9878165125846863,0.9942595958709717,0.9856815934181213,0.9910709261894226,2747.51706373353,2765.437883082668,2741.578990452612,2756.5689036223603
2023-12-29,0.9902724623680115,0.9954811334609985,0.9864045977592468,0.9920656681060791,4723.431299176812,4748.275774816275,4704.982242529988,4731.984585702419,0.9902724623680115,0.9954811334609985,0.9864045977592468,0.9920656681060791,2742.793743936799,2757.2203901689954,2732.080778309192,2747.7604512490498
2024-01-02,0.9923637509346008,0.9975231885910034,0.990382730960846,0.9947261810302734,4706.612568845153,4731.082904545068,4697.216927883029,4717.817173175812,0.9923637509346008,0.9975231885910034,0.990382730960846,0.9947261810302734,2738.070424140068,2752.306034458246,2732.604512880552,2744.588699286624
2024-01-03,0.9926009774208069,0.9981826543807983,0.9898017048835754,0.996317982673645,4669.9990045791865,4696.259734157325,4656.828959153295,4687.486808062792,0.9926009774208069,0.9981826543807983,0.9898017048835754,0.996317982673645,2733.347104343337,2748.7174907352746,2725.638686098786,2743.5827033159208
2024-01-04,0.9914191365242004,0.9965903759002686,0.9878185391426086,0.9928053617477417,4648.447077038289,4672.693363676071,4631.565028107167,4654.946643519402,0.9914191365242004,0.9965903759002686,0.9878185391426086,0.9928053617477417,2728.6237845466057,2742.856278390322,2718.7140750281555,2732.439009587504
2024-01-05,0.9916002750396729,0.9967464208602905,0.9890931248664856,0.9933741688728333,4657.784475927353,4681.957157921791,4646.00778984785,4666.116880996227,0.9916002750396729,0.9967464208602905,0.9890931248664856,0.9933741688728333,2724.3451519609407,2738.4837900498856,2717.4569505440063,2729.2187882296184
2024-01-08,0.9883463978767395,0.9945290088653564,0.9851208329200745,0.9904810190200806,4708.027600141763,4737.47871489048,4692.662492448091,4718.195953342914,0.9883463978767395,0.9945290088653564,0.9851208329200745,0.9904810190200806,2720.066519375276,2737.081923274746,2711.189316743139,2725.941293155022
2024-01-09,0.993012547492981,0.9976402521133423,0.9890119433403015,0.9945390224456787,4723.264182150364,4745.275859177113,4704.235308498144,4730.524860262871,0.993012547492981,0.9976402521133423,0.9890119433403015,0.9945390224456787,2715.787886789611,2728.4441862325007,2704.8466430710732,2719.9626398644746
2024-01-10,0.9911180734634399,0.9963389039039612,0.9863757491111755,0.9944722652435303,4740.963748508691,4765.937329879403,4718.279077085853,4757.008357179165,0.9911180734634399,0.9963389039039612,0.9863757491111755,0.9944722652435303,2711.5092542039465,2725.7924465229344,2698.535162910599,2720.6856806011647
2024-01-11,0.9921597242355347,0.9971328973770142,0.9872369170188904,0.9949376583099365,4742.761600179672,4766.534561357498,4719.22940021038,4756.040791759491,0.9921597242355347,0.9971328973770142,0.9872369170188904,0.9949376583099365,2707.2306216182815,2720.800540136791,2693.7981327602083,2714.8105586055967
2024-01-12,0.9925678372383118,0.9977940320968628,0.9883676171302795,0.9962502121925354,4748.275796815753,4773.277024565935,4728.182657856345,4765.891652593016,0.9925678372383118,0.9977940320968628,0.9883676171302795,0.9962502121925354,2700.83362306828,2715.0543969691894,2689.404584904375,2710.853575071544
2024-01-16,0.9943867325782776,0.9992485046386719,0.9905481934547424,0.9986300468444824,4739.227279733419,4762.398388137817,4720.932879041433,4759.4508306598655,0.9943867325782776,0.9992485046386719,0.9905481934547424,0.9986300468444824,2694.436624518278,2707.610308629711,2684.0355400505855,2705.934506573239
2024-01-17,0.9912043809890747,0.9965745210647583,0.9872733950614929,0.9944382905960083,4697.525714427233,4722.975935975313,4678.8959466093775,4712.851891175508,0.9912043809890747,0.9965745210647583,0.9872733950614929,0.9944382905960083,2688.039625968277,2702.602868017342,2677.3792151134344,2696.8096408481174
2024-01-18,0.9917928576469421,0.9968835711479187,0.9872520565986633,0.9952796697616577,4741.702144838571,4766.04054064393,4719.992847474813,4758.372384350299,0.9917928576469421,0.9968835711479187,0.9872520565986633,0.9952796697616577,2681.6426274182754,2695.407068473619,2669.3650580046583,2691.0703863787544
2024-01-19,0.9881853461265564,0.9937808513641357,0.9850743412971497,0.9906259775161743,4782.629320036769,4809.710502240659,4767.572647753358,4794.441512242556,0.9881853461265564,0.9937808513641357,0.9850743412971497,0.9906259775161743,2675.245628868274,2690.3939519908745,2666.8234213301016,2681.85298090233
2024-01-22,0.991621196269989,0.9966050386428833,0.9881394505500793,0.9949463605880737,4809.789199023843,4833.962977584601,4792.901235131621,4825.917675787211,0.991621196269989,0.9966050386428833,0.9881394505500793,0.9949463605880737,2674.3047365082007,2687.7456687048666,2664.9148110960614,2683.2723772958034
2024-01-23,0.9942435622215271,0.998217761516571,0.9893166422843933,0.9973353147506714,4836.597232782841,4855.9301226735115,4812.62973805666,4851.637372136116,0.9942435622215271,0.998217761516571,0.9893166422843933,0.9973353147506714,2673.363844148127,2684.0498381122925,2660.1161349112517,2681.6770781890896
2024-01-24,0.9948269724845886,0.9990968704223633,0.9908183217048645,0.9994068145751953,4843.364856889844,4864.153068494797,4823.848540136219,4865.662047100067,0.9948269724845886,0.9990968704223633,0.9908183217048645,0.9994068145751953,2672.422951788054,2683.8932612652916,2661.654435608117,2684.7258702422396
2024-01-25,0.9935977458953857,0.9983918070793152,0.9899445176124573,0.9981780648231506,4862.826344051361,4886.289246535301,4844.946860318184,4885.243157734871,0.9935977458953857,0.9983918070793152,0.9899445176124573,0.9981780648231506,2671.4820594279804,2684.3718314686025,2661.6596399859523,2683.7971435679465
2024-01-26,0.9982414841651917,1.002052664756775,0.9951005578041077,1.0021686553955078,4882.369151807427,4901.009521745444,4867.006975203157,4901.576828479767,0.9982414841651917,1.002052664756775,0.9951005578041077,1.0021686553955078,2670.5411670679073,2680.737011286368,2662.1384175498206,2681.047314735628
2024-01-29,0.9907514452934265,0.9963839054107666,0.9876384139060974,0.9948309659957886,4882.353769804836,4910.110138990879,4867.012969040275,4902.457362259626,0.9907514452934265,0.9963839054107666,0.9876384139060974,0.9948309659957886,2666.1925562876922,2681.3499636372135,2657.8151361468326,2677.170877623007
2024-01-30,0.9890179634094238,0.9945903420448303,0.9859508872032166,0.9899939298629761,4870.8837992525105,4898.3275968605285,4855.778540949225,4875.690404757262,0.9890179634094238,0.9945903420448303,0.9859508872032166,0.9899939298629761,2661.843945507477,2676.8414509942318,2653.5892135087183,2664.4706626061748
2024-01-31,0.9882402420043945,0.994330108165741,0.9860108494758606,0.9895763397216797,4788.666328668594,4818.175688633322,4777.863472762703,4795.140590572357,0.9882402420043945,0.994330108165741,0.9860108494758606,0.9895763397216797,2657.4953347272626,2673.871707824625,2651.5002335443373,2661.0882601106928
2024-02-01,0.9897864460945129,0.9955682158470154,0.9865577816963196,0.9926024079322815,4856.080363964438,4884.446824906468,4840.239922980666,4869.89600777328,0.9897864460945129,0.9955682158470154,0.9865577816963196,0.9926024079322815,2653.1467239470476,2668.644898869523,2644.4922102339215,2660.694978375177
2024-02-02,0.991858184337616,0.9963964223861694,0.9881154894828796,0.9941409826278687,4918.237911438346,4940.741264008283,4899.679347304702,4929.5574178683755,0.991858184337616,0.9963964223861694,0.9881154894828796,0.9941409826278687,2648.7981131668325,2660.9176647014488,2638.803092481486,2654.8944199770644
2024-02-05,0.9962838292121887,1.0000200271606445,0.9931243062019348,1.0002362728118896,4924.4416738682985,4942.908990449906,4908.824751937986,4943.9778516173365,0.9962838292121887,1.0000200271606445,0.9931243062019348,1.0002362728118896,2646.570701089633,2656.4956960899767,2638.1776099009817,2657.0701402273226
2024-02-06,0.9941089749336243,0.9987010359764099,0.9918962121009827,0.998155951499939,4925.044506885409,4947.794633465409,4914.0819708770505,4945.094159599542,0.9941089749336243,0.9987010359764099,0.9918962121009827,0.998155951499939,2644.343289012434,2656.558233356978,2638.4573100159537,2655.108301293547
2024-02-07,0.9920030236244202,0.9976378679275513,0.9894641041755676,0.9959884881973267,4955.114623185396,4983.2610085701945,4942.432568203211,4975.022257854939,0.9920030236244202,0.9976378679275513,0.9894641041755676,0.9959884881973267,2642.1158769352346,2657.123806591503,2635.3536804234095,2652.7308236382864
2024-02-08,0.9896390438079834,0.9953548312187195,0.9856138825416565,0.9903520345687866,4946.126873438358,4974.69386449635,4926.00947969377,4949.690337091684,0.9896390438079834,0.9953548312187195,0.9856138825416565,0.9903520345687866,2639.8884648580356,2655.135479764726,2629.151240147011,2641.7903866716215
2024-02-09,0.9957954287528992,1.0002365112304688,0.9935340285301208,0.997713565826416,5005.4752601236105,5027.798849716186,4994.10808314979,5015.11698711872,0.9957954287528992,1.0002365112304688,0.9935340285301208,0.997713565826416,2637.661052780836,2649.4245836678406,2631.6710601376262,2642.7418106419627
2024-02-12,0.994652271270752,0.9998266696929932,0.9920173287391663,0.9977530241012573,4994.984561958313,5020.969562931061,4981.752302155495,5010.556046552658,0.994652271270752,0.9998266696929932,0.9920173287391663,0.9977530241012573,2634.0734900352877,2647.776515810811,2627.095541589698,2642.2850138671806
2024-02-13,0.9895970225334167,0.9951649904251099,0.9859599471092224,0.9908043146133423,4901.642284101844,4929.221375623942,4883.627231222988,4907.622207013369,0.9895970225334167,0.9951649904251099,0.9859599471092224,0.9908043146133423,2630.4859272897397,2645.286357009308,2620.818077142675,2633.695076826429
2024-02-14,0.9872940182685852,0.9931424856185913,0.9841185212135315,0.9887388944625854,4937.082213634252,4966.32817643404,4921.20275955081,4944.307490427494,0.9872940182685852,0.9931424856185913,0.9841185212135315,0.9887388944625854,2626.8983645441913,2642.4594122488697,2618.449302900767,2630.7427541999136
2024-02-15,0.9902614951133728,0.9956550598144531,0.9875805974006653,0.9929591417312622,4980.747949816584,5007.876124000549,4967.263758164047,4994.316383939981,0.9902614951133728,0.9956550598144531,0.9875805974006653,0.9929591417312622,2623.3108017986433,2637.59894347674,2616.2088110992495,2630.4571621762475
2024-02-16,0.993199348449707,0.9972615242004395,0.9900285601615906,0.9953223466873169,4971.5288626194,4991.862367691993,4955.657259888053,4982.155678907632,0.993199348449707,0.9972615242004395,0.9900285601615906,0.9953223466873169,2619.723239053095,2630.4378818203527,2611.359774278916,2625.3229888195606
2024-02-20,0.9961495399475098,1.0000064373016357,0.9934924244880676,1.0002856254577637,4956.3519975042345,4975.542028858662,4943.131492964626,4976.931132321358,0.9961495399475098,1.0000064373016357,0.9934924244880676,1.0002856254577637,2614.743033938551,2624.8668106255814,2607.76850465421,2625.599637633093
2024-02-21,0.9929069876670837,0.998117208480835,0.9910518527030945,0.9967336654663086,4946.464031159878,4972.420309209824,4937.222119796276,4965.527774620056,0.9929069876670837,0.998117208480835,0.9910518527030945,0.9967336654663086,2609.762828824007,2623.4574052330636,2604.8867806829358,2619.82089227038
2024-02-22,0.99275141954422,0.9978291392326355,0.9893403649330139,0.9957529902458191,5050.156253764033,5075.986766150593,5032.80411662519,5065.425333970189,0.99275141954422,0.9978291392326355,0.9893403649330139,0.9957529902458191,2604.782623709463,2618.1055520398245,2595.8326936414983,2612.658149297682
2024-02-23,0.9955779910087585,0.9999536275863647,0.9944664835929871,0.9984230995178223,5066.297280645371,5088.5640200614935,5060.641041707992,5080.775468826294,0.9955779910087585,0.9999536275863647,0.9944664835929871,0.9984230995178223,2599.8024185949193,2611.2287364324866,2596.899883892559,2607.231992219316
2024-02-26,0.9904947876930237,0.996299684047699,0.9889078736305237,0.9930970668792725,5021.343041053414,5050.771137270332,5013.298132606148,5034.535373456478,0.9904947876930237,0.996299684047699,0.9889078736305237,0.9930970668792725,2594.8222134803755,2610.0294353610134,2590.664937832464,2601.6394647390953
2024-02-27,0.9920206665992737,0.9970913529396057,0.9876683354377747,0.9935332536697388,5037.6595087111,5063.409366670847,5015.5575876533985,5045.340698120594,0.9920206665992737,0.9970913529396057,0.9876683354377747,0.9935332536697388,2591.4412393931893,2604.6873199808147,2580.0717076493906,2595.3925487202555
2024-02-28,0.9913730621337891,0.9965843558311462,0.9891495108604431,0.9938275814056396,5026.023495483399,5052.443503818512,5014.75062417984,5038.467319107056,0.9913730621337891,0.9965843558311462,0.9891495108604431,0.9938275814056396,2588.060265306003,2601.6647726949177,2582.2555032863143,2594.467988130579
2024-02-29,0.9907546043395996,0.996086835861206,0.987737238407135,0.9927787184715271,5049.152967457771,5076.327458994389,5033.775655977131,5059.46839958489,0.9907546043395996,0.996086835861206,0.987737238407135,0.9927787184715271,2584.6792912188175,2598.5900097050235,2576.8075909960676,2589.959797468237
2024-03-01,0.99637770652771,1.0003652572631836,0.9940171837806702,0.9993051886558533,5118.4719886493685,5138.956355781555,5106.345794456005,5133.510698540211,0.99637770652771,1.0003652572631836,0.9940171837806702,0.9993051886558533,2581.2983171316314,2591.628795157706,2575.1829520902766,2588.8824939365736
2024-03-04,0.993485152721405,0.9981505870819092,0.9911336302757263,0.9975696802139282,5097.522644355893,5121.460754787921,5085.457100263237,5118.480150693655,0.993485152721405,0.9981505870819092,0.9911336302757263,0.9975696802139282,2577.9173430444453,2590.0233157586163,2571.8155603669006,2588.515965713616
2024-03-05,0.992626965045929,0.9976326823234558,0.9899200797080994,0.9956722259521484,5041.204936030506,5066.627222082018,5027.457612809539,5056.6707503318785,0.992626965045929,0.9976326823234558,0.9899200797080994,0.9956722259521484,2576.276513711412,2589.268415312408,2569.251029449217,2584.180222181042
2024-03-06,0.9970064163208008,1.0014688968658447,0.9955204129219055,0.9997084736824036,5089.478473777771,5112.25836596489,5081.892783067226,5103.271828114986,0.9970064163208008,1.0014688968658447,0.9955204129219055,0.9997084736824036,2574.6356843783788,2586.1594433673254,2570.7982794075842,2581.613386016541
2024-03-07,0.9935570359230042,0.9980359077453613,0.9906895756721497,0.9960095882415771,5124.1313147878645,5147.230469169616,5109.342789988517,5136.78001001358,0.9935570359230042,0.9980359077453613,0.9906895756721497,0.9960095882415771,2572.9948550453455,2584.5937001429766,2565.5690503801493,2579.3461809071323
2024-03-08,0.9947652220726013,0.9989686608314514,0.9926095604896545,0.9972540140151978,5096.868620681166,5118.4057378154985,5085.823678985238,5109.620419069528,0.9947652220726013,0.9989686608314514,0.9926095604896545,0.9972540140151978,2571.3540257123123,2582.2194328803316,2565.7818877179475,2577.787267485102
2024-03-11,0.9968175292015076,1.0011723041534424,0.99598628282547,1.0006070137023926,5101.652305401563,5123.939782319068,5097.398036323785,5121.046659708023,0.9968175292015076,1.0011723041534424,0.99598628282547,1.0006070137023926,2569.713196379279,2580.9394462529276,2567.570311930149,2579.4821741953087
2024-03-12,0.9909111857414246,0.996658205986023,0.98880535364151,0.9936914443969727,5128.232932232023,5157.975313693285,5117.334682540298,5142.621521444321,0.9909111857414246,0.996658205986023,0.98880535364151,0.9936914443969727,2568.918444268239,2583.817485189737,2563.4591145121067,2576.126212071092
2024-03-13,0.9887078404426575,0.99424809217453,0.9849665760993958,0.9893325567245483,5106.982495316864,5135.599612990022,5087.65770519197,5110.209348574877,0.9887078404426575,0.99424809217453,0.9849665760993958,0.9893325567245483,2568.123692157199,2582.514244301265,2558.405928015416,2569.746364314509
2024-03-14,0.9961900115013123,1.0002037286758423,0.9943414330482483,0.9978970289230347,5130.856730437278,5151.529300470352,5121.335664086341,5139.648689527511,0.9961900115013123,1.0002037286758423,0.9943414330482483,0.9978970289230347,2567.3289400461595,2577.6728826076815,2562.564880071954,2571.728176313693
2024-03-15,0.9950786828994751,0.9996930360794067,0.9930549263954163,0.9976686835289001,5091.907177478075,5115.519237991572,5081.55143330872,5105.1604437989,0.9950786828994751,0.9996930360794067,0.9930549263954163,0.9976686835289001,2566.5341879351195,2578.435654015162,2561.3144597417786,2573.214388482501
2024-03-18,0.9984536170959473,1.0022178888320923,0.994053304195404,1.001287817955017,5141.457024946213,5160.840841109753,5118.797965689898,5156.051515533924,0.9984536170959473,1.0022178888320923,0.994053304195404,1.001287817955017,2565.7394358240795,2575.4125345792086,2554.4318936953555,2573.022519172821
2024-03-19,0.997724711894989,1.0015869140625,0.9956458210945129,1.0009006261825562,5166.72739779532,5186.727850341797,5155.961840996147,5183.173901692629,0.997724711894989,1.0015869140625,0.9956458210945129,1.0009006261825562,2564.279076785931,2574.2054262993706,2558.936063709249,2572.441579388283
2024-03-20,0.9943894743919373,0.9991201162338257,0.9921124577522278,0.9973171353340149,5195.307135697603,5220.02294167757,5183.410589021444,5210.6030516088,0.9943894743919373,0.9991201162338257,0.9921124577522278,0.9973171353340149,2562.818717747782,2575.010899756513,2556.950211478205,2570.364115657553
2024-03-21,0.9944857954978943,0.9989911317825317,0.9924281239509583,0.9963500499725342,5212.627131676078,5236.241986972093,5201.841784532666,5222.398677432537,0.9944857954978943,0.9989911317825317,0.9924281239509583,0.9963500499725342,2561.3583587096336,2572.9621250014147,2556.058701097546,2566.1598589452306
2024-03-22,0.9945243000984192,0.9991846084594727,0.992983877658844,0.9970015287399292,5205.519201089144,5229.912093906403,5197.456352764369,5218.485461699963,0.9945243000984192,0.9991846084594727,0.992983877658844,0.9970015287399292,2559.8979996714847,2571.8935980194915,2555.9329640043547,2566.274367391713
2024-03-25,0.9971541166305542,1.0015475749969482,0.9938231110572815,0.9996014833450317,5203.339639860391,5226.265540373325,5185.957819887995,5216.110464376211,0.9971541166305542,1.0015475749969482,0.9938231110572815,0.9996014833450317,2558.4376406333363,2569.7101100236446,2549.891148273041,2564.7169459265942
2024-03-26,0.9978924989700317,1.0017374753952026,0.9946797490119934,1.0011258125305176,5192.613449790478,5212.6210922169685,5175.8956483638285,5209.43825556755,0.9978924989700317,1.0017374753952026,0.9946797490119934,1.0011258125305176,2556.222105165133,2566.071476457136,2547.992258293268,2564.504628187177
2024-03-27,0.9964743256568909,1.0004420280456543,0.994915783405304,0.9999223947525024,5229.985533466935,5250.809979777336,5221.805540044904,5248.082689634562,0.9964743256568909,1.0004420280456543,0.994915783405304,0.9999223947525024,2554.00656969693,2564.1759616286527,2550.011958850254,2562.8441191412226
2024-03-28,0.9937047958374023,0.9984309673309326,0.9928770661354065,0.9957832098007202,5221.272794008255,5246.1057531952865,5216.923612448573,5232.193508416414,0.9937047958374023,0.9984309673309326,0.9928770661354065,0.9957832098007202,2551.791034228727,2563.927638674975,2549.6654600731367,2557.1283115964393
2024-04-01,0.9940000176429749,0.9986704587936401,0.9922993779182434,0.996751606464386,5212.307472515703,5236.798191708327,5203.389708946348,5226.736171429754,0.9940000176429749,0.9986704587936401,0.9922993779182434,0.996751606464386,2549.5754987605237,2561.5550179906895,2545.2134169723604,2556.6332284559094
2024-04-02,0.9956701397895813,0.9997012615203857,0.993030846118927,0.9985921382904053,5183.2695704180005,5204.25482423544,5169.5299090343715,5198.480939433575,0.9956701397895813,0.9997012615203857,0.993030846118927,0.9985921382904053,2547.3599632923206,2557.6733368623854,2540.6074950206335,2554.8357142427026
2024-04-03,0.9937193989753723,0.9981591701507568,0.9921980500221252,0.9958215951919556,5178.758710566163,5201.896533648967,5170.830215709805,5189.714285126925,0.9937193989753723,0.9981591701507568,0.9921980500221252,0.9958215951919556,2544.082251515136,2555.4487832138534,2540.18735233705,2549.4642135552513
2024-04-04,0.9960227012634277,0.9999709725379944,0.9939200282096863,0.9983847737312317,5126.738008170128,5147.06058955729,5115.915108401179,5138.8960911971335,0.9960227012634277,0.9999709725379944,0.9939200282096863,0.9983847737312317,2540.8045397379506,2550.876384050144,2535.4407250038544,2546.830069519324
2024-04-05,0.9958017468452454,1.000119686126709,0.9943442940711975,0.9998140335083008,5182.490863176585,5204.962887296677,5174.905783406496,5203.37216714859,0.9958017468452454,1.000119686126709,0.9943442940711975,0.9998140335083008,2537.526827960766,2548.529908446346,2533.8129104803547,2547.751036826865
2024-04-08,0.9960095286369324,1.0002431869506836,0.9940229058265686,0.9999200701713562,5181.630011685491,5203.655153360367,5171.294825043083,5201.974173858762,0.9960095286369324,1.0002431869506836,0.9940229058265686,0.9999200701713562,2534.2491161835806,2545.0212469025814,2529.194348175242,2544.1991077674716
2024-04-09,0.9935664534568787,0.9983161687850952,0.9910188317298889,0.9957009553909302,5176.391801529527,5201.137390915155,5163.118921617865,5187.512364500761,0.9935664534568787,0.9983161687850952,0.9910188317298889,0.9957009553909302,2530.971404406396,2543.0706390705304,2524.4816948174484,2536.4087491747687
2024-04-10,0.9913876056671143,0.9965043663978577,0.9883858561515808,0.9923626184463501,5116.194533309937,5142.60029340744,5100.703584690094,5121.226223258973,0.9913876056671143,0.9965043663978577,0.9883858561515808,0.9923626184463501,2528.3881481537032,2541.437693169796,2520.732627895616,2530.8747747175485
2024-04-11,0.9934118986129761,0.9985086917877197,0.9909871220588684,0.9953004717826843,5164.80806560278,5191.306599125863,5152.201506811381,5174.626870826483,0.9934118986129761,0.9985086917877197,0.9909871220588684,0.9953004717826843,2525.8048919010107,2538.763771447098,2519.639762924115,2530.606694010913
2024-04-12,0.9960440993309021,1.0004487037658691,0.9931016564369202,0.9967055320739746,5103.142298952937,5125.708893361091,5088.066957605481,5106.531090083122,0.9960440993309021,1.0004487037658691,0.9931016564369202,0.9967055320739746,2523.2216356483177,2534.3795685292484,2515.7677130993643,2524.89720544384
2024-04-15,0.9988796710968018,1.002764344215393,0.993960440158844,1.0025815963745117,5056.149096751213,5075.812612836361,5031.248835204839,5074.88757616043,0.9988796710968018,1.002764344215393,0.993960440158844,1.0025815963745117,2520.638379395625,2530.4412179531223,2508.224869882801,2529.9800600831545
2024-04-16,0.9948967099189758,0.9993550181388855,0.9913842082023621,0.9977153539657593,5025.631189451814,5048.151932176947,5007.888103155494,5039.869316176176,0.9948967099189758,0.9993550181388855,0.9913842082023621,0.9977153539657593,2518.0551231429326,2529.338973759554,2509.1650817402547,2525.189030624542
2024-04-17,0.9924800992012024,0.9975694417953491,0.9899559617042542,0.9948703050613403,4984.443479009271,5010.00322627902,4971.766730430722,4996.447594782114,0.9924800992012024,0.9975694417953491,0.9899559617042542,0.9948703050613403,2515.5305566114926,2528.429955621049,2509.132901879904,2521.5887494987937
2024-04-18,0.9926422238349915,0.9975110292434692,0.9892116189002991,0.9933450818061829,4974.249300704002,4998.647468862533,4957.058127703666,4977.771406340599,0.9926422238349915,0.9975110292434692,0.9892116189002991,0.9933450818061829,2513.005990080053,2525.3320194008375,2504.3209567987033,2514.7853686409967
2024-04-19,0.994729220867157,0.9996572732925415,0.9902470707893372,0.9979085326194763,4941.048827767968,4965.5275976169105,4918.784957436918,4956.841200483441,0.994729220867157,0.9996572732925415,0.9902470707893372,0.9979085326194763,2510.481423548613,2522.9187620812204,2499.169446106034,2518.505318822253
2024-04-22,0.9949406385421753,0.9994956254959106,0.9896276593208313,0.9959549903869629,4985.249563479424,5008.07278110981,4958.628349792958,4990.332074832917,0.9949406385421753,0.9994956254959106,0.9896276593208313,0.9959549903869629,2507.956857017173,2519.438658364621,2494.564376950339,2510.5137438966663
2024-04-23,0.9949870705604553,1.0003266334533691,0.9905105233192444,0.9985222816467285,5045.131690630317,5072.206211256981,5022.433134016394,5063.057155203819,0.9949870705604553,1.0003266334533691,0.9905105233192444,0.9985222816467285,2505.432290485733,2518.8776041835786,2494.1600977710104,2514.334146872915
2024-04-24,0.9920397996902466,0.998090386390686,0.988091766834259,0.9938452839851379,5031.258809303045,5061.945146330595,5011.235847429633,5040.415557617545,0.9920397996902466,0.998090386390686,0.988091766834259,0.9938452839851379,2504.340051357822,2519.614364558618,2494.37349879772,2508.8978792123153
2024-04-25,0.9871618151664734,0.9950530529022217,0.9825602173805237,0.9907275438308716,4983.607450922727,5023.445733332634,4960.376652628183,5001.608746826649,0.9871618151664734,0.9950530529022217,0.9825602173805237,0.9907275438308716,2503.2478122299112,2523.2584359131893,2491.579067133143,2512.2897973847516
2024-04-26,0.9901224970817566,0.9962358474731445,0.9839912056922913,0.9908276200294495,5049.585130217075,5080.762972679138,5018.315789382458,5053.181229045391,0.9901224970817566,0.9962358474731445,0.9839912056922913,0.9908276200294495,2502.1555731020007,2517.6047259060438,2486.6610812934823,2503.9375014174284
2024-04-29,0.9884194731712341,0.9950516819953918,0.981954038143158,0.9907664060592651,5056.922056054473,5090.853563874364,5023.843791326881,5068.92936368823,0.9884194731712341,0.9950516819953918,0.981954038143158,0.9907664060592651,2501.06333397409,2517.8452517363335,2484.703415006658,2507.0019338832153
2024-04-30,0.997820258140564,1.0024861097335815,0.991359531879425,1.000274658203125,5024.713495715856,5048.2092779242985,4992.179281089901,5037.073093566894,0.997820258140564,1.0024861097335815,0.991359531879425,1.000274658203125,2499.971094846179,2511.661070089939,2483.7841826515323,2506.12042801669
2024-05-01,1.0037422180175781,1.0069941282272339,0.9973902106285095,1.0065655708312988,5037.169909477234,5053.489263154269,5005.293059116007,5051.338595004082,1.0037422180175781,1.0069941282272339,0.9973902106285095,1.0065655708312988,2498.4584954623606,2506.552966875391,2482.647437065512,2505.4862259857014
2024-05-02,0.9970163106918335,1.0018267631530762,0.9913361668586731,1.0007156133651733,5049.090000605583,5073.4510939598085,5020.324616205692,5067.8240092039105,0.9970163106918335,1.0018267631530762,0.9913361668586731,1.0007156133651733,2496.945896078543,2508.9932812642937,2482.7204399037046,2506.2104973989954
2024-05-03,0.9984314441680908,1.0022221803665161,0.9923579096794128,1.0010277032852173,5119.746775090694,5139.184874261618,5088.602965674996,5133.059846628904,0.9984314441680908,1.0022221803665161,0.9923579096794128,1.0010277032852173,2495.4332966947245,2504.9076871336374,2480.253385965552,2501.922266453808
2024-05-06,0.9989321827888489,1.0034770965576172,0.9941233992576599,1.0039054155349731,5175.2079166615,5198.753933219909,5150.294859470128,5200.9729424786565,0.9989321827888489,1.0034770965576172,0.9941233992576599,1.0039054155349731,2493.9206973109067,2505.2674681034746,2481.915152806536,2506.336803520917
2024-05-07,0.996974766254425,1.0009419918060303,0.9918563961982727,0.998975396156311,5172.005994898081,5192.586770892143,5145.4534265577795,5182.384662640095,0.996974766254425,1.0009419918060303,0.9918563961982727,0.998975396156311,2492.4080979270884,2502.3260471328367,2479.612320733981,2497.4096148532885
2024-05-08,0.992963433265686,0.9985902309417725,0.9876610636711121,0.9957449436187744,5151.166613849402,5180.356583349705,5123.659670174718,5165.596171662807,0.992963433265686,0.9985902309417725,0.9876610636711121,0.9957449436187744,2487.494030328218,2501.589842077395,2474.210950336321,2494.4620516740274
2024-05-09,0.994631826877594,1.0002163648605347,0.9902754426002502,0.9972672462463379,5186.089915885926,5215.208143692016,5163.375379753113,5199.831203308106,0.994631826877594,1.0002163648605347,0.9902754426002502,0.9972672462463379,2482.5799627293472,2496.518851193305,2471.70651988886,2489.157913626788
2024-05-10,0.9937040209770203,1.000178337097168,0.9907963871955872,0.9975469708442688,5189.798116276264,5223.611397590637,5174.61247547865,5209.868613688946,0.9937040209770203,1.000178337097168,0.9907963871955872,0.9975469708442688,2477.665895130477,2493.8087222767454,2470.4161055515815,2487.2477682252606
2024-05-13,0.9913522601127625,0.9967926740646362,0.9867687821388245,0.9916471242904663,5176.26651799798,5204.673204214573,5152.334254435301,5177.806127712726,0.9913522601127625,0.9967926740646362,0.9867687821388245,0.9916471242904663,2472.7518275316065,2486.3219721545624,2461.3191572361693,2473.487313759487
2024-05-14,0.9901419281959534,0.9957950711250305,0.9864830374717712,0.9908934235572815,5194.957851827145,5224.618083770275,5175.760823042393,5198.900707509518,0.9901419281959534,0.9957950711250305,0.9864830374717712,0.9908934235572815,2467.837759932736,2481.9276991479073,2458.718311062354,2469.7107930568645
2024-05-15,0.9817201495170593,0.9897969365119934,0.977827250957489,0.9819920063018799,5211.117811658978,5253.990608546137,5190.453722169995,5212.560868251323,0.9817201495170593,0.9897969365119934,0.977827250957489,0.9819920063018799,2465.525933051699,2485.810255219825,2455.7491729861326,2466.2086835823684
2024-05-16,0.9923780560493469,0.9974576234817505,0.9891560673713684,0.9936612844467163,5256.725800698996,5283.632777345181,5239.658604472876,5263.523189842701,0.9923780560493469,0.9974576234817505,0.9891560673713684,0.9936612844467163,2463.2141061706625,2475.8222670187088,2455.216702446205,2466.399249444006
2024-05-17,0.9950565695762634,0.9993472099304199,0.9908772110939026,0.9969685077667236,5277.053653736711,5299.808078007699,5254.889387277961,5287.193178184033,0.9950565695762634,0.9993472099304199,0.9908772110939026,0.9969685077667236,2460.9022792896258,2471.5135821541976,2450.566190739816,2465.630747192479
2024-05-20,0.9990788102149963,1.0024772882461548,0.993866503238678,1.002196192741394,5303.240204866529,5321.279768058062,5275.572601836324,5319.787676576376,0.9990788102149963,1.0024772882461548,0.993866503238678,1.002196192741394,2458.590452408589,2466.9536221152193,2445.7637083760123,2466.261886170914
2024-05-21,0.9953160881996155,0.999910831451416,0.9931995272636414,0.9983870983123779,5296.484984906316,5320.9354975938795,5285.221896376013,5312.8270888304705,0.9953160881996155,0.999910831451416,0.9931995272636414,0.9983870983123779,2456.2786255275523,2467.6177064215417,2451.055296528557,2463.8573802449628
2024-05-22,0.9950453042984009,0.9998865723609924,0.993007242679596,0.9987066388130188,5280.715380364657,5306.408038385511,5269.899366973043,5300.146119247079,0.9950453042984009,0.9998865723609924,0.993007242679596,0.9987066388130188,2451.0342885568907,2462.9594883143773,2446.014055921951,2460.0530301141234
2024-05-23,0.9897605776786804,0.9956341981887817,0.9871758818626404,0.9904130697250366,5213.90036151886,5244.841654586792,5200.284597511291,5217.337585220337,0.9897605776786804,0.9956341981887817,0.9871758818626404,0.9904130697250366,2445.7899515862296,2460.3042112435787,2439.402929110952,2447.402319795732
2024-05-24,0.989077091217041,0.9946368932723999,0.9852427840232849,0.9886345267295837,5246.777027320862,5276.270220479965,5226.437101264,5244.429346632957,0.989077091217041,0.9946368932723999,0.9852427840232849,0.9886345267295837,2440.545614615568,2454.2644143378834,2431.0844697868106,2439.453587685979
2024-05-28,0.987376868724823,0.9936329126358032,0.9849832653999329,0.9871509075164795,5239.0611605286595,5272.255979762077,5226.36060554266,5237.8622013187405,0.987376868724823,0.9936329126358032,0.9849832653999329,0.9871509075164795,2435.301277644907,2450.73140590899,2429.3976096333113,2434.743958918079
2024-05-29,0.9893246293067932,0.9950557947158813,0.9867841601371765,0.9898895025253296,5210.723356327414,5240.909117978811,5197.342832234502,5213.698515325785,0.9893246293067932,0.9950557947158813,0.9867841601371765,0.9898895025253296,2430.056940674245,2444.1342797679517,2423.816840554104,2431.4444266870687
2024-05-30,0.9935334324836731,0.9978872537612915,0.9896318316459656,0.9952369332313538,5201.624415099621,5224.418759322166,5181.197661945819,5210.543059194088,0.9935334324836731,0.9978872537612915,0.9896318316459656,0.9952369332313538,2426.886392330075,2437.5213938990464,2417.3560215627163,2431.047503218448
2024-05-31,0.9907323718070984,0.9954162836074829,0.9873508810997009,0.9918365478515625,5228.59999953568,5253.319390901327,5210.754148512483,5234.4272996520995,0.9907323718070984,0.9954162836074829,0.9873508810997009,0.9918365478515625,2423.715843985905,2435.1745098834544,2415.4434054979397,2426.4170870760404
2024-06-03,0.9911056160926819,0.9961433410644531,0.9885479807853699,0.9928976893424988,5236.407412064075,5263.023728179931,5222.894401681423,5245.8756518721575,0.9911056160926819,0.9961433410644531,0.9885479807853699,0.9928976893424988,2420.5452956417353,2432.848768937781,2414.2988653818725,2424.92201836821
2024-06-04,0.9939059615135193,0.9987077713012695,0.9923081994056702,0.9960874319076538,5259.094370394945,5284.50237859726,5250.640067843199,5270.637271950245,0.9939059615135193,0.9987077713012695,0.9923081994056702,0.9960874319076538,2417.374747297565,2429.0536929641726,2413.4886756557153,2422.680512276304
2024-06-05,0.993476390838623,0.9982253313064575,0.9899653792381287,0.9960242509841919,5319.102400841713,5344.528370574712,5300.304339402318,5332.743720496893,0.993476390838623,0.9982253313064575,0.9899653792381287,0.9960242509841919,2414.204198953395,2425.7443946981048,2405.672240844826,2420.395644184002
2024-06-06,0.9924301505088806,0.9972070455551147,0.9889245629310608,0.9931121468544006,5312.438898468017,5338.0094265747075,5293.673628387452,5316.0895976257325,0.9924301505088806,0.9972070455551147,0.9889245629310608,0.9931121468544006,2411.8256261480487,2423.43454177805,2403.3062699489683,2413.48302869897
2024-06-07,0.9930045008659363,0.9980554580688477,0.9903543591499329,0.9938353300094604,5309.585136085152,5336.592553739548,5295.4148548311,5314.027571207284,0.9930045008659363,0.9980554580688477,0.9903543591499329,0.9938353300094604,2409.4470533427025,2421.7028023735497,2403.0166936182536,2411.46299469035
2024-06-10,0.9909544587135315,0.9966607093811035,0.9885435700416565,0.9929530620574951,5312.298752726912,5342.8887642431255,5299.374484843612,5323.0128455471995,0.9909544587135315,0.9966607093811035,0.9885435700416565,0.9929530620574951,2407.068480537356,2420.929194320096,2401.2123343934772,2411.923168936051
2024-06-11,0.9918681979179382,0.9962453842163086,0.9872094988822937,0.9924930930137634,5331.6089616322515,5355.1377386856075,5306.566963531971,5334.967972738743,0.9918681979179382,0.9962453842163086,0.9872094988822937,0.9924930930137634,2404.68990773201,2415.3019787088283,2393.3953359555467,2406.204906331094
2024-06-12,0.9950737953186035,0.9988206028938293,0.9909191727638245,0.9979743957519531,5394.324896636009,5414.636452905535,5371.802563127875,5410.04913860321,0.9950737953186035,0.9988206028938293,0.9909191727638245,0.9979743957519531,2402.3113349266637,2411.3568935074445,2392.2812277098496,2409.313976672342
2024-06-13,0.9947385191917419,0.9990350008010864,0.9927076697349548,0.9982789754867554,5405.150481272935,5428.496445252895,5394.115373345613,5424.388400261402,0.9947385191917419,0.9990350008010864,0.9927076697349548,0.9982789754867554,2400.266797702676,2410.634046939419,2395.3664340108994,2408.80978616616
2024-06-14,0.9930594563484192,0.9977718591690063,0.9906556010246277,0.9961228370666504,5393.901743102074,5419.497630262375,5380.844962525368,5410.540801811218,0.9930594563484192,0.9977718591690063,0.9906556010246277,0.9961228370666504,2398.222260478688,2409.6026358151566,2392.41698939282,2405.620274549062
2024-06-17,0.9949416518211365,0.9989597201347351,0.9923513531684875,0.9974982738494873,5445.5444969969985,5467.536309033036,5431.367196702361,5459.537477381229,0.9949416518211365,0.9989597201347351,0.9923513531684875,0.9974982738494873,2396.1777232547,2405.8546784469345,2389.9393514700905,2402.334989602836
2024-06-18,0.9940629005432129,0.9985669851303101,0.991946280002594,0.997214674949646,5454.452957167625,5479.167004419565,5442.838996762633,5471.746837888956,0.9940629005432129,0.9985669851303101,0.991946280002594,0.997214674949646,2394.1331860307123,2404.98096877843,2389.035448779115,2401.7240212758466
2024-06-20,0.9957446455955505,0.9998188018798828,0.9935172200202942,0.9992955327033997,5449.8797219342,5472.178271884918,5437.688643098473,5469.314330726266,0.9957446455955505,0.9998188018798828,0.9935172200202942,0.9992955327033997,2392.0886488067244,2401.876040628839,2386.7376790995804,2400.6189851549557
2024-06-21,0.9898133277893066,0.9900038242340088,0.9850534200668335,0.9873992800712585,5408.953707304001,5409.994697985649,5382.942620365619,5395.761853863,0.9898133277893066,0.9900038242340088,0.9850534200668335,0.9873992800712585,2387.2151642138615,2387.6746003406083,2375.735298691415,2381.393004461243
2024-06-24,0.9898133277893066,0.9900038242340088,0.9850534200668335,0.9873992800712585,5392.37433406353,5393.412133929729,5366.4429755795,5379.222915921807,0.9898133277893066,0.9900038242340088,0.9850534200668335,0.9873992800712585,2382.3416796209985,2382.8001778118114,2370.88525017109,2376.5314057705295
2024-06-25,0.9898133277893066,0.9900038242340088,0.9850534200668335,0.9873992800712585,5413.586033678055,5414.627915883065,5387.552670371532,5400.3828824937345,0.9898133277893066,0.9900038242340088,0.9850534200668335,0.9873992800712585,2377.468195028136,2377.9257552830145,2366.035201650765,2371.6698070798166
2024-06-26,0.9898133277893066,0.9900038242340088,0.9850534200668335,0.9873992800712585,5422.098428297042,5423.141948771477,5396.024129784107,5408.874516302347,0.9898133277893066,0.9900038242340088,0.9850534200668335,0.9873992800712585,2372.594710435273,2373.0513327542176,2361.18515313044,2366.808208389103
2024-06-27,0.9898133277893066,0.9900038242340088,0.9850534200668335,0.9873992800712585,5427.017800536156,5428.062267777919,5400.919845281839,5413.781890724301,0.9898133277893066,0.9900038242340088,0.9850534200668335,0.9873992800712585,2367.72122584241,2368.17691022542,2356.3351046101147,2361.9466096983897
2024-06-28,0.9898133277893066,0.9900038242340088,0.9850534200668335,0.9873992800712585,5404.855880126953,5405.89608215332,5378.864499206543,5391.674020843506,0.9898133277893066,0.9900038242340088,0.9850534200668335,0.9873992800712585,2362.8973858396184,2363.3521418411406,2351.5344619442717,2357.1345345199584
2024-07-01,0.9898133277893066,0.9900038242340088,0.9850534200668335,0.9873992800712585,5419.317052845955,5420.360038025379,5393.256129673719,5406.099924325347,0.9898133277893066,0.9900038242340088,0.9850534200668335,0.9873992800712585,2358.073545836827,2358.527373456861,2346.7338192784296,2352.3224593415275
2024-07-02,0.9898133277893066,0.9900038242340088,0.9850534200668335,0.9873992800712585,5452.891520924569,5453.940967743397,5426.669141682387,5439.592507905364,0.9898133277893066,0.9900038242340088,0.9850534200668335,0.9873992800712585,2353.2497058340355,2353.702605072581,2341.933176612587,2347.5103841630958
2024-07-03,0.9898133277893066,0.9900038242340088,0.9850534200668335,0.9873992800712585,5480.616192235947,5481.670974860192,5454.2604879784585,5467.24956174016,0.9898133277893066,0.9900038242340088,0.9850534200668335,0.9873992800712585,2348.425865831244,2348.877836688301,2337.1325339467444,2342.698308984665
2024-07-05,0.9898133277893066,0.9900038242340088,0.9850534200668335,0.9873992800712585,5510.47886033535,5511.539390237331,5483.979549661874,5497.03939801991,0.9898133277893066,0.9900038242340088,0.9850534200668335,0.9873992800712585,2343.6020258284525,2344.0530683040215,2332.331891280902,2337.8862338062336
2024-07-08,0.9898133277893066,0.9900038242340088,0.9850534200668335,0.9873992800712585,5516.081203770638,5517.142811882496,5489.554952019454,5502.628077945114,0.9898133277893066,0.9900038242340088,0.9850534200668335,0.9873992800712585,2338.8273247025663,2339.2774482537648,2327.580151188297,2333.1231776602986
2024-07-09,0.9898133277893066,0.9900038242340088,0.9850534200668335,0.9873992800712585,5520.169132814407,5521.231527676582,5493.623222644329,5506.706036971807,0.9898133277893066,0.9900038242340088,0.9850534200668335,0.9873992800712585,2334.05262357668,2334.5018282035085,2322.828411095692,2328.360121514363
2024-07-10,0.9898133277893066,0.9900038242340088,0.9850534200668335,0.9873992800712585,5576.5192055654525,5577.592445390224,5549.702313848734,5562.918677986264,0.9898133277893066,0.9900038242340088,0.9850534200668335,0.9873992800712585,2329.2779224507935,2329.7262081532513,2318.0766710030866,2323.5970653684276
2024-07-11,0.9898133277893066,0.9900038242340088,0.9850534200668335,0.9873992800712585,5527.652121572494,5528.715956587791,5501.070226500035,5514.170775529146,0.9898133277893066,0.9900038242340088,0.9850534200668335,0.9873992800712585,2324.5032213249074,2324.950588102995,2313.3249309104817,2318.8340092224926
2024-07-12,0.9898133277893066,0.9900038242340088,0.9850534200668335,0.9873992800712585,5558.148270201684,5559.217974412441,5531.419722372294,5544.592547348142,0.9898133277893066,0.9900038242340088,0.9850534200668335,0.9873992800712585,2319.728520199021,2320.174968052738,2308.573190817877,2314.070953076557
2024-07-15,0.9898133277893066,0.9900038242340088,0.9850534200668335,0.9873992800712585,5573.856607713699,5574.929335103036,5547.052520148754,5560.262573922872,0.9898133277893066,0.9900038242340088,0.9850534200668335,0.9873992800712585,2315.0024573884084,2315.4479956785367,2303.8698551440257,2309.356416622302
2024-07-16,0.9898133277893066,0.9900038242340088,0.9850534200668335,0.9873992800712585,5609.470091247558,5610.549672698974,5582.494742202759,5595.789200019836,0.9898133277893066,0.9900038242340088,0.9850534200668335,0.9873992800712585,2310.2763945777956,2310.7210233043347,2299.166519470174,2304.641880168046
2024-07-17,0.9898133277893066,0.9900038242340088,0.9850534200668335,0.9873992800712585,5531.344125285149,5532.4086708521845,5504.744475756884,5517.853774843812,0.9898133277893066,0.9900038242340088,0.9850534200668335,0.9873992800712585,2305.550331767183,2305.994050930133,2294.463183796323,2299.927343713791
2024-07-18,0.9898133277893066,0.9900038242340088,0.9850534200668335,0.9873992800712585,5488.109079127312,5489.165303809643,5461.717342368364,5474.7241742903,0.9898133277893066,0.9900038242340088,0.9850534200668335,0.9873992800712585,2300.82426895657,2301.267078555931,2289.759848122472,2295.212807259535
2024-07-19,0.9898133277893066,0.9900038242340088,0.9850534200668335,0.9873992800712585,5448.922369480133,5449.971052408218,5422.719077467918,5435.633036792278,0.9898133277893066,0.9900038242340088,0.9850534200668335,0.9873992800712585,2296.098206145957,2296.5401061817292,2285.0565124486207,2290.49827080528
2024-07-22,0.9898133277893066,0.9900038242340088,0.9850534200668335,0.9873992800712585,5507.727179284096,5508.787179605961,5481.241101154089,5494.294428021311,0.9898133277893066,0.9900038242340088,0.9850534200668335,0.9873992800712585,2291.420286188043,2291.8612859256523,2280.4010881135755,2285.831759788509
2024-07-23,0.9898133277893066,0.9900038242340088,0.9850534200668335,0.9873992800712585,5499.145497732162,5500.203846449852,5472.700688002109,5485.733676263094,0.9898133277893066,0.9900038242340088,0.9850534200668335,0.9873992800712585,2286.7423662301294,2287.182465669576,2275.7456637785313,2281.1652487717383
2024-07-24,0.9898133277893066,0.9900038242340088,0.9850534200668335,0.9873992800712585,5371.84560564518,5372.879454615117,5346.012967647314,5358.74425485313,0.9898133277893066,0.9900038242340088,0.9850534200668335,0.9873992800712585,2282.0644462722153,2282.503645413499,2271.090239443486,2276.498737754968
2024-07-25,0.9898133277893066,0.9900038242340088,0.9850534200668335,0.9873992800712585,5344.21991566658,5345.2484478807455,5318.520126693249,5331.18594094634,0.9898133277893066,0.9900038242340088,0.9850534200668335,0.9873992800712585,2277.3865263143016,2277.8248251574223,2266.4348151084414,2271.8322267381973
2024-07-26,0.9898133277893066,0.9900038242340088,0.9850534200668335,0.9873992800712585,5403.489937734605,5404.529876875878,5377.505125486851,5390.311409837008,0.9898133277893066,0.9900038242340088,0.9850534200668335,0.9873992800712585,2272.7086063563875,2273.1460049013453,2261.7793907733967,2267.1657157214267
2024-07-29,0.9965701699256897,0.9961308240890503,0.991236686706543,0.9935706257820129,5444.800986195803,5442.40060264349,5415.661287288665,5428.412856785059,0.9965701699256897,0.9961308240890503,0.991236686706543,0.9935706257820129,2275.125338108595,2274.1223311199296,2262.949233325966,2268.2775123457955
2024-07-30,0.9961615800857544,0.9952508211135864,0.9916875958442688,0.9939646124839783,5415.5726604413985,5410.621373934745,5391.250113551616,5403.628977892398,0.9961615800857544,0.9952508211135864,0.9916875958442688,0.9939646124839783,2277.5420698608023,2275.4597853036753,2267.313119524251,2272.519103467403
2024-07-31,0.9969848394393921,0.9987421035766602,0.9924457669258118,0.993280827999115,5505.649378836155,5515.353518581391,5480.583258694411,5485.194716459513,0.9969848394393921,0.9987421035766602,0.9924457669258118,0.993280827999115,2279.958801613009,2283.977408193603,2269.5786053260563,2271.4882681099284
2024-08-01,1.002220869064331,1.002853512763977,0.9952370524406433,0.996640145778656,5458.776363115311,5462.222170901299,5420.737748787404,5428.3799492096905,1.002220869064331,1.002853512763977,0.9952370524406433,0.996640145778656,2282.3755333652166,2283.8162641921026,2266.4711626986036,2269.6664522845185
2024-08-02,1.0053168535232544,1.0031358003616333,0.9974836707115173,1.0014588832855225,5374.986876373291,5363.325744781495,5333.10629447937,5354.360007019043,1.0053168535232544,1.0031358003616333,0.9974836707115173,1.0014588832855225,2284.792265117424,2279.835366826087,2266.989723126026,2276.0242229550636
2024-08-05,1.0074496269226074,1.0075024366378784,1.0007094144821167,1.0031710863113403,5224.966223597527,5225.240112208128,5190.009257611036,5202.776300069094,1.0074496269226074,1.0075024366378784,1.0007094144821167,1.0031710863113403,2286.963096238802,2287.082977041494,2271.6624631348936,2277.250586330375
2024-08-06,1.0065152645111084,1.0074833631515503,0.9996193051338196,1.0027116537094116,5274.170181496143,5279.243047415018,5238.035147480368,5254.239146786928,1.0065152645111084,1.0074833631515503,0.9996193051338196,1.0027116537094116,2289.1339273601798,2291.3356897387594,2273.4503355371417,2280.483313862662
2024-08-07,1.0119044780731201,1.0117238759994507,1.0010879039764404,1.0051997900009155,5261.397333741188,5260.458293259144,5205.156556725502,5226.53630810976,1.0119044780731201,1.0117238759994507,1.0010879039764404,1.0051997900009155,2291.304758481557,2290.895812380658,2266.812261180444,2276.123005641378
2024-08-08,1.0055885314941406,1.0051144361495972,0.9998073577880859,1.0018562078475952,5349.037131462098,5346.515271354914,5318.285276355744,5329.183744965792,1.0055885314941406,1.0051144361495972,0.9998073577880859,1.0018562078475952,2293.475589602935,2292.394306288935,2280.290295261531,2284.9631683612856
2024-08-09,1.0047506093978882,1.00636887550354,0.9990515112876892,0.9984156489372253,5369.548016719818,5378.196289710999,5339.091124563217,5335.692974424362,1.0047506093978882,1.00636887550354,0.9990515112876892,0.9984156489372253,2295.646420724313,2299.3438226054077,2282.6251654439848,2281.1723520639657
2024-08-12,1.0407092571258545,1.037815809249878,1.0335745811462402,1.0392333269119263,5561.956146690846,5546.492432796956,5523.825655732156,5554.06820001483,1.0407092571258545,1.037815809249878,1.0335745811462402,1.0392333269119263,2303.3768356027554,2296.9728368231595,2287.5858283944976,2300.110194662982
2024-08-13,1.0132274627685547,1.0148404836654663,0.9995759725570679,1.008417010307312,5506.313720493317,5515.07956964612,5432.125652543306,5480.171653324366,1.0132274627685547,1.0148404836654663,0.9995759725570679,1.008417010307312,2311.1072504811978,2314.7864483188127,2279.96907157571,2300.134915077955
2024-08-14,1.0245391130447388,1.023172378540039,1.0141916275024414,1.021272897720337,5589.0760148727895,5581.6201911354065,5532.628308267594,5571.258124372959,1.0245391130447388,1.023172378540039,1.0141916275024414,1.021272897720337,2318.8376653596397,2315.744337435217,2295.418218594023,2311.4452456648073
2024-08-15,1.022229790687561,1.0228862762451172,1.0118714570999146,1.0160036087036133,5666.444620335103,5670.083664207459,5609.026098425388,5631.931523838043,1.022229790687561,1.0228862762451172,1.0118714570999146,1.0160036087036133,2326.568080238082,2328.0622240766415,2302.9927858091582,2312.3974540270588
2024-08-16,1.0168371200561523,1.0171760320663452,1.0073535442352295,1.0107066631317139,5647.767574071884,5649.649976104498,5595.093423068523,5613.717483699322,1.0168371200561523,1.0171760320663452,1.0073535442352295,1.0107066631317139,2334.2984951165245,2335.076517259664,2312.5275582275553,2320.2251336205327
2024-08-19,1.0102903842926025,1.0138779878616333,1.0002830028533936,1.0060615539550781,5665.961047708988,5686.081225425005,5609.837150752544,5642.244709968567,1.0102903842926025,1.0138779878616333,1.0002830028533936,1.0060615539550781,2339.1675534094084,2347.4740819022522,2315.9970448891477,2329.376365778402
2024-08-20,1.0189932584762573,1.0200461149215698,1.0105068683624268,1.0170032978057861,5703.427546882629,5709.320510749817,5655.928203048706,5692.289498214722,1.0189932584762573,1.0200461149215698,1.0105068683624268,1.0170032978057861,2344.036611702292,2346.4585453452773,2324.514981934345,2339.4590145213183
2024-08-21,1.008070707321167,1.010522484779358,1.000880479812622,1.007155418395996,5666.2142352461815,5679.9953085720545,5625.799044954777,5661.069533491135,1.008070707321167,1.010522484779358,1.000880479812622,1.007155418395996,2348.9056699951757,2354.6185569298777,2332.151720058214,2346.772955166341
2024-08-22,1.0129410028457642,1.016280174255371,1.0060515403747559,1.0085004568099976,5642.729668092728,5661.33098991394,5604.35095287323,5617.9929847240455,1.0129410028457642,1.016280174255371,1.0060515403747559,1.0085004568099976,2353.774728288059,2361.533973155503,2337.765659042969,2343.456215157064
2024-08-23,1.0104293823242188,1.0081024169921875,1.0002334117889404,1.0078030824661255,5693.375501937866,5680.26395980835,5635.925184400081,5678.577326494455,1.0104293823242188,1.0081024169921875,1.0002334117889404,1.0078030824661255,2358.643786580943,2353.211954908194,2334.8433479041905,2352.513218774471
2024-08-26,1.0043872594833374,1.0049248933792114,0.9998071789741516,1.0014634132385254,5641.482534556389,5644.50233812809,5615.756955149174,5625.059758014679,1.0043872594833374,1.0049248933792114,0.9998071789741516,1.0014634132385254,2351.0402141247932,2352.298691766501,2340.3192961129857,2344.1961606617824
2024-08-27,0.9946914911270142,0.9944475889205933,0.9911150336265564,0.9930062890052795,5595.935390782356,5594.563245749474,5575.814956176281,5586.454780685902,0.9946914911270142,0.9944475889205933,0.9911150336265564,0.9930062890052795,2343.436641668644,2342.862021927137,2335.0107109869136,2339.466401211257
2024-08-28,0.9917325973510742,0.9918568134307861,0.9864815473556519,0.990805447101593,5545.94719625473,5546.6418349313735,5516.582379491329,5540.762405172587,0.9917325973510742,0.9918568134307861,0.9864815473556519,0.990805447101593,2335.833069212494,2336.1256360067023,2323.4652431874574,2333.649347291231
2024-08-29,0.9837073087692261,0.9840631484985352,0.9775691628456116,0.985874354839325,5500.851922345161,5502.841763877868,5466.527655866146,5512.969957287311,0.9837073087692261,0.9840631484985352,0.9775691628456116,0.985874354839325,2328.229496756345,2329.07169498595,2313.7017889032495,2333.3584416531216
2024-08-30,0.9838814735412598,0.9857920408248901,0.9789605736732483,0.9828004240989685,5557.356115150451,5568.147763395309,5529.5609043359755,5551.249915480614,0.9838814735412598,0.9857920408248901,0.9789605736732483,0.9828004240989685,2320.625924300195,2325.1322719525747,2309.019274402123,2318.076113750148
2024-09-03,0.980878472328186,0.9799380302429199,0.9782517552375793,0.9810983538627625,5423.208412009478,5418.008773550988,5408.68547708571,5424.424121622444,0.980878472328186,0.9799380302429199,0.9782517552375793,0.9810983538627625,2318.574360816169,2316.351368908155,2312.3653970441915,2319.09411092066
2024-09-04,0.9836999177932739,0.9855782985687256,0.9805142283439636,0.9840062260627747,5430.092405213118,5440.461198580265,5412.507176454663,5431.78324830234,0.9836999177932739,0.9855782985687256,0.9805142283439636,0.9840062260627747,2316.5227973321425,2320.9462112307283,2309.0207917905514,2317.2441251237533
2024-09-05,0.9894440174102783,0.9921575784683228,0.9874875545501709,0.9894022345542908,5445.3160998559,5460.249938918352,5434.548882586956,5445.086151668429,0.9894440174102783,0.9921575784683228,0.9874875545501709,0.9894022345542908,2314.4712338481163,2320.8186965641703,2309.894747528392,2314.3734969205593
2024-09-06,0.9866113662719727,0.9895243644714355,0.981910765171051,0.9890061020851135,5336.008645572662,5351.763363294602,5310.585820566416,5348.960382639169,0.9866113662719727,0.9895243644714355,0.981910765171051,0.9890061020851135,2312.41967036409,2319.247155396648,2301.402401741513,2318.0324520418003
2024-09-09,0.995579719543457,0.9940874576568604,0.9896989464759827,0.9919640421867371,5446.866424608231,5438.702185213566,5414.6924211174255,5427.084873005748,0.995579719543457,0.9940874576568604,0.9896989464759827,0.9919640421867371,2310.368106880064,2306.9051252601826,2296.7210324447565,2301.977472272154
2024-09-10,0.9876022338867188,0.9882464408874512,0.9859595894813538,0.9876973032951355,5427.387828369141,5430.928080825806,5418.36064318657,5427.910284204483,0.9876022338867188,0.9882464408874512,0.9859595894813538,0.9876973032951355,2312.6546767253753,2314.163207469742,2308.808118732778,2312.877299461984
2024-09-11,0.9956859350204468,0.9960947036743164,0.9930058121681213,0.9930676817893982,5530.169122275114,5532.439476518631,5515.283371537328,5515.627003456951,0.9956859350204468,0.9960947036743164,0.9930058121681213,0.9930676817893982,2314.941246570687,2315.891621969058,2308.7100377944,2308.8538828896917
2024-09-12,0.9937006235122681,0.9921528100967407,0.9851718544960022,0.9912753701210022,5560.510201025009,5551.8490086269385,5512.7852565145495,5546.9390651082995,0.9937006235122681,0.9921528100967407,0.9851718544960022,0.9912753701210022,2317.227816415999,2313.6184433148683,2297.3394311854204,2311.572325730852
2024-09-13,0.9916237592697144,0.9956507682800293,0.9873817563056946,0.9878111481666565,5578.895102126598,5601.551135358811,5555.0295086109645,5557.445275808574,0.9916237592697144,0.9956507682800293,0.9873817563056946,0.9878111481666565,2319.5143862613104,2328.9339924836427,2309.591886109788,2310.596279751564
2024-09-16,1.0049484968185425,1.0035579204559326,0.994908332824707,1.000626564025879,5660.965327943563,5653.1320861411095,5604.408180551529,5636.6194915485385,1.0049484968185425,1.0035579204559326,0.994908332824707,1.000626564025879,2321.800956106622,2318.588212828267,2298.6044814274187,2311.815700422373
2024-09-17,1.0017374753952026,1.0023586750030518,0.9919766187667847,0.9994681477546692,5644.369944112301,5647.870142998695,5589.371616570949,5631.583235975504,1.0017374753952026,1.0023586750030518,0.9919766187667847,0.9994681477546692,2326.075439459012,2327.5178903868355,2303.4103306564425,2320.805967747726
2024-09-18,1.0072174072265625,1.0073878765106201,0.9939901828765869,0.9997908473014832,5658.8092703247075,5659.7670110845565,5584.4952848482135,5617.084925760031,1.0072174072265625,1.0073878765106201,0.9939901828765869,0.9997908473014832,2330.3499228114024,2330.744329302092,2299.746737221262,2313.16745234972
2024-09-19,1.012677788734436,1.0115511417388916,1.003556489944458,1.006815791130066,5786.0763208246235,5779.639065485001,5733.960503206254,5752.58297683239,1.012677788734436,1.0115511417388916,1.003556489944458,1.006815791130066,2334.624406163793,2332.0270374822735,2313.596190666337,2321.1101740671857
2024-09-20,1.0081130266189575,1.0085620880126953,1.000627040863037,1.0041886568069458,5748.814939945936,5751.3757349967955,5706.125731873512,5726.436024874449,1.0081130266189575,1.0085620880126953,1.000627040863037,1.0041886568069458,2338.8988895161833,2339.9407461011147,2321.5308332475543,2329.794053101016
2024-09-23,1.0092051029205322,1.0086780786514282,1.000098705291748,1.0022656917572021,5771.210025408268,5768.196200233698,5719.134453120231,5731.526516911983,1.0092051029205322,1.0086780786514282,1.000098705291748,1.0022656917572021,2343.1733728685736,2341.9497274166765,2322.030130147375,2327.061441394737
2024-09-24,1.0147919654846191,1.0121665000915527,1.0064172744750977,1.0092121362686157,5817.731302685738,5802.679693369866,5769.719785356522,5785.7425323784355,1.0147919654846191,1.0121665000915527,1.0064172744750977,1.0092121362686157,2341.2159537440043,2335.158769933612,2321.8947915097283,2328.3427879878727
2024-09-25,1.006495475769043,1.0043742656707764,0.9988313317298889,1.0010497570037842,5759.428801174164,5747.290685477257,5715.572576304674,5728.266982512474,1.006495475769043,1.0043742656707764,0.9988313317298889,1.0010497570037842,2339.258534619435,2334.328498722056,2321.4458223065008,2326.6018020205775
2024-09-26,1.0075464248657227,1.0051151514053345,1.0013267993927002,1.0026252269744873,5788.727003030777,5774.758437429667,5752.992953426838,5760.45290030241,1.0075464248657227,1.0051151514053345,1.0013267993927002,1.0026252269744873,2337.3011154948663,2331.661059582013,2322.8728596872065,2325.8849454436568
2024-09-27,1.0003067255020142,0.996337890625,0.9949023127555847,0.9968617558479309,5739.930043073893,5717.156193847656,5708.918603984714,5720.162221553922,1.0003067255020142,0.996337890625,0.9949023127555847,0.9968617558479309,2335.343696370297,2326.0779449005986,2322.726405175316,2327.300975112162
2024-09-30,0.9958231449127197,0.9945425987243652,0.9931126832962036,0.9944124817848206,5738.410956096649,5731.03183429718,5722.791975240707,5730.282038035392,0.9958231449127197,0.9945425987243652,0.9931126832962036,0.9944124817848206,2333.386277245728,2330.3857355144473,2327.035195757725,2330.0808489663473
2024-10-01,0.9921975135803223,0.9889097213745117,0.9885795712471008,0.9894670844078064,5664.207555651665,5645.438371896744,5643.553627356887,5648.620218113065,0.9921975135803223,0.9889097213745117,0.9885795712471008,0.9894670844078064,2329.644645877196,2321.9250261400084,2321.1498453255726,2323.2336948159045
2024-10-02,0.988663375377655,0.9886442422866821,0.9872294664382935,0.9897903800010681,5644.813088253736,5644.703847105503,5636.626127808094,5651.247766231299,0.988663375377655,0.9886442422866821,0.9872294664382935,0.9897903800010681,2325.9030145086645,2325.858002510568,2322.529638688691,2328.55437544328
2024-10-03,0.992842435836792,0.9897609949111938,0.9861376285552979,0.9899725317955017,5659.142313723563,5641.57828533411,5620.9253145074845,5642.784032882451,0.992842435836792,0.9897609949111938,0.9861376285552979,0.9899725317955017,2322.161383140133,2314.954194100292,2306.4794944652594,2315.4489581898583
2024-10-04,0.9850645661354065,0.9843572378158569,0.9833506941795349,0.9871543049812317,5665.175274364352,5661.10737968564,5655.318676775098,5677.193508748412,0.9850645661354065,0.9843572378158569,0.9833506941795349,0.9871543049812317,2318.419751771601,2316.7550040957562,2314.3860318195284,2323.338101271485
2024-10-07,0.9919824004173279,0.9918136596679688,0.9874964356422424,0.9897459149360657,5650.272233833074,5649.3110966491695,5624.720447632074,5637.533346720934,0.9919824004173279,0.9918136596679688,0.9874964356422424,0.9897459149360657,2314.6781204030694,2314.284383054103,2304.2106317566772,2309.459535871833
2024-10-08,0.9908838272094727,0.98799729347229,0.9871980547904968,0.9898185133934021,5698.7017051792145,5682.1008744072915,5677.50434884727,5692.574946932196,0.9908838272094727,0.98799729347229,0.9871980547904968,0.9898185133934021,2313.1716743755114,2306.4331971750266,2304.5674120758836,2310.6847493940077
2024-10-09,0.9897953271865845,0.9899172782897949,0.9881460070610046,0.9900817275047302,5732.934126877784,5733.640472545624,5723.381198737621,5734.592968976498,0.9897953271865845,0.9899172782897949,0.9881460070610046,0.9900817275047302,2311.6652283479534,2311.9500449328643,2307.813244124554,2312.334115782214
2024-10-10,0.9943640232086182,0.9928690195083618,0.989923894405365,0.9922656416893005,5747.473772346973,5738.832576209307,5721.80960585773,5735.345022246242,0.9943640232086182,0.9928690195083618,0.989923894405365,0.9922656416893005,2310.158782320396,2306.6855111167533,2299.8432416229657,2305.28371204194
2024-10-11,0.9936928749084473,0.9904787540435791,0.9898642897605896,0.9923377633094788,5778.353878378868,5759.663669126034,5756.090540886521,5770.473863777518,0.9936928749084473,0.9904787540435791,0.9898642897605896,0.9923377633094788,2308.652336292838,2301.18495091535,2299.7573625343593,2305.5039977690412
2024-10-14,0.9967458844184875,0.994342565536499,0.9938369393348694,0.994941771030426,5840.781370809675,5826.698282659054,5823.735388961435,5830.209536972642,0.9967458844184875,0.994342565536499,0.9938369393348694,0.994941771030426,2307.14589026528,2301.5829806327893,2300.412618726775,2302.9699484792077
2024-10-15,0.9980489015579224,0.99737548828125,0.9933566451072693,0.9962335228919983,5803.913855273724,5799.997781982422,5776.627164026499,5793.356956332922,0.9980489015579224,0.99737548828125,0.9933566451072693,0.9962335228919983,2309.109517460416,2307.5514925941784,2298.2534020820463,2304.909414490776
2024-10-16,1.001257061958313,0.9981025457382202,0.9953526854515076,0.9992950558662415,5849.814346779585,5831.38418039918,5815.31820416987,5838.35138504684,1.001257061958313,0.9981025457382202,0.9953526854515076,0.9992950558662415,2311.0731446555524,2303.791979810255,2297.4448303102586,2306.5444978561295
2024-10-17,1.0063323974609375,1.004775047302246,0.9988382458686829,1.0015538930892944,5878.460509796143,5869.363295564652,5834.683648094535,5850.547019864321,1.0063323974609375,1.004775047302246,0.9988382458686829,1.0015538930892944,2313.0367718506886,2309.457230744003,2295.8116002767197,2302.053466181561
2024-10-18,1.0075230598449707,1.0051662921905518,1.0005123615264893,1.0039812326431274,5908.7902633810045,5894.968598821163,5867.674831273556,5888.01861564517,1.0075230598449707,1.0051662921905518,1.0005123615264893,1.0039812326431274,2315.000399045825,2309.5852197036493,2298.8918154791404,2306.862291133059
2024-10-21,1.0042555332183838,1.0013142824172974,0.9978269934654236,1.0007728338241577,5878.891806349754,5861.67378298521,5841.25926320672,5858.504153749942,1.0042555332183838,1.0013142824172974,0.9978269934654236,1.0007728338241577,2316.964026240961,2310.1781315429953,2302.132447169512,2308.9289306465434
2024-10-22,1.0020256042480469,0.9984838962554932,0.9981785416603088,0.9980732798576355,5863.052215576172,5842.328973770142,5840.542282962799,5839.926375102997,1.0020256042480469,0.9984838962554932,0.9981785416603088,0.9980732798576355,2315.158206872174,2306.9751681448765,2306.2696530422186,2306.0264479531506
2024-10-23,0.9956188201904297,0.9923475980758667,0.9934258460998535,0.9951081871986389,5772.020460548401,5753.0558120369915,5759.306868696212,5769.060106629133,0.9956188201904297,0.9923475980758667,0.9934258460998535,0.9951081871986389,2313.3523875033866,2305.751597587291,2308.256941590465,2312.1659153046476
2024-10-24,0.9995541572570801,0.9973645210266113,0.9965074062347412,0.9969682097434998,5807.269716081619,5794.548236131668,5789.568519186973,5792.2457230603695,0.9995541572570801,0.9973645210266113,0.9965074062347412,0.9969682097434998,2311.5465681345995,2306.4828644050363,2304.5007199246593,2305.5663638035044
2024-10-25,0.99941086769104,0.9960136413574219,0.9945575594902039,0.9964662194252014,5804.698248853683,5784.966750640869,5776.509652426243,5787.595378367901,0.99941086769104,0.9960136413574219,0.9945575594902039,0.9964662194252014,2309.740748765812,2301.8894111936415,2298.5242570503588,2302.935365404209
2024-10-28,0.996103048324585,0.9931834936141968,0.9932529330253601,0.9944701790809631,5800.826023979187,5783.823938732147,5784.228320531845,5791.316977281571,0.996103048324585,0.9931834936141968,0.9932529330253601,0.9944701790809631,2307.934929397025,2301.170426160413,2301.331314778082,2304.151630099998
2024-10-29,0.9902104735374451,0.9880619049072266,0.9875206351280212,0.9899076819419861,5775.818475306034,5763.28604637146,5760.128863050938,5774.052316153049,0.9902104735374451,0.9880619049072266,0.9875206351280212,0.9899076819419861,2306.0743536312316,2301.0706103386938,2299.810061809287,2305.36919048517
2024-10-30,0.9887685775756836,0.9863458871841431,0.9865618944168091,0.9875816702842712,5748.374216394424,5734.289493945837,5735.545288714171,5741.47392908156,0.9887685775756836,0.9863458871841431,0.9865618944168091,0.9875816702842712,2304.2137778654383,2298.5679708421435,2299.0713513630417,2301.447824136784
2024-10-31,0.9917816519737244,0.9889248609542847,0.9884280562400818,0.9904579520225525,5658.560626253486,5642.261347931623,5639.426853474974,5651.008322367072,0.9917816519737244,0.9889248609542847,0.9884280562400818,0.9904579520225525,2302.353202099645,2295.7213573400177,2294.5680592100443,2299.2803232909528
2024-11-01,0.9927015900611877,0.9903846979141235,0.9892726540565491,0.9914886355400085,5686.988869142532,5673.715857410431,5667.3451805591585,5680.040095281601,0.9927015900611877,0.9903846979141235,0.9892726540565491,0.9914886355400085,2300.4926263338516,2295.123446558484,2292.5463894447216,2297.681718242248
2024-11-04,0.9959691762924194,0.9937026500701904,0.992814838886261,0.9935923218727112,5689.663153713941,5676.7151920294755,5671.643401957154,5676.084921239018,0.9959691762924194,0.9937026500701904,0.992814838886261,0.9935923218727112,2298.6320505680583,2293.4010555313816,2291.3520450892815,2293.146425230722
2024-11-05,0.998078465461731,0.9943245649337769,0.9943763613700867,0.9949156641960144,5771.648226933479,5749.940321116448,5750.239847476482,5753.358506286145,0.998078465461731,0.9943245649337769,0.9943763613700867,0.9949156641960144,2298.1005098819646,2289.457060478068,2289.5763230619355,2290.8180812424125
2024-11-06,0.9958153963088989,0.9923906326293945,0.9936078190803528,0.9947167038917542,5904.229317331314,5883.9237564849855,5891.140503640175,5897.715126042366,0.9958153963088989,0.9923906326293945,0.9936078190803528,0.9947167038917542,2297.5689691958705,2289.667272971827,2292.4755945039237,2295.0340399171314
2024-11-07,0.991956353187561,0.9899234771728516,0.9895836710929871,0.9897668957710266,5925.054493224621,5912.91192150116,5910.882225805522,5911.976645129919,0.991956353187561,0.9899234771728516,0.9895836710929871,0.9897668957710266,2297.037428509777,2292.329971091613,2291.5430944499385,2291.9673812060355
2024-11-08,0.9970495700836182,0.9954324960708618,0.9937595129013062,0.9949179291725159,5977.850579419136,5968.155347492695,5958.124909980297,5965.0702410709855,0.9970495700836182,0.9954324960708618,0.9937595129013062,0.9949179291725159,2296.5058878236828,2292.781278633961,2288.927893792932,2291.5960758645224
2024-11-11,0.998843789100647,0.995303750038147,0.9912278056144714,0.9949386715888977,5994.411173719168,5973.166160291434,5948.704991224408,5970.975196740032,0.998843789100647,0.995303750038147,0.9912278056144714,0.9949386715888977,2295.974347137589,2287.8370998882638,2278.4680033996688,2286.9979188638476
2024-11-12,1.0041488409042358,1.0027064085006714,0.9991281628608704,1.001560091972351,6008.816622482538,6000.1851214039325,5978.77293527782,5993.325574761629,1.0041488409042358,1.0027064085006714,0.9991281628608704,1.001560091972351,2300.7886465274773,2297.483626432532,2289.284854888737,2294.857091454599
2024-11-13,1.0141122341156006,1.0102840662002563,1.0051813125610352,1.0081498622894287,6069.847083830834,6046.934044153691,6016.392124576569,6034.160022749901,1.0141122341156006,1.0102840662002563,1.0051813125610352,1.0081498622894287,2305.6029459173656,2296.8995352630395,2285.2983303597784,2292.0473831456916
2024-11-14,1.0066231489181519,1.0035970211029053,1.0012645721435547,1.00346839427948,5988.572238849401,5970.569290034771,5956.693154659271,5969.804067195654,1.0066231489181519,1.0035970211029053,1.0012645721435547,1.00346839427948,2310.417245307254,2303.471629265775,2298.1181558181656,2303.1764029624956
2024-11-15,1.009999394416809,1.0074423551559448,1.0042495727539062,1.0049883127212524,5929.322644851208,5914.311239025593,5895.567626800537,5899.904488427639,1.009999394416809,1.0074423551559448,1.0042495727539062,1.0049883127212524,2315.231544697142,2309.370018452168,2302.051171952441,2303.7445928447537
2024-11-18,1.010484218597412,1.007375955581665,1.0040204524993896,1.0070006847381592,5955.41000041008,5937.091079335212,5917.315019259453,5934.87937558651,1.010484218597412,1.007375955581665,1.0040204524993896,1.0070006847381592,2320.04584408703,2312.9093519387184,2305.205202940073,2312.0477397088002
2024-11-19,1.0042089223861694,0.9999463558197021,0.9977503418922424,1.0006086826324463,5941.884109580516,5916.662588458061,5903.66881796956,5920.581562962531,1.0042089223861694,0.9999463558197021,0.9977503418922424,1.0006086826324463,2311.519214953325,2301.707507146553,2296.6526542404795,2303.232071527637
2024-11-20,1.0018501281738281,0.9981032609939575,0.9976606965065002,0.998856246471405,5928.057411918639,5905.886786659956,5903.268083905577,5910.3422845584155,1.0018501281738281,0.9981032609939575,0.9976606965065002,0.998856246471405,2302.9925858196193,2294.3795137715856,2293.3621732485885,2296.1104313240467
2024-11-21,0.9933444261550903,0.9909161329269409,0.9894953370094299,0.9919417500495911,5909.117921313047,5894.672709103823,5886.220806221366,5900.773807937503,0.9933444261550903,0.9909161329269409,0.9894953370094299,0.9919417500495911,2294.465956685914,2288.8569896467516,2285.5751794525313,2291.2260003449073
2024-11-22,0.9861441254615784,0.984488844871521,0.9833142757415771,0.9856831431388855,5886.6295738828185,5876.748641245365,5869.737238755226,5883.877813664675,0.9861441254615784,0.984488844871521,0.9833142757415771,0.9856831431388855,2285.9393275522084,2282.1022910569855,2279.37957163115,2284.870743768619
2024-11-25,0.9816240072250366,0.9817376136779785,0.9775587320327759,0.981031596660614,5877.346132138968,5878.0263360071185,5853.005825411081,5873.79915089786,0.9816240072250366,0.9817376136779785,0.9775587320327759,0.981031596660614,2277.412698418503,2277.6762705975125,2267.9810736036284,2276.0382787505214
2024-11-26,0.9815786480903625,0.9814854860305786,0.9786269068717957,0.9831234812736511,5910.70343470037,5910.142447246313,5892.929141226411,5920.005848541856,0.9815786480903625,0.9814854860305786,0.9786269068717957,0.9831234812736511,2276.181442640445,2275.965409261916,2269.3366537911256,2279.763754287726
2024-11-27,0.9876489639282227,0.9876216650009155,0.9824376702308655,0.9861666560173035,5924.649345874786,5924.485586707592,5893.388149920702,5915.757366117239,0.9876489639282227,0.9876216650009155,0.9824376702308655,0.9861666560173035,2274.950186862386,2274.887306525296,2262.946495263861,2271.5358394757186
2024-11-29,0.990580677986145,0.9899061918258667,0.9884724020957947,0.9893967509269714,5975.559070270062,5971.490313446522,5962.84114895463,5968.417172356844,0.990580677986145,0.9899061918258667,0.9884724020957947,0.9893967509269714,2273.718931084328,2272.170756376845,2268.879722213846,2271.0014165725984
2024-12-02,0.9942836761474609,0.992882251739502,0.9910204410552979,0.9942014813423157,6012.582532215118,6004.107908606529,5992.849260127544,6012.085487899184,0.9942836761474609,0.992882251739502,0.9910204410552979,0.9942014813423157,2272.487675306269,2269.284646058821,2265.029379744885,2272.2998147528397
2024-12-03,0.9972968101501465,0.9944512844085693,0.9936595559120178,0.9955669045448303,6033.526025791169,6016.310936517715,6011.5210741209985,6023.060304467678,0.9972968101501465,0.9944512844085693,0.9936595559120178,0.9955669045448303,2271.2564195282107,2264.7759830706664,2262.97289053892,2267.3167105355983
2024-12-04,1.002597451210022,1.000494122505188,0.9980223774909973,1.0001801252365112,6102.2993608152865,6089.497471686602,6074.45322037518,6087.586330450773,1.002597451210022,1.000494122505188,0.9980223774909973,1.0001801252365112,2269.412389374879,2264.6514354986075,2259.0565591583477,2263.9406923275524
2024-12-05,1.0052977800369263,1.0024992227554321,1.00089693069458,1.0022841691970825,6107.294596480131,6090.293053153753,6080.55895263195,6088.986579130888,1.0052977800369263,1.0024992227554321,1.00089693069458,1.0022841691970825,2267.568359221547,2261.255881397561,2257.641721641547,2260.770802593912
2024-12-06,1.0019837617874146,0.9971483945846558,0.9979862570762634,0.9992422461509705,6102.351644901038,6072.902953087092,6078.0057618838555,6085.655074465872,1.0019837617874146,0.9971483945846558,0.9979862570762634,0.9992422461509705,2265.7243290682154,2254.79041024729,2256.6850172300046,2259.5251081697334
2024-12-09,0.9979942440986633,0.9940342903137207,0.9978901743888855,0.9971751570701599,6040.709460392594,6016.7404541254045,6040.079542049766,6035.751649472118,0.9979942440986633,0.9940342903137207,0.9978901743888855,0.9971751570701599,2263.8802989148835,2254.897420094333,2263.644224040632,2262.0222571497225
2024-12-10,0.9959405064582825,0.9901977777481079,0.994332492351532,0.9941102862358093,6010.411321830154,5975.754470909834,6000.707101417183,5999.366107507348,0.9959405064582825,0.9901977777481079,0.994332492351532,0.9941102862358093,2262.0362687615516,2248.993059312959,2258.384056398903,2257.879369332109
2024-12-11,0.9965870380401611,0.9912623167037964,0.9940606951713562,0.9950340390205383,6063.424890973568,6031.0282746660705,6048.054140954613,6053.976149868368,0.9965870380401611,0.9912623167037964,0.9940606951713562,0.9950340390205383,2257.488309040263,2245.4266468803985,2251.765588120503,2253.970425506835
2024-12-12,0.9968369603157043,0.9930204153060913,0.9918971061706543,0.9942821860313416,6032.109656110406,6009.014788120985,6002.217363715172,6016.650078222156,0.9968369603157043,0.9930204153060913,0.9918971061706543,0.9942821860313416,2252.9403493189748,2244.3146175399024,2241.775838806033,2247.166331803793
2024-12-13,0.9937087297439575,0.9901007413864136,0.9885035157203674,0.9928200840950012,6013.020957466364,5991.188695195913,5981.523738940358,6007.643682666421,0.9937087297439575,0.9901007413864136,0.9885035157203674,0.9928200840950012,2248.392389597686,2240.2288570432834,2236.614930824749,2246.3817157912104
2024-12-16,0.9916461706161499,0.9877524375915527,0.9872516989707947,0.9899813532829285,6023.338172016143,5999.687326126099,5996.645799684525,6013.22593834877,0.9916461706161499,0.9877524375915527,0.9872516989707947,0.9899813532829285,2243.8444298763975,2235.033897029546,2233.900852201355,2240.0773693959545
2024-12-17,0.9899471998214722,0.9881068468093872,0.9868301749229431,0.9887550473213196,5989.784426711797,5978.649168373346,5970.924524690508,5982.571176872849,0.9899471998214722,0.9881068468093872,0.9868301749229431,0.9887550473213196,2239.296470155109,2235.1335248944483,2232.2456467840034,2236.599777961869
2024-12-18,0.9913029670715332,0.9868509769439697,0.987083375453949,0.9895545840263367,5821.089631118774,5794.946832771301,5796.311514005661,5810.822846136093,0.9913029670715332,0.9868509769439697,0.987083375453949,0.9895545840263367,2235.0693970096113,2225.031590990225,2225.5555748930474,2231.127355506282
2024-12-19,0.9905781745910645,0.9873063564300537,0.989358127117157,0.988702118396759,5811.801396579743,5792.60537768364,5804.643280446529,5800.794424803257,0.9905781745910645,0.9873063564300537,0.989358127117157,0.988702118396759,2230.842323864114,2223.4739902819783,2228.0947027154452,2226.6173311603006
2024-12-20,0.9904990196228027,0.988032341003418,0.9904186129570007,0.9894846081733704,5874.5011105299,5859.871609640122,5874.0242306560285,5868.484788385034,0.9904990196228027,0.988032341003418,0.9904186129570007,0.9894846081733704,2226.615250718616,2221.0702232892754,2226.4344986887936,2224.334880966539
2024-12-23,0.9911913871765137,0.9864253997802734,0.9888887405395508,0.9896811842918396,5921.446730389594,5892.974388065338,5907.690558195114,5912.42467264235,0.9911913871765137,0.9864253997802734,0.9888887405395508,0.9896811842918396,2222.388177573119,2211.7021746670216,2217.2253253436497,2219.002093835853
2024-12-24,0.9905616044998169,0.9877969026565552,0.9898843169212341,0.9905415177345276,5983.031713643074,5966.332803921699,5978.940869576931,5982.910388777256,0.9905616044998169,0.9877969026565552,0.9898843169212341,0.9905415177345276,2218.161104427621,2211.9701173489734,2216.6444567436206,2218.116124205012
2024-12-26,0.990475594997406,0.9889671802520752,0.9886974692344666,0.9893904328346252,5980.085547600389,5970.978357818127,5969.349953275323,5973.533783378005,0.990475594997406,0.9889671802520752,0.9886974692344666,0.9893904328346252,2221.6397793431024,2218.2564004704677,2217.651437835676,2219.205757303541
2024-12-27,0.994000256061554,0.9928708076477051,0.9895231127738953,0.9921827912330627,5935.016488902569,5928.2727331352235,5908.2841826748845,5924.164697206021,0.994000256061554,0.9928708076477051,0.9895231127738953,0.9921827912330627,2225.1184542585843,2222.5901284423057,2215.0961488406747,2221.0499698641584
2024-12-30,1.009049654006958,1.005942940711975,0.9994177222251892,1.0030574798583984,5960.395763239861,5942.044594209194,5903.500520120859,5925.000350074768,1.009049654006958,1.005942940711975,0.9994177222251892,1.0030574798583984,2228.5971291740657,2221.735611207262,2207.3239485808117,2215.362753589117
2024-12-31,1.0075175762176514,1.0053834915161133,0.9990637898445129,1.0029224157333374,5925.845601809025,5913.293705205918,5876.1235582631825,5898.818568049669,1.0075175762176514,1.0053834915161133,0.9990637898445129,1.0029224157333374,2232.0758040895475,2227.3479075856835,2213.347106484824,2221.8955881061693
2025-01-02,1.0078413486480713,1.0052748918533325,1.000213384628296,1.0035556554794312,5914.567346608639,5899.505966585874,5869.802258360386,5889.416541963816,1.0078413486480713,1.0052748918533325,1.000213384628296,1.0035556554794312,2235.554479005029,2229.8616643667456,2218.63442591039,2226.0481211128404
2025-01-03,1.0026195049285889,1.001564860343933,0.9964740872383118,0.9982437491416931,5958.036329452992,5951.769135648013,5921.51736919105,5932.033531962037,1.0026195049285889,1.001564860343933,0.9964740872383118,0.9982437491416931,2235.041921745294,2232.69090538499,2221.34254117581,2225.287475941122
2025-01-06,0.998442530632019,0.9959937334060669,0.9939466118812561,0.9949930310249329,5966.073528687954,5951.441034719944,5939.20870570302,5945.4614577257635,0.998442530632019,0.9959937334060669,0.9939466118812561,0.9949930310249329,2234.529364485559,2229.0489195513906,2224.467430863239,2226.8093326075737
2025-01-07,0.9998306035995483,0.9981460571289062,0.994890034198761,0.9982512593269348,5908.029031587839,5898.074995956421,5878.835058781505,5898.6966389006375,0.9998306035995483,0.9981460571289062,0.994890034198761,0.9982512593269348,2234.0168072258243,2230.2528644995077,2222.9776221489838,2230.487927796937
2025-01-08,0.9944218397140503,0.9952086210250854,0.9875051379203796,0.9920699000358582,5885.237052887678,5889.893421381712,5844.302282497287,5871.3176858872175,0.9944218397140503,0.9952086210250854,0.9875051379203796,0.9920699000358582,2233.5042499660894,2235.2713867402535,2217.9691096112138,2228.22171587732
2025-01-10,0.9988536238670349,0.9990824460983276,0.9917503595352173,0.9957414269447327,5820.360020418167,5821.693376712799,5778.969015026092,5802.225124464035,0.9988536238670349,0.9990824460983276,0.9917503595352173,0.9957414269447327,2232.9916927063546,2233.503237270417,2217.111958313803,2226.0342069371563
2025-01-13,1.0020031929016113,0.9997391700744629,0.9939191937446594,0.9978434443473816,5847.911074476242,5834.697739171982,5800.731076916457,5823.633866769075,1.0020031929016113,0.9997391700744629,0.9939191937446594,0.9978434443473816,2228.2544891723987,2223.2197556865967,2210.277293551114,2219.0040412142944
2025-01-14,0.9957995414733887,0.9934649467468262,0.9910327792167664,0.9941181540489197,5818.367098870277,5804.726271996498,5790.515336013436,5808.542903473973,0.9957995414733887,0.9934649467468262,0.9910327792167664,0.9941181540489197,2223.5172856384424,2218.304377303707,2212.8735990000187,2219.7629215857837
2025-01-15,0.9954853057861328,0.9955350160598755,0.9916543364524841,0.9913292527198792,5923.04797574997,5923.343747404813,5900.254053002,5898.319834050536,0.9954853057861328,0.9955350160598755,0.9916543364524841,0.9913292527198792,2218.7800821044866,2218.890878481505,2210.241454358555,2209.5168938786287
2025-01-16,0.9945383667945862,0.9934509992599487,0.9883988499641418,0.9924457669258118,5904.912426704169,5898.456355946064,5868.4600278460985,5892.4879497993,0.9945383667945862,0.9934509992599487,0.9883988499641418,0.9924457669258118,2214.0428785705303,2211.6221792523006,2200.375076532767,2209.3843294467893
2025-01-17,0.9893926978111267,0.9893372058868408,0.9845064282417297,0.9899734854698181,5933.051615256071,5932.718849053383,5903.750317980051,5936.534401377439,0.9893926978111267,0.9893372058868408,0.9845064282417297,0.9899734854698181,2209.3056750365745,2209.181762030632,2198.3946756797873,2210.6025690536585
2025-01-21,0.9943439364433289,0.9954025745391846,0.9899073839187622,0.9914917349815369,6015.025114090442,6021.429070005417,5988.187343096733,5997.771462919712,0.9943439364433289,0.9954025745391846,0.9899073839187622,0.9914917349815369,2210.807146037888,2213.160903708254,2200.9429917291,2204.465610536375
2025-01-22,1.0028043985366821,1.0011610984802246,0.9962053894996643,0.9986603856086731,6103.438607121706,6093.436874957085,6063.274596489072,6078.21661115706,1.0028043985366821,1.0011610984802246,0.9962053894996643,0.9986603856086731,2212.3086170392007,2208.6832970061146,2197.7503995265756,2203.1664198937415
2025-01-23,1.013132095336914,1.0107015371322632,1.0045063495635986,1.0073156356811523,6199.061483058929,6184.1896022665505,6146.283046138286,6163.472253198624,1.013132095336914,1.0107015371322632,1.0045063495635986,1.0073156356811523,2213.810088040514,2208.4990389702184,2194.961841994683,2201.1004550895177
2025-01-24,1.0012210607528687,1.0005801916122437,0.9977176189422607,0.9989058375358582,6108.689984707832,6104.7798882722855,6087.314645395279,6094.564252207279,1.0012210607528687,1.0005801916122437,0.9977176189422607,0.9989058375358582,2215.311559041827,2213.8935656828057,2207.559809259782,2210.1888733978108
2025-01-27,1.003398060798645,1.0033788681030273,0.9986180663108826,1.000954031944275,6032.710092978477,6032.594701118469,6003.971427719593,6018.015907177924,1.003398060798645,1.0033788681030273,0.9986180663108826,1.000954031944275,2216.8130300431403,2216.770627511793,2206.252561094683,2211.4134232252272
2025-01-28,1.0012248754501343,0.9967336654663086,0.9958515763282776,0.9984766840934753,6075.13217676878,6047.8808619499205,6042.52860968709,6058.4569760739805,1.0012248754501343,0.9967336654663086,0.9958515763282776,0.9984766840934753,2214.123660979269,2204.1917320635557,2202.2410669537526,2208.046269519192
2025-01-29,1.0041558742523193,1.0022408962249756,1.000779390335083,1.0021103620529175,6064.408612930775,6052.843466980457,6044.01697984457,6052.0551306498055,1.0041558742523193,1.0022408962249756,1.000779390335083,1.0021103620529175,2211.434291915398,2207.21697049497,2203.9983225483543,2206.92949745243
2025-01-30,1.0033974647521973,0.999390721321106,0.9982945322990417,1.0010406970977783,6091.796586079598,6067.470965563059,6060.815815657973,6077.488248999119,1.0033974647521973,0.999390721321106,0.9982945322990417,1.0010406970977783,2208.7449228515266,2199.925013970476,2197.5120101290045,2203.557049876061
2025-01-31,0.9968664050102234,0.993187427520752,0.9932317137718201,0.9956024289131165,6021.601425456404,5999.378451561927,5999.645963990092,6013.966339922547,0.9968664050102234,0.993187427520752,0.9932317137718201,0.9956024289131165,2206.0555537876553,2197.914012772613,2198.0120178108355,2203.258387111295
2025-02-03,0.993934154510498,0.9936659336090088,0.989880383014679,0.9911265969276428,5958.207864603996,5956.599995634556,5933.907247608304,5941.3777641445395,0.993934154510498,0.9936659336090088,0.989880383014679,0.9911265969276428,2203.366184723784,2202.771589134433,2194.3797312510346,2197.142354491514
2025-02-04,0.9924736618995667,0.9911383390426636,0.9870823621749878,0.9930893778800964,5992.436873710156,5984.374354538918,5959.884852929115,5996.154492914677,0.9924736618995667,0.9911383390426636,0.9870823621749878,0.9930893778800964,2196.4292362322353,2193.4740523565265,2184.497828084143,2197.7918684438173
2025-02-05,0.9833794832229614,0.981825590133667,0.9779443144798279,0.9835088849067688,5960.735069966316,5951.31617808342,5927.789903333187,5961.5194356846805,0.9833794832229614,0.981825590133667,0.9779443144798279,0.9835088849067688,2189.492287740687,2186.032548145721,2177.3908963158246,2189.7804003091824
2025-02-06,0.9880790710449219,0.9873833656311035,0.984556257724762,0.9866411089897156,6011.048194236755,6006.8158216524125,5989.616912806629,6002.300251416564,0.9880790710449219,0.9873833656311035,0.984556257724762,0.9866411089897156,2182.5553392491383,2181.0186043764243,2174.7738415467716,2179.3790430870213
2025-02-07,0.9870176315307617,0.9848630428314209,0.9848712086677551,0.984505832195282,5947.758377428055,5934.774847471714,5934.824054719806,5932.622299750447,0.9870176315307617,0.9848630428314209,0.9848712086677551,0.984505832195282,2175.61839075759,2170.869171848973,2170.8871712677646,2170.0817958138027
2025-02-10,0.9842582941055298,0.9828990697860718,0.9832407236099243,0.9849873185157776,5970.943885693549,5962.698232913017,5964.770855336189,5975.366468536853,0.9842582941055298,0.9828990697860718,0.9832407236099243,0.9849873185157776,2168.6814422660414,2165.6865733630934,2166.4393618454515,2170.2877499994197
2025-02-11,0.991729736328125,0.9908363819122314,0.9884094595909119,0.9885998368263245,6018.311904907227,6012.8905836343765,5998.162805527449,5999.31810978055,0.991729736328125,0.9908363819122314,0.9884094595909119,0.9885998368263245,2167.4523274735793,2165.499877086081,2160.1957723070736,2160.611846935955
2025-02-12,0.9942125082015991,0.9927715063095093,0.9899889230728149,0.9942232966423035,6016.944273260832,6008.223373039961,5991.383262768984,6017.009564580321,0.9942125082015991,0.9927715063095093,0.9899889230728149,0.9942232966423035,2166.2232126811173,2163.0835099290275,2157.0207252136674,2166.246718893813
2025-02-13,0.998055100440979,0.9969218969345093,0.992458164691925,0.9965159296989441,6103.176803053617,6096.247184287309,6068.95114916265,6093.764666224121,0.998055100440979,0.9969218969345093,0.992458164691925,0.9965159296989441,2164.9940978886552,2162.535938111575,2152.8531521055916,2161.6553087068996
2025-02-14,0.9986064434051514,0.9971063137054443,0.9934559464454651,0.9951658844947815,6106.108917038441,6096.936178972721,6074.615533813834,6085.071172308326,0.9986064434051514,0.9971063137054443,0.9934559464454651,0.9951658844947815,2163.764983096193,2160.514525284945,2152.604966013877,2156.310033309215
2025-02-18,0.9971662163734436,0.9945498704910278,0.9928889870643616,0.9943432211875916,6112.210096558332,6096.172995164395,6085.992477329969,6094.906321727038,0.9971662163734436,0.9945498704910278,0.9928889870643616,0.9943432211875916,2162.535868303731,2156.861847541987,2153.2599204768085,2156.4136910325674
2025-02-19,1.001164436340332,0.9956706762313843,0.9972027540206909,0.9967829585075378,6151.30447154045,6117.549985367059,6126.963301116228,6124.384014514088,1.001164436340332,0.9956706762313843,0.9972027540206909,0.9967829585075378,2160.847315216331,2148.9899455865666,2152.2966812810814,2151.390622321524
2025-02-20,0.9989559054374695,0.9961730241775513,0.9951943755149841,0.9955475926399231,6111.132730631829,6094.108398866654,6088.121496100426,6090.282308926583,0.9989559054374695,0.9961730241775513,0.9951943755149841,0.9955475926399231,2159.158762128931,2153.1437994828216,2151.0285331098758,2151.7919820730326
2025-02-21,1.0020194053649902,0.9995980262756348,0.9970651268959045,1.0001343488693237,6025.2729469823835,6010.712879738808,5995.48222649157,6013.937857216597,1.0020194053649902,0.9995980262756348,0.9970651268959045,1.0001343488693237,2157.470209041531,2152.2566840118657,2146.8030421711896,2153.4114520853427
2025-02-24,1.001479983329773,0.9970006942749023,0.9937012791633606,0.9971051812171936,5992.105110257864,5965.304404020309,5945.563178554177,5965.929575517774,1.001479983329773,0.9970006942749023,0.9937012791633606,0.9971051812171936,2155.7816559541307,2146.1395569237534,2139.037249647286,2146.3644750821068
2025-02-25,0.9960958957672119,0.993949294090271,0.9929323792457581,0.9954294562339783,5932.000083267689,5919.216533631086,5913.160551503301,5928.031269237399,0.9960958957672119,0.993949294090271,0.9929323792457581,0.9954294562339783,2154.0931028667305,2149.450999745385,2147.251884919115,2152.6519034720573
2025-02-26,1.0005176067352295,0.9964554309844971,0.9930779337882996,0.9968358874320984,5959.142896771431,5934.948334269524,5914.83175831914,5937.214355698824,1.0005176067352295,0.9964554309844971,0.9930779337882996,0.9968358874320984,2152.024650585625,2143.2872707616825,2136.0225737942615,2144.105598843268
2025-02-27,0.9946128129959106,0.991669774055481,0.9893123507499695,0.9920331835746765,5829.992626272439,5812.741797510385,5798.923595785498,5814.871947845816,0.9946128129959106,0.991669774055481,0.9893123507499695,0.9920331835746765,2149.956198304519,2143.594521952523,2138.498713029204,2144.38006838638
2025-02-28,0.9930582046508789,0.9917235374450684,0.9880879521369934,0.9896374344825745,5913.165079593658,5905.21780371666,5883.569710999727,5892.79610362649,0.9930582046508789,0.9917235374450684,0.9880879521369934,0.9896374344825745,2147.8877460234135,2145.000991427405,2137.1375760744427,2140.488954802463
2025-03-03,0.9928154945373535,0.9921860694885254,0.9884905219078064,0.9904634356498718,5807.692654705048,5804.010694408417,5782.392775814534,5793.933768789769,0.9928154945373535,0.9921860694885254,0.9884905219078064,0.9904634356498718,2145.8192937423078,2144.4588874823617,2136.4715249328433,2140.735677130212
2025-03-04,0.9951987862586975,0.9931049346923828,0.9896308779716492,0.9918424487113953,5750.407866820693,5738.309278392791,5718.235657551884,5731.0144450217485,0.9951987862586975,0.9931049346923828,0.9896308779716492,0.9918424487113953,2143.750841461202,2139.240490243777,2131.7570486226764,2136.5209778996655
2025-03-05,0.9967124462127686,0.996963620185852,0.9910812973976135,0.9919818043708801,5823.422039616108,5824.8895562064645,5790.521320614219,5795.782649671435,0.9967124462127686,0.996963620185852,0.9910812973976135,0.9919818043708801,2153.4288632040993,2153.9715325420602,2141.2625875268677,2143.208161413416
2025-03-06,0.9953516721725464,0.995140790939331,0.9911038875579834,0.9924352765083313,5711.845477795601,5710.635331621171,5687.46948082924,5695.10968294859,0.9953516721725464,0.995140790939331,0.9911038875579834,0.9924352765083313,2163.106884946996,2162.6485960223604,2153.8755625888616,2156.7689486006157
2025-03-07,1.003875970840454,1.0024642944335938,0.998901903629303,0.9995973706245422,5792.565126943588,5784.419471740723,5763.8637643218035,5767.876747977733,1.003875970840454,1.0024642944335938,0.998901903629303,0.9995973706245422,2172.7849066898934,2169.7294802437477,2162.0190566494725,2163.5243224733886
2025-03-10,1.0011792182922363,1.0005872249603271,0.9951023459434509,0.9954847693443298,5621.180791854858,5617.8570097732545,5587.061827440262,5589.208966569901,1.0011792182922363,1.0005872249603271,0.9951023459434509,0.9954847693443298,2182.4629284327902,2181.172446691694,2169.216000830093,2170.0496426797577
2025-03-11,1.022572636604309,1.0225895643234253,1.0149081945419312,1.0172191858291626,5697.846311243772,5697.940633679628,5655.139503561258,5668.016508783102,1.022572636604309,1.0225895643234253,1.0149081945419312,1.0172191858291626,2192.1409501756875,2192.177238987787,2175.710296055134,2180.6644855717464
2025-03-12,1.0343892574310303,1.0302718877792358,1.0241363048553467,1.029948115348816,5791.855769133568,5768.801381242275,5734.446411776543,5766.988482272625,1.0343892574310303,1.0302718877792358,1.0241363048553467,1.029948115348816,2203.6153020735096,2194.843847126732,2181.7728834434834,2194.1540972313833
2025-03-13,1.0062263011932373,1.0102310180664062,0.997247040271759,1.002382755279541,5555.898646564484,5578.010770874024,5506.319477801323,5534.676430931092,1.0062263011932373,1.0102310180664062,0.997247040271759,1.002382755279541,2215.0896539713312,2223.905570333606,2195.322860016642,2206.628536648224
2025-03-14,1.006190299987793,1.0061571598052979,0.9971199631690979,0.9999892115592957,5673.846730213165,5673.659854712486,5622.6996451127525,5638.879164630174,1.006190299987793,1.0061571598052979,0.9971199631690979,0.9999892115592957,2226.5640058691533,2226.4906710959076,2206.492568605386,2212.8418299623977
2025-03-17,1.0104222297668457,1.0092086791992188,1.0002658367156982,1.00534987449646,5734.267404594421,5727.3803594970705,5676.628655261993,5705.48117975235,1.0104222297668457,1.0092086791992188,1.0002658367156982,1.00534987449646,2238.038357766975,2235.350399565515,2215.5424183909468,2226.803326188182
2025-03-18,1.0261715650558472,1.0293188095092773,1.0134894847869873,1.0182443857192993,5761.604439456462,5779.275146999359,5690.398870654106,5717.096022722721,1.0261715650558472,1.0293188095092773,1.0134894847869873,1.0182443857192993,2249.512709664797,2256.411913111375,2221.7118021740143,2232.135215221764
2025-03-19,1.0128085613250732,1.0100748538970947,0.9987607598304749,1.0064231157302856,5747.982300002574,5732.467717573642,5668.256952658296,5711.7430444729325,1.0128085613250732,1.0100748538970947,0.9987607598304749,1.0064231157302856,2244.094935926035,2238.0378198730227,2212.9690140107637,2229.946609509692
2025-03-20,1.0029875040054321,1.0067058801651,0.9915696978569031,0.9980198740959167,5679.807906557322,5700.864661728144,5615.150126296879,5651.676764819026,1.0029875040054321,1.0067058801651,0.9915696978569031,0.9980198740959167,2238.6771621872726,2246.97661133876,2213.192515803428,2227.5893673900105
2025-03-21,0.9986972212791443,0.9998055696487427,0.9879487156867981,0.9903410077095032,5660.1764234328275,5666.458054318428,5599.25862307787,5612.817081654072,0.9986972212791443,0.9998055696487427,0.9879487156867981,0.9903410077095032,2233.2593884485104,2235.7378467333015,2209.2238744664514,2214.5734524023683
2025-03-24,0.9868356585502625,0.9898897409439087,0.9785845875740051,0.9818515181541443,5691.643739184737,5709.25837317586,5644.055109754205,5662.897360560298,0.9868356585502625,0.9898897409439087,0.9785845875740051,0.9818515181541443,2227.8416147097482,2234.73639176038,2209.2143193464713,2216.589614144284
2025-03-25,0.9879578948020935,0.993621826171875,0.9816848039627075,0.987010657787323,5707.086973008513,5739.8055221557615,5670.849522811174,5701.615116307139,0.9879578948020935,0.993621826171875,0.9816848039627075,0.987010657787323,2222.423840970986,2235.164926573979,2208.3124433989055,2220.2930192671947
2025-03-26,0.991091251373291,0.9933202266693115,0.9832271933555603,0.9862225651741028,5661.311446094513,5674.043798780441,5616.390373885632,5633.50053678751,0.991091251373291,0.9933202266693115,0.9832271933555603,0.9862225651741028,2224.937000789093,2229.9409089590918,2207.2826893059105,2214.0071090613683
2025-03-27,1.0122355222702026,1.015406847000122,1.0048980712890625,1.0088458061218262,5762.970621296167,5781.025956094265,5721.196238250733,5743.671916451454,1.0122355222702026,1.015406847000122,1.0048980712890625,1.0088458061218262,2227.4501606072,2234.42874180059,2211.3039120249205,2219.991003510855
2025-03-28,0.9927762746810913,0.9976205825805664,0.9845842719078064,0.9902614951133728,5540.624822418689,5567.660614147186,5494.905746461152,5526.589988538027,0.9927762746810913,0.9976205825805664,0.9845842719078064,0.9902614951133728,2229.963320425307,2240.8445523847895,2211.5625324823072,2224.3146497852185
2025-03-31,1.0099074840545654,1.008966326713562,1.0022337436676025,1.0043540000915527,5667.449314391613,5662.167680567503,5624.385434401036,5636.283995413781,1.0099074840545654,1.008966326713562,1.0022337436676025,1.0043540000915527,2232.476480243414,2230.3959811272343,2215.5130997359147,2220.200086091883
2025-04-01,1.0056540966033936,1.0077565908432007,1.0008926391601562,1.0041533708572388,5664.919921953678,5676.7634191811085,5638.0982988739015,5656.466228774786,1.0056540966033936,1.0077565908432007,1.0008926391601562,1.0041533708572388,2234.9896400615207,2239.6622733855725,2224.4076635219017,2231.654391384507
2025-04-02,1.0021129846572876,1.0049874782562256,0.9943754076957703,0.9972713589668274,5682.9526726019385,5699.253839566708,5639.073105780482,5655.495958560109,1.0021129846572876,1.0049874782562256,0.9943754076957703,0.9972713589668274,2243.950851331824,2250.387473207042,2226.624718774047,2233.1093890852753
2025-04-03,0.9958306550979614,0.9981899261474609,0.9893901944160461,0.9949750304222107,5374.020046849251,5386.751900253296,5339.263971970082,5369.4026511740685,0.9958306550979614,0.9981899261474609,0.9893901944160461,0.9949750304222107,2252.9120626021277,2258.249546620274,2238.3415214315764,2250.9763447738096
2025-04-04,1.0220383405685425,1.026184320449829,1.015540599822998,1.0230287313461304,5185.90430311203,5206.941336708069,5152.934246749878,5190.929625148773,1.0220383405685425,1.026184320449829,1.015540599822998,1.0230287313461304,2261.8732738724307,2271.0487428497277,2247.4931224147826,2264.065107917785
2025-04-07,1.0219080448150635,1.0232102870941162,1.0108628273010254,1.0167350769042969,5173.153999865055,5179.74627584219,5117.240347504616,5146.967143058777,1.0219080448150635,1.0232102870941162,1.0108628273010254,1.0167350769042969,2270.834485142734,2273.728264764382,2246.2903385788236,2259.339366788488
2025-04-08,1.0200475454330444,1.0199506282806396,1.0117716789245605,1.0186686515808105,5082.662307957411,5082.179392077924,5041.425568594933,5075.791597037316,1.0200475454330444,1.0199506282806396,1.0117716789245605,1.0186686515808105,2279.7956964130376,2279.5790875814687,2261.299220504044,2276.7138829385503
2025-04-09,1.016981601715088,1.0186797380447388,1.0060369968414307,1.0077521800994873,5549.566902399063,5558.833462536335,5489.843288064003,5499.202871584892,1.016981601715088,1.0186797380447388,1.0060369968414307,1.0077521800994873,2249.5283296831713,2253.2845488465973,2225.319240080213,2229.11316646304
2025-04-10,1.0287928581237793,1.0310057401657104,1.0207617282867432,1.0249112844467163,5419.7322162389755,5431.389789479971,5377.423822700977,5399.283892029524,1.0287928581237793,1.0310057401657104,1.0207617282867432,1.0249112844467163,2219.260962953305,2224.0344824159442,2201.936607719883,2210.887824601584
2025-04-11,1.0708485841751099,1.077953577041626,1.0520083904266357,1.0647289752960205,5743.346462421417,5781.453096961975,5642.299720878601,5710.524796943664,1.0708485841751099,1.077953577041626,1.0520083904266357,1.0647289752960205,2188.993596223439,2203.517389891241,2150.481089342004,2176.484092222892
2025-04-14,0.9641844034194946,0.9789285659790039,0.9486808776855469,0.9709309935569763,5212.351959353686,5292.058459825516,5128.540364341736,5248.823823239208,0.9641844034194946,0.9789285659790039,0.9486808776855469,0.9709309935569763,2158.7262294935726,2191.7371455966013,2124.0151643354893,2173.831266494558
2025-04-15,0.9336182475090027,0.9507673978805542,0.913723886013031,0.9325177073478699,5038.392243054509,5130.939862424136,4931.029734974503,5032.453035004735,0.9336182475090027,0.9507673978805542,0.913723886013031,0.9325177073478699,2128.4588627637063,2167.5554219779096,2083.1037830423047,2125.949856040626
2025-04-16,0.9219710826873779,0.9413487911224365,0.8956423401832581,0.9187375903129578,4864.042840933799,4966.273817324638,4725.1402941048145,4846.9839052140715,0.9219710826873779,0.9413487911224365,0.8956423401832581,0.9187375903129578,2114.0596693482676,2158.492333947183,2053.6884345906924,2106.645341558309
2025-04-17,1.0050965547561646,1.0049400329589844,0.997587263584137,0.9968919157981873,5309.62356981039,5308.796712112427,5269.95423733592,5266.280923587084,1.0050965547561646,1.0049400329589844,0.997587263584137,0.9968919157981873,2099.6604759328293,2099.333499753669,2083.9734637730844,2082.52087271974
2025-04-21,0.9214825630187988,0.9459986686706543,0.8984864354133606,0.9233706593513489,4753.191356563568,4879.650332736969,4634.572731149196,4762.930535066128,0.9214825630187988,0.9459986686706543,0.8984864354133606,0.9233706593513489,2085.2612825173906,2140.7397993831264,2033.2223872979794,2089.5339343698915
2025-04-22,0.9953697323799133,1.004083514213562,0.992767870426178,1.000662088394165,5263.276256089211,5309.352643117905,5249.518234524727,5291.26096452713,0.9953697323799133,1.004083514213562,0.992767870426178,1.000662088394165,2070.8620891019523,2088.991071594581,2065.44892743369,2081.872811123547
2025-04-23,0.9661746025085449,0.9834904670715332,0.9626926779747009,0.9744712710380554,5194.019398641586,5287.107062311172,5175.301059817076,5238.62112712264,0.9661746025085449,0.9834904670715332,0.9626926779747009,0.9744712710380554,2056.4628956865135,2093.319001082022,2049.0517625529787,2074.122013349563
2025-04-24,1.0313361883163452,1.036642074584961,1.0241141319274902,1.031998634338379,5656.641785591841,5685.743351421356,5617.030467371941,5660.275149660111,1.0313361883163452,1.036642074584961,1.0241141319274902,1.031998634338379,2084.926025182642,2095.6522854394025,2070.326078539597,2086.265211150577
2025-04-25,1.0197837352752686,1.0268969535827637,1.0099464654922485,1.0230814218521118,5634.519291980267,5673.821316905021,5580.166310602426,5652.739702831507,1.0197837352752686,1.0268969535827637,1.0099464654922485,1.0230814218521118,2113.389154678771,2128.1305139551714,2093.0024995950125,2120.223245874733
2025-04-28,1.0303843021392822,1.0332038402557373,1.0205483436584473,1.0264071226119995,5696.737210452557,5712.325731813908,5642.35665500164,5674.748379141092,1.0303843021392822,1.0332038402557373,1.0205483436584473,1.0264071226119995,2141.8522841749,2147.7132373576196,2121.4063494925817,2133.5849502904475
2025-04-29,1.05106520652771,1.0472583770751953,1.0337014198303223,1.0375224351882935,5844.794932415485,5823.625800991058,5748.237866435051,5769.4858832681175,1.05106520652771,1.0472583770751953,1.0337014198303223,1.0375224351882935,2170.3154136710286,2162.4547970444887,2134.461411773723,2142.3513204832643
2025-04-30,1.0692040920257568,1.0741078853607178,1.0557456016540527,1.0645136833190918,5954.4617407369615,5981.7712600469595,5879.510600347519,5928.340573225022,1.0692040920257568,1.0741078853607178,1.0557456016540527,1.0645136833190918,2198.7785431671573,2208.8630122086192,2171.1016570857937,2189.1328916962957
2025-05-01,1.0088027715682983,1.0136812925338745,0.9942008852958679,1.0086652040481567,5653.471964256763,5680.8118787407875,5571.640949321985,5652.701016614437,1.0088027715682983,1.0136812925338745,0.9942008852958679,1.0086652040481567,2188.750187116374,2199.334876192571,2157.069186417547,2188.451713575324
2025-05-02,1.0029590129852295,1.011620044708252,1.0011754035949707,0.9997431635856628,5703.496930372715,5752.749359641075,5693.354132361412,5685.2094560676815,1.0029590129852295,1.011620044708252,1.0011754035949707,0.9997431635856628,2178.721831065591,2197.536138181029,2174.84730711562,2171.7360607583864
2025-05-05,1.0014721155166626,1.0078598260879517,0.9970844388008118,1.003791332244873,5658.69801207304,5694.7910041308405,5633.905971311331,5671.8024678897855,1.0014721155166626,1.0078598260879517,0.9970844388008118,1.003791332244873,2168.693475014807,2182.526098032065,2159.191936512928,2173.7157518287954
2025-05-06,0.987723171710968,0.9961533546447754,0.980692446231842,0.9848113656044006,5538.0749286979435,5585.342205691338,5498.654283701777,5521.74869392097,0.987723171710968,0.9961533546447754,0.980692446231842,0.9848113656044006,2158.665118964024,2177.0892507115586,2143.2994959964967,2152.3013781351583
2025-05-07,0.9771956205368042,0.982935905456543,0.971670925617218,0.9797014594078064,5502.862154016494,5535.187305679321,5471.751050009727,5516.973234333992,0.9771956205368042,0.982935905456543,0.971670925617218,0.9797014594078064,2148.6367629132405,2161.2583782264282,2136.48918226651,2154.146547655434
2025-05-08,1.0173171758651733,1.0235259532928467,1.0118739604949951,1.0204373598098755,5762.02344506979,5797.189587893486,5731.193399806022,5779.695979721546,1.0173171758651733,1.0235259532928467,1.0118739604949951,1.0204373598098755,2140.974410737224,2154.0409684539036,2129.5190012580983,2147.5409311311405
2025-05-09,1.011569857597351,1.0090659856796265,1.00355863571167,1.0106292963027954,5725.3943527138235,5711.222663007975,5680.0515578508375,5720.070860437155,1.011569857597351,1.0090659856796265,1.00355863571167,1.0106292963027954,2133.3120585612073,2128.0316124159835,2116.417094635408,2131.3284973306886
2025-05-12,0.9978521466255188,1.0033398866653442,0.9948426485061646,0.9942027926445007,5831.637536787391,5863.708932250738,5814.049457973241,5810.310018745065,0.9978521466255188,1.0033398866653442,0.9948426485061646,0.9942027926445007,2125.649706385191,2137.339828056845,2119.2387978999955,2117.8757608718406
2025-05-13,0.9983114004135132,0.9969079494476318,0.9878748059272766,0.9924172759056091,5876.609974104166,5868.348489820957,5815.17443883121,5841.913915482163,0.9983114004135132,0.9969079494476318,0.9878748059272766,0.9924172759056091,2117.9873542091746,2115.009834973435,2095.84539015497,2105.4825574426504
2025-05-14,0.9821692705154419,0.9820921421051025,0.9774088263511658,0.9801573157310486,5787.5110000538825,5787.056514725685,5759.459701980352,5775.655395530463,0.9821692705154419,0.9820921421051025,0.9774088263511658,0.9801573157310486,2110.325002033158,2110.1592810952375,2100.0965366939986,2106.0020420180913
2025-05-15,0.9822096824645996,0.9892696142196655,0.9791035056114197,0.985009491443634,5811.665936465263,5853.439058464766,5793.2869054573775,5828.232210207581,0.9822096824645996,0.9892696142196655,0.9791035056114197,0.985009491443634,2108.1619750565746,2123.3150324314297,2101.4950443119665,2114.17133429259
2025-05-16,0.9995999932289124,1.0002655982971191,1.0017399787902832,0.9990829825401306,5955.996607655287,5959.962535581589,5968.747454824448,5952.916061507463,0.9995999932289124,1.0002655982971191,1.0017399787902832,0.9990829825401306,2105.998948079992,2107.4012725927723,2110.5075588959994,2104.9096884020246
2025-05-19,0.9899337291717529,0.9914664030075073,0.9801775813102722,0.9944650530815125,5903.5687872886665,5912.709040975571,5845.38702390194,5930.591790556908,0.9899337291717529,0.9914664030075073,0.9801775813102722,0.9944650530815125,2103.8359211034085,2107.0932040668786,2083.1018722294984,2113.4660223218843
2025-05-20,1.0095638036727905,1.0097949504852295,0.9948703050613403,1.0007292032241821,5997.273393166065,5998.6465115594865,5909.98725240469,5944.791802585125,1.0095638036727905,1.0097949504852295,0.9948703050613403,1.0007292032241821,2101.6728941268257,2102.154087082139,2071.084507697726,2083.281346979699
2025-05-21,0.9948751330375671,0.9951406717300415,0.9865632057189941,0.9980871081352234,5814.657151302695,5816.2091214001175,5766.07717777729,5833.429893078208,0.9948751330375671,0.9951406717300415,0.9865632057189941,0.9980871081352234,2099.5098671502424,2100.070240091978,2081.968999114775,2106.2881785047343
2025-05-22,0.9806443452835083,0.981824517250061,0.9718214869499207,0.9773134589195251,5728.934071589709,5735.8286480200295,5677.390844976306,5709.475000142455,0.9806443452835083,0.981824517250061,0.9718214869499207,0.9773134589195251,2088.035781109086,2090.5486608354377,2069.249720718495,2080.9434953642535
2025-05-23,0.9968616366386414,0.9984574317932129,0.9937341213226318,0.9935732483863831,5784.60864231944,5793.868754358291,5766.460233893395,5765.526717201471,0.9968616366386414,0.9984574317932129,0.9937341213226318,0.9935732483863831,2076.5616950679305,2079.885894705437,2070.0467703609643,2069.7116560733753
2025-05-27,0.9938048124313354,0.9879082441329956,0.985767662525177,0.9912702441215515,5884.85494900465,5849.938183963299,5837.262644349336,5869.846401375532,0.9938048124313354,0.9879082441329956,0.985767662525177,0.9912702441215515,2065.0876090267743,2052.834770263707,2048.3867252360296,2059.820875010905
2025-05-28,0.9890762567520142,0.9886056184768677,0.984492301940918,0.9887122511863708,5824.224991697073,5821.453614681959,5797.2321445941925,5822.081526723504,0.9890762567520142,0.9886056184768677,0.984492301940918,0.9887122511863708,2053.6135229856186,2052.63633935627,2044.095883142827,2052.8577402570936
2025-05-29,0.9726743698120117,0.9772962331771851,0.9647356867790222,0.9710857272148132,5750.616228971481,5777.941470903158,5703.681385304332,5741.2239038676025,0.9726743698120117,0.9772962331771851,0.9647356867790222,0.9710857272148132,2042.1394369444624,2051.8430846842643,2025.4720935845228,2038.804066136269
2025-05-30,0.9644638299942017,0.9711791276931763,0.9574579000473022,0.9662979245185852,5701.611179138422,5741.309937392472,5660.194293130636,5712.453777397274,0.9644638299942017,0.9711791276931763,0.9574579000473022,0.9662979245185852,2034.7979568085527,2048.965698109247,2020.0170479780159,2038.667476509288
2025-06-02,0.9497703313827515,0.9579722881317139,0.9400100111961365,0.9502305388450623,5637.779700868129,5686.466024012565,5579.843025859594,5640.511464751959,0.9497703313827515,0.9579722881317139,0.9400100111961365,0.9502305388450623,2027.4564766726428,2044.9650361449762,2006.6213087137305,2028.438872699603
2025-06-03,0.9665947556495667,0.9715604782104492,0.9571518898010254,0.9687454104423523,5770.928331287503,5800.575532293319,5714.550928311348,5783.768536142707,0.9665947556495667,0.9715604782104492,0.9571518898010254,0.9687454104423523,2020.114996536733,2030.4930071303645,2000.3800716373075,2024.609713659795
2025-06-04,0.9850596189498901,0.9880166053771973,0.9755991101264954,0.9783782362937927,5881.603823422194,5899.259427552223,5825.11692273438,5841.710557045341,0.9850596189498901,0.9880166053771973,0.9755991101264954,0.9783782362937927,2012.7735164008232,2018.8155303609378,1993.4428472259922,1999.121439100701
2025-06-05,0.9820250272750854,0.9851762056350708,0.9792603850364685,0.9826697707176208,5832.541244494915,5851.257038128376,5816.121204847098,5836.370569223166,0.9820250272750854,0.9851762056350708,0.9792603850364685,0.9826697707176208,2005.4320362649134,2011.8671818666855,1999.7862513203916,2006.7486922756264
2025-06-06,0.9884638786315918,0.9885892868041992,0.9832901954650879,0.9854136109352112,5931.139118785858,5931.891612968445,5900.095157260895,5912.836414511204,0.9884638786315918,0.9885892868041992,0.9832901954650879,0.9854136109352112,2003.2189772087615,2003.4731291678722,1992.7340009488764,1997.0373106177522
2025-06-09,0.9892457723617554,0.9913132190704346,0.9842621684074402,0.9866275191307068,5941.291399312019,5953.708236150742,5911.360471994877,5925.566484596729,0.9892457723617554,0.9913132190704346,0.9842621684074402,0.9866275191307068,2001.0059181526096,2005.1878648589932,1990.9252877522335,1995.7098225240761
2025-06-10,0.9989397525787354,0.9981338977813721,0.9896155595779419,0.993036687374115,6032.407367269993,6027.540963261128,5976.100337334871,5996.75987808168,0.9989397525787354,0.9981338977813721,0.9896155595779419,0.993036687374115,1998.792859096458,1997.180412689875,1980.1359477675096,1986.9813313768761
2025-06-11,0.9950842261314392,0.9936510324478149,0.9870623350143433,0.9925478100776672,5992.636029977798,5984.004993648528,5944.3262764167785,5977.361123762131,0.9950842261314392,0.9936510324478149,0.9870623350143433,0.9925478100776672,1996.579800040306,1993.7041785771921,1980.4843325995419,1991.4906257528723
2025-06-12,0.9944823384284973,0.9952392578125,0.9887354373931885,0.990894615650177,6011.9043012082575,6016.480075683594,5977.1627902555465,5990.215584205389,0.9944823384284973,0.9952392578125,0.9887354373931885,0.990894615650177,1994.3667409841541,1995.8846913657032,1982.841721538702,1987.1718067872732
2025-06-13,0.9938743114471436,0.9911161661148071,0.9864948391914368,0.9908916354179382,5940.356943290234,5923.871591383219,5896.250059002042,5922.5295781439545,0.9938743114471436,0.9911161661148071,0.9864948391914368,0.9908916354179382,1989.1239907568417,1983.6038832469133,1974.3548342006393,1983.1545111375235
2025-06-16,0.988465428352356,0.9862147569656372,0.9808338284492493,0.9862050414085388,5963.520660446882,5949.942112396955,5917.47837875545,5949.88349737227,0.988465428352356,0.9862147569656372,0.9808338284492493,0.9862050414085388,1983.8812405295294,1979.3640721849058,1968.5643792122478,1979.3445727558758
2025-06-17,0.993550181388855,0.9955614805221558,0.9850583672523499,0.9914328455924988,5944.132541198731,5956.165580749512,5893.3283949279785,5931.465113983155,0.993550181388855,0.9955614805221558,0.9850583672523499,0.9914328455924988,1978.6384903022172,1982.6439587276743,1961.7271851485166,1974.4218516441588
2025-06-18,0.9929451942443848,0.9918944835662842,0.9840840697288513,0.9892953038215637,5938.676123900414,5932.391959927082,5885.678890119195,5916.846603767276,0.9929451942443848,0.9918944835662842,0.9840840697288513,0.9892953038215637,1973.3957400749048,1971.3075402545787,1955.7849943131168,1966.1418873407501
2025-06-20,0.9868561029434204,0.986676812171936,0.9794802069664001,0.9871030449867249,5889.3993253898625,5888.329346752167,5845.381158342361,5890.873035993576,0.9868561029434204,0.986676812171936,0.9794802069664001,0.9871030449867249,1968.1529898475924,1967.7954182959784,1953.4427482260644,1968.6454828457097
2025-06-23,0.9853799343109131,0.9864784479141235,0.9768196940422058,0.9816840291023254,5937.081618812084,5943.70035001874,5885.504715952277,5914.813161626458,0.9853799343109131,0.9864784479141235,0.9768196940422058,0.9816840291023254,1965.8864228607426,1968.0780170902208,1948.8082791572729,1958.5128914778209
2025-06-24,0.994712233543396,0.9947566986083984,0.9867611527442932,0.9929937720298767,6059.965974948406,6060.236864128113,6011.526559525729,6049.496798084974,0.994712233543396,0.9947566986083984,0.9867611527442932,0.9929937720298767,1963.6198558738931,1963.7076325007276,1947.923959506801,1960.2275128065105
2025-06-25,0.9900741577148438,0.9911395311355591,0.9830673336982727,0.9873211979866028,6031.690180664063,6038.1806060028075,5989.003487663269,6014.918709526062,0.9900741577148438,0.9911395311355591,0.9830673336982727,0.9873211979866028,1961.3532888870434,1963.4638112618884,1947.4726545704448,1955.8996301130164
2025-06-26,0.9907923936843872,0.9929565191268921,0.9868093132972717,0.9908754229545593,6084.475905463696,6097.765843088628,6060.015729144812,6084.9857898724085,0.9907923936843872,0.9929565191268921,0.9868093132972717,0.9908754229545593,1959.0867219001939,1963.3658316773408,1951.2110055055193,1959.2508950829513
2025-06-27,0.9942418932914734,0.9938781261444092,0.9877367615699768,0.9902359843254089,6137.524804220795,6135.279244158268,6097.368170744777,6112.796047759652,0.9942418932914734,0.9938781261444092,0.9877367615699768,0.9902359843254089,1956.8201549133441,1956.1042055152413,1944.017060466328,1948.935913204727
2025-06-30,1.0001006126403809,0.9981697797775269,0.9940169453620911,0.9954102635383606,6205.574296402931,6193.593575030565,6167.825445124507,6176.47091474235,1.0001006126403809,0.9981697797775269,0.9940169453620911,0.9954102635383606,1955.478029406789,1951.7027080100752,1943.5827485214902,1946.3070775012266
2025-07-01,0.9941049814224243,0.9911916255950928,0.9896944165229797,0.9916571974754333,6161.472615906,6143.415607354641,6134.1358905535935,6146.301226524711,0.9941049814224243,0.9911916255950928,0.9896944165229797,0.9916571974754333,1954.1359039002336,1948.409050771624,1945.4659511411653,1949.3242365359263
2025-07-02,0.9959583282470703,0.995136022567749,0.9927101135253906,0.9963521361351013,6202.250812492371,6197.129969658852,6182.022815170289,6204.703219610453,0.9959583282470703,0.995136022567749,0.9927101135253906,0.9963521361351013,1952.7937783936782,1951.1814685520176,1946.4249441568613,1953.5659247494225
2025-07-03,0.996665358543396,0.994412899017334,0.9902570843696594,0.9938792586326599,6258.410619169474,6244.266637444496,6218.170822736622,6240.915722694994,0.996665358543396,0.994412899017334,0.9902570843696594,0.9938792586326599,1951.451652887123,1947.0413803442716,1938.9043749855728,1945.9965227079615
2025-07-07,0.9965706467628479,0.993973970413208,0.9912043809890747,0.9958550333976746,6208.6151979196065,6192.437956194877,6175.183469474316,6204.156940966845,0.9965706467628479,0.993973970413208,0.9912043809890747,0.9958550333976746,1950.1095273805677,1945.0282987638057,1939.6087103578266,1948.709200724471
2025-07-08,0.9988237619400024,0.9952112436294556,0.9917529225349426,0.995839536190033,6218.197306432725,6195.707501440049,6174.177654299737,6199.618949341774,0.9988237619400024,0.9952112436294556,0.9917529225349426,0.995839536190033,1944.7702922478486,1937.7365005437873,1931.0029401481079,1938.9598241702477
2025-07-09,0.993802547454834,0.9899297952651978,0.98943030834198,0.9936012625694275,6224.443743371964,6200.187689492703,6197.05927302599,6223.183043800593,0.993802547454834,0.9899297952651978,0.98943030834198,0.9936012625694275,1939.4310571151295,1931.8732822912202,1930.8985208016343,1939.0382445196244
2025-07-10,0.9958729147911072,0.9921108484268188,0.9900985360145569,0.992381751537323,6254.540006428957,6230.912499110699,6218.274251497984,6232.613895260096,0.9958729147911072,0.9921108484268188,0.9900985360145569,0.992381751537323,1934.0918219824107,1926.785486323657,1922.8773601742016,1927.311609168042
2025-07-11,0.991590142250061,0.9871362447738647,0.9881905913352966,0.9912254214286804,6207.10639294982,6179.2261082232,6185.826054111123,6204.823331788182,0.991590142250061,0.9871362447738647,0.9881905913352966,0.9912254214286804,1928.7525868496916,1920.0892632518148,1922.1400840205483,1928.0431644807686
2025-07-14,0.9863104224205017,0.9818800687789917,0.9830467700958252,0.9860432744026184,6182.74606156826,6154.974123945237,6162.287661151887,6181.071428189278,0.9863104224205017,0.9818800687789917,0.9830467700958252,0.9860432744026184,1923.4133517169726,1914.7736768709988,1917.0488722245632,1922.8923838220776
2025-07-15,0.9825752973556519,0.980634331703186,0.9803772568702698,0.9835777878761292,6134.964338617325,6122.845414915085,6121.240301356316,6141.22364882946,0.9825752973556519,0.980634331703186,0.9803772568702698,0.9835777878761292,1917.112932813167,1913.3258944411432,1912.8243130476249,1919.068902545972
2025-07-16,0.9856654405593872,0.9820020198822021,0.9797335267066956,0.984264075756073,6173.912620031833,6150.96605193615,6136.756891232729,6165.134891313314,0.9856654405593872,0.9820020198822021,0.9797335267066956,0.984264075756073,1910.8125139093615,1903.7106010435652,1899.3128967423816,1908.0958259820611
2025-07-17,0.986335277557373,0.9828368425369263,0.9818719625473022,0.9857496619224548,6211.308323478698,6189.277418718338,6183.201222066879,6207.62049100399,0.986335277557373,0.9828368425369263,0.9818719625473022,0.9857496619224548,1904.512095005556,1897.7569763743618,1895.8938922362595,1903.3813313746655
2025-07-18,0.9839689135551453,0.9816784858703613,0.9806227087974548,0.9841158986091614,6195.845615184903,6181.423273043632,6174.775266528725,6196.771149203181,0.9839689135551453,0.9816784858703613,0.9806227087974548,0.9841158986091614,1898.2116761017505,1893.7931253582976,1891.7563858439255,1898.4952305330971
2025-07-21,0.9836217761039734,0.9817798137664795,0.9801365733146667,0.9834696650505066,6202.325471401215,6190.710793685914,6180.349176692963,6201.366319942475,0.9836217761039734,0.9817798137664795,0.9801365733146667,0.9834696650505066,1891.911257197945,1888.3684022446494,1885.2077716195513,1891.6186847667632
2025-07-22,0.9842126369476318,0.9805206060409546,0.9793542623519897,0.9826447367668152,6210.0077383375165,6186.712426288128,6179.353240821361,6200.114883998633,0.9842126369476318,0.9805206060409546,0.9793542623519897,0.9826447367668152,1888.7709301800148,1881.6856719867396,1879.4473791914472,1885.7620231900225
2025-07-23,0.9885485172271729,0.9859391450881958,0.9853667616844177,0.9877845644950867,6286.091051681042,6269.498289092779,6265.85855454266,6281.233145013452,0.9885485172271729,0.9859391450881958,0.9853667616844177,0.9877845644950867,1885.6306031620848,1880.6532936273995,1879.5614871615587,1884.173383181591
2025-07-24,0.9875715374946594,0.9833301305770874,0.9832814335823059,0.986361563205719,6284.263343116641,6257.27378640771,6256.963910385966,6276.563853225112,0.9875715374946594,0.9833301305770874,0.9832814335823059,0.986361563205719,1882.490276144155,1874.405386112031,1874.3125608171808,1880.183845929395
2025-07-25,0.9899798631668091,0.9868834018707275,0.987461268901825,0.9885573983192444,6324.624953022004,6304.8427765274055,6308.534560956955,6315.537337198258,0.9899798631668091,0.9868834018707275,0.987461268901825,0.9885573983192444,1879.3499491262248,1873.4717140269302,1874.5687205579727,1876.6495818375884
2025-07-28,0.9917006492614746,0.9864403009414673,0.9867706298828125,0.9893983006477356,6336.739057631493,6303.12664174676,6305.2373677063,6322.027579529882,0.9917006492614746,0.9864403009414673,0.9867706298828125,0.9893983006477356,1876.2096221082948,1866.2575099048906,1866.8824629475998,1871.8537828479678
2025-07-29,0.9872620701789856,0.9837461709976196,0.9851300120353699,0.988727867603302,6289.708432420492,6267.309130961895,6276.125388475656,6299.046822599173,0.9872620701789856,0.9837461709976196,0.9851300120353699,0.988727867603302,1872.3881173694508,1865.7200521738891,1868.3445706210955,1875.1680698893153
2025-07-30,0.9942410588264465,0.9889116287231445,0.98878014087677,0.9911215901374817,6326.256433206796,6292.345802402496,6291.5091583848,6306.407565885782,0.9942410588264465,0.9889116287231445,0.98878014087677,0.9911215901374817,1868.5666126306069,1858.5505354761056,1858.3034185445317,1862.7039146565094
2025-07-31,0.9930390119552612,0.9878950119018555,0.989257276058197,0.9917231202125549,6295.261581999064,6262.651759500503,6271.287683270574,6286.9196310442685,0.9930390119552612,0.9878950119018555,0.989257276058197,0.9917231202125549,1864.7451078917627,1855.0856193730826,1857.643701573894,1862.274104577507
2025-08-01,0.9947038292884827,0.9897047281265259,0.9902029633522034,0.9932352900505066,6204.972434139848,6173.78799110055,6176.8959874206785,6195.811671687961,0.9947038292884827,0.9897047281265259,0.9902029633522034,0.9932352900505066,1860.9236031529188,1851.571125487794,1852.5032398157832,1858.1762131764867
2025-08-04,0.989815890789032,0.9842994213104248,0.9860573410987854,0.9890229105949402,6265.475199741125,6230.55627892971,6241.683805714845,6260.455682691335,0.989815890789032,0.9842994213104248,0.9860573410987854,0.9890229105949402,1857.1020984140748,1846.7520452982453,1850.0502713200622,1855.6143013437786
2025-08-05,0.9868721961975098,0.9819155931472778,0.9850344061851501,0.9864649176597595,6216.495469565391,6185.272885197401,6204.918881097436,6213.92994467318,0.9868721961975098,0.9819155931472778,0.9850344061851501,0.9864649176597595,1856.6672341729618,1847.3420525419194,1853.2096795753291,1855.9009944114848
2025-08-06,0.9877403974533081,0.9815592765808105,0.9846107363700867,0.9864510893821716,6267.272086265088,6228.052503461839,6247.414198912383,6259.091349195242,0.9877403974533081,0.9815592765808105,0.9846107363700867,0.9864510893821716,1856.2323699318488,1844.6163656906801,1850.3508870801095,1853.8094100300077
2025-08-07,0.9844569563865662,0.9799220561981201,0.9818256497383118,0.9844469428062439,6241.4571034908295,6212.7058362960815,6224.774619340897,6241.393617391586,0.9844569563865662,0.9799220561981201,0.9818256497383118,0.9844469428062439,1855.7975056907358,1847.2487759533128,1850.8372356831353,1855.7786291138937
2025-08-08,0.9812997579574585,0.9785220623016357,0.9789959788322449,0.980963408946991,6269.965738481283,6252.217790973186,6255.245856949687,6267.816653296351,0.9812997579574585,0.9785220623016357,0.9789959788322449,0.980963408946991,1855.3626414496227,1850.1107979559918,1851.0068412077376,1854.7266997983081
2025-08-11,0.998829185962677,0.9931724071502686,0.9930503964424133,0.9950680136680603,6365.987875273823,6329.934678351879,6329.157049205899,6342.016231712699,0.998829185962677,0.9931724071502686,0.9930503964424133,0.9950680136680603,1854.9277772085097,1844.4225614057216,1844.195975064135,1847.9428962476802
2025-08-12,0.9877657890319824,0.984163761138916,0.9831120371818542,0.98631352186203,6366.901212310791,6343.683404998779,6336.904244785309,6357.5402466773985,0.9877657890319824,0.984163761138916,0.9831120371818542,0.98631352186203,1852.0424104594993,1845.2886754185693,1843.3167126373078,1849.3194366331777
2025-08-13,0.9881086945533752,0.9862415790557861,0.9845554828643799,0.9873649477958679,6389.683922024965,6377.610070290565,6366.706794381142,6384.874424117804,0.9881086945533752,0.9862415790557861,0.9845554828643799,0.9873649477958679,1849.1570437104888,1845.6629040547818,1842.5075258399168,1847.7651881758068
2025-08-14,0.9900987148284912,0.9857215881347656,0.9852754473686218,0.9882490038871765,6404.4931408166885,6376.179521713257,6373.293642321825,6392.528211604356,0.9900987148284912,0.9857215881347656,0.9852754473686218,0.9882490038871765,1846.2716769614785,1838.1094958374506,1837.2775615584408,1842.8224563228005
2025-08-15,0.9899005889892578,0.9869246482849121,0.9862233996391296,0.9894102215766907,6384.660818862915,6365.466596508027,6360.943682992459,6381.498047125339,0.9899005889892578,0.9869246482849121,0.9862233996391296,0.9894102215766907,1843.386310212468,1837.8445331740322,1836.538672597658,1842.4731512696862
2025-08-18,0.9922224283218384,0.9876992702484131,0.9889762997627258,0.9903773665428162,6398.991273611784,6369.820748722553,6378.056503614783,6387.092193439603,0.9922224283218384,0.9876992702484131,0.9889762997627258,0.9903773665428162,1840.5009434634576,1832.1108119123562,1834.4796094307699,1837.0784871188837
2025-08-19,0.9914200305938721,0.9870486259460449,0.987534761428833,0.9912325739860535,6356.360641548634,6328.333948931694,6331.450743381977,6355.158787876963,0.9914200305938721,0.9870486259460449,0.987534761428833,0.9912325739860535,1835.9591322558938,1827.8639556039184,1828.7642045918312,1835.6119911245812
2025-08-20,0.9932165741920471,0.9881865978240967,0.9896817803382874,0.9915704131126404,6352.3947008860105,6320.2240786314005,6329.786937052011,6341.866216777563,0.9932165741920471,0.9881865978240967,0.9896817803382874,0.9915704131126404,1831.41732104833,1822.1424195977356,1824.8994246918612,1828.381922735013
2025-08-21,0.9930797815322876,0.9889805316925049,0.9899261593818665,0.9916920065879822,6326.087031923533,6299.974113571644,6305.997922709585,6317.246669606567,0.9930797815322876,0.9889805316925049,0.9899261593818665,0.9916920065879822,1826.875509840766,1819.334505300866,1821.0740876579416,1824.322550747177
2025-08-22,0.9896953701972961,0.9848499298095703,0.9866328239440918,0.9887780547142029,6400.270886482596,6368.935859584808,6380.465675492286,6394.338689811826,0.9896953701972961,0.9848499298095703,0.9866328239440918,0.9887780547142029,1822.3336986332022,1813.4117519724728,1816.6946086577436,1820.6446385774948
2025-08-25,0.9876614809036255,0.9830276966094971,0.9845028519630432,0.9872415661811829,6359.8683272123335,6330.029907331466,6339.528904702664,6357.164361941814,0.9876614809036255,0.9830276966094971,0.9845028519630432,0.9872415661811829,1817.7918874256384,1809.263403060489,1811.9784278804457,1817.0190339828084
2025-08-26,0.9816984534263611,0.977304220199585,0.9789420366287231,0.9813727736473083,6347.603297947645,6319.190449557304,6329.780472319126,6345.4974720370765,0.9816984534263611,0.977304220199585,0.9789420366287231,0.9813727736473083,1811.9503897504408,1803.8398211943618,1806.8627882844685,1811.3492727775772
2025-08-27,0.9805713891983032,0.977103590965271,0.9779861569404602,0.9821766018867493,6355.475401949882,6332.999214482307,6338.719477593899,6365.879427468776,0.9805713891983032,0.977103590965271,0.9779861569404602,0.9821766018867493,1806.1088920752431,1799.7215741363393,1801.3471674110272,1809.0655242411528
2025-08-28,0.9772561192512512,0.9737734794616699,0.973256528377533,0.9768239855766296,6353.98247151494,6331.338835172653,6327.977691596746,6351.172798861265,0.9772561192512512,0.9737734794616699,0.973256528377533,0.9768239855766296,1800.2673944000455,1793.851795933978,1792.8994865414468,1799.4713327033026
2025-08-29,0.9809308648109436,0.9781452417373657,0.9779942631721497,0.9818641543388367,6337.0684287035465,6319.072579386235,6318.097218600512,6343.097721709013,0.9809308648109436,0.9781452417373657,0.9779942631721497,0.9818641543388367,1794.425896724848,1789.330130691728,1789.05394420704,1796.1331718836493
2025-09-02,0.9839324355125427,0.9805752038955688,0.9797757267951965,0.9828210473060608,6312.457897328139,6290.919443600178,6285.790366283655,6305.327741833925,0.9839324355125427,0.9805752038955688,0.9797757267951965,0.9828210473060608,1788.5843990496503,1782.4816506521063,1781.0283676648671,1786.5641265841268
2025-09-03,0.9831246733665466,0.9804682731628418,0.9804863333702087,0.9845606684684753,6339.443506282568,6322.314347105026,6322.430804017782,6348.703176058531,0.9831246733665466,0.9804682731628418,0.9804863333702087,0.9845606684684753,1782.5507522396401,1777.7343049368287,1777.7670507696816,1785.1544242036343
2025-09-04,0.9883062243461609,0.9848008155822754,0.98488849401474,0.9868754744529724,6426.046135196686,6403.253686981201,6403.82377916336,6416.743284931183,0.9883062243461609,0.9848008155822754,0.98488849401474,0.9868754744529724,1776.5171054296297,1770.2160031223104,1770.3736083576248,1773.9452794143454
2025-09-05,0.9880391359329224,0.9837757349014282,0.9856797456741333,0.9874393343925476,6403.975659549236,6376.342425763607,6388.683271586895,6400.088045865297,0.9880391359329224,0.9837757349014282,0.9856797456741333,0.9874393343925476,1770.4834586196196,1762.8438007060745,1766.255628694978,1769.4086644469319
2025-09-08,0.9841700196266174,0.9782640933990479,0.9821814894676208,0.9842788577079773,6392.331902977824,6353.9720262408255,6379.416101315617,6393.038822641968,0.9841700196266174,0.9782640933990479,0.9821814894676208,0.9842788577079773,1764.4498118096092,1753.8614884376473,1760.8847147279582,1764.6449400174833
2025-09-09,0.9831328988075256,0.9804699420928955,0.9828663468360901,0.984503448009491,6402.761148102879,6385.4183495736115,6401.025199068188,6411.687000541091,0.9831328988075256,0.9804699420928955,0.9828663468360901,0.984503448009491,1758.416164999599,1753.653242164467,1757.9394143019535,1760.867507920364
2025-09-10,0.9861403703689575,0.9813170433044434,0.9822840690612793,0.9848738312721252,6441.508344864846,6410.002179546356,6416.318830471038,6433.235260822773,0.9861403703689575,0.9813170433044434,0.9822840690612793,0.9848738312721252,1754.3056934812362,1745.7251806201377,1747.4454821532,1752.052569265504
2025-09-11,0.9913456439971924,0.9856855869293213,0.987747073173523,0.9903414845466614,6530.459689462185,6493.174233329296,6506.754212118388,6523.844819206595,0.9913456439971924,0.9856855869293213,0.987747073173523,0.9903414845466614,1750.1952219628733,1740.2025368724517,1743.8420377837547,1748.4224042952414
2025-09-12,0.9877986907958984,0.9837757349014282,0.9850658774375916,0.9869272112846375,6503.953041820526,6477.464733554125,6485.95940615356,6498.2149679893255,0.9877986907958984,0.9837757349014282,0.9850658774375916,0.9869272112846375,1746.0847504445107,1738.9735627050477,1741.2540862867095,1744.5442775737565
2025-09-15,0.9870703816413879,0.9837077856063843,0.9850237965583801,0.9878266453742981,6529.74695426464,6507.502439966202,6516.20822089672,6534.749850611686,0.9870703816413879,0.9837077856063843,0.9850237965583801,0.9878266453742981,1741.974278926148,1736.039995097618,1738.36248118554,1743.308927392272
2025-09-16,0.9883120059967041,0.9819808006286621,0.9831576943397522,0.9858282208442688,6529.540228738785,6487.71147436142,6495.486928656102,6513.130456345081,0.9883120059967041,0.9819808006286621,0.9831576943397522,0.9858282208442688,1737.863807407785,1726.7309135446878,1728.800382470755,1733.496279445357
2025-09-17,0.9864224195480347,0.9822261333465576,0.9849213361740112,0.9873968958854675,6510.733216863871,6483.036259233952,6500.825541216135,6517.165101757646,0.9864224195480347,0.9822261333465576,0.9849213361740112,0.9873968958854675,1732.3880479429565,1725.0183897548168,1729.7517951119275,1734.099455881906
2025-09-18,0.9910956621170044,0.9854545593261719,0.987125813961029,0.9893078207969666,6572.906787333489,6535.495219268799,6546.578913156986,6561.04989521265,0.9910956621170044,0.9854545593261719,0.987125813961029,0.9893078207969666,1726.9122884781277,1717.0830761201112,1719.9951160738995,1723.7971046836315
2025-09-19,0.987446665763855,0.982761025428772,0.9856733679771423,0.9872183203697205,6580.700061450004,6549.473267426491,6568.882166612148,6579.17828553915,0.987446665763855,0.982761025428772,0.9856733679771423,0.9872183203697205,1721.4365290132992,1713.2679537228146,1718.3451017061805,1721.0384496877782
2025-09-22,0.9900192022323608,0.9847666025161743,0.9867266416549683,0.9883636832237244,6626.941034942865,6591.781445592642,6604.901457577944,6615.859404578805,0.9900192022323608,0.9847666025161743,0.9867266416549683,0.9883636832237244,1715.9607695484704,1706.856648102347,1710.2539057124682,1713.091324525933
2025-09-23,0.9842457175254822,0.9788224697113037,0.9833828806877136,0.9852572083473206,6552.0450019097325,6515.942875070572,6546.301166107654,6558.778415391445,0.9842457175254822,0.9788224697113037,0.9833828806877136,0.9852572083473206,1710.4850100836418,1701.0601439887776,1708.9855171715856,1712.2428433744399
2025-09-24,0.9836382865905762,0.9787390232086182,0.9832425117492676,0.9842132925987244,6529.361437239647,6496.840273888111,6526.734295716286,6533.178309871555,0.9836382865905762,0.9787390232086182,0.9832425117492676,0.9842132925987244,1704.881110433649,1696.3895117344046,1704.1951376933332,1705.8777337809117
2025-09-25,0.9879241585731506,0.9813289642333984,0.986234724521637,0.9865674376487732,6524.96244861126,6481.403036651612,6513.804209742546,6516.001686787606,0.9879241585731506,0.9813289642333984,0.986234724521637,0.9865674376487732,1699.277210783656,1687.9331583632593,1696.371302715768,1696.943585344718
2025-09-26,0.9846800565719604,0.9784543514251709,0.9824158549308777,0.9851016402244568,6541.918891847134,6500.557174563408,6526.8762154042715,6544.719767159223,0.9846800565719604,0.9784543514251709,0.9824158549308777,0.9851016402244568,1693.6733111336634,1682.9649489811754,1689.7788300126815,1694.3984451260478
2025-09-29,0.9853142499923706,0.9804662466049194,0.9842601418495178,0.9862964749336243,6563.385135191679,6531.091566547156,6556.363499489426,6569.927941792607,0.9853142499923706,0.9804662466049194,0.9842601418495178,0.9862964749336243,1688.0694114836706,1679.763669203795,1686.2634823474996,1689.7521882003773
2025-09-30,0.983618974685669,0.9776537418365479,0.9816158413887024,0.9833479523658752,6578.896167426109,6538.997946124077,6565.49829049468,6577.083445481062,0.983618974685669,0.9776537418365479,0.9816158413887024,0.9833479523658752,1682.4655118336777,1672.2620704635976,1679.0391823560171,1682.0019322182725
2025-10-01,0.9829983115196228,0.9788001775741577,0.9817226529121399,0.9840667843818665,6597.098268270493,6568.923751735687,6588.537068223953,6604.269003343582,0.9829983115196228,0.9788001775741577,0.9817226529121399,0.9840667843818665,1677.6140325100826,1670.449372780015,1675.43695574858,1679.437519942411
2025-10-02,0.9859693050384521,0.9808738231658936,0.9812380075454712,0.9847220778465271,6621.12897258997,6586.911028397084,6589.356653970481,6612.753405466676,0.9859693050384521,0.9808738231658936,0.9812380075454712,0.9847220778465271,1672.7625531864874,1664.1177290288792,1664.7355920693408,1670.6465492385887
2025-10-03,0.9845514297485352,0.98048996925354,0.9817968606948853,0.9849931597709656,6612.040646390915,6584.764730613231,6593.5415390861035,6615.007212458253,0.9845514297485352,0.98048996925354,0.9817968606948853,0.9849931597709656,1667.9110738628924,1661.0306258426308,1663.2446073996055,1668.6594008408517
2025-10-06,0.987566351890564,0.9818826913833618,0.9841541647911072,0.9854883551597595,6656.47373032093,6618.164267077445,6633.474633858204,6642.467450516224,0.987566351890564,0.9818826913833618,0.9841541647911072,0.9854883551597595,1663.0595945392972,1653.4883225731032,1657.3134788648906,1659.5602525518248
2025-10-07,0.9855822324752808,0.9807069301605225,0.983924925327301,0.9852592349052429,6617.780602356195,6585.044946186543,6606.652464353442,6615.611806102395,0.9855822324752808,0.9807069301605225,0.983924925327301,0.9852592349052429,1658.208115215702,1650.0055872113583,1655.4197530967108,1657.6646829437072
2025-10-08,0.9854694604873657,0.9804277420043945,0.9836298227310181,0.9857514500617981,6655.584804682732,6621.534449729919,6643.160406374932,6657.489283311367,0.9854694604873657,0.9804277420043945,0.9836298227310181,0.9857514500617981,1654.8697603549926,1646.40335140756,1651.7805110022207,1655.343297119118
2025-10-09,0.9872291684150696,0.9824161529541016,0.9857982993125916,0.9873304963111877,6649.097044484019,6616.680855922698,6639.4599836832285,6649.779499010443,0.9872291684150696,0.9824161529541016,0.9857982993125916,0.9873304963111877,1651.5314054942833,1643.479732748755,1649.137710762099,1651.7009164933963
2025-10-10,0.9887921214103699,0.982466459274292,0.9866575598716736,0.9878119826316833,6479.070263462663,6437.621299059391,6465.08352763474,6472.647894313932,0.9887921214103699,0.982466459274292,0.9866575598716736,0.9878119826316833,1648.1930506335739,1637.6489613881333,1644.6350029731507,1646.5592816251967
2025-10-13,0.9924602508544922,0.9870463609695435,0.989510178565979,0.9913979172706604,6604.545080566407,6568.51715927124,6584.913175506592,6597.47554801941,0.9924602508544922,0.9870463609695435,0.989510178565979,0.9913979172706604,1644.8546957728645,1635.8819815588818,1639.9653913876737,1643.0940364594678
2025-10-14,0.9899338483810425,0.9835461378097534,0.9869851469993591,0.9886040091514587,6577.427368136645,6534.985438910723,6557.835282059313,6568.591504045129,0.9899338483810425,0.9835461378097534,0.9869851469993591,0.9886040091514587,1641.516340912155,1630.9241874051945,1636.6267803517,1639.311190709727
2025-10-15,0.9881206154823303,0.9823731184005737,0.9858669638633728,0.9879053235054016,6591.811913119555,6553.470015237332,6576.777667950392,6590.375687423945,0.9881206154823303,0.9823731184005737,0.9858669638633728,0.9879053235054016,1637.5152097982686,1627.9904475959809,1633.7804543991738,1637.1584275580801
2025-10-16,0.9889651536941528,0.9827704429626465,0.9866370558738708,0.9871920943260193,6555.919231399297,6514.854060330391,6540.486107981801,6544.1654967337845,0.9889651536941528,0.9827704429626465,0.9866370558738708,0.9871920943260193,1633.5140786843822,1623.2820223217348,1629.668664564603,1630.5854442129141
2025-10-17,0.9849641919136047,0.981836199760437,0.9830639958381653,0.9845487475395203,6563.8112245541815,6542.96625356555,6551.148298905492,6561.042699090839,0.9849641919136047,0.981836199760437,0.9830639958381653,0.9845487475395203,1629.5129475704957,1624.3380348626713,1626.3692859701328,1628.8256413799522
2025-10-20,0.992996335029602,0.9887765645980835,0.9861015677452087,0.989800751209259,6687.959405947924,6659.53870352149,6641.522251967788,6666.436733492017,0.992996335029602,0.9887765645980835,0.9861015677452087,0.989800751209259,1625.5118164566093,1618.6041507813245,1614.2252433876708,1620.2807203516168
2025-10-21,0.9878126978874207,0.9838240146636963,0.9823117256164551,0.985788881778717,6653.264254716039,6626.399077165127,6616.213281130791,6639.633144888282,0.9878126978874207,0.9838240146636963,0.9823117256164551,0.985788881778717,1621.5106853427228,1614.9631966522572,1612.4807494690283,1618.1885581292845
2025-10-22,0.9901556968688965,0.9877489805221558,0.9854192733764648,0.9875146746635437,6633.449075603485,6617.32552011013,6601.717880058288,6615.755811440944,0.9901556968688965,0.9877489805221558,0.9854192733764648,0.9875146746635437,1619.538492909793,1615.6019708280762,1611.7914080937664,1615.2187307393342
2025-10-23,0.990962028503418,0.9868441820144653,0.9853706955909729,0.9875070452690125,6677.538171348571,6649.7903098535535,6639.861309998035,6654.256974122524,0.990962028503418,0.9868441820144653,0.9853706955909729,0.9875070452690125,1617.566300476863,1610.8446607777857,1608.43946066487,1611.9266651649762
2025-10-24,0.9860481023788452,0.9843308925628662,0.982112467288971,0.985516369342804,6696.933036445379,6685.270279710292,6670.20342296183,6693.321670501828,0.9860481023788452,0.9843308925628662,0.982112467288971,0.985516369342804,1615.5941080439334,1612.7805393607446,1609.1457523833199,1614.7228881125648
2025-10-27,0.9962531924247742,0.9909781217575073,0.9909846186637878,0.9930662512779236,6849.400098431111,6813.133143582344,6813.177810852528,6827.489368135929,0.9962531924247742,0.9909781217575073,0.9909846186637878,0.9930662512779236,1613.6219156110035,1605.0779333183282,1605.0884562962594,1608.4600570418938
2025-10-28,0.9939186573028564,0.9904700517654419,0.9900208115577698,0.992557942867279,6848.984136421681,6825.220175009967,6822.12451015532,6839.607602924705,0.9939186573028564,0.9904700517654419,0.9900208115577698,0.992557942867279,1611.6497231780736,1606.0577724496238,1605.329324652598,1609.4433101810848
2025-10-29,0.9943439364433289,0.9914532899856567,0.9904608726501465,0.9921907782554626,6851.616385017038,6831.698125442266,6824.859784474373,6836.779854739309,0.9943439364433289,0.9914532899856567,0.9904608726501465,0.9921907782554626,1608.4339772639025,1603.7581163184354,1602.1527987783397,1604.9510649024357
2025-10-30,0.9943262338638306,0.9895471334457397,0.9883358478546143,0.9910616278648376,6783.631638338566,6751.026990392208,6742.763188252449,6761.359386247396,0.9943262338638306,0.9895471334457397,0.9883358478546143,0.9910616278648376,1605.2182313497315,1597.5029575700585,1595.5474849615462,1599.9479237894113
2025-10-31,0.9911683797836304,0.9861124753952026,0.988466203212738,0.9902729392051697,6779.789951395988,6745.206554198265,6761.3065232157705,6773.664958751201,0.9911683797836304,0.9861124753952026,0.988466203212738,0.9902729392051697,1602.0024854355606,1593.8307443251815,1597.6350200573772,1600.5552055772514
2025-11-03,0.9930033683776855,0.9866429567337036,0.9899294972419739,0.9915083050727844,6804.029290022851,6760.447940250636,6782.967217217088,6793.785161109567,0.9930033683776855,0.9866429567337036,0.9899294972419739,0.9915083050727844,1598.7867395213896,1588.546148081192,1593.837648141365,1596.3796103386094
2025-11-04,0.9900234341621399,0.9846831560134888,0.989071786403656,0.9889654517173767,6703.993185600639,6667.83122510314,6697.549055221677,6696.829004576803,0.9900234341621399,0.9846831560134888,0.989071786403656,0.9889654517173767,1595.5709936072185,1586.964335807251,1594.0372707606948,1593.8658964929887
2025-11-05,0.9885103702545166,0.9839551448822021,0.985173225402832,0.9885775446891785,6718.203144257069,6687.244511611461,6695.522940073013,6718.659681195617,0.9885103702545166,0.9839551448822021,0.985173225402832,0.9885775446891785,1590.2418341772404,1582.9137269877378,1584.8732841755934,1590.3498994028575
2025-11-06,0.9844967126846313,0.9782544374465942,0.9810379147529602,0.9841756224632263,6616.1329481887815,6574.1828610610955,6592.888719272613,6613.975119152069,0.9844967126846313,0.9782544374465942,0.9810379147529602,0.9841756224632263,1584.9126747472624,1574.863417074225,1579.3444563767341,1584.3957609220708
2025-11-07,0.9799991250038147,0.9752485752105713,0.9782560467720032,0.9814432263374329,6594.218112325669,6562.252612876892,6582.4892875194555,6603.935181379318,0.9799991250038147,0.9752485752105713,0.9782560467720032,0.9814432263374329,1579.5835153172845,1571.9264777234275,1576.7739846038085,1581.9111486822858
2025-11-10,0.9858736395835876,0.9812719821929932,0.9821012616157532,0.9843999743461609,6735.9126313000925,6704.4721292948725,6710.1381229013205,6725.84391672194,0.9858736395835876,0.9812719821929932,0.9821012616157532,0.9843999743461609,1574.2543558873065,1566.9063764905716,1568.230579401686,1571.9011903030043
2025-11-11,0.9833001494407654,0.9782893657684326,0.9791272282600403,0.9822830557823181,6732.272636162638,6697.965754563808,6703.702272277474,6725.308992549777,0.9833001494407654,0.9782893657684326,0.9791272282600403,0.9822830557823181,1568.9251964573284,1560.9301353745136,1562.2670044627541,1567.302351318128
2025-11-12,0.9818982481956482,0.9796142578125,0.9787567257881165,0.9822289347648621,6726.90634652853,6711.2589111328125,6705.384027836323,6729.171853759289,0.9818982481956482,0.9796142578125,0.9787567257881165,0.9822289347648621,1565.4650581716273,1561.8236348932082,1560.4564500317397,1565.9922800810891
2025-11-13,0.9791964888572693,0.9761853218078613,0.976110577583313,0.9779701828956604,6597.326551710963,6577.038843827248,6576.535255361795,6589.064327557683,0.9791964888572693,0.9761853218078613,0.976110577583313,0.9779701828956604,1562.004919885926,1557.2015348663754,1557.0823035907263,1560.0487282868794
2025-11-14,0.9860619306564331,0.9815425872802734,0.9821759462356567,0.9842650294303894,6640.249507852793,6609.815752429962,6614.0808613049985,6628.14897733748,0.9860619306564331,0.9815425872802734,0.9821759462356567,0.9842650294303894,1558.544781600225,1551.4016206929946,1552.4026919889275,1555.70464454409
2025-11-17,0.9911537170410156,0.9868830442428589,0.9859720468521118,0.9896721243858337,6613.383973121643,6584.888293236494,6578.809745136499,6603.498179473281,0.9911537170410156,0.9868830442428589,0.9859720468521118,0.9896721243858337,1555.0846433145236,1548.384110823094,1546.9547885816562,1552.7600775624028
2025-11-18,0.9889729022979736,0.9855504035949707,0.9865401387214661,0.9884375929832458,6544.350165834427,6521.702396717072,6528.251790764331,6540.807852799892,0.9889729022979736,0.9855504035949707,0.9865401387214661,0.9884375929832458,1551.6245050288226,1546.2548605788386,1547.8076809566162,1550.7846447570478
2025-11-19,0.9918780326843262,0.988037109375,0.9895477890968323,0.9911651015281677,6588.212593574523,6562.70056640625,6572.734742827415,6583.477190766334,0.9918780326843262,0.988037109375,0.9895477890968323,0.9911651015281677,1548.4884826389266,1542.4921551559046,1544.8505803585301,1547.3754771605836
2025-11-20,0.9934383034706116,0.9887450933456421,0.9880242347717285,0.9894964098930359,6495.854641201497,6465.166866564751,6460.453345355988,6470.079545152187,0.9934383034706116,0.9887450933456421,0.9880242347717285,0.9894964098930359,1545.3524602490306,1538.051892324732,1536.9305538714054,1539.2206099701907
2025-11-21,0.9885382056236267,0.9850983619689941,0.984732449054718,0.9888036847114563,6527.307886350751,6504.5946330976485,6502.178513783812,6529.060842112898,0.9885382056236267,0.9850983619689941,0.984732449054718,0.9888036847114563,1542.2164378591344,1536.849944791228,1536.2790848001712,1542.6306112424488
2025-11-24,0.9952220916748047,0.9905878305435181,0.9885051250457764,0.9915655255317688,6673.0835513305665,6642.010274333954,6628.045484046936,6648.565836553574,0.9952220916748047,0.9905878305435181,0.9885051250457764,0.9915655255317688,1539.0804154692385,1531.9136728828369,1528.6928327612413,1533.4256481708721
2025-11-25,0.9898943901062012,0.988134503364563,0.9851446747779846,0.9877347350120544,6697.506656131744,6685.599473624229,6665.370652186871,6682.894688923359,0.9898943901062012,0.988134503364563,0.9851446747779846,0.9877347350120544,1535.9443930793425,1533.2137096849413,1528.5746183841707,1532.5934193128542
2025-11-26,0.9904197454452515,0.9858585596084595,0.983264684677124,0.9868505597114563,6747.343462017774,6716.269881774187,6698.598823478222,6723.027991595864,0.9904197454452515,0.9858585596084595,0.983264684677124,0.9868505597114563,1535.3911050049674,1528.3201593838896,1524.2990233803082,1529.8580004268513
2025-11-28,0.989917516708374,0.9887336492538452,0.9840174317359924,0.9875391125679016,6780.034164512158,6771.925749768019,6739.623951528669,6763.7442604976895,0.989917516708374,0.9887336492538452,0.9840174317359924,0.9875391125679016,1534.8378169305925,1533.0022654742588,1525.6899097707853,1531.1501716903306
2025-12-01,1.0016610622406006,0.9970167875289917,0.9940834641456604,0.996482789516449,6823.946202452183,6792.306477223635,6772.32283034265,6788.668546343446,1.0016610622406006,0.9970167875289917,0.9940834641456604,0.996482789516449,1534.2845288562173,1527.1707065201065,1522.6776171360486,1526.3527602906188
2025-12-02,0.9997899532318115,0.9950124025344849,0.9928311705589294,0.9959859251976013,6827.935512902736,6795.307851496935,6780.411411280036,6801.956397966743,0.9997899532318115,0.9950124025344849,0.9928311705589294,0.9959859251976013,1533.7312407818424,1526.4022225863475,1523.0560961189956,1527.8956583997444
2025-12-03,0.9981988668441772,0.9964455366134644,0.99419766664505,0.9958930611610413,6837.382742199898,6825.37292105198,6809.975641171933,6821.588618896008,0.9981988668441772,0.9964455366134644,0.99419766664505,0.9958930611610413,1533.1779527074673,1530.4849349703873,1527.03233169603,1529.636363396924
2025-12-04,1.0048916339874268,1.0004462003707886,0.9981299638748169,1.0007692575454712,6890.662521247864,6860.179649486542,6844.296937885284,6862.394891300201,1.0048916339874268,1.0004462003707886,0.9981299638748169,1.0007692575454712,1530.6766850890515,1523.9052866994573,1520.3771359201858,1524.3973756655832
2025-12-05,0.9986228346824646,0.9932048320770264,0.99267578125,0.9950734972953796,6860.938323402404,6823.714478302001,6820.0796875,6836.552955818176,0.9986228346824646,0.9932048320770264,0.99267578125,0.9950734972953796,1528.175417470636,1519.884340894107,1519.074743476168,1522.7439272674528
2025-12-08,0.9939412474632263,0.9900186061859131,0.9918359518051147,0.9923242926597595,6805.0286901694535,6778.172287437916,6790.614762393237,6793.95819293797,0.9939412474632263,0.9900186061859131,0.9918359518051147,0.9923242926597595,1525.6741498522201,1519.6529967798283,1522.4425753788046,1523.1921659810157
2025-12-09,0.9990249872207642,0.9927809238433838,0.9944182634353638,0.9948907494544983,6833.84041533351,6791.127837359905,6802.32807521224,6805.56012055099,0.9990249872207642,0.9927809238433838,0.9944182634353638,0.9948907494544983,1523.1728822338046,1513.652812032324,1516.1491973053785,1516.8695775769297
2025-12-10,0.9918428659439087,0.9861190319061279,0.9883039593696594,0.990812361240387,6830.504428038597,6791.086214647294,6806.133110911846,6823.407671906948,0.9918428659439087,0.9861190319061279,0.9883039593696594,0.990812361240387,1520.6716146153888,1511.8959584637066,1515.2458410790582,1519.091667523788
2025-12-11,0.9894749522209167,0.985931396484375,0.9859457612037659,0.9877325892448425,6828.3666452765465,6803.912567138672,6804.011698067188,6816.342598378658,0.9894749522209167,0.985931396484375,0.9859457612037659,0.9877325892448425,1515.3820985189325,1509.9551385779994,1509.977138163301,1512.7136674918117
2025-12-12,0.9793019890785217,0.9740910530090332,0.9767418503761292,0.9802290797233582,6686.09619325459,6650.518996224403,6668.617076676488,6692.425821194052,0.9793019890785217,0.9740910530090332,0.9767418503761292,0.9802290797233582,1510.0925824224762,1502.0572715645694,1506.1448252366733,1511.5221646367613
2025-12-15,0.976758599281311,0.9726715087890625,0.975166380405426,0.9794008135795593,6658.08475958705,6630.225066375732,6647.231383697391,6676.095439773202,0.976758599281311,0.9726715087890625,0.975166380405426,0.9794008135795593,1504.8030663260197,1498.5064580242215,1502.350079632627,1508.873685392819
2025-12-16,0.9836947917938232,0.9804853200912476,0.9797901511192322,0.9814839959144592,6689.380344843865,6667.555102803707,6662.82777305007,6674.346358057261,0.9836947917938232,0.9804853200912476,0.9797901511192322,0.9814839959144592,1499.5135502295634,1494.621132025016,1493.5614382033832,1496.1434821906214
2025-12-17,0.9826079607009888,0.9794003963470459,0.980385959148407,0.9844443202018738,6604.530625294447,6582.971206018925,6589.5955973988775,6616.873587134481,0.9826079607009888,0.9794003963470459,0.980385959148407,0.9844443202018738,1494.2240341331071,1489.346382068014,1490.8450994444647,1497.0165339003322
2025-12-18,0.985362708568573,0.9817359447479248,0.9811463952064514,0.9860848784446716,6675.595863502026,6651.025409040451,6647.031352388859,6680.488391091823,0.985362708568573,0.9817359447479248,0.9811463952064514,0.9860848784446716,1494.2240341331071,1488.7243357785699,1487.8303308740597,1495.319147207927
